die_id,lot_id,is_defect_168h,module_a_score,module_a_reject,pred_168h_gbr,pred_168h_ucl,module_b_abort,final_disposition
LOT_020_DIE_00969,LOT_020,0,0.11559524551116204,0,12.41047,19.758332104156686,0,PASS_FLIGHT_QUALIFIED
LOT_022_DIE_03221,LOT_022,0,0.23677341664750948,0,10.043821,15.393878655523732,0,PASS_FLIGHT_QUALIFIED
LOT_030_DIE_04829,LOT_030,0,0.2012764152519388,0,9.937575,16.380538046182895,0,PASS_FLIGHT_QUALIFIED
LOT_035_DIE_04934,LOT_035,0,0.30457193903029667,0,18.119867,25.309317118691787,1,ABORT_MODULE_B_DRIFT_RUNAWAY
LOT_015_DIE_03264,LOT_015,0,0.14455803820694677,0,10.830052,16.366860717557767,0,PASS_FLIGHT_QUALIFIED
LOT_010_DIE_00759,LOT_010,0,0.1581260860651585,0,13.715003,20.41071169574274,0,PASS_FLIGHT_QUALIFIED
LOT_021_DIE_04170,LOT_021,0,0.502901763232839,1,14.872891,22.439658575803687,0,REJECT_MODULE_A_OUTLIER
LOT_038_DIE_01537,LOT_038,0,0.3296744836255687,0,11.2157755,16.438255345352225,0,PASS_FLIGHT_QUALIFIED
LOT_046_DIE_01245,LOT_046,0,0.22635135479172197,0,12.889518,21.243366244145204,0,PASS_FLIGHT_QUALIFIED
LOT_014_DIE_02163,LOT_014,0,0.2593126514495204,0,11.807261,16.702727210843467,0,PASS_FLIGHT_QUALIFIED
LOT_005_DIE_03204,LOT_005,0,0.01986541005640092,0,12.411471,20.416010178475204,0,PASS_FLIGHT_QUALIFIED
LOT_001_DIE_00350,LOT_001,0,0.10199491770166341,0,12.973081,18.281918588158952,0,PASS_FLIGHT_QUALIFIED
LOT_032_DIE_01031,LOT_032,0,0.03042785299997417,0,10.259592,15.976060590496381,0,PASS_FLIGHT_QUALIFIED
LOT_005_DIE_01654,LOT_005,0,0.14363017688849183,0,11.320753,18.447021327609676,0,PASS_FLIGHT_QUALIFIED
LOT_008_DIE_01957,LOT_008,0,0.16856010219043877,0,15.701248,23.594107838756816,0,PASS_FLIGHT_QUALIFIED
LOT_022_DIE_04671,LOT_022,0,0.07277667999224494,0,9.735208,16.112723377986864,0,PASS_FLIGHT_QUALIFIED
LOT_004_DIE_02953,LOT_004,0,0.1393357816495215,0,12.128217,18.800361388466033,0,PASS_FLIGHT_QUALIFIED
LOT_014_DIE_04663,LOT_014,0,0.1301492428330188,0,11.308961,16.80234797183758,0,PASS_FLIGHT_QUALIFIED
LOT_027_DIE_02626,LOT_027,0,0.009422267542993476,0,10.945283,16.042905514629723,0,PASS_FLIGHT_QUALIFIED
LOT_050_DIE_04749,LOT_050,0,0.4004985204443558,0,9.635823,14.993251675222009,0,PASS_FLIGHT_QUALIFIED
LOT_044_DIE_01943,LOT_044,0,0.42854505472424465,0,13.516211,18.770006429110946,0,PASS_FLIGHT_QUALIFIED
LOT_015_DIE_03014,LOT_015,0,0.49347385796987603,1,9.330052,15.361807614404984,0,REJECT_MODULE_A_OUTLIER
LOT_036_DIE_04735,LOT_036,0,0.14700727680310685,0,15.351106,23.552036973884128,0,PASS_FLIGHT_QUALIFIED
LOT_013_DIE_04162,LOT_013,0,0.20212304413100324,0,13.138332,19.9557086437773,0,PASS_FLIGHT_QUALIFIED
LOT_015_DIE_01214,LOT_015,0,0.2067955764139656,0,9.629847,15.975866154552321,0,PASS_FLIGHT_QUALIFIED
LOT_030_DIE_02929,LOT_030,0,0.2157342175863073,0,10.881829,14.507535380682505,0,PASS_FLIGHT_QUALIFIED
LOT_006_DIE_01905,LOT_006,0,0.29113446710166035,0,8.949631,15.479809584152967,0,PASS_FLIGHT_QUALIFIED
LOT_019_DIE_03168,LOT_019,0,0.24098543344258383,0,11.395706,19.119497602186485,0,PASS_FLIGHT_QUALIFIED
LOT_001_DIE_03500,LOT_001,0,0.1856044301182891,0,11.213516,18.435811430369775,0,PASS_FLIGHT_QUALIFIED
LOT_032_DIE_01731,LOT_032,0,0.13896005626135874,0,13.042725,19.075234113190756,0,PASS_FLIGHT_QUALIFIED
LOT_024_DIE_02523,LOT_024,0,0.1117029778336131,0,11.78221,20.12462458370807,0,PASS_FLIGHT_QUALIFIED
LOT_047_DIE_00996,LOT_047,0,0.051707775661114105,0,13.422091,20.10207140698924,0,PASS_FLIGHT_QUALIFIED
LOT_039_DIE_04938,LOT_039,0,0.42398537139802966,0,15.461526,23.65769384737088,0,PASS_FLIGHT_QUALIFIED
LOT_005_DIE_02254,LOT_005,0,0.3459873954782479,0,9.881774,15.130421077318383,0,PASS_FLIGHT_QUALIFIED
LOT_042_DIE_04691,LOT_042,0,0.09187811669719775,0,12.36272,19.661434923720957,0,PASS_FLIGHT_QUALIFIED
LOT_019_DIE_02518,LOT_019,0,0.19306443911152438,0,11.935596,19.83273655989125,0,PASS_FLIGHT_QUALIFIED
LOT_028_DIE_04077,LOT_028,1,0.6978025443010054,1,78.16852,95.8441884638445,1,REJECT_MODULE_A_OUTLIER
LOT_015_DIE_00814,LOT_015,0,0.161146894444659,0,10.915584,17.33868594335955,0,PASS_FLIGHT_QUALIFIED
LOT_041_DIE_03390,LOT_041,0,0.2203562234457942,0,10.76314,17.792730188577757,0,PASS_FLIGHT_QUALIFIED
LOT_025_DIE_01174,LOT_025,0,0.09324794397740764,0,11.537261,18.828926700571078,0,PASS_FLIGHT_QUALIFIED
LOT_030_DIE_01079,LOT_030,0,0.07390851748835237,0,9.162169,16.30879626659258,0,PASS_FLIGHT_QUALIFIED
LOT_033_DIE_04282,LOT_033,0,0.19893155058385523,0,12.277815,19.84689464102153,0,PASS_FLIGHT_QUALIFIED
LOT_019_DIE_03268,LOT_019,0,0.24230243157822418,0,12.2460165,19.782099982210205,0,PASS_FLIGHT_QUALIFIED
LOT_012_DIE_03211,LOT_012,0,0.18098256026576898,0,14.282476,21.188601454393844,0,PASS_FLIGHT_QUALIFIED
LOT_047_DIE_02696,LOT_047,0,0.15379800242352892,0,12.048535,17.390547273764447,0,PASS_FLIGHT_QUALIFIED
LOT_027_DIE_02326,LOT_027,0,0.11978622185462745,0,8.777359,15.366163489703396,0,PASS_FLIGHT_QUALIFIED
LOT_026_DIE_01925,LOT_026,0,0.22076027594187664,0,12.916856,19.42323223555176,0,PASS_FLIGHT_QUALIFIED
LOT_021_DIE_04920,LOT_021,0,0.10243285726030152,0,11.974028,19.10375922725739,0,PASS_FLIGHT_QUALIFIED
LOT_013_DIE_04462,LOT_013,0,0.08299398659823101,0,14.894192,22.0210261568421,0,PASS_FLIGHT_QUALIFIED
LOT_041_DIE_02140,LOT_041,0,0.32415556351168584,0,15.910497,22.02385424767938,0,PASS_FLIGHT_QUALIFIED
LOT_048_DIE_03697,LOT_048,0,0.08851461875953995,0,12.695859,17.96216468495014,0,PASS_FLIGHT_QUALIFIED
LOT_004_DIE_02703,LOT_004,0,0.22761524476849565,0,13.907761,20.599095389463532,0,PASS_FLIGHT_QUALIFIED
LOT_009_DIE_00908,LOT_009,0,0.09929862183037176,0,14.300504,21.690103000383004,0,PASS_FLIGHT_QUALIFIED
LOT_050_DIE_00649,LOT_050,0,0.2408566157209171,0,12.983338,19.53734335751063,0,PASS_FLIGHT_QUALIFIED
LOT_041_DIE_01440,LOT_041,0,0.363812218396551,0,11.718151,18.364882679242335,0,PASS_FLIGHT_QUALIFIED
LOT_034_DIE_03783,LOT_034,0,0.11027201178216278,0,17.661016,24.98793060935078,0,PASS_FLIGHT_QUALIFIED
LOT_039_DIE_01688,LOT_039,0,0.23976802661126265,0,14.221176,21.23047884163773,0,PASS_FLIGHT_QUALIFIED
LOT_028_DIE_02677,LOT_028,0,0.13539004800090224,0,14.126811,20.630769638772087,0,PASS_FLIGHT_QUALIFIED
LOT_023_DIE_02322,LOT_023,0,0.1153699756419585,0,12.403657,18.156702386527563,0,PASS_FLIGHT_QUALIFIED
LOT_009_DIE_03708,LOT_009,0,0.10864079799701526,0,14.570949,21.947662806605692,0,PASS_FLIGHT_QUALIFIED
LOT_045_DIE_02094,LOT_045,0,0.23957194271005322,0,10.265836,16.90304849166467,0,PASS_FLIGHT_QUALIFIED
LOT_049_DIE_01098,LOT_049,0,0.1264086840661281,0,13.859083,20.888961778208767,0,PASS_FLIGHT_QUALIFIED
LOT_005_DIE_01704,LOT_005,0,0.23427346535746357,0,10.490434,18.324628667641168,0,PASS_FLIGHT_QUALIFIED
LOT_014_DIE_01613,LOT_014,0,0.15368464785599517,0,10.230039,15.876120463548686,0,PASS_FLIGHT_QUALIFIED
LOT_043_DIE_01942,LOT_043,0,0.17378428420126307,0,9.789171,17.114284671883162,0,PASS_FLIGHT_QUALIFIED
LOT_005_DIE_04804,LOT_005,0,0.031975982877325705,0,10.478656,16.704483499071053,0,PASS_FLIGHT_QUALIFIED
LOT_011_DIE_03760,LOT_011,0,0.13686416060153256,0,10.386886,15.385295561002579,0,PASS_FLIGHT_QUALIFIED
LOT_003_DIE_02152,LOT_003,0,0.08752623077635414,0,14.722182,22.88273220675218,0,PASS_FLIGHT_QUALIFIED
LOT_027_DIE_01026,LOT_027,0,0.27533700611801687,0,9.651698,16.44223693138691,0,PASS_FLIGHT_QUALIFIED
LOT_050_DIE_03199,LOT_050,0,0.185482402707343,0,11.619555,18.216880166573887,0,PASS_FLIGHT_QUALIFIED
LOT_029_DIE_00078,LOT_029,0,0.2664301688030094,0,14.732225,21.447034127610507,0,PASS_FLIGHT_QUALIFIED
LOT_028_DIE_03477,LOT_028,0,0.17335339376962544,0,12.214458,19.422440459958864,0,PASS_FLIGHT_QUALIFIED
LOT_049_DIE_02948,LOT_049,0,0.17581607319193382,0,12.807417,19.51153101129345,0,PASS_FLIGHT_QUALIFIED
LOT_043_DIE_02842,LOT_043,0,0.4104723329314972,0,8.629201,13.247376084954013,0,PASS_FLIGHT_QUALIFIED
LOT_038_DIE_03687,LOT_038,0,0.25268894057509006,0,8.94345,14.655765436641666,0,PASS_FLIGHT_QUALIFIED
LOT_002_DIE_04951,LOT_002,0,0.16056946759693122,0,18.217047,26.43582136340398,1,ABORT_MODULE_B_DRIFT_RUNAWAY
LOT_019_DIE_03768,LOT_019,0,0.3271714154315274,0,10.685907,16.425867686028667,0,PASS_FLIGHT_QUALIFIED
LOT_045_DIE_04194,LOT_045,0,0.36440602505835423,0,16.386316,22.882403562767713,0,PASS_FLIGHT_QUALIFIED
LOT_037_DIE_04486,LOT_037,0,0.08994924790711381,0,12.086433,18.284671442916046,0,PASS_FLIGHT_QUALIFIED
LOT_006_DIE_00655,LOT_006,0,0.18414731465367745,0,9.669535,16.145885546998972,0,PASS_FLIGHT_QUALIFIED
LOT_009_DIE_00858,LOT_009,0,0.1550161093088606,0,15.562709,24.351802680801022,0,PASS_FLIGHT_QUALIFIED
LOT_044_DIE_03443,LOT_044,0,0.2655809762777144,0,16.760233,23.475042277136552,0,PASS_FLIGHT_QUALIFIED
LOT_015_DIE_04214,LOT_015,0,0.22985189218784835,0,11.764064,19.19685835992904,0,PASS_FLIGHT_QUALIFIED
LOT_048_DIE_02647,LOT_048,0,0.2334165788821558,0,11.668525,19.594376621279704,0,PASS_FLIGHT_QUALIFIED
LOT_023_DIE_03372,LOT_023,0,0.3386970587041325,0,11.330482,18.06289673730101,0,PASS_FLIGHT_QUALIFIED
LOT_022_DIE_02271,LOT_022,0,0.13365875459895615,0,7.5536675,12.456591641677452,0,PASS_FLIGHT_QUALIFIED
LOT_005_DIE_03554,LOT_005,0,0.08279101925472165,0,10.541877,17.524273423040015,0,PASS_FLIGHT_QUALIFIED
LOT_044_DIE_04543,LOT_044,0,0.1886888521743639,0,14.993981,26.056142529486095,1,ABORT_MODULE_B_DRIFT_RUNAWAY
LOT_018_DIE_03217,LOT_018,0,0.09637779618289952,0,13.942383,20.327933336550522,0,PASS_FLIGHT_QUALIFIED
LOT_035_DIE_03134,LOT_035,0,0.38741203682831193,0,20.728565,24.198478840625377,0,PASS_FLIGHT_QUALIFIED
LOT_015_DIE_04364,LOT_015,0,0.13036362300918913,0,12.487027,20.69538241165805,0,PASS_FLIGHT_QUALIFIED
LOT_012_DIE_04361,LOT_012,0,0.13205008597267856,0,14.275622,20.680715264510688,0,PASS_FLIGHT_QUALIFIED
LOT_034_DIE_00633,LOT_034,0,0.10659037873580068,0,16.644127,24.836157614809647,0,PASS_FLIGHT_QUALIFIED
LOT_050_DIE_02849,LOT_050,0,0.09562991548351264,0,11.761787,18.20400550964883,0,PASS_FLIGHT_QUALIFIED
LOT_015_DIE_02614,LOT_015,0,0.20433904918253498,0,11.564744,17.600547561700672,0,PASS_FLIGHT_QUALIFIED
LOT_007_DIE_01306,LOT_007,0,0.389711686308373,0,9.037939,15.702762936726117,0,PASS_FLIGHT_QUALIFIED
LOT_029_DIE_02078,LOT_029,0,0.16654193644921994,0,14.770552,21.720277519758277,0,PASS_FLIGHT_QUALIFIED
LOT_026_DIE_00525,LOT_026,0,0.31291338817696535,0,14.486619,21.08887186527746,0,PASS_FLIGHT_QUALIFIED
LOT_034_DIE_03383,LOT_034,0,0.10138411804081474,0,15.120903,22.01811763677541,0,PASS_FLIGHT_QUALIFIED
LOT_021_DIE_03720,LOT_021,0,0.24286475013611192,0,12.5218,20.94581298008876,0,PASS_FLIGHT_QUALIFIED
LOT_015_DIE_01264,LOT_015,0,0.21696236290406515,0,18.309383,21.316457655134215,0,PASS_FLIGHT_QUALIFIED
LOT_011_DIE_01810,LOT_011,0,0.2949977274027186,0,11.081475,17.483780246695563,0,PASS_FLIGHT_QUALIFIED
LOT_005_DIE_03154,LOT_005,0,0.3079463911617887,0,11.741352,17.899986069180994,0,PASS_FLIGHT_QUALIFIED
LOT_007_DIE_04856,LOT_007,0,0.1485682267276232,0,11.623868,18.41850407174541,0,PASS_FLIGHT_QUALIFIED
LOT_045_DIE_04994,LOT_045,0,0.20757201174057888,0,11.065724,17.642506242341533,0,PASS_FLIGHT_QUALIFIED
LOT_024_DIE_02273,LOT_024,0,0.15818715249980314,0,13.066658,19.50027127249828,0,PASS_FLIGHT_QUALIFIED
LOT_009_DIE_01758,LOT_009,0,0.1338864050988453,0,15.320856,23.444254160271463,0,PASS_FLIGHT_QUALIFIED
LOT_049_DIE_04248,LOT_049,1,1.0,1,137.57475,161.64378130409537,1,REJECT_MODULE_A_OUTLIER
LOT_047_DIE_03546,LOT_047,0,0.19511554712013568,0,12.155705,16.45550696387023,0,PASS_FLIGHT_QUALIFIED
LOT_013_DIE_00262,LOT_013,0,0.3121050744039202,0,16.715338,24.74050184088069,0,PASS_FLIGHT_QUALIFIED
LOT_009_DIE_01558,LOT_009,0,0.13969823033187667,0,14.070443,20.867235402305553,0,PASS_FLIGHT_QUALIFIED
LOT_021_DIE_03370,LOT_021,0,0.0819971007960383,0,14.249992,20.886505359927117,0,PASS_FLIGHT_QUALIFIED
LOT_009_DIE_03358,LOT_009,0,0.07756593837347363,0,14.7319765,21.190671593756058,0,PASS_FLIGHT_QUALIFIED
LOT_048_DIE_01947,LOT_048,0,0.15587944271324478,0,14.293429,20.98124484289015,0,PASS_FLIGHT_QUALIFIED
LOT_042_DIE_03691,LOT_042,0,0.13706847541730785,0,11.929966,19.03288023009843,0,PASS_FLIGHT_QUALIFIED
LOT_023_DIE_02922,LOT_023,0,0.14784055952423936,0,11.722674,17.47860071298244,0,PASS_FLIGHT_QUALIFIED
LOT_012_DIE_02161,LOT_012,0,0.3363060176092879,0,17.446783,24.823745681566383,0,PASS_FLIGHT_QUALIFIED
LOT_042_DIE_00341,LOT_042,0,0.020352488191541434,0,12.720906,19.588472457044702,0,PASS_FLIGHT_QUALIFIED
LOT_025_DIE_04674,LOT_025,0,0.26727327084412317,0,11.69504,17.93714491325018,0,PASS_FLIGHT_QUALIFIED
LOT_025_DIE_01124,LOT_025,0,0.11150295867584775,0,12.460753,20.75217030937309,0,PASS_FLIGHT_QUALIFIED
LOT_004_DIE_03103,LOT_004,0,0.15764043598911037,0,13.342439,20.802614923469775,0,PASS_FLIGHT_QUALIFIED
LOT_030_DIE_01379,LOT_030,0,0.14906882050008421,0,8.482567,13.954699308356016,0,PASS_FLIGHT_QUALIFIED
LOT_005_DIE_01454,LOT_005,0,0.08442897755325368,0,9.815676,16.528463878669314,0,PASS_FLIGHT_QUALIFIED
LOT_025_DIE_01374,LOT_025,0,0.08842756004634893,0,10.835287,15.6261553163323,0,PASS_FLIGHT_QUALIFIED
LOT_039_DIE_02338,LOT_039,0,0.07597987207718448,0,15.445619,22.752742245678462,0,PASS_FLIGHT_QUALIFIED
LOT_008_DIE_00957,LOT_008,1,0.6554080331783725,1,84.69521,104.84803439549803,1,REJECT_MODULE_A_OUTLIER
LOT_048_DIE_03947,LOT_048,0,0.0,0,12.996902,20.780312313079186,0,PASS_FLIGHT_QUALIFIED
LOT_039_DIE_00688,LOT_039,0,0.04070049530427014,0,13.867669,20.154757004941654,0,PASS_FLIGHT_QUALIFIED
LOT_037_DIE_02436,LOT_037,1,0.5638445387172009,1,83.05191,91.59079428954367,1,REJECT_MODULE_A_OUTLIER
LOT_035_DIE_04784,LOT_035,0,0.08254574628496919,0,15.787393,23.47909338654939,0,PASS_FLIGHT_QUALIFIED
LOT_030_DIE_03229,LOT_030,0,0.23709511865539726,0,8.39058,13.924717282312267,0,PASS_FLIGHT_QUALIFIED
LOT_038_DIE_02887,LOT_038,0,0.08558091513519099,0,9.741545,14.423874653112197,0,PASS_FLIGHT_QUALIFIED
LOT_016_DIE_01215,LOT_016,0,0.186221494986259,0,12.168695,18.48024222232214,0,PASS_FLIGHT_QUALIFIED
LOT_018_DIE_03567,LOT_018,0,0.04608127630738004,0,16.152748,23.55592318803977,0,PASS_FLIGHT_QUALIFIED
LOT_016_DIE_04565,LOT_016,0,0.3134459431908967,0,9.7207985,15.029452114858168,0,PASS_FLIGHT_QUALIFIED
LOT_008_DIE_02007,LOT_008,0,0.2901547485531214,0,16.35788,23.312483990913492,0,PASS_FLIGHT_QUALIFIED
LOT_024_DIE_03473,LOT_024,0,0.2568583611409265,0,15.947281,21.307033166998426,0,PASS_FLIGHT_QUALIFIED
LOT_032_DIE_01081,LOT_032,0,0.0837373214465506,0,9.450559,16.14273769235244,0,PASS_FLIGHT_QUALIFIED
LOT_045_DIE_03044,LOT_045,0,0.28914132877932086,0,12.638648,18.656870503161002,0,PASS_FLIGHT_QUALIFIED
LOT_048_DIE_03997,LOT_048,0,0.17217256940812684,0,13.141144,20.19456067116476,0,PASS_FLIGHT_QUALIFIED
LOT_026_DIE_02625,LOT_026,0,0.09081135218770692,0,15.122315,22.684526911829686,0,PASS_FLIGHT_QUALIFIED
LOT_018_DIE_01017,LOT_018,0,0.13383047692765349,0,13.97945,21.103381757101154,0,PASS_FLIGHT_QUALIFIED
LOT_031_DIE_04580,LOT_031,0,0.09490562744103768,0,13.64693,20.419667984895007,0,PASS_FLIGHT_QUALIFIED
LOT_004_DIE_04903,LOT_004,0,0.19485892025746487,0,14.274855,21.56488900260159,0,PASS_FLIGHT_QUALIFIED
LOT_027_DIE_01226,LOT_027,0,0.08177618334972128,0,8.481934,14.557030171100212,0,PASS_FLIGHT_QUALIFIED
LOT_010_DIE_00559,LOT_010,0,0.2202270021516941,0,12.586679,19.404724798271644,0,PASS_FLIGHT_QUALIFIED
LOT_026_DIE_04725,LOT_026,0,0.07961825309710387,0,13.326238,18.82276725662833,0,PASS_FLIGHT_QUALIFIED
LOT_028_DIE_01227,LOT_028,0,0.009102512810913248,0,13.063969,20.709901049633796,0,PASS_FLIGHT_QUALIFIED
LOT_015_DIE_03214,LOT_015,0,0.06569271890638256,0,10.823663,17.18341301885968,0,PASS_FLIGHT_QUALIFIED
LOT_047_DIE_04396,LOT_047,0,0.2982080352523493,0,12.208334,16.830349459986053,0,PASS_FLIGHT_QUALIFIED
LOT_040_DIE_02139,LOT_040,0,0.38378105906141446,0,14.350842,21.48408380068662,0,PASS_FLIGHT_QUALIFIED
LOT_040_DIE_00489,LOT_040,0,0.16939985739142424,0,14.664297,21.327240111303666,0,PASS_FLIGHT_QUALIFIED
LOT_002_DIE_03251,LOT_002,0,0.22963725935155999,0,16.774883,23.210282930402936,0,PASS_FLIGHT_QUALIFIED
LOT_004_DIE_00403,LOT_004,0,0.15172460500228746,0,12.779589,19.3889082499855,0,PASS_FLIGHT_QUALIFIED
LOT_002_DIE_02151,LOT_002,0,0.176116185784978,0,16.07415,23.80646236309704,0,PASS_FLIGHT_QUALIFIED
LOT_025_DIE_03674,LOT_025,0,0.027929999122442598,0,12.521947,19.53017443842899,0,PASS_FLIGHT_QUALIFIED
LOT_037_DIE_04836,LOT_037,0,0.20719606414254654,0,9.57997,15.583919656783642,0,PASS_FLIGHT_QUALIFIED
LOT_021_DIE_02620,LOT_021,0,0.509893479718237,1,13.240927,19.628364969455177,0,REJECT_MODULE_A_OUTLIER
LOT_048_DIE_04547,LOT_048,0,0.15121780078446417,0,12.676999,18.834397430457678,0,PASS_FLIGHT_QUALIFIED
LOT_046_DIE_04495,LOT_046,0,0.1209894733630498,0,15.225571,23.02595967822725,0,PASS_FLIGHT_QUALIFIED
LOT_008_DIE_02957,LOT_008,0,0.15417368565414055,0,14.863222,20.71384316114385,0,PASS_FLIGHT_QUALIFIED
LOT_040_DIE_02589,LOT_040,0,0.13291403235986837,0,12.363242,18.5499002836288,0,PASS_FLIGHT_QUALIFIED
LOT_027_DIE_04426,LOT_027,0,0.18212480034715955,0,12.897645,20.16713557371554,0,PASS_FLIGHT_QUALIFIED
LOT_009_DIE_01858,LOT_009,0,0.28117666764801,0,16.37421,23.127958612653813,0,PASS_FLIGHT_QUALIFIED
LOT_030_DIE_00029,LOT_030,0,0.33586552807595016,0,11.936445,17.634349477347875,0,PASS_FLIGHT_QUALIFIED
LOT_049_DIE_00798,LOT_049,0,0.16038784942913775,0,12.4250555,18.181265596374313,0,PASS_FLIGHT_QUALIFIED
LOT_035_DIE_03084,LOT_035,0,0.2166223597989233,0,17.447292,25.575577257098814,1,ABORT_MODULE_B_DRIFT_RUNAWAY
LOT_003_DIE_03452,LOT_003,0,0.16020848228066303,0,14.865578,21.986339782851687,0,PASS_FLIGHT_QUALIFIED
LOT_010_DIE_04459,LOT_010,0,0.17878026790095403,0,13.345373,20.46647665329335,0,PASS_FLIGHT_QUALIFIED
LOT_017_DIE_02566,LOT_017,0,0.23227116809782425,0,13.306549,19.53991548476197,0,PASS_FLIGHT_QUALIFIED
LOT_032_DIE_04981,LOT_032,0,0.2638869660211324,0,11.349597,17.700857881378877,0,PASS_FLIGHT_QUALIFIED
LOT_028_DIE_01277,LOT_028,0,0.12898383076089392,0,13.147709,20.92998724051402,0,PASS_FLIGHT_QUALIFIED
LOT_030_DIE_02879,LOT_030,0,0.18547437509690604,0,11.88091,19.13933014010098,0,PASS_FLIGHT_QUALIFIED
LOT_028_DIE_02627,LOT_028,0,0.12944268796731864,0,13.473317,21.21466467257441,0,PASS_FLIGHT_QUALIFIED
LOT_043_DIE_02242,LOT_043,0,0.12412327534047074,0,11.025577,16.600911630224264,0,PASS_FLIGHT_QUALIFIED
LOT_021_DIE_00770,LOT_021,0,0.2246067915814176,0,14.02873,20.784140812635894,0,PASS_FLIGHT_QUALIFIED
LOT_012_DIE_03761,LOT_012,0,0.28413745057317286,0,16.403835,22.699146581259686,0,PASS_FLIGHT_QUALIFIED
LOT_044_DIE_01743,LOT_044,0,0.2784055652552041,0,16.073324,23.198037775553868,0,PASS_FLIGHT_QUALIFIED
LOT_021_DIE_00070,LOT_021,0,0.12280111723565494,0,15.694663,20.553447645563136,0,PASS_FLIGHT_QUALIFIED
LOT_013_DIE_01912,LOT_013,0,0.2657260384023627,0,16.102257,23.820869985389464,0,PASS_FLIGHT_QUALIFIED
LOT_019_DIE_03218,LOT_019,0,0.2956509658512694,0,14.340602,22.62478996841476,0,PASS_FLIGHT_QUALIFIED
LOT_029_DIE_01178,LOT_029,0,0.07335300516964924,0,14.091266,20.889139842781802,0,PASS_FLIGHT_QUALIFIED
LOT_015_DIE_01114,LOT_015,0,0.14058903435523315,0,11.479525,17.35762337165389,0,PASS_FLIGHT_QUALIFIED
LOT_028_DIE_03627,LOT_028,0,0.3222249888314752,0,13.239484,20.018711283181624,0,PASS_FLIGHT_QUALIFIED
LOT_047_DIE_04296,LOT_047,0,0.21555009813301904,0,15.040493,23.320915486979295,0,PASS_FLIGHT_QUALIFIED
LOT_048_DIE_01047,LOT_048,0,0.07322279264603762,0,15.354879,22.00268477025939,0,PASS_FLIGHT_QUALIFIED
LOT_040_DIE_00339,LOT_040,0,0.21777913401363153,0,13.156077,19.28453097956552,0,PASS_FLIGHT_QUALIFIED
LOT_025_DIE_00474,LOT_025,0,0.012920386517435808,0,11.856077,18.747771304001606,0,PASS_FLIGHT_QUALIFIED
LOT_042_DIE_04741,LOT_042,0,0.17253630563463113,0,11.463539,18.674647975641307,0,PASS_FLIGHT_QUALIFIED
LOT_013_DIE_03312,LOT_013,0,0.290280014984603,0,16.242952,25.049789173847728,1,ABORT_MODULE_B_DRIFT_RUNAWAY
LOT_011_DIE_03960,LOT_011,0,0.13877445580723935,0,8.99452,14.240938188452672,0,PASS_FLIGHT_QUALIFIED
LOT_048_DIE_04347,LOT_048,0,0.2439736479675026,0,13.742977,19.0311096158279,0,PASS_FLIGHT_QUALIFIED
LOT_007_DIE_00406,LOT_007,0,0.17406991038406505,0,9.859422,16.84761131310734,0,PASS_FLIGHT_QUALIFIED
LOT_016_DIE_02315,LOT_016,0,0.05266586397159756,0,12.664643,19.43021702221029,0,PASS_FLIGHT_QUALIFIED
LOT_031_DIE_02130,LOT_031,0,0.0697807203483952,0,14.346444,20.535440793051528,0,PASS_FLIGHT_QUALIFIED
LOT_024_DIE_02473,LOT_024,0,0.45423897952406517,1,16.220673,22.759816341594885,0,REJECT_MODULE_A_OUTLIER
LOT_020_DIE_04819,LOT_020,0,0.33947801276386136,0,13.608594,18.956238315317538,0,PASS_FLIGHT_QUALIFIED
LOT_047_DIE_00496,LOT_047,0,0.11002146304168503,0,12.46094,19.8199173495253,0,PASS_FLIGHT_QUALIFIED
LOT_005_DIE_02154,LOT_005,0,0.08626781453938441,0,12.595222,20.256186975400844,0,PASS_FLIGHT_QUALIFIED
LOT_023_DIE_04172,LOT_023,0,0.17179078292807476,0,13.352509,19.71450263762238,0,PASS_FLIGHT_QUALIFIED
LOT_005_DIE_04354,LOT_005,0,0.10427244241884562,0,9.550813,15.891607858226273,0,PASS_FLIGHT_QUALIFIED
LOT_003_DIE_03002,LOT_003,0,0.018994254318276962,0,14.793209,21.519398019833194,0,PASS_FLIGHT_QUALIFIED
LOT_027_DIE_01176,LOT_027,0,0.20720291895109166,0,9.240465,15.760978407607164,0,PASS_FLIGHT_QUALIFIED
LOT_004_DIE_04853,LOT_004,0,0.17684049526842838,0,13.613834,21.53357298339799,0,PASS_FLIGHT_QUALIFIED
LOT_045_DIE_03894,LOT_045,0,0.21593665520579955,0,10.210188,16.070614622411583,0,PASS_FLIGHT_QUALIFIED
LOT_009_DIE_03908,LOT_009,0,0.12935946999984813,0,13.914231,22.451191517034378,0,PASS_FLIGHT_QUALIFIED
LOT_039_DIE_01988,LOT_039,0,0.1683769263667383,0,14.738478,22.27949235965815,0,PASS_FLIGHT_QUALIFIED
LOT_040_DIE_03189,LOT_040,0,0.04818110225672684,0,13.441762,19.81393175341379,0,PASS_FLIGHT_QUALIFIED
LOT_017_DIE_01916,LOT_017,0,0.14375540371683737,0,12.685834,19.734874797365972,0,PASS_FLIGHT_QUALIFIED
LOT_025_DIE_00724,LOT_025,0,0.09560550944778737,0,10.963984,18.193536147547736,0,PASS_FLIGHT_QUALIFIED
LOT_048_DIE_00447,LOT_048,0,0.06290894627808939,0,12.769939,18.425372158945013,0,PASS_FLIGHT_QUALIFIED
LOT_010_DIE_04759,LOT_010,0,0.10896490439783427,0,16.095673,23.448583481947832,0,PASS_FLIGHT_QUALIFIED
LOT_020_DIE_00119,LOT_020,0,0.1665632151870522,0,13.040682,20.616550908440956,0,PASS_FLIGHT_QUALIFIED
LOT_025_DIE_04624,LOT_025,0,0.10460899454569378,0,12.6229515,20.347420090739192,0,PASS_FLIGHT_QUALIFIED
LOT_025_DIE_03274,LOT_025,0,0.09565066843777005,0,14.040777,21.445784642348194,0,PASS_FLIGHT_QUALIFIED
LOT_032_DIE_01331,LOT_032,0,0.11186404485546782,0,13.598153,20.636003110050176,0,PASS_FLIGHT_QUALIFIED
LOT_004_DIE_01753,LOT_004,0,0.1709832681710185,0,13.40741,18.812490363405658,0,PASS_FLIGHT_QUALIFIED
LOT_046_DIE_01845,LOT_046,0,0.10774592133157528,0,13.669682,19.91907065434875,0,PASS_FLIGHT_QUALIFIED
LOT_026_DIE_03125,LOT_026,0,0.1948531114824804,0,17.552456,25.582696591728077,1,ABORT_MODULE_B_DRIFT_RUNAWAY
LOT_013_DIE_04712,LOT_013,0,0.3500866729456444,0,14.723127,21.750625902333784,0,PASS_FLIGHT_QUALIFIED
LOT_016_DIE_04265,LOT_016,0,0.0982137818515232,0,11.218527,18.494917797955825,0,PASS_FLIGHT_QUALIFIED
LOT_008_DIE_04207,LOT_008,0,0.17923767430572218,0,14.231671,21.81539798144032,0,PASS_FLIGHT_QUALIFIED
LOT_017_DIE_01216,LOT_017,0,0.18763525070046475,0,12.481997,19.101327491606312,0,PASS_FLIGHT_QUALIFIED
LOT_038_DIE_01137,LOT_038,0,0.13339121085676572,0,9.698955,16.534939061005026,0,PASS_FLIGHT_QUALIFIED
LOT_041_DIE_04440,LOT_041,0,0.06332825457578166,0,10.841992,19.01349886648137,0,PASS_FLIGHT_QUALIFIED
LOT_036_DIE_01185,LOT_036,1,0.40103014940796883,0,85.01347,86.37454054141942,1,ABORT_MODULE_B_DRIFT_RUNAWAY
LOT_029_DIE_01428,LOT_029,0,0.10004987814251189,0,13.809111,20.27869238204186,0,PASS_FLIGHT_QUALIFIED
LOT_001_DIE_03600,LOT_001,0,0.2061928093251657,0,14.325015,20.06706209764397,0,PASS_FLIGHT_QUALIFIED
LOT_009_DIE_00808,LOT_009,0,0.12292041647416568,0,13.645675,20.218490994912948,0,PASS_FLIGHT_QUALIFIED
LOT_043_DIE_04042,LOT_043,0,0.16034074043842175,0,10.738251,17.134487829816436,0,PASS_FLIGHT_QUALIFIED
LOT_034_DIE_03733,LOT_034,0,0.24185772427830632,0,15.441681,24.25445705037362,0,PASS_FLIGHT_QUALIFIED
LOT_044_DIE_00493,LOT_044,0,0.21959619089298943,0,13.721276,18.435204413811007,0,PASS_FLIGHT_QUALIFIED
LOT_018_DIE_01467,LOT_018,0,0.23537582990915723,0,13.6851635,19.32086785555873,0,PASS_FLIGHT_QUALIFIED
LOT_005_DIE_03104,LOT_005,0,0.10415328094191204,0,10.851755,17.050053421144455,0,PASS_FLIGHT_QUALIFIED
LOT_035_DIE_02134,LOT_035,0,0.16920230926456514,0,17.283224,24.18180159391792,0,PASS_FLIGHT_QUALIFIED
LOT_035_DIE_04084,LOT_035,0,0.07374940437575911,0,14.762212,21.397877583373713,0,PASS_FLIGHT_QUALIFIED
LOT_012_DIE_00561,LOT_012,1,0.4716914401259633,1,84.66808,91.40783836598867,1,REJECT_MODULE_A_OUTLIER
LOT_008_DIE_03507,LOT_008,1,0.6240338833561827,1,80.49507,75.79141376976037,1,REJECT_MODULE_A_OUTLIER
LOT_020_DIE_01669,LOT_020,0,0.33755465740309987,0,14.828999,22.349055995052616,0,PASS_FLIGHT_QUALIFIED
LOT_040_DIE_02789,LOT_040,0,0.3048450052717508,0,15.3277,20.764121938782562,0,PASS_FLIGHT_QUALIFIED
LOT_011_DIE_01460,LOT_011,1,0.6837647637504322,1,125.53909,141.07919310981117,1,REJECT_MODULE_A_OUTLIER
LOT_037_DIE_03336,LOT_037,0,0.353314828066262,0,16.677168,22.649374673252165,0,PASS_FLIGHT_QUALIFIED
LOT_031_DIE_04530,LOT_031,0,0.17857834876586753,0,14.727266,23.058292305505617,0,PASS_FLIGHT_QUALIFIED
LOT_015_DIE_04514,LOT_015,0,0.23900091622331976,0,12.582283,19.89391919713741,0,PASS_FLIGHT_QUALIFIED
LOT_003_DIE_00702,LOT_003,0,0.22986845500199093,0,14.150602,20.510266262267088,0,PASS_FLIGHT_QUALIFIED
LOT_033_DIE_02932,LOT_033,0,0.09943411526053547,0,10.747308,17.85782447842362,0,PASS_FLIGHT_QUALIFIED
LOT_006_DIE_02405,LOT_006,0,0.2693678851988999,0,10.218504,17.47751386675488,0,PASS_FLIGHT_QUALIFIED
LOT_039_DIE_04488,LOT_039,0,0.194551294916877,0,13.901409,20.329048967527342,0,PASS_FLIGHT_QUALIFIED
LOT_034_DIE_04633,LOT_034,1,0.8729648368471346,1,81.072556,99.9615518424515,1,REJECT_MODULE_A_OUTLIER
LOT_007_DIE_03656,LOT_007,0,0.138084104857271,0,11.297605,18.19391801885856,0,PASS_FLIGHT_QUALIFIED
LOT_041_DIE_02390,LOT_041,0,0.22567632006521993,0,9.697834,15.940333972101323,0,PASS_FLIGHT_QUALIFIED
LOT_046_DIE_04345,LOT_046,0,0.18900146153852757,0,12.368248,19.443675831136673,0,PASS_FLIGHT_QUALIFIED
LOT_044_DIE_01543,LOT_044,0,0.2117537540139838,0,16.740402,24.34754986444635,0,PASS_FLIGHT_QUALIFIED
LOT_027_DIE_00126,LOT_027,0,0.1019343996726221,0,10.503052,17.624402352912753,0,PASS_FLIGHT_QUALIFIED
LOT_045_DIE_02344,LOT_045,0,0.03111597292484522,0,12.059821,18.371057535657204,0,PASS_FLIGHT_QUALIFIED
LOT_035_DIE_01984,LOT_035,0,0.13061261232661464,0,16.311045,23.811133154051184,0,PASS_FLIGHT_QUALIFIED
LOT_002_DIE_04551,LOT_002,0,0.0453602036437252,0,16.156393,23.34874303265112,0,PASS_FLIGHT_QUALIFIED
LOT_022_DIE_01721,LOT_022,0,0.05205625078271168,0,10.747601,19.014175417963113,0,PASS_FLIGHT_QUALIFIED
LOT_028_DIE_02327,LOT_028,0,0.18270059608295086,0,13.909443,20.442725480413646,0,PASS_FLIGHT_QUALIFIED
LOT_002_DIE_04851,LOT_002,0,0.09673034721769916,0,18.09262,27.060625755684356,1,ABORT_MODULE_B_DRIFT_RUNAWAY
LOT_050_DIE_00249,LOT_050,1,0.4722937127587705,1,76.261215,71.61709802357404,1,REJECT_MODULE_A_OUTLIER
LOT_036_DIE_01985,LOT_036,0,0.1442356920834626,0,12.872416,19.77285243111666,0,PASS_FLIGHT_QUALIFIED
LOT_017_DIE_03666,LOT_017,0,0.1541976010826957,0,11.320527,16.708905892389964,0,PASS_FLIGHT_QUALIFIED
LOT_012_DIE_02061,LOT_012,0,0.1587919107323024,0,18.15311,25.23823733902129,1,ABORT_MODULE_B_DRIFT_RUNAWAY
LOT_002_DIE_03601,LOT_002,0,0.17761587099850798,0,17.395002,24.964305446245667,0,PASS_FLIGHT_QUALIFIED
LOT_028_DIE_02777,LOT_028,0,0.02090423185254361,0,13.150026,21.35139333610872,0,PASS_FLIGHT_QUALIFIED
LOT_014_DIE_04363,LOT_014,0,0.03283889598790528,0,11.954097,18.86923361352398,0,PASS_FLIGHT_QUALIFIED
LOT_042_DIE_04891,LOT_042,0,0.07523612354854406,0,11.83436,19.200347214232096,0,PASS_FLIGHT_QUALIFIED
LOT_031_DIE_04030,LOT_031,0,0.24072601524508022,0,12.170518,17.92282207309828,0,PASS_FLIGHT_QUALIFIED
LOT_015_DIE_01764,LOT_015,0,0.14582674880810503,0,8.952803,13.859383801408807,0,PASS_FLIGHT_QUALIFIED
LOT_026_DIE_03475,LOT_026,0,0.14524562843220845,0,17.473923,26.91701010779464,1,ABORT_MODULE_B_DRIFT_RUNAWAY
LOT_011_DIE_00760,LOT_011,0,0.05526792027428544,0,10.246258,16.994847643239517,0,PASS_FLIGHT_QUALIFIED
LOT_024_DIE_03673,LOT_024,0,0.26967683060185893,0,12.54881,19.850274250262885,0,PASS_FLIGHT_QUALIFIED
LOT_037_DIE_01436,LOT_037,0,0.03602913490466905,0,13.055426,19.716882256075206,0,PASS_FLIGHT_QUALIFIED
LOT_047_DIE_03896,LOT_047,0,0.09089333076559067,0,13.371986,21.08161356943005,0,PASS_FLIGHT_QUALIFIED
LOT_021_DIE_03420,LOT_021,0,0.1620130263334894,0,15.878497,22.847835486169323,0,PASS_FLIGHT_QUALIFIED
LOT_049_DIE_00848,LOT_049,0,0.2970207317212365,0,15.435689,21.306163086184625,0,PASS_FLIGHT_QUALIFIED
LOT_005_DIE_04254,LOT_005,0,0.15989724563113847,0,12.960754,20.439740462839406,0,PASS_FLIGHT_QUALIFIED
LOT_039_DIE_03088,LOT_039,0,0.11239556038038315,0,11.48847,17.366150420359187,0,PASS_FLIGHT_QUALIFIED
LOT_044_DIE_02893,LOT_044,0,0.1770665400276949,0,17.495247,25.097559371471682,1,ABORT_MODULE_B_DRIFT_RUNAWAY
LOT_046_DIE_02245,LOT_046,0,0.31893154208849106,0,15.193623,22.25625666227251,0,PASS_FLIGHT_QUALIFIED
LOT_027_DIE_04526,LOT_027,0,0.061360975051711245,0,11.307111,16.93546901331742,0,PASS_FLIGHT_QUALIFIED
LOT_036_DIE_02035,LOT_036,0,0.28695873388472765,0,12.1161175,17.4754233952747,0,PASS_FLIGHT_QUALIFIED
LOT_022_DIE_04221,LOT_022,0,0.2601651223508588,0,11.672425,18.205845935458623,0,PASS_FLIGHT_QUALIFIED
LOT_014_DIE_04913,LOT_014,0,0.1104826029944392,0,11.003365,17.216331678217237,0,PASS_FLIGHT_QUALIFIED
LOT_026_DIE_00825,LOT_026,1,0.5076512724860509,1,93.1829,91.16724940054058,1,REJECT_MODULE_A_OUTLIER
LOT_015_DIE_04614,LOT_015,0,0.497881552066026,1,8.86537,15.850167000133762,0,REJECT_MODULE_A_OUTLIER
LOT_023_DIE_01572,LOT_023,0,0.15265154721880553,0,12.275787,18.51963135703556,0,PASS_FLIGHT_QUALIFIED
LOT_038_DIE_03387,LOT_038,0,0.28361176501255725,0,11.767358,18.99232817923324,0,PASS_FLIGHT_QUALIFIED
LOT_012_DIE_02911,LOT_012,0,0.32625510211224473,0,16.183681,23.28687321420836,0,PASS_FLIGHT_QUALIFIED
LOT_014_DIE_03263,LOT_014,0,0.0002932684240261399,0,12.1503,19.38877999644472,0,PASS_FLIGHT_QUALIFIED
LOT_024_DIE_01423,LOT_024,0,0.3353779518074209,0,11.987615,19.695720724363174,0,PASS_FLIGHT_QUALIFIED
LOT_022_DIE_03571,LOT_022,1,0.7006644457054919,1,88.45225,97.95366189471446,1,REJECT_MODULE_A_OUTLIER
LOT_013_DIE_02662,LOT_013,0,0.4736171612919136,1,16.049772,22.809133671542362,0,REJECT_MODULE_A_OUTLIER
LOT_019_DIE_02118,LOT_019,0,0.13000677694258697,0,13.100298,20.982163859979153,0,PASS_FLIGHT_QUALIFIED
LOT_050_DIE_03549,LOT_050,0,0.34464935990979356,0,9.504968,16.13730094024048,0,PASS_FLIGHT_QUALIFIED
LOT_013_DIE_02162,LOT_013,0,0.31062470320074215,0,14.809434,22.971082430176406,0,PASS_FLIGHT_QUALIFIED
LOT_006_DIE_02655,LOT_006,0,0.3195176125207313,0,11.64175,18.049648324502893,0,PASS_FLIGHT_QUALIFIED
LOT_030_DIE_02279,LOT_030,0,0.1496705513265859,0,11.103342,18.539882034115607,0,PASS_FLIGHT_QUALIFIED
LOT_007_DIE_02106,LOT_007,0,0.1164000763431549,0,11.715224,17.533531611583573,0,PASS_FLIGHT_QUALIFIED
LOT_034_DIE_02433,LOT_034,0,0.1271122898856812,0,16.038916,22.79860810338393,0,PASS_FLIGHT_QUALIFIED
LOT_033_DIE_01682,LOT_033,0,0.2086022016654385,0,10.857277,14.561050650585752,0,PASS_FLIGHT_QUALIFIED
LOT_043_DIE_03342,LOT_043,0,0.12132113016128365,0,9.655356,15.613179744443444,0,PASS_FLIGHT_QUALIFIED
LOT_003_DIE_01252,LOT_003,0,0.15254114568378757,0,13.800602,20.20615720784933,0,PASS_FLIGHT_QUALIFIED
LOT_026_DIE_00325,LOT_026,0,0.0677902246032959,0,15.675743,23.18511867310297,0,PASS_FLIGHT_QUALIFIED
LOT_001_DIE_02100,LOT_001,0,0.22138199575740536,0,12.357643,20.40772076272519,0,PASS_FLIGHT_QUALIFIED
LOT_013_DIE_04862,LOT_013,0,0.3299568532683045,0,15.186664,21.939506479199117,0,PASS_FLIGHT_QUALIFIED
LOT_018_DIE_00117,LOT_018,0,0.09697097576288614,0,13.135851,19.966240830270426,0,PASS_FLIGHT_QUALIFIED
LOT_018_DIE_03317,LOT_018,0,0.18028248069077182,0,12.492733,18.70157302645117,0,PASS_FLIGHT_QUALIFIED
LOT_043_DIE_04842,LOT_043,0,0.11521600082884587,0,8.054496,14.301108800366505,0,PASS_FLIGHT_QUALIFIED
LOT_026_DIE_03025,LOT_026,0,0.09038667264445271,0,14.105239,20.259028395145425,0,PASS_FLIGHT_QUALIFIED
LOT_024_DIE_03623,LOT_024,0,0.35670334062818687,0,10.925271,16.92739688288581,0,PASS_FLIGHT_QUALIFIED
LOT_040_DIE_00639,LOT_040,0,0.018701087989382144,0,13.466303,19.406621358145237,0,PASS_FLIGHT_QUALIFIED
LOT_004_DIE_04753,LOT_004,0,0.16626728838239074,0,12.167941,18.394214358419443,0,PASS_FLIGHT_QUALIFIED
LOT_002_DIE_00751,LOT_002,1,0.43713917318682405,1,85.657425,95.92372057975837,1,REJECT_MODULE_A_OUTLIER
LOT_046_DIE_00595,LOT_046,0,0.15587343697726125,0,13.9563,21.73121791950269,0,PASS_FLIGHT_QUALIFIED
LOT_029_DIE_03228,LOT_029,0,0.47024056792784874,1,16.420956,22.457018400554112,0,REJECT_MODULE_A_OUTLIER
LOT_023_DIE_02272,LOT_023,0,0.14866590726419132,0,13.283526,18.941759665582527,0,PASS_FLIGHT_QUALIFIED
LOT_021_DIE_01720,LOT_021,0,0.2606976763473339,0,14.027182,21.403717020557764,0,PASS_FLIGHT_QUALIFIED
LOT_026_DIE_01575,LOT_026,0,0.2962991805619759,0,17.07662,23.247901355086626,0,PASS_FLIGHT_QUALIFIED
LOT_039_DIE_04288,LOT_039,0,0.1388747851180646,0,14.477155,19.842842730886716,0,PASS_FLIGHT_QUALIFIED
LOT_006_DIE_02705,LOT_006,0,0.30225413746427804,0,8.815439,15.391050351829172,0,PASS_FLIGHT_QUALIFIED
LOT_032_DIE_01881,LOT_032,0,0.09576042828586993,0,11.311077,17.54053233093079,0,PASS_FLIGHT_QUALIFIED
LOT_039_DIE_01038,LOT_039,0,0.32105562344786764,0,14.498648,23.22572511371923,0,PASS_FLIGHT_QUALIFIED
LOT_036_DIE_02085,LOT_036,0,0.12869060008601851,0,17.536964,25.241178962905114,1,ABORT_MODULE_B_DRIFT_RUNAWAY
LOT_050_DIE_03349,LOT_050,0,0.12245052566183773,0,11.919764,18.81878446891591,0,PASS_FLIGHT_QUALIFIED
LOT_009_DIE_03008,LOT_009,0,0.10064319733522316,0,14.53744,21.258469980371004,0,PASS_FLIGHT_QUALIFIED
LOT_029_DIE_00528,LOT_029,0,0.3171720518258916,0,15.579208,22.970522311751864,0,PASS_FLIGHT_QUALIFIED
LOT_032_DIE_01781,LOT_032,0,0.2346435607029922,0,10.256257,16.03401476901908,0,PASS_FLIGHT_QUALIFIED
LOT_035_DIE_02834,LOT_035,0,0.29789911515548306,0,15.526114,22.076697987296594,0,PASS_FLIGHT_QUALIFIED
LOT_048_DIE_02047,LOT_048,0,0.06136431200221989,0,12.324427,17.83474701106595,0,PASS_FLIGHT_QUALIFIED
LOT_039_DIE_03288,LOT_039,0,0.1360630083343635,0,14.91964,21.664019131907267,0,PASS_FLIGHT_QUALIFIED
LOT_047_DIE_02046,LOT_047,0,0.12463205463043803,0,14.296549,20.216306621211558,0,PASS_FLIGHT_QUALIFIED
LOT_009_DIE_01658,LOT_009,0,0.0266552751716398,0,12.577097,19.30214157671577,0,PASS_FLIGHT_QUALIFIED
LOT_031_DIE_00680,LOT_031,0,0.19875674443622168,0,12.32229,19.232524147218225,0,PASS_FLIGHT_QUALIFIED
LOT_037_DIE_04986,LOT_037,0,0.36625901575512515,0,11.219333,18.136482420616666,0,PASS_FLIGHT_QUALIFIED
LOT_014_DIE_03913,LOT_014,0,0.14134095071646618,0,10.965111,16.125925781520905,0,PASS_FLIGHT_QUALIFIED
LOT_026_DIE_04625,LOT_026,0,0.3686065355865648,0,16.19783,23.684449114105185,0,PASS_FLIGHT_QUALIFIED
LOT_013_DIE_02112,LOT_013,0,0.3035163183221334,0,14.044491,20.032105957989373,0,PASS_FLIGHT_QUALIFIED
LOT_004_DIE_04653,LOT_004,0,0.1714259473343806,0,15.560048,23.049778892945792,0,PASS_FLIGHT_QUALIFIED
LOT_019_DIE_00818,LOT_019,0,0.20684132287818138,0,13.607003,18.740830855634172,0,PASS_FLIGHT_QUALIFIED
LOT_026_DIE_04325,LOT_026,0,0.059064239167884114,0,15.115858,23.215995143184298,0,PASS_FLIGHT_QUALIFIED
LOT_026_DIE_04525,LOT_026,0,0.06643748539337618,0,15.5837755,22.94408622842125,0,PASS_FLIGHT_QUALIFIED
LOT_033_DIE_04882,LOT_033,0,0.06849086254999809,0,10.331145,16.707810193427562,0,PASS_FLIGHT_QUALIFIED
LOT_008_DIE_04807,LOT_008,0,0.06774744462230975,0,17.929705,23.730743393485035,0,PASS_FLIGHT_QUALIFIED
LOT_044_DIE_02343,LOT_044,0,0.29110053316494927,0,16.048494,24.35598582626912,0,PASS_FLIGHT_QUALIFIED
LOT_019_DIE_01318,LOT_019,0,0.282113368519964,0,11.784715,17.515000998909073,0,PASS_FLIGHT_QUALIFIED
LOT_029_DIE_02978,LOT_029,0,0.14104197931021834,0,13.174895,20.07012539430742,0,PASS_FLIGHT_QUALIFIED
LOT_014_DIE_02763,LOT_014,0,0.22328430785105063,0,11.147685,18.01899275857714,0,PASS_FLIGHT_QUALIFIED
LOT_046_DIE_03645,LOT_046,0,0.17918200378080473,0,15.291476,23.131992542864147,0,PASS_FLIGHT_QUALIFIED
LOT_029_DIE_02678,LOT_029,0,0.09453865984232596,0,14.534066,21.881267262070764,0,PASS_FLIGHT_QUALIFIED
LOT_017_DIE_04366,LOT_017,0,0.2234439260681712,0,10.665107,17.756823950530624,0,PASS_FLIGHT_QUALIFIED
LOT_010_DIE_02009,LOT_010,0,0.07225127739581808,0,14.783293,22.13068235806067,0,PASS_FLIGHT_QUALIFIED
LOT_016_DIE_03665,LOT_016,0,0.1582807237216568,0,12.640335,19.916073133940493,0,PASS_FLIGHT_QUALIFIED
LOT_032_DIE_02731,LOT_032,0,0.08718063614282602,0,10.534987,17.44588779151712,0,PASS_FLIGHT_QUALIFIED
LOT_035_DIE_01934,LOT_035,0,0.21160865479310903,0,17.94289,26.561309688814337,1,ABORT_MODULE_B_DRIFT_RUNAWAY
LOT_005_DIE_01004,LOT_005,0,0.05624303413675063,0,11.740729,19.34425355046633,0,PASS_FLIGHT_QUALIFIED
LOT_038_DIE_03787,LOT_038,0,0.40981896889376923,0,12.206323,19.176637894469124,0,PASS_FLIGHT_QUALIFIED
LOT_046_DIE_01945,LOT_046,0,0.2620382631256316,0,13.704932,20.795757033496635,0,PASS_FLIGHT_QUALIFIED
LOT_003_DIE_02302,LOT_003,0,0.0692054072476061,0,17.388264,23.500987533209127,0,PASS_FLIGHT_QUALIFIED
LOT_011_DIE_04560,LOT_011,0,0.05014612605059099,0,9.612878,15.378613479448585,0,PASS_FLIGHT_QUALIFIED
LOT_009_DIE_03108,LOT_009,0,0.05858631886994872,0,13.268964,21.0492033098293,0,PASS_FLIGHT_QUALIFIED
LOT_013_DIE_00762,LOT_013,0,0.3373620908918622,0,17.470282,25.532584218924157,1,ABORT_MODULE_B_DRIFT_RUNAWAY
LOT_016_DIE_03465,LOT_016,0,0.21695759561683814,0,14.64547,23.06661820666723,0,PASS_FLIGHT_QUALIFIED
LOT_046_DIE_03995,LOT_046,0,0.04007768013365738,0,14.779065,20.562583835220853,0,PASS_FLIGHT_QUALIFIED
LOT_041_DIE_02840,LOT_041,0,0.12979013441089748,0,10.5568905,16.53725691881231,0,PASS_FLIGHT_QUALIFIED
LOT_022_DIE_02421,LOT_022,0,0.208062646217327,0,8.325913,14.909456074751672,0,PASS_FLIGHT_QUALIFIED
LOT_039_DIE_04038,LOT_039,0,0.19938067872779508,0,15.108511,23.02873137778051,0,PASS_FLIGHT_QUALIFIED
LOT_020_DIE_01069,LOT_020,0,0.30927494779847386,0,13.208934,19.968510138347654,0,PASS_FLIGHT_QUALIFIED
LOT_039_DIE_03788,LOT_039,0,0.2003117526406405,0,14.654436,22.47519514667577,0,PASS_FLIGHT_QUALIFIED
LOT_014_DIE_01363,LOT_014,0,0.008903171152977828,0,10.630364,15.79300717672518,0,PASS_FLIGHT_QUALIFIED
LOT_012_DIE_01461,LOT_012,0,0.05390676808098133,0,15.137851,21.839919330094656,0,PASS_FLIGHT_QUALIFIED
LOT_042_DIE_03991,LOT_042,0,0.12544191229093418,0,12.413371,20.17800597648795,0,PASS_FLIGHT_QUALIFIED
LOT_005_DIE_01754,LOT_005,0,0.0971070549558331,0,11.300462,18.723696610795972,0,PASS_FLIGHT_QUALIFIED
LOT_045_DIE_00694,LOT_045,0,0.2284440871988349,0,13.483002,21.237676679502183,0,PASS_FLIGHT_QUALIFIED
LOT_017_DIE_02466,LOT_017,0,0.22328248154775202,0,13.098293,18.562171113440026,0,PASS_FLIGHT_QUALIFIED
LOT_044_DIE_00393,LOT_044,0,0.2943485463818299,0,15.170659,24.278342828478785,0,PASS_FLIGHT_QUALIFIED
LOT_023_DIE_00172,LOT_023,0,0.12733440386390552,0,12.886158,20.025057407534096,0,PASS_FLIGHT_QUALIFIED
LOT_038_DIE_01387,LOT_038,0,0.056762192236459105,0,10.735924,16.26352679233099,0,PASS_FLIGHT_QUALIFIED
LOT_020_DIE_01819,LOT_020,0,0.3217644647589097,0,12.250708,18.462439936525783,0,PASS_FLIGHT_QUALIFIED
LOT_019_DIE_00018,LOT_019,0,0.07626486652208232,0,12.926391,18.318935237343574,0,PASS_FLIGHT_QUALIFIED
LOT_016_DIE_04065,LOT_016,0,0.46044868070219147,1,10.544883,16.95353604196105,0,REJECT_MODULE_A_OUTLIER
LOT_007_DIE_02256,LOT_007,0,0.20838232427936967,0,11.675199,18.523770719974117,0,PASS_FLIGHT_QUALIFIED
LOT_009_DIE_01808,LOT_009,0,0.03918521548591453,0,13.726602,19.72413073595446,0,PASS_FLIGHT_QUALIFIED
LOT_037_DIE_01786,LOT_037,0,0.5161854376676067,1,12.468334,18.725425022437992,0,REJECT_MODULE_A_OUTLIER
LOT_032_DIE_02181,LOT_032,0,0.1996865005694039,0,11.00592,16.678106407152825,0,PASS_FLIGHT_QUALIFIED
LOT_013_DIE_03512,LOT_013,0,0.2679250655569375,0,13.960591,20.506394786888393,0,PASS_FLIGHT_QUALIFIED
LOT_047_DIE_04896,LOT_047,0,0.17346502473191464,0,11.724372,18.590894841133867,0,PASS_FLIGHT_QUALIFIED
LOT_014_DIE_02363,LOT_014,0,0.12485229099482462,0,10.480364,17.126821391938297,0,PASS_FLIGHT_QUALIFIED
LOT_048_DIE_03547,LOT_048,0,0.0010819325041482107,0,13.924643,20.69184162569847,0,PASS_FLIGHT_QUALIFIED
LOT_017_DIE_04616,LOT_017,0,0.10779022755128637,0,11.170167,17.039598838067544,0,PASS_FLIGHT_QUALIFIED
LOT_021_DIE_00870,LOT_021,0,0.3307692348769009,0,15.224268,22.461389622037743,0,PASS_FLIGHT_QUALIFIED
LOT_001_DIE_02650,LOT_001,0,0.09867621818075044,0,11.515956,16.78375835234793,0,PASS_FLIGHT_QUALIFIED
LOT_024_DIE_04273,LOT_024,0,0.17554815196692203,0,10.442757,15.968538222665915,0,PASS_FLIGHT_QUALIFIED
LOT_038_DIE_00437,LOT_038,0,0.2915361221289349,0,10.444056,18.241506179079348,0,PASS_FLIGHT_QUALIFIED
LOT_010_DIE_01609,LOT_010,0,0.03077171020270816,0,12.964584,21.366754194332774,0,PASS_FLIGHT_QUALIFIED
LOT_011_DIE_01610,LOT_011,0,0.27501004389032646,0,8.711532,14.130840209037292,0,PASS_FLIGHT_QUALIFIED
LOT_024_DIE_03373,LOT_024,0,0.5562627848080398,1,9.00199,14.354907226681243,0,REJECT_MODULE_A_OUTLIER
LOT_046_DIE_03095,LOT_046,0,0.30009740987548617,0,14.104564,21.064940709811225,0,PASS_FLIGHT_QUALIFIED
LOT_041_DIE_03190,LOT_041,0,0.08462722089681927,0,11.103597,16.514873503745214,0,PASS_FLIGHT_QUALIFIED
LOT_017_DIE_00916,LOT_017,0,0.045057044396670354,0,12.777772,19.661382503288372,0,PASS_FLIGHT_QUALIFIED
LOT_049_DIE_01948,LOT_049,0,0.06681247710966248,0,13.598225,22.08805250843574,0,PASS_FLIGHT_QUALIFIED
LOT_024_DIE_00123,LOT_024,0,0.2958290247551787,0,12.523864,20.298160705517322,0,PASS_FLIGHT_QUALIFIED
LOT_049_DIE_04098,LOT_049,0,0.18712014637030383,0,14.588194,20.70467207991318,0,PASS_FLIGHT_QUALIFIED
LOT_028_DIE_04927,LOT_028,0,0.21740176084121635,0,13.428055,21.426301931669894,0,PASS_FLIGHT_QUALIFIED
LOT_024_DIE_04723,LOT_024,0,0.15372635637527726,0,12.511912,19.611007027017976,0,PASS_FLIGHT_QUALIFIED
LOT_040_DIE_03289,LOT_040,0,0.22138705760160435,0,13.770184,19.96731781872612,0,PASS_FLIGHT_QUALIFIED
LOT_017_DIE_03116,LOT_017,0,0.055265117770824254,0,12.560233,18.26607751895922,0,PASS_FLIGHT_QUALIFIED
LOT_037_DIE_00986,LOT_037,0,0.19185951095471038,0,11.776248,19.55482889836353,0,PASS_FLIGHT_QUALIFIED
LOT_038_DIE_00137,LOT_038,0,0.6050344192678517,1,11.718788,18.95693989871594,0,REJECT_MODULE_A_OUTLIER
LOT_024_DIE_00273,LOT_024,0,0.09449903671971849,0,11.674141,19.30898976412451,0,PASS_FLIGHT_QUALIFIED
LOT_045_DIE_02894,LOT_045,0,0.13327310197890452,0,12.286398,19.292077241387894,0,PASS_FLIGHT_QUALIFIED
LOT_049_DIE_00698,LOT_049,0,0.27942384817564075,0,12.876664,18.149069652309613,0,PASS_FLIGHT_QUALIFIED
LOT_023_DIE_00372,LOT_023,0,0.20351157253015867,0,13.270544,20.672161063684484,0,PASS_FLIGHT_QUALIFIED
LOT_016_DIE_02965,LOT_016,0,0.1726881052298517,0,10.735689,17.583182890599346,0,PASS_FLIGHT_QUALIFIED
LOT_031_DIE_03130,LOT_031,0,0.25024692811943344,0,12.602874,20.13837392649474,0,PASS_FLIGHT_QUALIFIED
LOT_010_DIE_00409,LOT_010,0,0.12691275030452123,0,15.598731,21.405341714946513,0,PASS_FLIGHT_QUALIFIED
LOT_012_DIE_02861,LOT_012,0,0.054018683737369885,0,16.888504,23.055245942834517,0,PASS_FLIGHT_QUALIFIED
LOT_006_DIE_02905,LOT_006,0,0.08815632192327222,0,11.830061,18.038472804586522,0,PASS_FLIGHT_QUALIFIED
LOT_041_DIE_03640,LOT_041,0,0.37846122085409395,0,11.217523,17.097349543874227,0,PASS_FLIGHT_QUALIFIED
LOT_009_DIE_04158,LOT_009,0,0.19877342354501287,0,14.7062235,22.95286330128645,0,PASS_FLIGHT_QUALIFIED
LOT_015_DIE_03114,LOT_015,0,0.2175269903313992,0,11.957882,18.737973832608397,0,PASS_FLIGHT_QUALIFIED
LOT_016_DIE_00315,LOT_016,0,0.14231387746098045,0,9.225069,15.482515961372055,0,PASS_FLIGHT_QUALIFIED
LOT_004_DIE_03703,LOT_004,0,0.16504688470258327,0,16.163372,23.620971186466978,0,PASS_FLIGHT_QUALIFIED
LOT_050_DIE_02199,LOT_050,0,0.29298964435614977,0,13.515725,19.65228578428366,0,PASS_FLIGHT_QUALIFIED
LOT_003_DIE_00102,LOT_003,1,0.7925205048850181,1,85.05774,96.99733488785681,1,REJECT_MODULE_A_OUTLIER
LOT_034_DIE_03683,LOT_034,0,0.19631257311859185,0,15.738822,23.262567453703145,0,PASS_FLIGHT_QUALIFIED
LOT_045_DIE_01994,LOT_045,0,0.20517038247904484,0,13.202583,21.064606936071172,0,PASS_FLIGHT_QUALIFIED
LOT_026_DIE_03525,LOT_026,0,0.11110281755240567,0,14.514857,20.749621973111527,0,PASS_FLIGHT_QUALIFIED
LOT_006_DIE_02755,LOT_006,0,0.12920948420599482,0,11.822054,18.422343671856506,0,PASS_FLIGHT_QUALIFIED
LOT_034_DIE_02033,LOT_034,0,0.3122478785256237,0,14.774535,23.41438358522386,0,PASS_FLIGHT_QUALIFIED
LOT_045_DIE_00144,LOT_045,0,0.09361698331435521,0,12.410646,19.656659337517567,0,PASS_FLIGHT_QUALIFIED
LOT_006_DIE_00155,LOT_006,0,0.2125391686395063,0,10.51649,17.797298295593983,0,PASS_FLIGHT_QUALIFIED
LOT_042_DIE_02691,LOT_042,0,0.17019445429772387,0,14.516974,20.89934498383213,0,PASS_FLIGHT_QUALIFIED
LOT_001_DIE_01000,LOT_001,0,0.11488219034060351,0,12.5982275,20.553914896948836,0,PASS_FLIGHT_QUALIFIED
LOT_006_DIE_01955,LOT_006,0,0.1131364729679666,0,12.411322,19.57403820510448,0,PASS_FLIGHT_QUALIFIED
LOT_031_DIE_03680,LOT_031,0,0.13366964194786718,0,13.366889,21.164764495431143,0,PASS_FLIGHT_QUALIFIED
LOT_039_DIE_04788,LOT_039,0,0.1204840861202968,0,13.966757,20.03767277210746,0,PASS_FLIGHT_QUALIFIED
LOT_005_DIE_03254,LOT_005,0,0.16052915930916095,0,11.451083,19.22554139590634,0,PASS_FLIGHT_QUALIFIED
LOT_039_DIE_02888,LOT_039,0,0.38390722039509906,0,14.174227,20.7772311976644,0,PASS_FLIGHT_QUALIFIED
LOT_030_DIE_02779,LOT_030,0,0.270506395529483,0,11.944521,17.18733362410391,0,PASS_FLIGHT_QUALIFIED
LOT_046_DIE_04295,LOT_046,0,0.07330284118288177,0,14.906386,22.366061930993812,0,PASS_FLIGHT_QUALIFIED
LOT_011_DIE_00360,LOT_011,0,0.396746036923624,0,10.759555,16.049180282186647,0,PASS_FLIGHT_QUALIFIED
LOT_021_DIE_01820,LOT_021,0,0.08083352151403443,0,14.780577,22.156529297165054,0,PASS_FLIGHT_QUALIFIED
LOT_032_DIE_04131,LOT_032,0,0.10785112955969661,0,12.836119,21.105071790157407,0,PASS_FLIGHT_QUALIFIED
LOT_017_DIE_01116,LOT_017,0,0.2288776860841354,0,13.003153,19.470572645385282,0,PASS_FLIGHT_QUALIFIED
LOT_024_DIE_03973,LOT_024,0,0.1953072452472559,0,12.933485,21.70504395264298,0,PASS_FLIGHT_QUALIFIED
LOT_007_DIE_04806,LOT_007,0,0.10753193871421488,0,9.946879,14.485377656040866,0,PASS_FLIGHT_QUALIFIED
LOT_028_DIE_03877,LOT_028,0,0.1881944469063766,0,12.661026,19.42626249256728,0,PASS_FLIGHT_QUALIFIED
LOT_011_DIE_00660,LOT_011,1,0.47092505159038334,1,81.01093,93.47064284846404,1,REJECT_MODULE_A_OUTLIER
LOT_022_DIE_00121,LOT_022,0,0.07504653271897231,0,10.532676,16.46540574559412,0,PASS_FLIGHT_QUALIFIED
LOT_006_DIE_00255,LOT_006,0,0.3901452006655765,0,10.978572,17.393211581505252,0,PASS_FLIGHT_QUALIFIED
LOT_042_DIE_02091,LOT_042,0,0.057252875870875276,0,14.493448,22.285571639912163,0,PASS_FLIGHT_QUALIFIED
LOT_018_DIE_02767,LOT_018,0,0.10576698460572559,0,14.020628,21.89653184831729,0,PASS_FLIGHT_QUALIFIED
LOT_013_DIE_01412,LOT_013,0,0.19940303801800707,0,17.51609,25.88427182449127,1,ABORT_MODULE_B_DRIFT_RUNAWAY
LOT_038_DIE_02737,LOT_038,0,0.12861856710402694,0,10.8294115,17.238193368295246,0,PASS_FLIGHT_QUALIFIED
LOT_046_DIE_03545,LOT_046,0,0.023757706899810743,0,14.851345,22.88433578660095,0,PASS_FLIGHT_QUALIFIED
LOT_041_DIE_02590,LOT_041,0,0.1912294512439981,0,9.608344,15.13728264326451,0,PASS_FLIGHT_QUALIFIED
LOT_021_DIE_02320,LOT_021,0,0.058214408982564234,0,12.480974,19.241806851299266,0,PASS_FLIGHT_QUALIFIED
LOT_015_DIE_02314,LOT_015,0,0.23778381895167083,0,10.119599,16.79808245938138,0,PASS_FLIGHT_QUALIFIED
LOT_019_DIE_04118,LOT_019,0,0.17133784964059828,0,12.216678,18.60662640235601,0,PASS_FLIGHT_QUALIFIED
LOT_021_DIE_04270,LOT_021,0,0.06034174510182931,0,14.785692,21.805673912881375,0,PASS_FLIGHT_QUALIFIED
LOT_007_DIE_03456,LOT_007,0,0.39091485245323454,0,9.077785,15.121564457163657,0,PASS_FLIGHT_QUALIFIED
LOT_004_DIE_00053,LOT_004,0,0.17640987859331228,0,15.633986,22.802208744350107,0,PASS_FLIGHT_QUALIFIED
LOT_035_DIE_02734,LOT_035,0,0.3142549116343405,0,18.011703,25.400405035234357,1,ABORT_MODULE_B_DRIFT_RUNAWAY
LOT_011_DIE_02860,LOT_011,0,0.3927664335168802,0,8.865709,14.686804656414125,0,PASS_FLIGHT_QUALIFIED
LOT_024_DIE_03873,LOT_024,0,0.42795070311352035,0,12.809487,20.07561369306818,0,PASS_FLIGHT_QUALIFIED
LOT_038_DIE_02937,LOT_038,0,0.25221690452364126,0,9.401401,14.55569737003919,0,PASS_FLIGHT_QUALIFIED
LOT_014_DIE_00513,LOT_014,0,0.10777576541559493,0,10.008243,17.212617341606443,0,PASS_FLIGHT_QUALIFIED
LOT_010_DIE_02959,LOT_010,0,0.30480064638645515,0,15.471648,22.231691177464832,0,PASS_FLIGHT_QUALIFIED
LOT_004_DIE_00203,LOT_004,0,0.14330447253357292,0,15.093099,23.407961582549575,0,PASS_FLIGHT_QUALIFIED
LOT_029_DIE_03178,LOT_029,0,0.23659407798748347,0,13.197039,19.444634789332916,0,PASS_FLIGHT_QUALIFIED
LOT_019_DIE_03718,LOT_019,0,0.16370983017826787,0,12.82699,18.59789285406221,0,PASS_FLIGHT_QUALIFIED
LOT_035_DIE_02934,LOT_035,0,0.12138891413408046,0,15.797797,23.335864233160073,0,PASS_FLIGHT_QUALIFIED
LOT_045_DIE_04894,LOT_045,0,0.2784030525155629,0,13.748725,20.235521631767682,0,PASS_FLIGHT_QUALIFIED
LOT_024_DIE_03573,LOT_024,0,0.13431498782112025,0,11.970717,19.330061233852813,0,PASS_FLIGHT_QUALIFIED
LOT_032_DIE_03981,LOT_032,0,0.1373992463388906,0,10.969965,18.23271249793511,0,PASS_FLIGHT_QUALIFIED
LOT_047_DIE_02946,LOT_047,0,0.14800233875475574,0,12.118012,17.830606570163127,0,PASS_FLIGHT_QUALIFIED
LOT_041_DIE_04390,LOT_041,0,0.3012578558851975,0,8.7904415,14.055906704097907,0,PASS_FLIGHT_QUALIFIED
LOT_032_DIE_03831,LOT_032,0,0.14398990732313513,0,11.952715,18.643139682360037,0,PASS_FLIGHT_QUALIFIED
LOT_043_DIE_02542,LOT_043,0,0.2112745272122196,0,11.490859,17.599968250881155,0,PASS_FLIGHT_QUALIFIED
LOT_022_DIE_03321,LOT_022,0,0.06845463726050216,0,11.921529,18.84177266784779,0,PASS_FLIGHT_QUALIFIED
LOT_035_DIE_02784,LOT_035,1,0.5178746171627966,1,71.99707,78.33675684004585,1,REJECT_MODULE_A_OUTLIER
LOT_001_DIE_04850,LOT_001,0,0.1868242980885721,0,14.034814,19.529242709298295,0,PASS_FLIGHT_QUALIFIED
LOT_041_DIE_03540,LOT_041,0,0.25728470186815644,0,11.816735,19.083987265620273,0,PASS_FLIGHT_QUALIFIED
LOT_011_DIE_02310,LOT_011,0,0.29167031532750765,0,8.753536,14.61057664440926,0,PASS_FLIGHT_QUALIFIED
LOT_025_DIE_04124,LOT_025,0,0.12880777775111912,0,13.689892,22.096294821349606,0,PASS_FLIGHT_QUALIFIED
LOT_024_DIE_02423,LOT_024,0,0.2182603217527856,0,13.363715,20.819314713634935,0,PASS_FLIGHT_QUALIFIED
LOT_003_DIE_04252,LOT_003,0,0.10838722294132523,0,14.312704,21.414560938293874,0,PASS_FLIGHT_QUALIFIED
LOT_038_DIE_00237,LOT_038,0,0.2576849170610317,0,8.090371,13.61250520893503,0,PASS_FLIGHT_QUALIFIED
LOT_041_DIE_00140,LOT_041,0,0.15829039353435886,0,11.07634,18.58000510608033,0,PASS_FLIGHT_QUALIFIED
LOT_006_DIE_00905,LOT_006,0,0.3763301434534837,0,11.429316,18.794926851081932,0,PASS_FLIGHT_QUALIFIED
LOT_014_DIE_00113,LOT_014,0,0.2804198106344943,0,10.960587,18.418235414618536,0,PASS_FLIGHT_QUALIFIED
LOT_003_DIE_00552,LOT_003,0,0.1610062693603852,0,17.432295,24.234224538075896,0,PASS_FLIGHT_QUALIFIED
LOT_020_DIE_00669,LOT_020,0,0.07200466906545888,0,10.90236,17.85497100453566,0,PASS_FLIGHT_QUALIFIED
LOT_003_DIE_00402,LOT_003,0,0.15187121998946929,0,15.569666,23.467141992438002,0,PASS_FLIGHT_QUALIFIED
LOT_022_DIE_02171,LOT_022,1,0.7836562769476633,1,127.19104,151.0342552906233,1,REJECT_MODULE_A_OUTLIER
LOT_034_DIE_03483,LOT_034,0,0.12952509467461423,0,17.74836,23.53215170652908,0,PASS_FLIGHT_QUALIFIED
LOT_012_DIE_04961,LOT_012,0,0.20883394664708566,0,16.408955,22.72694618973109,0,PASS_FLIGHT_QUALIFIED
LOT_038_DIE_03937,LOT_038,0,0.3407809816912252,0,12.605506,17.99503355630941,0,PASS_FLIGHT_QUALIFIED
LOT_042_DIE_01841,LOT_042,0,0.19999055873445026,0,11.875293,17.96673880403661,0,PASS_FLIGHT_QUALIFIED
LOT_046_DIE_02895,LOT_046,0,0.10524215418256988,0,13.370381,21.37633742226792,0,PASS_FLIGHT_QUALIFIED
LOT_008_DIE_03057,LOT_008,0,0.23433072815366862,0,14.773011,22.242836941850868,0,PASS_FLIGHT_QUALIFIED
LOT_025_DIE_00974,LOT_025,0,0.07944307709639818,0,11.3359995,17.41337836866377,0,PASS_FLIGHT_QUALIFIED
LOT_001_DIE_01550,LOT_001,0,0.30459946190534704,0,12.191284,18.561896316745766,0,PASS_FLIGHT_QUALIFIED
LOT_006_DIE_01655,LOT_006,0,0.26383630564599725,0,13.447327,21.1620630387658,0,PASS_FLIGHT_QUALIFIED
LOT_050_DIE_02099,LOT_050,0,0.24406375341245595,0,9.65487,16.63569358380965,0,PASS_FLIGHT_QUALIFIED
LOT_048_DIE_01347,LOT_048,0,0.021788366439667507,0,15.495725,23.117438612285948,0,PASS_FLIGHT_QUALIFIED
LOT_014_DIE_00413,LOT_014,0,0.0023084094096017436,0,13.006502,19.859343407664664,0,PASS_FLIGHT_QUALIFIED
LOT_025_DIE_04224,LOT_025,0,0.008539718209330867,0,12.155909,18.875671012570237,0,PASS_FLIGHT_QUALIFIED
LOT_021_DIE_04020,LOT_021,0,0.046739150207210464,0,14.679257,21.928853033600454,0,PASS_FLIGHT_QUALIFIED
LOT_012_DIE_00711,LOT_012,0,0.22121857911003281,0,15.76336,23.587058391141763,0,PASS_FLIGHT_QUALIFIED
LOT_003_DIE_03152,LOT_003,0,0.16349090103529973,0,15.533276,23.913496861758503,0,PASS_FLIGHT_QUALIFIED
LOT_022_DIE_01121,LOT_022,0,0.12434344970394248,0,10.913958,17.106371166096377,0,PASS_FLIGHT_QUALIFIED
LOT_001_DIE_02200,LOT_001,0,0.1441110277811762,0,13.093477,20.051637661903264,0,PASS_FLIGHT_QUALIFIED
LOT_027_DIE_04926,LOT_027,0,0.1640446605587928,0,8.799922,15.008779509076579,0,PASS_FLIGHT_QUALIFIED
LOT_044_DIE_00793,LOT_044,0,0.13087642329357657,0,15.979586,24.521952833282135,0,PASS_FLIGHT_QUALIFIED
LOT_026_DIE_00275,LOT_026,0,0.11698727508392201,0,13.702689,19.13821995923023,0,PASS_FLIGHT_QUALIFIED
LOT_037_DIE_04286,LOT_037,0,0.0677986117910765,0,12.091269,19.34266232652724,0,PASS_FLIGHT_QUALIFIED
LOT_003_DIE_01652,LOT_003,0,0.26036230402928184,0,15.7701645,24.503446910566083,0,PASS_FLIGHT_QUALIFIED
LOT_034_DIE_00233,LOT_034,1,0.6904662646548749,1,114.47669,88.86143401141084,1,REJECT_MODULE_A_OUTLIER
LOT_006_DIE_00005,LOT_006,0,0.35210228734810056,0,11.077233,16.59788808536178,0,PASS_FLIGHT_QUALIFIED
LOT_034_DIE_03133,LOT_034,0,0.06464123899721169,0,16.466301,23.437023157192307,0,PASS_FLIGHT_QUALIFIED
LOT_046_DIE_00145,LOT_046,0,0.275279909070118,0,15.084414,22.044786547953567,0,PASS_FLIGHT_QUALIFIED
LOT_028_DIE_02177,LOT_028,0,0.28787205747277006,0,14.721661,22.458529663726658,0,PASS_FLIGHT_QUALIFIED
LOT_014_DIE_00613,LOT_014,0,0.1269100962673126,0,10.072901,16.680335843893694,0,PASS_FLIGHT_QUALIFIED
LOT_047_DIE_00696,LOT_047,0,0.17621463325707284,0,14.799086,22.431634542707414,0,PASS_FLIGHT_QUALIFIED
LOT_005_DIE_02604,LOT_005,0,0.07970588433263487,0,10.56957,15.612765759219894,0,PASS_FLIGHT_QUALIFIED
LOT_048_DIE_01847,LOT_048,0,0.08022385913589494,0,13.177524,20.277549713880656,0,PASS_FLIGHT_QUALIFIED
LOT_006_DIE_03455,LOT_006,0,0.17180139704660374,0,11.944866,19.211078331287936,0,PASS_FLIGHT_QUALIFIED
LOT_031_DIE_00430,LOT_031,0,0.19875144572546236,0,14.594399,20.578819287761043,0,PASS_FLIGHT_QUALIFIED
LOT_036_DIE_01435,LOT_036,1,0.40773632613538097,0,84.20995,82.71692589694926,1,ABORT_MODULE_B_DRIFT_RUNAWAY
LOT_041_DIE_00490,LOT_041,0,0.11063130095851202,0,11.070497,17.513887663152076,0,PASS_FLIGHT_QUALIFIED
LOT_007_DIE_01006,LOT_007,0,0.18054043171738154,0,10.625771,15.301522723030828,0,PASS_FLIGHT_QUALIFIED
LOT_004_DIE_00553,LOT_004,0,0.08376400335580628,0,15.733129,23.66853152463532,0,PASS_FLIGHT_QUALIFIED
LOT_004_DIE_03203,LOT_004,1,0.7136451649333984,1,122.18775,116.07717575363816,1,REJECT_MODULE_A_OUTLIER
LOT_018_DIE_00567,LOT_018,0,0.11843651313329567,0,12.139888,18.442235435889632,0,PASS_FLIGHT_QUALIFIED
LOT_024_DIE_02223,LOT_024,0,0.16515923179467662,0,12.829588,20.08515797504011,0,PASS_FLIGHT_QUALIFIED
LOT_010_DIE_04009,LOT_010,1,0.8509180157295734,1,133.69707,140.98915392613736,1,REJECT_MODULE_A_OUTLIER
LOT_029_DIE_03028,LOT_029,0,0.2597031654544266,0,15.220984,22.572536016606463,0,PASS_FLIGHT_QUALIFIED
LOT_006_DIE_04855,LOT_006,0,0.20545140025058384,0,12.33211,20.04488281978839,0,PASS_FLIGHT_QUALIFIED
LOT_045_DIE_02194,LOT_045,1,0.5487971792585029,1,89.5903,81.29440010057715,1,REJECT_MODULE_A_OUTLIER
LOT_041_DIE_00540,LOT_041,0,0.15548681269878512,0,9.73948,15.42550551292803,0,PASS_FLIGHT_QUALIFIED
LOT_047_DIE_03946,LOT_047,0,0.1391009348534109,0,12.281292,19.300272558796735,0,PASS_FLIGHT_QUALIFIED
LOT_025_DIE_03474,LOT_025,0,0.23268852922424071,0,14.497521,22.50732838059669,0,PASS_FLIGHT_QUALIFIED
LOT_018_DIE_04317,LOT_018,0,0.09003841104446281,0,13.692962,20.193743555157262,0,PASS_FLIGHT_QUALIFIED
LOT_030_DIE_00679,LOT_030,0,0.19601106884154945,0,7.4845047,13.751140719790957,0,PASS_FLIGHT_QUALIFIED
LOT_009_DIE_02108,LOT_009,0,0.3437900317813918,0,13.807599,19.23212329454551,0,PASS_FLIGHT_QUALIFIED
LOT_037_DIE_00636,LOT_037,0,0.11868955610154938,0,13.212973,19.460932878625403,0,PASS_FLIGHT_QUALIFIED
LOT_023_DIE_03272,LOT_023,0,0.2725524288312131,0,12.893889,19.86453318145773,0,PASS_FLIGHT_QUALIFIED
LOT_030_DIE_03629,LOT_030,0,0.4629894072173591,1,10.765674,17.31555683315848,0,REJECT_MODULE_A_OUTLIER
LOT_041_DIE_02490,LOT_041,0,0.06439453078279665,0,10.580376,17.610105497796397,0,PASS_FLIGHT_QUALIFIED
LOT_043_DIE_01792,LOT_043,0,0.08613156396215874,0,11.371988,18.128805758174256,0,PASS_FLIGHT_QUALIFIED
LOT_014_DIE_04213,LOT_014,0,0.12882703628856232,0,9.544691,15.504049842483155,0,PASS_FLIGHT_QUALIFIED
LOT_002_DIE_00551,LOT_002,0,0.30869551233835024,0,15.979073,21.957829880552737,0,PASS_FLIGHT_QUALIFIED
LOT_003_DIE_02452,LOT_003,0,0.1798802287342165,0,14.792178,22.428435131058336,0,PASS_FLIGHT_QUALIFIED
LOT_040_DIE_02689,LOT_040,0,0.24071363619282907,0,14.39428,21.377544043143633,0,PASS_FLIGHT_QUALIFIED
LOT_021_DIE_03970,LOT_021,0,0.19054236187580145,0,14.8337555,21.75144726871044,0,PASS_FLIGHT_QUALIFIED
LOT_048_DIE_00297,LOT_048,0,0.06016685547049162,0,14.031607,19.67002775813315,0,PASS_FLIGHT_QUALIFIED
LOT_018_DIE_00867,LOT_018,0,0.10103148705693586,0,15.566133,24.08154474151104,0,PASS_FLIGHT_QUALIFIED
LOT_036_DIE_00985,LOT_036,0,0.40791648442383277,0,16.462284,21.64857081088759,0,PASS_FLIGHT_QUALIFIED
LOT_026_DIE_00925,LOT_026,0,0.12388634281100597,0,16.445957,23.59201716406129,0,PASS_FLIGHT_QUALIFIED
LOT_033_DIE_03632,LOT_033,0,0.13445897946669116,0,12.516343,18.905443251763657,0,PASS_FLIGHT_QUALIFIED
LOT_014_DIE_01263,LOT_014,0,0.0,0,12.417565,19.163392759711044,0,PASS_FLIGHT_QUALIFIED
LOT_027_DIE_01626,LOT_027,0,0.13498520109108653,0,11.465696,17.736569682168028,0,PASS_FLIGHT_QUALIFIED
LOT_013_DIE_02962,LOT_013,0,0.39337429708066785,0,14.690451,20.75713529562925,0,PASS_FLIGHT_QUALIFIED
LOT_020_DIE_02019,LOT_020,0,0.17040958743118229,0,11.849251,17.4128710501782,0,PASS_FLIGHT_QUALIFIED
LOT_012_DIE_01961,LOT_012,1,0.8555434206722904,1,127.52727,154.95042937949682,1,REJECT_MODULE_A_OUTLIER
LOT_012_DIE_00211,LOT_012,0,0.24337951818626294,0,16.697008,23.570982784208915,0,PASS_FLIGHT_QUALIFIED
LOT_017_DIE_00066,LOT_017,0,0.22241968123157896,0,11.259359,17.18661202805632,0,PASS_FLIGHT_QUALIFIED
LOT_019_DIE_00918,LOT_019,0,0.2502902269154916,0,11.494467,18.090926828315165,0,PASS_FLIGHT_QUALIFIED
LOT_011_DIE_01010,LOT_011,0,0.29587564695016577,0,9.825801,16.903772251100264,0,PASS_FLIGHT_QUALIFIED
LOT_027_DIE_02676,LOT_027,0,0.1659331377521229,0,13.916486,19.825112709079487,0,PASS_FLIGHT_QUALIFIED
LOT_034_DIE_03233,LOT_034,0,0.06526077396160263,0,16.435991,24.149062221830413,0,PASS_FLIGHT_QUALIFIED
LOT_003_DIE_02002,LOT_003,0,0.20498732106308037,0,17.502335,25.696595941147525,1,ABORT_MODULE_B_DRIFT_RUNAWAY
LOT_029_DIE_03628,LOT_029,0,0.18109559467699096,0,15.507619,21.820671155541035,0,PASS_FLIGHT_QUALIFIED
LOT_035_DIE_02584,LOT_035,0,0.20860298725363116,0,15.089757,22.53407627014969,0,PASS_FLIGHT_QUALIFIED
LOT_027_DIE_03026,LOT_027,0,0.0774879176037155,0,10.033728,17.34562419142803,0,PASS_FLIGHT_QUALIFIED
LOT_036_DIE_03635,LOT_036,0,0.06666978848398053,0,14.074815,21.587385304890546,0,PASS_FLIGHT_QUALIFIED
LOT_022_DIE_01771,LOT_022,0,0.1600774225908051,0,12.301039,18.846254930325628,0,PASS_FLIGHT_QUALIFIED
LOT_030_DIE_02529,LOT_030,0,0.21644186813481672,0,10.2078905,17.128834109987363,0,PASS_FLIGHT_QUALIFIED
LOT_013_DIE_03812,LOT_013,0,0.42919886618938374,0,16.591896,22.822724689908355,0,PASS_FLIGHT_QUALIFIED
LOT_033_DIE_02832,LOT_033,1,0.5255079659383783,1,74.70539,89.24643489427626,1,REJECT_MODULE_A_OUTLIER
LOT_019_DIE_02768,LOT_019,0,0.11558510595712299,0,13.419795,18.999252672831197,0,PASS_FLIGHT_QUALIFIED
LOT_019_DIE_01068,LOT_019,0,0.3517269702612596,0,11.367055,17.27190559265616,0,PASS_FLIGHT_QUALIFIED
LOT_024_DIE_01373,LOT_024,0,0.23796429100813843,0,12.964965,21.202029722586634,0,PASS_FLIGHT_QUALIFIED
LOT_026_DIE_01625,LOT_026,0,0.2275394038731764,0,15.923796,24.03002845240734,0,PASS_FLIGHT_QUALIFIED
LOT_035_DIE_00134,LOT_035,0,0.24203205930480468,0,16.714851,22.717671456374543,0,PASS_FLIGHT_QUALIFIED
LOT_023_DIE_00972,LOT_023,0,0.24646422876783958,0,14.0210705,19.712917971424325,0,PASS_FLIGHT_QUALIFIED
LOT_014_DIE_02263,LOT_014,0,0.25155824474119226,0,12.255841,20.011927831057655,0,PASS_FLIGHT_QUALIFIED
LOT_012_DIE_01561,LOT_012,0,0.38501627740636657,0,17.536448,25.391753751077317,1,ABORT_MODULE_B_DRIFT_RUNAWAY
LOT_042_DIE_03141,LOT_042,0,0.20488956292980914,0,14.8799,20.601963892845617,0,PASS_FLIGHT_QUALIFIED
LOT_042_DIE_03791,LOT_042,0,0.1138192236613413,0,15.464663,23.26426153389048,0,PASS_FLIGHT_QUALIFIED
LOT_023_DIE_03322,LOT_023,0,0.13303556735619143,0,11.791789,18.594614540146456,0,PASS_FLIGHT_QUALIFIED
LOT_009_DIE_01908,LOT_009,0,0.11334999711751666,0,14.298664,21.622297352982756,0,PASS_FLIGHT_QUALIFIED
LOT_034_DIE_02883,LOT_034,0,0.1429468330416342,0,17.35503,23.95364173921181,0,PASS_FLIGHT_QUALIFIED
LOT_014_DIE_03563,LOT_014,0,0.04861617498983255,0,12.969512,18.486181287014716,0,PASS_FLIGHT_QUALIFIED
LOT_014_DIE_04563,LOT_014,0,0.15639998291493573,0,10.568673,17.94737204554194,0,PASS_FLIGHT_QUALIFIED
LOT_035_DIE_03034,LOT_035,0,0.09147339210949351,0,16.036873,23.39584978795746,0,PASS_FLIGHT_QUALIFIED
LOT_025_DIE_04774,LOT_025,0,0.20820372618338462,0,14.155044,20.35567465074321,0,PASS_FLIGHT_QUALIFIED
LOT_017_DIE_02066,LOT_017,0,0.05415812739751524,0,13.0134535,17.78832514670458,0,PASS_FLIGHT_QUALIFIED
LOT_016_DIE_01315,LOT_016,1,0.8371883161716551,1,134.05826,150.31573985921474,1,REJECT_MODULE_A_OUTLIER
LOT_029_DIE_02228,LOT_029,1,0.5668647445541639,1,68.200066,75.79690808204492,1,REJECT_MODULE_A_OUTLIER
LOT_042_DIE_02191,LOT_042,0,0.10076299214444052,0,13.249067,20.086166155694567,0,PASS_FLIGHT_QUALIFIED
LOT_017_DIE_01316,LOT_017,0,0.11862857391635034,0,10.054638,16.680402860547666,0,PASS_FLIGHT_QUALIFIED
LOT_014_DIE_02013,LOT_014,1,0.37890866964412406,0,75.01799,77.54682569007396,1,ABORT_MODULE_B_DRIFT_RUNAWAY
LOT_027_DIE_00026,LOT_027,0,0.2013295006185966,0,8.901825,16.401162370101066,0,PASS_FLIGHT_QUALIFIED
LOT_011_DIE_02110,LOT_011,0,0.15831611446643912,0,11.601237,17.631388242697405,0,PASS_FLIGHT_QUALIFIED
LOT_042_DIE_02641,LOT_042,1,0.748730228588,1,128.86673,134.6899303252397,1,REJECT_MODULE_A_OUTLIER
LOT_033_DIE_04782,LOT_033,0,0.08717000533918941,0,9.984449,15.780505781108879,0,PASS_FLIGHT_QUALIFIED
LOT_009_DIE_00508,LOT_009,0,0.27861513423492623,0,13.952847,20.626730330890133,0,PASS_FLIGHT_QUALIFIED
LOT_021_DIE_02170,LOT_021,0,0.14213664571730739,0,14.142166,20.370361863079093,0,PASS_FLIGHT_QUALIFIED
LOT_040_DIE_01889,LOT_040,1,0.5559859377307642,1,87.83134,91.72688397206521,1,REJECT_MODULE_A_OUTLIER
LOT_002_DIE_04201,LOT_002,0,0.1858573234302306,0,16.005472,25.924418297759225,1,ABORT_MODULE_B_DRIFT_RUNAWAY
LOT_044_DIE_02993,LOT_044,0,0.13030089864210326,0,15.11605,21.585208819383134,0,PASS_FLIGHT_QUALIFIED
LOT_030_DIE_00929,LOT_030,0,0.15224419380619036,0,8.246088,14.456351318795805,0,PASS_FLIGHT_QUALIFIED
LOT_005_DIE_00154,LOT_005,0,0.10126800049645043,0,10.191122,15.779988739344388,0,PASS_FLIGHT_QUALIFIED
LOT_001_DIE_03300,LOT_001,0,0.14357448531004946,0,13.070869,20.70862510690091,0,PASS_FLIGHT_QUALIFIED
LOT_010_DIE_04259,LOT_010,0,0.07527280453393173,0,12.58614,20.234141750621674,0,PASS_FLIGHT_QUALIFIED
LOT_036_DIE_00235,LOT_036,0,0.06281785863554873,0,16.148842,23.704734732797256,0,PASS_FLIGHT_QUALIFIED
LOT_014_DIE_04863,LOT_014,1,0.7272131858918144,1,138.95526,147.5893216667276,1,REJECT_MODULE_A_OUTLIER
LOT_047_DIE_00596,LOT_047,0,0.17504110877622592,0,12.998305,20.671508489478168,0,PASS_FLIGHT_QUALIFIED
LOT_031_DIE_03830,LOT_031,0,0.3352373976208818,0,12.124129,19.82597960732388,0,PASS_FLIGHT_QUALIFIED
LOT_018_DIE_01917,LOT_018,0,0.18211151132571657,0,14.040412,21.99019109159049,0,PASS_FLIGHT_QUALIFIED
LOT_014_DIE_02413,LOT_014,0,0.26548745835404997,0,10.317045,14.803841631443012,0,PASS_FLIGHT_QUALIFIED
LOT_004_DIE_01003,LOT_004,0,0.07337385746872514,0,11.68546,18.889104110618007,0,PASS_FLIGHT_QUALIFIED
LOT_046_DIE_02495,LOT_046,0,0.040255008465622216,0,14.777418,21.651823181249696,0,PASS_FLIGHT_QUALIFIED
LOT_050_DIE_04599,LOT_050,0,0.33471267668747196,0,11.891239,19.41786305950098,0,PASS_FLIGHT_QUALIFIED
LOT_018_DIE_02167,LOT_018,0,0.18913601148577058,0,12.773182,18.414726585287692,0,PASS_FLIGHT_QUALIFIED
LOT_021_DIE_00370,LOT_021,0,0.0811613603067059,0,15.210146,22.443720381474535,0,PASS_FLIGHT_QUALIFIED
LOT_044_DIE_00943,LOT_044,0,0.37664268509985344,0,18.782448,25.09211725843113,1,ABORT_MODULE_B_DRIFT_RUNAWAY
LOT_022_DIE_02571,LOT_022,0,0.2366642020303212,0,11.332574,17.329867261195332,0,PASS_FLIGHT_QUALIFIED
LOT_040_DIE_02639,LOT_040,0,0.17143976243838116,0,12.123248,18.404163981189996,0,PASS_FLIGHT_QUALIFIED
LOT_030_DIE_04279,LOT_030,0,0.24264671132898874,0,12.095806,18.749715896927604,0,PASS_FLIGHT_QUALIFIED
LOT_050_DIE_03649,LOT_050,0,0.20913928517236047,0,10.636038,17.342132858745394,0,PASS_FLIGHT_QUALIFIED
LOT_007_DIE_00356,LOT_007,0,0.16924916661368106,0,8.618219,14.563546857225043,0,PASS_FLIGHT_QUALIFIED
LOT_015_DIE_00314,LOT_015,0,0.29299109365163717,0,11.318722,15.597813313333097,0,PASS_FLIGHT_QUALIFIED
LOT_016_DIE_03615,LOT_016,0,0.23542513883920585,0,9.222232,15.144064379002327,0,PASS_FLIGHT_QUALIFIED
LOT_038_DIE_04387,LOT_038,0,0.09942869342938988,0,10.838996,16.173680678794526,0,PASS_FLIGHT_QUALIFIED
LOT_021_DIE_03520,LOT_021,0,0.23222805328157123,0,15.688903,22.993240595931834,0,PASS_FLIGHT_QUALIFIED
LOT_008_DIE_02857,LOT_008,0,0.30327516765639895,0,15.982645,23.11912552798547,0,PASS_FLIGHT_QUALIFIED
LOT_033_DIE_04332,LOT_033,0,0.19907252972340184,0,7.566118,14.417572823229994,0,PASS_FLIGHT_QUALIFIED
LOT_009_DIE_04408,LOT_009,0,0.09534030523890541,0,15.270795,22.439197554301206,0,PASS_FLIGHT_QUALIFIED
LOT_048_DIE_01197,LOT_048,0,0.06750263421821659,0,13.712923,20.626491538509306,0,PASS_FLIGHT_QUALIFIED
LOT_024_DIE_00923,LOT_024,0,0.21422197751351899,0,11.063819,17.206242828530428,0,PASS_FLIGHT_QUALIFIED
LOT_031_DIE_01280,LOT_031,0,0.1807166448934244,0,15.170429,22.771684737947673,0,PASS_FLIGHT_QUALIFIED
LOT_023_DIE_03572,LOT_023,0,0.18951978583828,0,13.859626,20.490091035851222,0,PASS_FLIGHT_QUALIFIED
LOT_049_DIE_03598,LOT_049,0,0.5017864188176019,1,14.763346,21.82367881129382,0,REJECT_MODULE_A_OUTLIER
LOT_042_DIE_00191,LOT_042,0,0.2878754427756208,0,13.417572,19.76320247055957,0,PASS_FLIGHT_QUALIFIED
LOT_009_DIE_01608,LOT_009,0,0.30189301871114593,0,14.838715,19.826829477862667,0,PASS_FLIGHT_QUALIFIED
LOT_016_DIE_04865,LOT_016,0,0.06819822908925968,0,9.82596,17.49737144828967,0,PASS_FLIGHT_QUALIFIED
LOT_023_DIE_01622,LOT_023,1,0.8220530468915008,1,91.4951,99.37698529801044,1,REJECT_MODULE_A_OUTLIER
LOT_006_DIE_01505,LOT_006,0,0.15083756568798679,0,13.440716,20.219206482379164,0,PASS_FLIGHT_QUALIFIED
LOT_005_DIE_03004,LOT_005,0,0.06567504925127975,0,10.428867,15.788395996084706,0,PASS_FLIGHT_QUALIFIED
LOT_009_DIE_02508,LOT_009,1,0.6034127110381171,1,84.73402,97.12159367311865,1,REJECT_MODULE_A_OUTLIER
LOT_049_DIE_01748,LOT_049,0,0.1492538495204957,0,11.397925,17.217554090699043,0,PASS_FLIGHT_QUALIFIED
LOT_023_DIE_02022,LOT_023,0,0.06669502084961487,0,11.875403,17.454318644297906,0,PASS_FLIGHT_QUALIFIED
LOT_044_DIE_00993,LOT_044,0,0.11593648446379962,0,15.62406,24.528162275227174,0,PASS_FLIGHT_QUALIFIED
LOT_029_DIE_02878,LOT_029,0,0.09650302825231508,0,15.48344,23.51978956459783,0,PASS_FLIGHT_QUALIFIED
LOT_031_DIE_01580,LOT_031,0,0.24053480713988654,0,13.666438,21.498713481279697,0,PASS_FLIGHT_QUALIFIED
LOT_005_DIE_00754,LOT_005,0,0.04568999659059572,0,9.474411,16.595267544276464,0,PASS_FLIGHT_QUALIFIED
LOT_030_DIE_02079,LOT_030,0,0.040912102101504255,0,11.924375,19.291185484546723,0,PASS_FLIGHT_QUALIFIED
LOT_007_DIE_04106,LOT_007,0,0.19746594299491244,0,10.761601,17.493320020191923,0,PASS_FLIGHT_QUALIFIED
LOT_049_DIE_00948,LOT_049,0,0.07558529388624102,0,12.4452305,19.605965695912396,0,PASS_FLIGHT_QUALIFIED
LOT_037_DIE_02186,LOT_037,0,0.12433541139945314,0,10.131938,17.122673355569347,0,PASS_FLIGHT_QUALIFIED
LOT_019_DIE_01768,LOT_019,0,0.0906801974488679,0,13.938992,21.330552786819098,0,PASS_FLIGHT_QUALIFIED
LOT_002_DIE_04351,LOT_002,0,0.31751002415067864,0,17.464169,24.92156932351206,0,PASS_FLIGHT_QUALIFIED
LOT_033_DIE_01382,LOT_033,0,0.08798675152637532,0,11.000727,18.40180376847171,0,PASS_FLIGHT_QUALIFIED
LOT_012_DIE_01861,LOT_012,0,0.4216933403743174,0,17.40569,23.67320836796053,0,PASS_FLIGHT_QUALIFIED
LOT_032_DIE_03931,LOT_032,0,0.36373214686712285,0,11.611838,18.085147868306137,0,PASS_FLIGHT_QUALIFIED
LOT_022_DIE_02821,LOT_022,0,0.16439539649624346,0,10.616243,15.81982547230006,0,PASS_FLIGHT_QUALIFIED
LOT_001_DIE_04500,LOT_001,0,0.22155151859797662,0,14.963218,21.471691872904472,0,PASS_FLIGHT_QUALIFIED
LOT_042_DIE_00641,LOT_042,0,0.017417894281566225,0,16.003672,22.273802441774208,0,PASS_FLIGHT_QUALIFIED
LOT_040_DIE_01939,LOT_040,0,0.15797572387855713,0,11.722071,18.92537150189191,0,PASS_FLIGHT_QUALIFIED
LOT_006_DIE_04305,LOT_006,0,0.13002622497663519,0,11.547557,19.147162398795846,0,PASS_FLIGHT_QUALIFIED
LOT_034_DIE_01433,LOT_034,0,0.310782022765156,0,16.152262,22.83714301583313,0,PASS_FLIGHT_QUALIFIED
LOT_049_DIE_02048,LOT_049,0,0.3161358406032424,0,13.970415,20.88846148096301,0,PASS_FLIGHT_QUALIFIED
LOT_039_DIE_02388,LOT_039,0,0.1855376711954584,0,13.379531,18.75732762547823,0,PASS_FLIGHT_QUALIFIED
LOT_039_DIE_03838,LOT_039,0,0.12023966483017132,0,15.0039835,22.627929305035522,0,PASS_FLIGHT_QUALIFIED
LOT_019_DIE_04618,LOT_019,0,0.21274168991110615,0,14.57535,21.052717664352755,0,PASS_FLIGHT_QUALIFIED
LOT_047_DIE_04646,LOT_047,0,0.16675489223729908,0,11.376493,17.857105452702164,0,PASS_FLIGHT_QUALIFIED
LOT_001_DIE_00800,LOT_001,0,0.09943087835308385,0,12.561729,19.490964681878502,0,PASS_FLIGHT_QUALIFIED
LOT_035_DIE_01134,LOT_035,0,0.09535801873530646,0,16.55964,24.215139130429865,0,PASS_FLIGHT_QUALIFIED
LOT_008_DIE_01207,LOT_008,0,0.09097741668239857,0,16.113764,23.70015093352695,0,PASS_FLIGHT_QUALIFIED
LOT_050_DIE_01999,LOT_050,0,0.26761083760806514,0,13.507682,19.966591182713195,0,PASS_FLIGHT_QUALIFIED
LOT_042_DIE_04141,LOT_042,0,0.14134742144161308,0,12.048347,19.542469110024925,0,PASS_FLIGHT_QUALIFIED
LOT_014_DIE_02663,LOT_014,0,0.020817665383499745,0,12.094219,18.55157878048296,0,PASS_FLIGHT_QUALIFIED
LOT_003_DIE_04052,LOT_003,0,0.2611818132384377,0,14.67902,20.656642570758795,0,PASS_FLIGHT_QUALIFIED
LOT_018_DIE_02117,LOT_018,0,0.07773446060426205,0,13.07425,19.095566442791416,0,PASS_FLIGHT_QUALIFIED
LOT_030_DIE_04429,LOT_030,0,0.2298550125308564,0,7.9640937,12.739813854153702,0,PASS_FLIGHT_QUALIFIED
LOT_023_DIE_03522,LOT_023,0,0.1650506465447476,0,12.468888,21.058016146592298,0,PASS_FLIGHT_QUALIFIED
LOT_013_DIE_00162,LOT_013,0,0.09796628648080505,0,15.567522,22.167947264299258,0,PASS_FLIGHT_QUALIFIED
LOT_023_DIE_04472,LOT_023,0,0.08275418674313757,0,11.238237,18.118543929703847,0,PASS_FLIGHT_QUALIFIED
LOT_005_DIE_00254,LOT_005,0,0.06612596874946107,0,9.282827,15.016433868115202,0,PASS_FLIGHT_QUALIFIED
LOT_039_DIE_03488,LOT_039,0,0.2828438117055826,0,15.936537,22.40865410992704,0,PASS_FLIGHT_QUALIFIED
LOT_042_DIE_01341,LOT_042,0,0.05885707391846303,0,13.4158945,19.910641484361786,0,PASS_FLIGHT_QUALIFIED
LOT_021_DIE_04420,LOT_021,0,0.257783054746658,0,13.367405,20.632888077588547,0,PASS_FLIGHT_QUALIFIED
LOT_037_DIE_02986,LOT_037,0,0.1137895289771431,0,11.449521,19.395192124147922,0,PASS_FLIGHT_QUALIFIED
LOT_041_DIE_03090,LOT_041,0,0.20003702323851547,0,11.541865,15.807922427337315,0,PASS_FLIGHT_QUALIFIED
LOT_008_DIE_01657,LOT_008,0,0.3313995251922718,0,15.111476,23.594570105176423,0,PASS_FLIGHT_QUALIFIED
LOT_047_DIE_01946,LOT_047,0,0.05707719598695183,0,12.742167,19.7620517603903,0,PASS_FLIGHT_QUALIFIED
LOT_015_DIE_04414,LOT_015,1,0.6716069335491581,1,76.59292,92.39078583981069,1,REJECT_MODULE_A_OUTLIER
LOT_012_DIE_00011,LOT_012,0,0.13964590004475566,0,17.68529,23.878415265987787,0,PASS_FLIGHT_QUALIFIED
LOT_048_DIE_03497,LOT_048,1,0.7322395111822885,1,125.83168,125.34241586058722,1,REJECT_MODULE_A_OUTLIER
LOT_026_DIE_03075,LOT_026,0,0.25974766965772805,0,15.821018,23.919541052019213,0,PASS_FLIGHT_QUALIFIED
LOT_029_DIE_02178,LOT_029,0,0.09172639135677324,0,15.853895,22.70913624521679,0,PASS_FLIGHT_QUALIFIED
LOT_043_DIE_02642,LOT_043,0,0.11384616090822744,0,8.968096,17.105177842181966,0,PASS_FLIGHT_QUALIFIED
LOT_046_DIE_04795,LOT_046,0,0.31792164475017287,0,14.034229,20.45309230403952,0,PASS_FLIGHT_QUALIFIED
LOT_033_DIE_00132,LOT_033,0,0.08506315245619221,0,9.715242,16.04707551687881,0,PASS_FLIGHT_QUALIFIED
LOT_013_DIE_02212,LOT_013,0,0.1366971156858664,0,16.06173,23.256054669302685,0,PASS_FLIGHT_QUALIFIED
LOT_018_DIE_04567,LOT_018,0,0.014056197244966318,0,14.556681,21.142003804804535,0,PASS_FLIGHT_QUALIFIED
LOT_007_DIE_04756,LOT_007,0,0.47414187326096824,1,9.7611265,15.278798643468233,0,REJECT_MODULE_A_OUTLIER
LOT_037_DIE_02786,LOT_037,0,0.08222063326207255,0,12.959995,18.229842500824,0,PASS_FLIGHT_QUALIFIED
LOT_020_DIE_02169,LOT_020,0,0.41515522956631734,0,11.634131,17.98326852666887,0,PASS_FLIGHT_QUALIFIED
LOT_002_DIE_02001,LOT_002,0,0.09946679683405299,0,17.7857,25.26002202763655,1,ABORT_MODULE_B_DRIFT_RUNAWAY
LOT_030_DIE_01929,LOT_030,0,0.1327736944471842,0,10.95163,16.69969225697203,0,PASS_FLIGHT_QUALIFIED
LOT_036_DIE_03735,LOT_036,0,0.11196478362290918,0,14.223172,22.139560211762333,0,PASS_FLIGHT_QUALIFIED
LOT_030_DIE_03979,LOT_030,0,0.0923802634384708,0,10.112315,16.29535134366163,0,PASS_FLIGHT_QUALIFIED
LOT_037_DIE_01136,LOT_037,0,0.12950696565671171,0,10.549558,16.70516980774721,0,PASS_FLIGHT_QUALIFIED
LOT_017_DIE_03016,LOT_017,0,0.04624685064370408,0,12.619904,19.050525552702286,0,PASS_FLIGHT_QUALIFIED
LOT_017_DIE_03966,LOT_017,0,0.15199628078854663,0,12.276867,18.438181017047263,0,PASS_FLIGHT_QUALIFIED
LOT_012_DIE_04061,LOT_012,0,0.25777363969349554,0,14.281646,19.699359206425108,0,PASS_FLIGHT_QUALIFIED
LOT_043_DIE_02992,LOT_043,0,0.09049217626156145,0,8.841224,16.203150319952975,0,PASS_FLIGHT_QUALIFIED
LOT_026_DIE_03175,LOT_026,0,0.28107848501970256,0,13.473864,18.781811769197898,0,PASS_FLIGHT_QUALIFIED
LOT_014_DIE_01163,LOT_014,0,0.13810617709934642,0,10.597845,15.464782985828823,0,PASS_FLIGHT_QUALIFIED
LOT_012_DIE_04661,LOT_012,0,0.17893546384268305,0,15.375258,22.04777063180635,0,PASS_FLIGHT_QUALIFIED
LOT_018_DIE_04117,LOT_018,0,0.11533037798101173,0,13.728175,21.504832284548513,0,PASS_FLIGHT_QUALIFIED
LOT_030_DIE_01879,LOT_030,0,0.14167503403741089,0,12.149751,19.359196510610865,0,PASS_FLIGHT_QUALIFIED
LOT_041_DIE_03340,LOT_041,0,0.15556700821221447,0,10.804676,18.6909430155823,0,PASS_FLIGHT_QUALIFIED
LOT_044_DIE_00293,LOT_044,0,0.3971563406789063,0,14.332167,21.28185120127536,0,PASS_FLIGHT_QUALIFIED
LOT_019_DIE_01368,LOT_019,0,0.1927092975464751,0,10.806028,16.251469265921983,0,PASS_FLIGHT_QUALIFIED
LOT_050_DIE_00199,LOT_050,0,0.2847007512148883,0,10.772736,15.864408622670679,0,PASS_FLIGHT_QUALIFIED
LOT_025_DIE_01074,LOT_025,0,0.0568894790106692,0,13.048474,19.373201166991386,0,PASS_FLIGHT_QUALIFIED
LOT_002_DIE_00701,LOT_002,0,0.21571841641625078,0,17.351765,24.422435143692052,0,PASS_FLIGHT_QUALIFIED
LOT_026_DIE_02325,LOT_026,0,0.017391576779054632,0,14.712777,21.00621572475618,0,PASS_FLIGHT_QUALIFIED
LOT_008_DIE_00657,LOT_008,0,0.5534706407700284,1,14.20697,20.8859800248729,0,REJECT_MODULE_A_OUTLIER
LOT_040_DIE_03039,LOT_040,0,0.12787967415670742,0,13.129371,19.263032804562187,0,PASS_FLIGHT_QUALIFIED
LOT_035_DIE_00734,LOT_035,0,0.10275483380079162,0,16.078974,23.812103748374177,0,PASS_FLIGHT_QUALIFIED
LOT_021_DIE_01120,LOT_021,0,0.2934232876383552,0,15.215608,23.197570954734026,0,PASS_FLIGHT_QUALIFIED
LOT_047_DIE_00896,LOT_047,0,0.0766845139785485,0,10.693877,16.650542444626613,0,PASS_FLIGHT_QUALIFIED
LOT_014_DIE_01313,LOT_014,0,0.1087996436007896,0,10.903725,15.655639778426007,0,PASS_FLIGHT_QUALIFIED
LOT_050_DIE_00449,LOT_050,1,0.4559669127755633,1,95.99759,83.75925049493968,1,REJECT_MODULE_A_OUTLIER
LOT_006_DIE_02805,LOT_006,0,0.29978938982899395,0,11.012731,17.412601538647735,0,PASS_FLIGHT_QUALIFIED
LOT_046_DIE_03745,LOT_046,0,0.23498132306921649,0,14.317542,22.75552043869624,0,PASS_FLIGHT_QUALIFIED
LOT_011_DIE_00210,LOT_011,0,0.02887440572700639,0,9.929054,16.36306815994447,0,PASS_FLIGHT_QUALIFIED
LOT_019_DIE_00868,LOT_019,1,0.6153434577690517,1,83.390045,93.20634732066986,1,REJECT_MODULE_A_OUTLIER
LOT_021_DIE_00520,LOT_021,1,0.8642544540217764,1,136.5569,158.73467407098357,1,REJECT_MODULE_A_OUTLIER
LOT_026_DIE_00725,LOT_026,0,0.1501326017772364,0,14.759837,21.474729067118652,0,PASS_FLIGHT_QUALIFIED
LOT_004_DIE_01353,LOT_004,0,0.06074974062151578,0,14.308976,20.730439652004662,0,PASS_FLIGHT_QUALIFIED
LOT_021_DIE_01770,LOT_021,0,0.3541540571765596,0,13.840967,20.97367755024828,0,PASS_FLIGHT_QUALIFIED
LOT_019_DIE_01118,LOT_019,0,0.05604495427197812,0,12.911336,20.509118221068483,0,PASS_FLIGHT_QUALIFIED
LOT_004_DIE_00003,LOT_004,0,0.142724629929111,0,16.979208,24.157133036887608,0,PASS_FLIGHT_QUALIFIED
LOT_032_DIE_03281,LOT_032,0,0.05134019224745978,0,11.050676,17.225183309450074,0,PASS_FLIGHT_QUALIFIED
LOT_021_DIE_01220,LOT_021,0,0.17401264316986156,0,11.769965,18.52819938844122,0,PASS_FLIGHT_QUALIFIED
LOT_017_DIE_00216,LOT_017,1,0.47910343147874496,1,82.653786,87.9445533094582,1,REJECT_MODULE_A_OUTLIER
LOT_017_DIE_03216,LOT_017,0,0.07207618555659898,0,13.348735,20.57107028450718,0,PASS_FLIGHT_QUALIFIED
LOT_038_DIE_03837,LOT_038,0,0.14940161588430204,0,8.9222975,15.082367693679693,0,PASS_FLIGHT_QUALIFIED
LOT_042_DIE_02941,LOT_042,0,0.003899773452611321,0,14.35761,20.81432356808859,0,PASS_FLIGHT_QUALIFIED
LOT_015_DIE_00864,LOT_015,0,0.0426964675572388,0,10.750845,16.527783054197165,0,PASS_FLIGHT_QUALIFIED
LOT_028_DIE_00877,LOT_028,0,0.07300050430359015,0,12.989473,20.43750800024087,0,PASS_FLIGHT_QUALIFIED
LOT_050_DIE_01099,LOT_050,0,0.12192582035989821,0,11.174099,18.350850600188554,0,PASS_FLIGHT_QUALIFIED
LOT_006_DIE_01805,LOT_006,0,0.07952744978601027,0,12.728582,19.411135766753887,0,PASS_FLIGHT_QUALIFIED
LOT_013_DIE_00212,LOT_013,0,0.15584343637058318,0,15.375829,22.372610357056402,0,PASS_FLIGHT_QUALIFIED
LOT_002_DIE_04051,LOT_002,1,0.7763573397851011,1,137.50386,135.57227479890156,1,REJECT_MODULE_A_OUTLIER
LOT_001_DIE_00050,LOT_001,0,0.16061441437816404,0,14.064353,22.31449175638216,0,PASS_FLIGHT_QUALIFIED
LOT_031_DIE_01730,LOT_031,0,0.34916375995513427,0,15.35862,23.676325103350287,0,PASS_FLIGHT_QUALIFIED
LOT_018_DIE_02617,LOT_018,0,0.0442379291930869,0,12.760095,20.435121815516887,0,PASS_FLIGHT_QUALIFIED
LOT_040_DIE_01739,LOT_040,0,0.23663924197695202,0,11.588128,18.54101670357843,0,PASS_FLIGHT_QUALIFIED
LOT_008_DIE_04057,LOT_008,0,0.46612748570922313,1,17.749283,24.11769971872459,0,REJECT_MODULE_A_OUTLIER
LOT_043_DIE_04292,LOT_043,0,0.1183572470860934,0,10.783817,19.05746123902633,0,PASS_FLIGHT_QUALIFIED
LOT_043_DIE_02392,LOT_043,0,0.24246542236209212,0,9.42006,15.3088975182219,0,PASS_FLIGHT_QUALIFIED
LOT_048_DIE_04197,LOT_048,0,0.21092732748587495,0,11.981414,18.653851684344097,0,PASS_FLIGHT_QUALIFIED
LOT_028_DIE_02927,LOT_028,0,0.1252896393536813,0,13.456772,18.96448910979484,0,PASS_FLIGHT_QUALIFIED
LOT_004_DIE_01103,LOT_004,0,0.1550773358040972,0,13.4255,20.00973070611973,0,PASS_FLIGHT_QUALIFIED
LOT_047_DIE_03046,LOT_047,0,0.17262358859085808,0,13.331321,20.666811863620957,0,PASS_FLIGHT_QUALIFIED
LOT_037_DIE_04436,LOT_037,1,0.6392981071558692,1,81.9448,89.01253060820616,1,REJECT_MODULE_A_OUTLIER
LOT_034_DIE_01733,LOT_034,0,0.3995048662880367,0,21.182526,28.066728525585077,1,ABORT_MODULE_B_DRIFT_RUNAWAY
LOT_048_DIE_00747,LOT_048,0,0.022030090795026467,0,12.791591,18.679668537383552,0,PASS_FLIGHT_QUALIFIED
LOT_016_DIE_04665,LOT_016,0,0.31435720726631305,0,12.919274,20.960579044824822,0,PASS_FLIGHT_QUALIFIED
LOT_028_DIE_02877,LOT_028,0,0.2096840150202641,0,14.887081,23.023814331382354,0,PASS_FLIGHT_QUALIFIED
LOT_006_DIE_04555,LOT_006,0,0.10006997625519506,0,10.386425,17.894816987877256,0,PASS_FLIGHT_QUALIFIED
LOT_049_DIE_04948,LOT_049,0,0.24990072711052702,0,13.657433,21.20382424947005,0,PASS_FLIGHT_QUALIFIED
LOT_043_DIE_02492,LOT_043,0,0.09746859474799678,0,8.784865,15.960656753653572,0,PASS_FLIGHT_QUALIFIED
LOT_033_DIE_02882,LOT_033,0,0.03552355369128751,0,10.625365,17.67153992319449,0,PASS_FLIGHT_QUALIFIED
LOT_020_DIE_03119,LOT_020,0,0.09112595706410934,0,11.615781,17.936035174232835,0,PASS_FLIGHT_QUALIFIED
LOT_033_DIE_00332,LOT_033,0,0.16599317562731888,0,8.641111,16.023264617349795,0,PASS_FLIGHT_QUALIFIED
LOT_008_DIE_02107,LOT_008,0,0.14597164819675784,0,16.843222,24.282590943899763,0,PASS_FLIGHT_QUALIFIED
LOT_016_DIE_01665,LOT_016,0,0.2808245840520203,0,10.566353,16.852122038093878,0,PASS_FLIGHT_QUALIFIED
LOT_008_DIE_04457,LOT_008,0,0.28030882161823456,0,15.665694,24.079991060304366,0,PASS_FLIGHT_QUALIFIED
LOT_042_DIE_00891,LOT_042,0,0.13179681657503436,0,12.936742,19.246669955214646,0,PASS_FLIGHT_QUALIFIED
LOT_036_DIE_04335,LOT_036,0,0.1027401428541941,0,16.514877,23.602673148964843,0,PASS_FLIGHT_QUALIFIED
LOT_044_DIE_01843,LOT_044,0,0.49417448597716135,1,13.986541,20.74918686893896,0,REJECT_MODULE_A_OUTLIER
LOT_045_DIE_01944,LOT_045,0,0.26338308315201153,0,12.666433,20.208186039995777,0,PASS_FLIGHT_QUALIFIED
LOT_002_DIE_01001,LOT_002,0,0.1277691600541169,0,17.214643,25.80615330064952,1,ABORT_MODULE_B_DRIFT_RUNAWAY
LOT_003_DIE_03402,LOT_003,0,0.12334825811014954,0,15.173482,21.550596592738906,0,PASS_FLIGHT_QUALIFIED
LOT_024_DIE_01573,LOT_024,0,0.4013811391153686,0,12.78604,20.30423779981631,0,PASS_FLIGHT_QUALIFIED
LOT_042_DIE_03541,LOT_042,1,0.8644302050011334,1,134.00577,153.21923508441068,1,REJECT_MODULE_A_OUTLIER
LOT_027_DIE_03376,LOT_027,0,0.12933292304205413,0,10.343899,16.327822626013145,0,PASS_FLIGHT_QUALIFIED
LOT_002_DIE_03501,LOT_002,0,0.1336537067959607,0,15.721249,24.425885532714794,0,PASS_FLIGHT_QUALIFIED
LOT_029_DIE_04228,LOT_029,0,0.0740533292819453,0,12.9707775,21.72205573462076,0,PASS_FLIGHT_QUALIFIED
LOT_017_DIE_00766,LOT_017,0,0.17815250218683543,0,13.647733,21.113326257469236,0,PASS_FLIGHT_QUALIFIED
LOT_011_DIE_03060,LOT_011,0,0.0425777904412713,0,11.299118,17.043174566786075,0,PASS_FLIGHT_QUALIFIED
LOT_004_DIE_04253,LOT_004,0,0.020425691322712856,0,12.731011,18.48387996051156,0,PASS_FLIGHT_QUALIFIED
LOT_033_DIE_02282,LOT_033,0,0.05704938146314311,0,9.620974,15.304394506920769,0,PASS_FLIGHT_QUALIFIED
LOT_010_DIE_01509,LOT_010,0,0.1367147620489389,0,14.1448345,21.70855102251519,0,PASS_FLIGHT_QUALIFIED
LOT_037_DIE_00036,LOT_037,0,0.23647762980806936,0,11.203065,17.463710558471682,0,PASS_FLIGHT_QUALIFIED
LOT_036_DIE_00735,LOT_036,0,0.11104874374940435,0,15.452081,22.320498587075132,0,PASS_FLIGHT_QUALIFIED
LOT_017_DIE_00266,LOT_017,0,0.09021525487541511,0,11.326102,18.212609454312144,0,PASS_FLIGHT_QUALIFIED
LOT_042_DIE_03241,LOT_042,0,0.18523177059158835,0,14.135573,20.397410279217176,0,PASS_FLIGHT_QUALIFIED
LOT_016_DIE_02865,LOT_016,0,0.05808201073735456,0,11.111934,16.716475778136232,0,PASS_FLIGHT_QUALIFIED
LOT_033_DIE_04682,LOT_033,0,0.21157344755996588,0,8.60613,16.02603146081311,0,PASS_FLIGHT_QUALIFIED
LOT_009_DIE_03658,LOT_009,0,0.2355192591349861,0,14.750601,21.078517067829207,0,PASS_FLIGHT_QUALIFIED
LOT_049_DIE_02698,LOT_049,0,0.3095094975729324,0,13.381697,19.952637255938033,0,PASS_FLIGHT_QUALIFIED
LOT_001_DIE_00950,LOT_001,0,0.05388148082450192,0,12.304865,19.184625070184858,0,PASS_FLIGHT_QUALIFIED
LOT_049_DIE_04048,LOT_049,0,0.15252491584279562,0,12.987054,19.195193283272733,0,PASS_FLIGHT_QUALIFIED
LOT_016_DIE_03415,LOT_016,0,0.23734888126842585,0,12.660455,19.029722586753678,0,PASS_FLIGHT_QUALIFIED
LOT_041_DIE_04340,LOT_041,0,0.09442718127829516,0,10.786003,14.965029251358624,0,PASS_FLIGHT_QUALIFIED
LOT_003_DIE_00602,LOT_003,0,0.25790613009649166,0,13.847839,21.513657746758927,0,PASS_FLIGHT_QUALIFIED
LOT_042_DIE_04641,LOT_042,0,0.0,0,14.253393,22.274250061327034,0,PASS_FLIGHT_QUALIFIED
LOT_006_DIE_00355,LOT_006,1,1.0,1,113.9122,140.0078660492535,1,REJECT_MODULE_A_OUTLIER
LOT_018_DIE_04367,LOT_018,0,0.05144407694230739,0,14.122825,19.78701704546938,0,PASS_FLIGHT_QUALIFIED
LOT_041_DIE_01340,LOT_041,0,0.19069664325303096,0,11.650826,18.73967429747426,0,PASS_FLIGHT_QUALIFIED
LOT_040_DIE_04389,LOT_040,0,0.3058354876068533,0,15.562532,23.34820330461151,0,PASS_FLIGHT_QUALIFIED
LOT_019_DIE_02068,LOT_019,1,0.6425530452188527,1,93.62213,101.8847523900009,1,REJECT_MODULE_A_OUTLIER
LOT_003_DIE_03052,LOT_003,0,0.188115766205926,0,13.871922,20.67125540606277,0,PASS_FLIGHT_QUALIFIED
LOT_045_DIE_02844,LOT_045,1,0.7058422532945412,1,86.937225,93.18091401684171,1,REJECT_MODULE_A_OUTLIER
LOT_040_DIE_04689,LOT_040,0,0.29474959717574534,0,11.088699,17.97035518286075,0,PASS_FLIGHT_QUALIFIED
LOT_038_DIE_02837,LOT_038,0,0.37148159834294475,0,12.436936,19.20034056692338,0,PASS_FLIGHT_QUALIFIED
LOT_023_DIE_04972,LOT_023,0,0.17437211476029804,0,12.21371,18.408409515975244,0,PASS_FLIGHT_QUALIFIED
LOT_016_DIE_04815,LOT_016,0,0.24925569308508294,0,13.318663,19.3236823507861,0,PASS_FLIGHT_QUALIFIED
LOT_017_DIE_01716,LOT_017,0,0.25139444329362487,0,11.973769,18.5364962578794,0,PASS_FLIGHT_QUALIFIED
LOT_012_DIE_03311,LOT_012,0,0.09701534238614865,0,16.943521,24.88955582325345,0,PASS_FLIGHT_QUALIFIED
LOT_032_DIE_04281,LOT_032,0,0.06463049481983207,0,11.654199,18.0708858519021,0,PASS_FLIGHT_QUALIFIED
LOT_019_DIE_02568,LOT_019,0,0.16857911737006231,0,13.589983,19.81286276708902,0,PASS_FLIGHT_QUALIFIED
LOT_041_DIE_00590,LOT_041,0,0.062321594727270446,0,10.277643,16.47044308054886,0,PASS_FLIGHT_QUALIFIED
LOT_030_DIE_03079,LOT_030,0,0.28188572055328315,0,9.963485,15.262035458103224,0,PASS_FLIGHT_QUALIFIED
LOT_036_DIE_00435,LOT_036,0,0.1580000857284151,0,14.775525,20.52338106207561,0,PASS_FLIGHT_QUALIFIED
LOT_002_DIE_01801,LOT_002,0,0.20054128045578962,0,18.211779,28.71833604179528,1,ABORT_MODULE_B_DRIFT_RUNAWAY
LOT_048_DIE_00397,LOT_048,0,0.0,0,12.696888,18.597685283226323,0,PASS_FLIGHT_QUALIFIED
LOT_043_DIE_04892,LOT_043,0,0.12628310117471536,0,9.372318,15.506474626004984,0,PASS_FLIGHT_QUALIFIED
LOT_018_DIE_00517,LOT_018,0,0.4692151312165366,1,14.685065,21.168596815934755,0,REJECT_MODULE_A_OUTLIER
LOT_021_DIE_03920,LOT_021,0,0.15160050155725777,0,15.8345785,23.23591149714333,0,PASS_FLIGHT_QUALIFIED
LOT_045_DIE_04244,LOT_045,1,0.5338607454679423,1,80.56293,85.91715416251029,1,REJECT_MODULE_A_OUTLIER
LOT_043_DIE_03092,LOT_043,0,0.13026309856222457,0,10.279461,15.29559535566474,0,PASS_FLIGHT_QUALIFIED
LOT_032_DIE_00081,LOT_032,0,0.05632863106304348,0,9.354583,16.062505956966866,0,PASS_FLIGHT_QUALIFIED
LOT_041_DIE_00240,LOT_041,0,0.05719961540352747,0,10.269341,16.542380936526495,0,PASS_FLIGHT_QUALIFIED
LOT_043_DIE_03692,LOT_043,0,0.09916698961339929,0,8.9845,16.092880345375438,0,PASS_FLIGHT_QUALIFIED
LOT_035_DIE_03284,LOT_035,0,0.05485111838805011,0,15.444667,21.172983661641823,0,PASS_FLIGHT_QUALIFIED
LOT_023_DIE_01772,LOT_023,0,0.15070746428044082,0,13.677865,21.404847874862938,0,PASS_FLIGHT_QUALIFIED
LOT_018_DIE_02517,LOT_018,0,0.2799001993287388,0,12.927992,19.121700782687284,0,PASS_FLIGHT_QUALIFIED
LOT_036_DIE_03435,LOT_036,0,0.13802515454243877,0,14.513735,22.11873262572274,0,PASS_FLIGHT_QUALIFIED
LOT_044_DIE_01043,LOT_044,0,0.4613975003765923,1,14.929474,24.871689859122135,0,REJECT_MODULE_A_OUTLIER
LOT_007_DIE_04506,LOT_007,0,0.2758336173262446,0,8.893996,14.817547403579763,0,PASS_FLIGHT_QUALIFIED
LOT_008_DIE_00207,LOT_008,0,0.2194116196671203,0,14.73929,20.365842587417003,0,PASS_FLIGHT_QUALIFIED
LOT_040_DIE_01839,LOT_040,0,0.1535193556562403,0,13.841053,20.747360651315155,0,PASS_FLIGHT_QUALIFIED
LOT_031_DIE_02980,LOT_031,0,0.1385155850468874,0,12.383941,18.014378530278275,0,PASS_FLIGHT_QUALIFIED
LOT_049_DIE_02148,LOT_049,0,0.22988946393848092,0,12.212943,17.361540937190423,0,PASS_FLIGHT_QUALIFIED
LOT_031_DIE_03230,LOT_031,0,0.08573703211805855,0,14.265282,21.47454626817439,0,PASS_FLIGHT_QUALIFIED
LOT_025_DIE_01624,LOT_025,0,0.16151074155221307,0,14.352572,21.249183392950016,0,PASS_FLIGHT_QUALIFIED
LOT_004_DIE_01203,LOT_004,0,0.2412112011681693,0,11.976836,19.800196586176643,0,PASS_FLIGHT_QUALIFIED
LOT_049_DIE_00648,LOT_049,0,0.36521368184149905,0,9.765245,14.151143361670151,0,PASS_FLIGHT_QUALIFIED
LOT_005_DIE_03054,LOT_005,0,0.08783672916449523,0,11.671319,16.692125381290083,0,PASS_FLIGHT_QUALIFIED
LOT_007_DIE_01206,LOT_007,0,0.16873369154249512,0,11.3458185,16.873368225617227,0,PASS_FLIGHT_QUALIFIED
LOT_044_DIE_00893,LOT_044,0,0.2766568333837593,0,16.141191,19.400690827407608,0,PASS_FLIGHT_QUALIFIED
LOT_017_DIE_03766,LOT_017,0,0.042181068113428186,0,11.787077,18.996199767694034,0,PASS_FLIGHT_QUALIFIED
LOT_019_DIE_03068,LOT_019,0,0.23445850353436395,0,12.999004,20.732943580332837,0,PASS_FLIGHT_QUALIFIED
LOT_020_DIE_02369,LOT_020,0,0.27252512052359945,0,10.285923,17.237566217560214,0,PASS_FLIGHT_QUALIFIED
LOT_017_DIE_01066,LOT_017,0,0.22421267625648195,0,14.049063,19.898997214628473,0,PASS_FLIGHT_QUALIFIED
LOT_017_DIE_03466,LOT_017,0,0.19567540006780174,0,13.3327265,19.860695818812065,0,PASS_FLIGHT_QUALIFIED
LOT_035_DIE_03634,LOT_035,0,0.09110150431196773,0,15.541473,21.65521454608284,0,PASS_FLIGHT_QUALIFIED
LOT_023_DIE_04372,LOT_023,0,0.37157686424488523,0,9.185203,16.156352226686952,0,PASS_FLIGHT_QUALIFIED
LOT_020_DIE_03619,LOT_020,0,0.13562712024772886,0,11.960509,19.186049426130776,0,PASS_FLIGHT_QUALIFIED
LOT_008_DIE_03907,LOT_008,0,0.223425224720179,0,14.25465,20.565602528429775,0,PASS_FLIGHT_QUALIFIED
LOT_037_DIE_01986,LOT_037,1,0.5883107885315663,1,90.55618,100.52798452721895,1,REJECT_MODULE_A_OUTLIER
LOT_048_DIE_00247,LOT_048,0,0.12876803552799532,0,13.840278,19.431184806699562,0,PASS_FLIGHT_QUALIFIED
LOT_027_DIE_04376,LOT_027,0,0.09898990531514326,0,11.29873,16.678125892817892,0,PASS_FLIGHT_QUALIFIED
LOT_014_DIE_03713,LOT_014,1,0.7929850837687428,1,130.01442,150.40583436414485,1,REJECT_MODULE_A_OUTLIER
LOT_016_DIE_01715,LOT_016,0,0.1773719787558977,0,9.857415,17.031800985802423,0,PASS_FLIGHT_QUALIFIED
LOT_037_DIE_00236,LOT_037,0,0.2364224690152136,0,11.387427,17.717140704321263,0,PASS_FLIGHT_QUALIFIED
LOT_050_DIE_02999,LOT_050,0,0.22460438918667336,0,12.510495,19.244696729967885,0,PASS_FLIGHT_QUALIFIED
LOT_027_DIE_04576,LOT_027,0,0.053971729328481106,0,11.925178,19.058517988833618,0,PASS_FLIGHT_QUALIFIED
LOT_021_DIE_03770,LOT_021,0,0.018316270239815087,0,13.907904,20.241532721412042,0,PASS_FLIGHT_QUALIFIED
LOT_029_DIE_00628,LOT_029,0,0.2805426824114105,0,14.666096,21.28656973741493,0,PASS_FLIGHT_QUALIFIED
LOT_045_DIE_00544,LOT_045,0,0.09240910172109612,0,11.734947,19.818021240780173,0,PASS_FLIGHT_QUALIFIED
LOT_018_DIE_01417,LOT_018,0,0.3085398313424841,0,12.092136,19.792510861888307,0,PASS_FLIGHT_QUALIFIED
LOT_001_DIE_02550,LOT_001,0,0.34039403648617417,0,11.376703,18.897064766782677,0,PASS_FLIGHT_QUALIFIED
LOT_002_DIE_00351,LOT_002,0,0.11919452707132777,0,13.803567,20.547467995197486,0,PASS_FLIGHT_QUALIFIED
LOT_033_DIE_01932,LOT_033,0,0.26169317875529613,0,9.661865,15.433289439417361,0,PASS_FLIGHT_QUALIFIED
LOT_026_DIE_02525,LOT_026,0,0.24707375473325474,0,15.810019,22.52829117901369,0,PASS_FLIGHT_QUALIFIED
LOT_036_DIE_02235,LOT_036,0,0.1231476922966979,0,16.148146,23.393780963901126,0,PASS_FLIGHT_QUALIFIED
LOT_007_DIE_02506,LOT_007,0,0.11682279865953812,0,10.98708,16.11993660259269,0,PASS_FLIGHT_QUALIFIED
LOT_035_DIE_02084,LOT_035,0,0.20482547169972243,0,18.160921,25.22637614208493,1,ABORT_MODULE_B_DRIFT_RUNAWAY
LOT_027_DIE_00826,LOT_027,0,0.37950848436774165,0,12.672568,19.08464450556876,0,PASS_FLIGHT_QUALIFIED
LOT_029_DIE_04378,LOT_029,1,0.4483121380056224,1,79.77543,83.44255260958825,1,REJECT_MODULE_A_OUTLIER
LOT_024_DIE_03123,LOT_024,0,0.14118636005272228,0,12.417552,19.342115942891777,0,PASS_FLIGHT_QUALIFIED
LOT_032_DIE_03531,LOT_032,0,0.17138233178844534,0,9.978415,16.674086145430287,0,PASS_FLIGHT_QUALIFIED
LOT_002_DIE_00151,LOT_002,0,0.174272702230576,0,17.43827,24.104790362537273,0,PASS_FLIGHT_QUALIFIED
LOT_008_DIE_04607,LOT_008,0,0.19869969479512933,0,15.314298,21.09160463801868,0,PASS_FLIGHT_QUALIFIED
LOT_050_DIE_00749,LOT_050,0,0.23988375147520263,0,11.547765,18.4199669764819,0,PASS_FLIGHT_QUALIFIED
LOT_029_DIE_00378,LOT_029,0,0.1697665713221018,0,12.5673065,19.945993909419816,0,PASS_FLIGHT_QUALIFIED
LOT_031_DIE_01380,LOT_031,0,0.1919376934873528,0,13.699833,20.707589478802344,0,PASS_FLIGHT_QUALIFIED
LOT_009_DIE_02708,LOT_009,0,0.08489361996211314,0,14.751932,21.83944566766204,0,PASS_FLIGHT_QUALIFIED
LOT_018_DIE_04417,LOT_018,1,0.6348558276857548,1,84.17359,97.77486198230058,1,REJECT_MODULE_A_OUTLIER
LOT_008_DIE_00057,LOT_008,0,0.20020610666057695,0,21.285063,25.90681875774971,1,ABORT_MODULE_B_DRIFT_RUNAWAY
LOT_034_DIE_04333,LOT_034,0,0.2919325433960811,0,20.668118,29.369694656490598,1,ABORT_MODULE_B_DRIFT_RUNAWAY
LOT_033_DIE_04732,LOT_033,0,0.1343651648587626,0,11.059825,16.60594394133984,0,PASS_FLIGHT_QUALIFIED
LOT_019_DIE_01418,LOT_019,0,0.22933227733597275,0,14.248369,21.237737733003108,0,PASS_FLIGHT_QUALIFIED
LOT_041_DIE_01890,LOT_041,0,0.23101728083746068,0,10.350541,16.767345830290665,0,PASS_FLIGHT_QUALIFIED
LOT_045_DIE_00244,LOT_045,0,0.21120451536072932,0,10.584529,16.37577641318996,0,PASS_FLIGHT_QUALIFIED
LOT_031_DIE_00530,LOT_031,0,0.2217481431361878,0,15.367589,22.67083160077562,0,PASS_FLIGHT_QUALIFIED
LOT_050_DIE_00599,LOT_050,0,0.18133059282357467,0,11.465064,16.052412306110643,0,PASS_FLIGHT_QUALIFIED
LOT_010_DIE_00959,LOT_010,0,0.13189566962797447,0,13.9860325,20.617964078358316,0,PASS_FLIGHT_QUALIFIED
LOT_008_DIE_02607,LOT_008,0,0.23869573970080066,0,17.225702,24.810921692820546,0,PASS_FLIGHT_QUALIFIED
LOT_006_DIE_03305,LOT_006,0,0.20262715420127372,0,11.174275,18.353916015217685,0,PASS_FLIGHT_QUALIFIED
LOT_008_DIE_00707,LOT_008,0,0.07651303350517662,0,15.681832,23.89099994562434,0,PASS_FLIGHT_QUALIFIED
LOT_010_DIE_00709,LOT_010,0,0.06263771502440718,0,14.692495,21.747164304274094,0,PASS_FLIGHT_QUALIFIED
LOT_017_DIE_04416,LOT_017,0,0.035822210003707756,0,10.118288,17.333284901470247,0,PASS_FLIGHT_QUALIFIED
LOT_012_DIE_00761,LOT_012,0,0.12305434566357576,0,16.813244,24.852014290277538,0,PASS_FLIGHT_QUALIFIED
LOT_032_DIE_04531,LOT_032,0,0.2011052482585135,0,10.325961,17.03613094217303,0,PASS_FLIGHT_QUALIFIED
LOT_021_DIE_03070,LOT_021,0,0.2670045228285573,0,16.07176,24.465467459536644,0,PASS_FLIGHT_QUALIFIED
LOT_050_DIE_01549,LOT_050,0,0.1881916500826379,0,11.240616,17.72778620256425,0,PASS_FLIGHT_QUALIFIED
LOT_007_DIE_02856,LOT_007,0,0.2901052065502514,0,10.872461,14.615154174131579,0,PASS_FLIGHT_QUALIFIED
LOT_011_DIE_01210,LOT_011,0,0.1504176660272048,0,10.671091,18.41971499507429,0,PASS_FLIGHT_QUALIFIED
LOT_008_DIE_02257,LOT_008,0,0.15588492259467351,0,16.605013,24.803424749380916,0,PASS_FLIGHT_QUALIFIED
LOT_018_DIE_04817,LOT_018,0,0.07948702942632073,0,11.809198,17.718322209731486,0,PASS_FLIGHT_QUALIFIED
LOT_015_DIE_01714,LOT_015,0,0.23180296542063034,0,12.240098,19.30773578316721,0,PASS_FLIGHT_QUALIFIED
LOT_049_DIE_01398,LOT_049,0,0.24633897160948015,0,16.121447,23.795780183424,0,PASS_FLIGHT_QUALIFIED
LOT_028_DIE_02277,LOT_028,0,0.19689107637289896,0,12.06999,18.724082094023537,0,PASS_FLIGHT_QUALIFIED
LOT_033_DIE_02382,LOT_033,0,0.2976997334653627,0,9.411472,15.000379160096749,0,PASS_FLIGHT_QUALIFIED
LOT_012_DIE_01311,LOT_012,0,0.3256456695132014,0,17.365015,23.389528575433793,0,PASS_FLIGHT_QUALIFIED
LOT_036_DIE_02335,LOT_036,1,0.7732547299923884,1,126.33093,146.5518664148001,1,REJECT_MODULE_A_OUTLIER
LOT_041_DIE_01040,LOT_041,0,0.24764646919208963,0,9.530849,16.229993659091605,0,PASS_FLIGHT_QUALIFIED
LOT_004_DIE_04003,LOT_004,0,0.0454576301090334,0,14.1295,21.60252828578534,0,PASS_FLIGHT_QUALIFIED
LOT_037_DIE_03286,LOT_037,0,0.22952906945591062,0,11.778946,20.483113514387917,0,PASS_FLIGHT_QUALIFIED
LOT_007_DIE_03506,LOT_007,0,0.3380255284985152,0,16.353762,21.691789331039356,0,PASS_FLIGHT_QUALIFIED
LOT_029_DIE_02578,LOT_029,0,0.1958147106034548,0,14.756673,22.42022246006366,0,PASS_FLIGHT_QUALIFIED
LOT_011_DIE_00010,LOT_011,0,0.1888218297970797,0,10.698496,17.259535793277536,0,PASS_FLIGHT_QUALIFIED
LOT_025_DIE_03924,LOT_025,0,0.021703980057081265,0,14.054061,22.358056472390036,0,PASS_FLIGHT_QUALIFIED
LOT_046_DIE_01895,LOT_046,0,0.15398339376568163,0,15.404562,22.773748178680485,0,PASS_FLIGHT_QUALIFIED
LOT_045_DIE_01194,LOT_045,0,0.09402374157025604,0,12.429109,19.250218380032535,0,PASS_FLIGHT_QUALIFIED
LOT_005_DIE_02104,LOT_005,0,0.36752071383749646,0,8.497923,12.361467519536387,0,PASS_FLIGHT_QUALIFIED
LOT_044_DIE_02743,LOT_044,0,0.3672348863329513,0,15.644282,24.393064476049183,0,PASS_FLIGHT_QUALIFIED
LOT_003_DIE_02402,LOT_003,0,0.1301365148503075,0,15.810084,23.96805616239088,0,PASS_FLIGHT_QUALIFIED
LOT_010_DIE_02309,LOT_010,0,0.055274514673728584,0,12.559115,18.576719208470504,0,PASS_FLIGHT_QUALIFIED
LOT_002_DIE_03951,LOT_002,0,0.23496061960653297,0,17.386145,24.297785133456518,0,PASS_FLIGHT_QUALIFIED
LOT_010_DIE_03459,LOT_010,0,0.08458501462980553,0,14.014205,20.82342715857325,0,PASS_FLIGHT_QUALIFIED
LOT_009_DIE_02758,LOT_009,0,0.03996809350970798,0,13.536419,20.46691809386283,0,PASS_FLIGHT_QUALIFIED
LOT_025_DIE_00124,LOT_025,0,0.3210154109656691,0,13.521043,18.786878801605166,0,PASS_FLIGHT_QUALIFIED
LOT_040_DIE_03839,LOT_040,0,0.0837998642641843,0,13.3004465,20.880397795795247,0,PASS_FLIGHT_QUALIFIED
LOT_014_DIE_01913,LOT_014,0,0.20546081154264767,0,9.393215,14.881014534497197,0,PASS_FLIGHT_QUALIFIED
LOT_018_DIE_00217,LOT_018,0,0.007439154105603375,0,13.84739,20.571711713211275,0,PASS_FLIGHT_QUALIFIED
LOT_022_DIE_04171,LOT_022,0,0.3685840592060985,0,10.327927,17.127168109752766,0,PASS_FLIGHT_QUALIFIED
LOT_050_DIE_04649,LOT_050,0,0.04922515909289159,0,11.293077,17.548082121964196,0,PASS_FLIGHT_QUALIFIED
LOT_013_DIE_01262,LOT_013,0,0.3170517985454412,0,13.099821,20.212500299501748,0,PASS_FLIGHT_QUALIFIED
LOT_002_DIE_01401,LOT_002,0,0.0793613086208858,0,17.512896,24.78334231757107,0,PASS_FLIGHT_QUALIFIED
LOT_029_DIE_00778,LOT_029,0,0.26864919139845994,0,13.536632,20.082477212799144,0,PASS_FLIGHT_QUALIFIED
LOT_001_DIE_03750,LOT_001,0,0.26537048074879976,0,10.951181,16.6897871548532,0,PASS_FLIGHT_QUALIFIED
LOT_033_DIE_01482,LOT_033,1,0.5984508081860828,1,79.47537,90.16037091635869,1,REJECT_MODULE_A_OUTLIER
LOT_028_DIE_01777,LOT_028,0,0.2707690154191904,0,10.6806135,17.588715038064333,0,PASS_FLIGHT_QUALIFIED
LOT_020_DIE_00169,LOT_020,0,0.30577847159109417,0,10.127762,15.962774478175291,0,PASS_FLIGHT_QUALIFIED
LOT_046_DIE_04995,LOT_046,0,0.09873585950680674,0,14.274857,21.959610386170016,0,PASS_FLIGHT_QUALIFIED
LOT_029_DIE_00978,LOT_029,0,0.038794078886763964,0,12.884889,18.78335950674252,0,PASS_FLIGHT_QUALIFIED
LOT_019_DIE_00168,LOT_019,0,0.2380702357607021,0,12.084142,19.91290390633004,0,PASS_FLIGHT_QUALIFIED
LOT_045_DIE_04494,LOT_045,0,0.32878530214270496,0,12.807162,19.175625376628396,0,PASS_FLIGHT_QUALIFIED
LOT_033_DIE_01132,LOT_033,0,0.04676719080115353,0,11.68566,18.04093188820602,0,PASS_FLIGHT_QUALIFIED
LOT_017_DIE_00566,LOT_017,0,0.23032868995394112,0,12.99804,21.12892590235573,0,PASS_FLIGHT_QUALIFIED
LOT_026_DIE_02925,LOT_026,1,0.8263507957035843,1,134.32535,164.90525133317374,1,REJECT_MODULE_A_OUTLIER
LOT_030_DIE_01279,LOT_030,0,0.24218649006119808,0,11.812479,16.892373738398206,0,PASS_FLIGHT_QUALIFIED
LOT_002_DIE_02851,LOT_002,0,0.20869764891317716,0,16.443472,24.607546910290658,0,PASS_FLIGHT_QUALIFIED
LOT_034_DIE_04983,LOT_034,0,0.34031622505049597,0,14.88702,21.017986264904366,0,PASS_FLIGHT_QUALIFIED
LOT_044_DIE_00343,LOT_044,0,0.1742108322340623,0,16.515862,23.142958919939396,0,PASS_FLIGHT_QUALIFIED
LOT_021_DIE_04870,LOT_021,0,0.23063358028138536,0,13.434165,19.822793965537187,0,PASS_FLIGHT_QUALIFIED
LOT_047_DIE_01596,LOT_047,0,0.2806642128684034,0,10.173739,15.683417989295496,0,PASS_FLIGHT_QUALIFIED
LOT_025_DIE_04074,LOT_025,0,0.10149846053954187,0,14.277204,21.823382888137107,0,PASS_FLIGHT_QUALIFIED
LOT_032_DIE_04781,LOT_032,0,0.14563205012188846,0,11.553162,19.10677575515556,0,PASS_FLIGHT_QUALIFIED
LOT_010_DIE_00809,LOT_010,0,0.008344020900563149,0,13.981032,21.33257089193124,0,PASS_FLIGHT_QUALIFIED
LOT_005_DIE_01404,LOT_005,0,0.10640401743692349,0,10.748604,17.671739006060246,0,PASS_FLIGHT_QUALIFIED
LOT_027_DIE_03976,LOT_027,0,0.1892439446083383,0,11.825894,20.532718941681868,0,PASS_FLIGHT_QUALIFIED
LOT_019_DIE_00968,LOT_019,0,0.31586608022983786,0,12.297174,18.86990080161953,0,PASS_FLIGHT_QUALIFIED
LOT_007_DIE_03256,LOT_007,0,0.2626928854164983,0,7.783272,14.242028355331524,0,PASS_FLIGHT_QUALIFIED
LOT_039_DIE_02088,LOT_039,1,0.8130289877941235,1,126.49393,136.9602113829352,1,REJECT_MODULE_A_OUTLIER
LOT_018_DIE_03117,LOT_018,0,0.02034683960144763,0,12.99842,18.23964393901487,0,PASS_FLIGHT_QUALIFIED
LOT_022_DIE_04821,LOT_022,0,0.13840808460159726,0,9.710205,16.499926960977497,0,PASS_FLIGHT_QUALIFIED
LOT_010_DIE_00859,LOT_010,0,0.07031079703567703,0,15.276289,23.163846567627363,0,PASS_FLIGHT_QUALIFIED
LOT_020_DIE_03819,LOT_020,0,0.27762275869046615,0,10.795402,15.794773089748787,0,PASS_FLIGHT_QUALIFIED
LOT_011_DIE_03410,LOT_011,0,0.15202778156525384,0,9.194843,15.012468640051972,0,PASS_FLIGHT_QUALIFIED
LOT_013_DIE_01962,LOT_013,1,0.4687364967742247,1,94.24142,84.36847589971805,1,REJECT_MODULE_A_OUTLIER
LOT_012_DIE_03261,LOT_012,0,0.08901720556179546,0,14.467063,20.475927311246096,0,PASS_FLIGHT_QUALIFIED
LOT_030_DIE_01229,LOT_030,0,0.06395186737912328,0,10.142249,17.340003104238296,0,PASS_FLIGHT_QUALIFIED
LOT_050_DIE_03949,LOT_050,0,0.42505877687858595,0,12.690736,20.662905555566276,0,PASS_FLIGHT_QUALIFIED
LOT_028_DIE_02827,LOT_028,0,0.15468128374579,0,14.579042,21.740121832826432,0,PASS_FLIGHT_QUALIFIED
LOT_022_DIE_04471,LOT_022,0,0.10979202183935324,0,9.946677,14.888859626052847,0,PASS_FLIGHT_QUALIFIED
LOT_037_DIE_00536,LOT_037,0,0.12934218839037345,0,10.843553,16.985553291346793,0,PASS_FLIGHT_QUALIFIED
LOT_033_DIE_02332,LOT_033,0,0.515617257687039,1,9.42568,15.7358122806517,0,REJECT_MODULE_A_OUTLIER
LOT_006_DIE_00105,LOT_006,0,0.15920269714574092,0,10.982362,18.71871264311359,0,PASS_FLIGHT_QUALIFIED
LOT_048_DIE_00347,LOT_048,0,0.2984128302796856,0,14.440798,20.255801971462716,0,PASS_FLIGHT_QUALIFIED
LOT_031_DIE_03430,LOT_031,0,0.18613065716894334,0,15.006537,21.890473233401853,0,PASS_FLIGHT_QUALIFIED
LOT_001_DIE_02700,LOT_001,0,0.09775571490125581,0,13.497621,19.694672579305163,0,PASS_FLIGHT_QUALIFIED
LOT_032_DIE_03631,LOT_032,0,0.2070429467063096,0,12.97975,17.97802096934279,0,PASS_FLIGHT_QUALIFIED
LOT_039_DIE_02188,LOT_039,0,0.21000381207986982,0,13.285905,21.32005398841664,0,PASS_FLIGHT_QUALIFIED
LOT_029_DIE_04578,LOT_029,0,0.4574250619554341,1,13.369363,20.152907550818053,0,REJECT_MODULE_A_OUTLIER
LOT_031_DIE_03380,LOT_031,0,0.2620453798842127,0,14.033845,20.75022015915099,0,PASS_FLIGHT_QUALIFIED
LOT_017_DIE_00866,LOT_017,0,0.19856435563939964,0,10.50109,15.789958024474668,0,PASS_FLIGHT_QUALIFIED
LOT_016_DIE_02915,LOT_016,0,0.08531534397486491,0,8.979822,14.962004519657759,0,PASS_FLIGHT_QUALIFIED
LOT_038_DIE_03437,LOT_038,0,0.29545606235934435,0,8.526421,15.126398669765841,0,PASS_FLIGHT_QUALIFIED
LOT_044_DIE_04143,LOT_044,0,0.251372979831046,0,17.36174,24.291737909564652,0,PASS_FLIGHT_QUALIFIED
LOT_025_DIE_01724,LOT_025,0,0.08843543067518583,0,13.006449,18.959836009910603,0,PASS_FLIGHT_QUALIFIED
LOT_003_DIE_00802,LOT_003,0,0.12004370165629555,0,14.179838,21.813354028406902,0,PASS_FLIGHT_QUALIFIED
LOT_005_DIE_03304,LOT_005,0,0.5306565179886227,1,12.520948,18.493655687403106,0,REJECT_MODULE_A_OUTLIER
LOT_038_DIE_02037,LOT_038,0,0.28011574530000083,0,9.20369,16.11903366076244,0,PASS_FLIGHT_QUALIFIED
LOT_012_DIE_04211,LOT_012,0,0.08338741794904475,0,15.209831,21.82182828506619,0,PASS_FLIGHT_QUALIFIED
LOT_001_DIE_03700,LOT_001,0,0.09997358047532943,0,12.17083,17.616221389451056,0,PASS_FLIGHT_QUALIFIED
LOT_050_DIE_00149,LOT_050,1,0.7233022898932062,1,85.98509,95.15291318321246,1,REJECT_MODULE_A_OUTLIER
LOT_016_DIE_00815,LOT_016,0,0.15947759081041918,0,10.706082,16.511516910117948,0,PASS_FLIGHT_QUALIFIED
LOT_032_DIE_02281,LOT_032,0,0.09518735552742433,0,9.654691,16.223961838624234,0,PASS_FLIGHT_QUALIFIED
LOT_011_DIE_03660,LOT_011,0,0.24563133028323858,0,11.282246,18.18358912437175,0,PASS_FLIGHT_QUALIFIED
LOT_034_DIE_04733,LOT_034,0,0.1224419675043672,0,16.642328,24.042351944296236,0,PASS_FLIGHT_QUALIFIED
LOT_019_DIE_01718,LOT_019,0,0.053867327200111934,0,13.265233,18.886733893330856,0,PASS_FLIGHT_QUALIFIED
LOT_050_DIE_00899,LOT_050,0,0.1441661202253029,0,11.028834,17.84320773522072,0,PASS_FLIGHT_QUALIFIED
LOT_022_DIE_04421,LOT_022,0,0.1711363841717869,0,8.764337,16.945584635039097,0,PASS_FLIGHT_QUALIFIED
LOT_020_DIE_04369,LOT_020,0,0.387154403492614,0,13.208223,20.088308339520335,0,PASS_FLIGHT_QUALIFIED
LOT_037_DIE_02686,LOT_037,0,0.11124572264392121,0,9.946175,16.35550254315521,0,PASS_FLIGHT_QUALIFIED
LOT_018_DIE_03967,LOT_018,0,0.0986035854919128,0,15.040169,22.476984121463556,0,PASS_FLIGHT_QUALIFIED
LOT_034_DIE_00333,LOT_034,0,0.07349549045925023,0,16.668928,24.372073238482265,0,PASS_FLIGHT_QUALIFIED
LOT_043_DIE_02092,LOT_043,0,0.22163538801078558,0,10.136337,17.37200943187816,0,PASS_FLIGHT_QUALIFIED
LOT_011_DIE_04060,LOT_011,0,0.12298545677490705,0,10.610877,17.83096452192073,0,PASS_FLIGHT_QUALIFIED
LOT_023_DIE_02872,LOT_023,0,0.2651668526402391,0,11.087986,17.940000393793,0,PASS_FLIGHT_QUALIFIED
LOT_032_DIE_04031,LOT_032,0,0.09708256529173133,0,10.654002,16.98514610902224,0,PASS_FLIGHT_QUALIFIED
LOT_007_DIE_00656,LOT_007,0,0.2751961734292222,0,11.768329,18.328301133844576,0,PASS_FLIGHT_QUALIFIED
LOT_005_DIE_03404,LOT_005,0,0.0,0,10.912359,18.294383297730725,0,PASS_FLIGHT_QUALIFIED
LOT_048_DIE_02697,LOT_048,0,0.11275698061782918,0,12.417889,20.140875809417558,0,PASS_FLIGHT_QUALIFIED
LOT_019_DIE_04668,LOT_019,0,0.042920236597368475,0,13.110764,19.944876301208268,0,PASS_FLIGHT_QUALIFIED
LOT_037_DIE_01186,LOT_037,1,0.5236677778204516,1,79.48557,86.3290327864719,1,REJECT_MODULE_A_OUTLIER
LOT_029_DIE_01778,LOT_029,0,0.3012419140049112,0,14.702264,22.392422609966353,0,PASS_FLIGHT_QUALIFIED
LOT_050_DIE_00349,LOT_050,0,0.0973162602002936,0,10.934111,17.336659884718998,0,PASS_FLIGHT_QUALIFIED
LOT_005_DIE_01604,LOT_005,0,0.09119350640044262,0,11.093247,18.38666578093554,0,PASS_FLIGHT_QUALIFIED
LOT_046_DIE_03695,LOT_046,0,0.32973476893199877,0,13.137689,20.36526918126544,0,PASS_FLIGHT_QUALIFIED
LOT_044_DIE_01393,LOT_044,0,0.22739718355537414,0,14.079631,20.875078958035264,0,PASS_FLIGHT_QUALIFIED
LOT_033_DIE_04032,LOT_033,0,0.3003425306669216,0,11.267883,17.541962671899554,0,PASS_FLIGHT_QUALIFIED
LOT_036_DIE_01035,LOT_036,0,0.332339387623625,0,14.21412,21.04120143848695,0,PASS_FLIGHT_QUALIFIED
LOT_009_DIE_04708,LOT_009,0,0.126348890233665,0,13.799038,20.768665373621623,0,PASS_FLIGHT_QUALIFIED
LOT_009_DIE_00058,LOT_009,0,0.15102199483832587,0,13.903211,20.18575073948475,0,PASS_FLIGHT_QUALIFIED
LOT_004_DIE_03503,LOT_004,0,0.2629588305930888,0,12.973131,20.21105124136127,0,PASS_FLIGHT_QUALIFIED
LOT_043_DIE_04992,LOT_043,0,0.2487425429457097,0,9.501936,15.234047537629046,0,PASS_FLIGHT_QUALIFIED
LOT_040_DIE_01689,LOT_040,0,0.07574957262061696,0,12.641893,18.70076138598559,0,PASS_FLIGHT_QUALIFIED
LOT_002_DIE_02501,LOT_002,0,0.2598400494755068,0,18.13835,23.797243749026798,0,PASS_FLIGHT_QUALIFIED
LOT_003_DIE_03552,LOT_003,0,0.4022008011579361,0,12.477399,20.410336882812892,0,PASS_FLIGHT_QUALIFIED
LOT_005_DIE_01204,LOT_005,0,0.11908370938167118,0,10.654543,17.210868159926285,0,PASS_FLIGHT_QUALIFIED
LOT_018_DIE_02817,LOT_018,0,0.1160891644139648,0,11.675297,18.575572867182338,0,PASS_FLIGHT_QUALIFIED
LOT_046_DIE_04395,LOT_046,0,0.266577103948901,0,14.858029,21.401852577987484,0,PASS_FLIGHT_QUALIFIED
LOT_028_DIE_01877,LOT_028,0,0.27281260935705337,0,11.728321,19.878053317370863,0,PASS_FLIGHT_QUALIFIED
LOT_009_DIE_01358,LOT_009,0,0.3394140441796335,0,15.156806,23.47969270906764,0,PASS_FLIGHT_QUALIFIED
LOT_036_DIE_04535,LOT_036,0,0.1633738916068474,0,15.9517355,22.992122508934646,0,PASS_FLIGHT_QUALIFIED
LOT_012_DIE_04811,LOT_012,0,0.13766107540316502,0,16.093351,23.313118007134996,0,PASS_FLIGHT_QUALIFIED
LOT_039_DIE_04438,LOT_039,1,0.8003280617645666,1,118.44816,124.99696825982285,1,REJECT_MODULE_A_OUTLIER
LOT_011_DIE_04010,LOT_011,0,0.24204144598916982,0,7.6577306,12.450358574529623,0,PASS_FLIGHT_QUALIFIED
LOT_044_DIE_01443,LOT_044,0,0.1549139709747105,0,15.671349,23.247077528587287,0,PASS_FLIGHT_QUALIFIED
LOT_015_DIE_03914,LOT_015,0,0.19576351268812953,0,9.419828,16.417791351463514,0,PASS_FLIGHT_QUALIFIED
LOT_037_DIE_02286,LOT_037,0,0.06528604770804441,0,10.735652,17.198743541959004,0,PASS_FLIGHT_QUALIFIED
LOT_047_DIE_03396,LOT_047,0,0.12416916873150513,0,10.045273,15.715976344379506,0,PASS_FLIGHT_QUALIFIED
LOT_019_DIE_00268,LOT_019,0,0.2846448648276936,0,11.032424,17.33625818514983,0,PASS_FLIGHT_QUALIFIED
LOT_007_DIE_03006,LOT_007,0,0.11783868653297427,0,7.884185,14.293449496857944,0,PASS_FLIGHT_QUALIFIED
LOT_039_DIE_00138,LOT_039,0,0.026486187703117333,0,15.327164,22.235787791735483,0,PASS_FLIGHT_QUALIFIED
LOT_046_DIE_01345,LOT_046,0,0.3658352134885633,0,15.527294,24.154582882785594,0,PASS_FLIGHT_QUALIFIED
LOT_013_DIE_02312,LOT_013,0,0.3245399942759276,0,15.883791,24.227368643787123,0,PASS_FLIGHT_QUALIFIED
LOT_002_DIE_03551,LOT_002,0,0.17031286946228202,0,15.512755,22.638567464739126,0,PASS_FLIGHT_QUALIFIED
LOT_045_DIE_03794,LOT_045,0,0.19159252462715892,0,11.614391,17.04733935474217,0,PASS_FLIGHT_QUALIFIED
LOT_012_DIE_02261,LOT_012,0,0.12969411263614394,0,16.890429,23.867002025276616,0,PASS_FLIGHT_QUALIFIED
LOT_023_DIE_01022,LOT_023,0,0.21575966282993614,0,11.165361,17.19747543661143,0,PASS_FLIGHT_QUALIFIED
LOT_046_DIE_01045,LOT_046,1,0.5451919014601071,1,82.218925,106.05589184352877,1,REJECT_MODULE_A_OUTLIER
LOT_015_DIE_03164,LOT_015,0,0.18203136044139623,0,10.553018,16.579910799400928,0,PASS_FLIGHT_QUALIFIED
LOT_043_DIE_00942,LOT_043,0,0.22768899872416903,0,10.0623665,15.873947229820562,0,PASS_FLIGHT_QUALIFIED
LOT_027_DIE_01276,LOT_027,0,0.3957046886049113,0,10.513715,18.886187351987786,0,PASS_FLIGHT_QUALIFIED
LOT_035_DIE_02884,LOT_035,0,0.3053035529042465,0,19.382544,26.44386847211161,1,ABORT_MODULE_B_DRIFT_RUNAWAY
LOT_010_DIE_03909,LOT_010,0,0.08580330608506312,0,12.752681,19.708137899543484,0,PASS_FLIGHT_QUALIFIED
LOT_001_DIE_00200,LOT_001,0,0.19075583006751257,0,12.118686,19.734296117152745,0,PASS_FLIGHT_QUALIFIED
LOT_029_DIE_04678,LOT_029,0,0.13534243148060837,0,13.869899,21.3088091831773,0,PASS_FLIGHT_QUALIFIED
LOT_040_DIE_02739,LOT_040,0,0.024689230256198805,0,12.550364,18.16463447547944,0,PASS_FLIGHT_QUALIFIED
LOT_037_DIE_01386,LOT_037,0,0.06901319993543534,0,13.7332735,20.08494206763278,0,PASS_FLIGHT_QUALIFIED
LOT_012_DIE_02461,LOT_012,0,0.13614696171725182,0,16.178032,24.18505018223891,0,PASS_FLIGHT_QUALIFIED
LOT_001_DIE_03250,LOT_001,0,0.2956614491906199,0,13.277253,18.93834592385732,0,PASS_FLIGHT_QUALIFIED
LOT_010_DIE_04359,LOT_010,0,0.05247654895758047,0,15.616719,21.248658606955253,0,PASS_FLIGHT_QUALIFIED
LOT_050_DIE_03449,LOT_050,0,0.2462435440571099,0,9.941587,14.736054270108307,0,PASS_FLIGHT_QUALIFIED
LOT_046_DIE_02445,LOT_046,0,0.10855912911320906,0,13.957749,22.494321561110297,0,PASS_FLIGHT_QUALIFIED
LOT_028_DIE_02077,LOT_028,0,0.2264443656801359,0,14.948899,22.3055805462219,0,PASS_FLIGHT_QUALIFIED
LOT_030_DIE_02479,LOT_030,0,0.11111760050838732,0,10.734898,18.755046660774255,0,PASS_FLIGHT_QUALIFIED
LOT_039_DIE_03938,LOT_039,0,0.07337488403056901,0,14.782425,20.0519422930746,0,PASS_FLIGHT_QUALIFIED
LOT_037_DIE_03086,LOT_037,1,0.5311806809348294,1,83.76989,92.68454987802758,1,REJECT_MODULE_A_OUTLIER
LOT_018_DIE_03067,LOT_018,0,0.057591209966967385,0,12.962926,20.806045484975332,0,PASS_FLIGHT_QUALIFIED
LOT_016_DIE_02065,LOT_016,0,0.12873446024252447,0,11.253411,18.87779943338112,0,PASS_FLIGHT_QUALIFIED
LOT_021_DIE_03670,LOT_021,0,0.13086956371591218,0,13.376787,19.614789160209845,0,PASS_FLIGHT_QUALIFIED
LOT_004_DIE_02253,LOT_004,0,0.1728207849378848,0,14.767507,22.465731148199744,0,PASS_FLIGHT_QUALIFIED
LOT_021_DIE_03870,LOT_021,0,0.13657505046454466,0,14.79783,21.734472551684547,0,PASS_FLIGHT_QUALIFIED
LOT_008_DIE_00607,LOT_008,0,0.3360416846200409,0,14.1444845,20.33842216016176,0,PASS_FLIGHT_QUALIFIED
LOT_001_DIE_00500,LOT_001,0,0.14169927722967127,0,12.930141,20.92676040207724,0,PASS_FLIGHT_QUALIFIED
LOT_048_DIE_03047,LOT_048,0,0.044263901351472054,0,14.042559,21.2678452150855,0,PASS_FLIGHT_QUALIFIED
LOT_032_DIE_02031,LOT_032,0,0.10402605516244193,0,10.863114,17.293035334458438,0,PASS_FLIGHT_QUALIFIED
LOT_034_DIE_03633,LOT_034,0,0.16855194013768224,0,17.506836,25.144340930132397,1,ABORT_MODULE_B_DRIFT_RUNAWAY
LOT_041_DIE_01690,LOT_041,0,0.18368829148390423,0,11.424207,17.24687114915743,0,PASS_FLIGHT_QUALIFIED
LOT_036_DIE_00835,LOT_036,0,0.07616171399782423,0,14.508048,20.84398515045241,0,PASS_FLIGHT_QUALIFIED
LOT_047_DIE_03646,LOT_047,0,0.23239646130266864,0,14.25062,21.07424196892415,0,PASS_FLIGHT_QUALIFIED
LOT_034_DIE_01083,LOT_034,0,0.1413058033843009,0,17.516077,25.748245022834368,1,ABORT_MODULE_B_DRIFT_RUNAWAY
LOT_026_DIE_00875,LOT_026,0,0.11083303446248638,0,14.309982,21.31190249057123,0,PASS_FLIGHT_QUALIFIED
LOT_034_DIE_03533,LOT_034,0,0.2811733729666541,0,19.055193,26.399125425477955,1,ABORT_MODULE_B_DRIFT_RUNAWAY
LOT_028_DIE_04477,LOT_028,0,0.14657646327055907,0,13.400173,19.3815945199622,0,PASS_FLIGHT_QUALIFIED
LOT_024_DIE_02923,LOT_024,0,0.16034667354297832,0,11.417744,16.9137414509742,0,PASS_FLIGHT_QUALIFIED
LOT_023_DIE_00922,LOT_023,0,0.07062751765824107,0,11.38753,17.828199385285117,0,PASS_FLIGHT_QUALIFIED
LOT_014_DIE_01113,LOT_014,0,0.08939223001999391,0,11.80002,19.33108202059418,0,PASS_FLIGHT_QUALIFIED
LOT_048_DIE_03247,LOT_048,1,0.5382642450820745,1,82.10056,98.15639984636702,1,REJECT_MODULE_A_OUTLIER
LOT_050_DIE_01899,LOT_050,0,0.31337371702188965,0,12.695196,19.509824941164812,0,PASS_FLIGHT_QUALIFIED
LOT_040_DIE_04339,LOT_040,1,0.44604425182263174,1,79.07573,92.684103764364,1,REJECT_MODULE_A_OUTLIER
LOT_018_DIE_01167,LOT_018,0,0.17603772875243756,0,14.109325,20.11251647982047,0,PASS_FLIGHT_QUALIFIED
LOT_009_DIE_04508,LOT_009,0,0.049525674202701375,0,14.078372,21.297966060124782,0,PASS_FLIGHT_QUALIFIED
LOT_007_DIE_02456,LOT_007,0,0.06003768415887503,0,10.839488,18.20707211065425,0,PASS_FLIGHT_QUALIFIED
LOT_005_DIE_01054,LOT_005,0,0.24135856652102977,0,11.167943,19.59411452290604,0,PASS_FLIGHT_QUALIFIED
LOT_044_DIE_04593,LOT_044,0,0.25593380297347823,0,15.862106,23.98775739755589,0,PASS_FLIGHT_QUALIFIED
LOT_025_DIE_01524,LOT_025,0,0.1842521486778287,0,13.029989,21.34263954392703,0,PASS_FLIGHT_QUALIFIED
LOT_049_DIE_03398,LOT_049,0,0.45168004946026863,1,13.93995,20.504220539365946,0,REJECT_MODULE_A_OUTLIER
LOT_005_DIE_04954,LOT_005,0,0.13295813847847995,0,9.853808,16.23958258704108,0,PASS_FLIGHT_QUALIFIED
LOT_049_DIE_04748,LOT_049,0,0.1643641767227375,0,14.017553,22.211509688684984,0,PASS_FLIGHT_QUALIFIED
LOT_017_DIE_01266,LOT_017,0,0.13303591533201958,0,10.508369,17.18806892161371,0,PASS_FLIGHT_QUALIFIED
LOT_003_DIE_02602,LOT_003,0,0.349553966294255,0,14.20437,19.488248359873204,0,PASS_FLIGHT_QUALIFIED
LOT_029_DIE_00478,LOT_029,0,0.2915449378890662,0,10.775242,18.149718870870846,0,PASS_FLIGHT_QUALIFIED
LOT_050_DIE_01949,LOT_050,0,0.1950303624297754,0,11.3280735,17.322125455405164,0,PASS_FLIGHT_QUALIFIED
LOT_044_DIE_04643,LOT_044,0,0.20255118130235755,0,14.305452,20.290073753976536,0,PASS_FLIGHT_QUALIFIED
LOT_040_DIE_04189,LOT_040,0,0.3210095247941098,0,12.846923,20.373757283261856,0,PASS_FLIGHT_QUALIFIED
LOT_014_DIE_01763,LOT_014,0,0.08808868817291825,0,9.453647,15.77095183220882,0,PASS_FLIGHT_QUALIFIED
LOT_036_DIE_03335,LOT_036,0,0.22180390916447146,0,15.835191,22.859608881304585,0,PASS_FLIGHT_QUALIFIED
LOT_048_DIE_04947,LOT_048,0,0.1635246194636718,0,13.163365,19.584233158899465,0,PASS_FLIGHT_QUALIFIED
LOT_020_DIE_00569,LOT_020,0,0.3238663487670983,0,12.786544,18.59561739126778,0,PASS_FLIGHT_QUALIFIED
LOT_030_DIE_02579,LOT_030,0,0.033823775174473124,0,9.941197,16.927866034263914,0,PASS_FLIGHT_QUALIFIED
LOT_027_DIE_02526,LOT_027,0,0.23413257837436224,0,11.717179,17.40832835263364,0,PASS_FLIGHT_QUALIFIED
LOT_049_DIE_02248,LOT_049,0,0.21987987033880602,0,13.076716,21.060357297196717,0,PASS_FLIGHT_QUALIFIED
LOT_011_DIE_00810,LOT_011,0,0.27017599845615836,0,8.816698,16.12193105614149,0,PASS_FLIGHT_QUALIFIED
LOT_015_DIE_01064,LOT_015,0,0.21002039945538506,0,11.700274,16.716409575109097,0,PASS_FLIGHT_QUALIFIED
LOT_044_DIE_03793,LOT_044,0,0.44091048504462804,1,21.579058,26.620496517368544,1,REJECT_MODULE_A_OUTLIER
LOT_050_DIE_01199,LOT_050,0,0.2560269894654221,0,12.054866,19.67343383361356,0,PASS_FLIGHT_QUALIFIED
LOT_016_DIE_01065,LOT_016,1,0.5777462973315137,1,78.008224,78.00887794716057,1,REJECT_MODULE_A_OUTLIER
LOT_032_DIE_01131,LOT_032,0,0.027299159107308173,0,12.594419,18.8060805530437,0,PASS_FLIGHT_QUALIFIED
LOT_013_DIE_04362,LOT_013,0,0.14964345827284425,0,17.516285,24.17717821945318,0,PASS_FLIGHT_QUALIFIED
LOT_035_DIE_01484,LOT_035,0,0.34523793296016514,0,15.78315,22.1029566768897,0,PASS_FLIGHT_QUALIFIED
LOT_001_DIE_02750,LOT_001,0,0.34746448526925694,0,11.80632,18.38411879444276,0,PASS_FLIGHT_QUALIFIED
LOT_017_DIE_04016,LOT_017,0,0.14823135398749362,0,12.797547,20.1071018041806,0,PASS_FLIGHT_QUALIFIED
LOT_034_DIE_00133,LOT_034,0,0.3794102727350751,0,17.306192,23.745887320630665,0,PASS_FLIGHT_QUALIFIED
LOT_024_DIE_04323,LOT_024,0,0.31335112470480697,0,11.134557,17.724769547366435,0,PASS_FLIGHT_QUALIFIED
LOT_037_DIE_00136,LOT_037,0,0.16482143169804253,0,14.3649235,21.281219528610897,0,PASS_FLIGHT_QUALIFIED
LOT_001_DIE_02350,LOT_001,0,0.12276145535269324,0,11.227069,18.37928804198722,0,PASS_FLIGHT_QUALIFIED
LOT_022_DIE_03971,LOT_022,0,0.1028326329065832,0,13.325101,20.82225618735937,0,PASS_FLIGHT_QUALIFIED
LOT_040_DIE_00839,LOT_040,0,0.39707800553571376,0,9.818883,14.797374076541896,0,PASS_FLIGHT_QUALIFIED
LOT_031_DIE_00380,LOT_031,0,0.1289641488133682,0,14.268519,20.842106107849446,0,PASS_FLIGHT_QUALIFIED
LOT_001_DIE_00100,LOT_001,0,0.4380228543377702,1,10.14083,15.34212829787555,0,REJECT_MODULE_A_OUTLIER
LOT_018_DIE_01767,LOT_018,0,0.12940675975805999,0,13.023855,19.565683690723198,0,PASS_FLIGHT_QUALIFIED
LOT_041_DIE_01490,LOT_041,0,0.3043225861960849,0,12.178741,17.959698490780333,0,PASS_FLIGHT_QUALIFIED
LOT_046_DIE_03595,LOT_046,1,0.5950649173310621,1,82.55682,107.37080619020958,1,REJECT_MODULE_A_OUTLIER
LOT_001_DIE_04100,LOT_001,1,0.6290395478944633,1,86.58762,91.63609303214936,1,REJECT_MODULE_A_OUTLIER
LOT_006_DIE_01455,LOT_006,0,0.16055557818223917,0,11.510989,19.53850557083388,0,PASS_FLIGHT_QUALIFIED
LOT_001_DIE_01400,LOT_001,0,0.2563485703871253,0,11.357816,16.3101288368425,0,PASS_FLIGHT_QUALIFIED
LOT_049_DIE_00298,LOT_049,0,0.12557420586125814,0,12.987241,18.31177651631287,0,PASS_FLIGHT_QUALIFIED
LOT_028_DIE_02427,LOT_028,0,0.19136029848456382,0,14.298111,21.97833893591588,0,PASS_FLIGHT_QUALIFIED
LOT_035_DIE_04534,LOT_035,0,0.19826203034691717,0,17.829708,26.9743523044543,1,ABORT_MODULE_B_DRIFT_RUNAWAY
LOT_004_DIE_00753,LOT_004,0,0.19721933053658014,0,12.338571,18.884505623958244,0,PASS_FLIGHT_QUALIFIED
LOT_040_DIE_01539,LOT_040,0,0.24039035633496258,0,13.6672945,20.981761040933247,0,PASS_FLIGHT_QUALIFIED
LOT_005_DIE_00004,LOT_005,0,0.04667414077529712,0,10.900997,18.133603928214978,0,PASS_FLIGHT_QUALIFIED
LOT_021_DIE_04120,LOT_021,0,0.4128722890615628,0,11.850961,18.160273425818488,0,PASS_FLIGHT_QUALIFIED
LOT_049_DIE_03048,LOT_049,0,0.13883146224228382,0,13.203656,19.438113566258423,0,PASS_FLIGHT_QUALIFIED
LOT_023_DIE_00672,LOT_023,0,0.2612182277753038,0,10.752262,15.577617151511578,0,PASS_FLIGHT_QUALIFIED
LOT_028_DIE_04777,LOT_028,0,0.07444681094994754,0,13.464669,20.995495469070583,0,PASS_FLIGHT_QUALIFIED
LOT_005_DIE_02754,LOT_005,0,0.09238702209153293,0,12.600874,18.585800081281594,0,PASS_FLIGHT_QUALIFIED
LOT_043_DIE_01342,LOT_043,0,0.3430305650477855,0,10.687626,17.163788840593643,0,PASS_FLIGHT_QUALIFIED
LOT_028_DIE_03027,LOT_028,0,0.01924379805709405,0,13.598078,18.78594217922851,0,PASS_FLIGHT_QUALIFIED
LOT_049_DIE_02498,LOT_049,0,0.12436057172032183,0,11.414504,18.91813871011849,0,PASS_FLIGHT_QUALIFIED
LOT_047_DIE_02896,LOT_047,0,0.05197022039709647,0,10.973378,17.747021183507186,0,PASS_FLIGHT_QUALIFIED
LOT_006_DIE_02455,LOT_006,0,0.29698950520122946,0,8.544357,13.39822084929425,0,PASS_FLIGHT_QUALIFIED
LOT_019_DIE_02968,LOT_019,0,0.3438420324191057,0,14.739052,21.063216501897962,0,PASS_FLIGHT_QUALIFIED
LOT_018_DIE_03717,LOT_018,0,0.14085802609735482,0,13.332074,20.93470168702394,0,PASS_FLIGHT_QUALIFIED
LOT_033_DIE_04182,LOT_033,0,0.31108151111910465,0,12.834987,20.227892595622357,0,PASS_FLIGHT_QUALIFIED
LOT_015_DIE_01564,LOT_015,0,0.3458285354773777,0,12.636014,20.362867055343315,0,PASS_FLIGHT_QUALIFIED
LOT_023_DIE_02172,LOT_023,0,0.09602303638466551,0,11.944889,20.72011739433453,0,PASS_FLIGHT_QUALIFIED
LOT_044_DIE_04493,LOT_044,0,0.11536929544655199,0,17.762003,26.51685063039092,1,ABORT_MODULE_B_DRIFT_RUNAWAY
LOT_047_DIE_03196,LOT_047,0,0.3506938579748736,0,12.3586445,17.90696259771497,0,PASS_FLIGHT_QUALIFIED
LOT_022_DIE_03771,LOT_022,0,0.1212851263360794,0,11.335033,18.329066795617543,0,PASS_FLIGHT_QUALIFIED
LOT_044_DIE_02493,LOT_044,0,0.08928787496121861,0,15.741719,23.293660094777366,0,PASS_FLIGHT_QUALIFIED
LOT_036_DIE_04235,LOT_036,0,0.18544728780918784,0,16.809668,23.533557625384994,0,PASS_FLIGHT_QUALIFIED
LOT_024_DIE_04173,LOT_024,0,0.25744638941333786,0,12.515417,19.143216864196525,0,PASS_FLIGHT_QUALIFIED
LOT_010_DIE_01309,LOT_010,0,0.23452552927019488,0,14.904201,19.59458275589064,0,PASS_FLIGHT_QUALIFIED
LOT_042_DIE_00591,LOT_042,0,0.21076928969485062,0,11.298835,16.251698356102352,0,PASS_FLIGHT_QUALIFIED
LOT_039_DIE_04388,LOT_039,0,0.17613220361839957,0,15.96604,23.63519329507555,0,PASS_FLIGHT_QUALIFIED
LOT_043_DIE_01142,LOT_043,0,0.15793058440948443,0,8.097786,13.400859861688366,0,PASS_FLIGHT_QUALIFIED
LOT_021_DIE_01320,LOT_021,0,0.2167427825366724,0,12.987712,21.528745618728745,0,PASS_FLIGHT_QUALIFIED
LOT_021_DIE_03220,LOT_021,0,0.10885020860639248,0,11.624838,18.71969540305381,0,PASS_FLIGHT_QUALIFIED
LOT_027_DIE_02176,LOT_027,0,0.1262845810534201,0,8.824204,16.33903628257077,0,PASS_FLIGHT_QUALIFIED
LOT_048_DIE_04847,LOT_048,1,0.5477568326014068,1,67.911354,76.25314727674068,1,REJECT_MODULE_A_OUTLIER
LOT_012_DIE_01611,LOT_012,0,0.11864350065114332,0,15.88927,22.894452450039683,0,PASS_FLIGHT_QUALIFIED
LOT_023_DIE_00422,LOT_023,0,0.13516124125302797,0,11.484707,16.896982508489884,0,PASS_FLIGHT_QUALIFIED
LOT_048_DIE_02197,LOT_048,0,0.11773298268704918,0,13.444887,19.80965164705269,0,PASS_FLIGHT_QUALIFIED
LOT_045_DIE_04644,LOT_045,0,0.2208870750818033,0,11.381089,16.188088944053664,0,PASS_FLIGHT_QUALIFIED
LOT_025_DIE_03774,LOT_025,0,0.1441055155999424,0,12.837582,17.90671566606222,0,PASS_FLIGHT_QUALIFIED
LOT_043_DIE_01042,LOT_043,0,0.24260777796029756,0,11.544732,17.46244722000937,0,PASS_FLIGHT_QUALIFIED
LOT_046_DIE_00745,LOT_046,0,0.22825874716944744,0,13.3146,19.260187858353472,0,PASS_FLIGHT_QUALIFIED
LOT_041_DIE_04840,LOT_041,0,0.1957005158880764,0,11.475722,17.01703729726174,0,PASS_FLIGHT_QUALIFIED
LOT_048_DIE_00497,LOT_048,0,0.19383410193645306,0,13.692481,19.92371078242025,0,PASS_FLIGHT_QUALIFIED
LOT_017_DIE_03816,LOT_017,0,0.1413651510508612,0,11.1607275,18.547755730309213,0,PASS_FLIGHT_QUALIFIED
LOT_004_DIE_04403,LOT_004,0,0.15316473782456888,0,15.310506,22.0614985147568,0,PASS_FLIGHT_QUALIFIED
LOT_021_DIE_02820,LOT_021,0,0.20022677803916794,0,11.637291,18.455388990657617,0,PASS_FLIGHT_QUALIFIED
LOT_038_DIE_03887,LOT_038,0,0.2943856781687969,0,9.860922,15.131103375244805,0,PASS_FLIGHT_QUALIFIED
LOT_045_DIE_04594,LOT_045,0,0.3675286027531688,0,12.439157,20.890564914629103,0,PASS_FLIGHT_QUALIFIED
LOT_043_DIE_03642,LOT_043,1,0.6807054155805125,1,77.776665,86.50300308729614,1,REJECT_MODULE_A_OUTLIER
LOT_016_DIE_01965,LOT_016,0,0.21535711172261707,0,9.789913,15.090149951852233,0,PASS_FLIGHT_QUALIFIED
LOT_019_DIE_02418,LOT_019,0,0.2736224445671669,0,13.935665,19.548532291645955,0,PASS_FLIGHT_QUALIFIED
LOT_039_DIE_00988,LOT_039,0,0.13573102029482864,0,16.550228,22.40426867863433,0,PASS_FLIGHT_QUALIFIED
LOT_036_DIE_02985,LOT_036,0,0.1080618544152518,0,15.421155,22.733729083491106,0,PASS_FLIGHT_QUALIFIED
LOT_020_DIE_01469,LOT_020,0,0.09539315580161206,0,11.995235,19.830744249239373,0,PASS_FLIGHT_QUALIFIED
LOT_004_DIE_04103,LOT_004,0,0.22272789883623637,0,11.928459,19.270339587825873,0,PASS_FLIGHT_QUALIFIED
LOT_003_DIE_03602,LOT_003,0,0.09990450543583493,0,14.589667,22.124824238292312,0,PASS_FLIGHT_QUALIFIED
LOT_027_DIE_03576,LOT_027,0,0.02593831608314981,0,11.273945,17.46321302483617,0,PASS_FLIGHT_QUALIFIED
LOT_007_DIE_04956,LOT_007,0,0.31868164219668027,0,11.127809,17.178163861747347,0,PASS_FLIGHT_QUALIFIED
LOT_033_DIE_04432,LOT_033,0,0.2471026904784368,0,10.324585,16.766545017633018,0,PASS_FLIGHT_QUALIFIED
LOT_020_DIE_03569,LOT_020,0,0.18110993360613287,0,12.970885,19.537557671647733,0,PASS_FLIGHT_QUALIFIED
LOT_010_DIE_03509,LOT_010,0,0.05918764530002643,0,14.76033,20.709455316932992,0,PASS_FLIGHT_QUALIFIED
LOT_040_DIE_02389,LOT_040,0,0.19236735729485643,0,12.456606,19.0639411518898,0,PASS_FLIGHT_QUALIFIED
LOT_041_DIE_04240,LOT_041,0,0.15699107986913066,0,10.804623,15.013406846857446,0,PASS_FLIGHT_QUALIFIED
LOT_027_DIE_04026,LOT_027,0,0.08887577396891562,0,10.097444,16.175704320679476,0,PASS_FLIGHT_QUALIFIED
LOT_049_DIE_00898,LOT_049,0,0.4064021467581149,0,15.8008175,23.170429661812747,0,PASS_FLIGHT_QUALIFIED
LOT_035_DIE_03984,LOT_035,0,0.10688920311229644,0,16.324013,23.192555152476615,0,PASS_FLIGHT_QUALIFIED
LOT_006_DIE_03105,LOT_006,0,0.12309923745588554,0,10.106484,16.106295419081803,0,PASS_FLIGHT_QUALIFIED
LOT_002_DIE_03001,LOT_002,1,0.8094470056369861,1,139.44322,142.2551520977759,1,REJECT_MODULE_A_OUTLIER
LOT_018_DIE_04517,LOT_018,0,0.09209850051981444,0,12.262585,19.375273821273268,0,PASS_FLIGHT_QUALIFIED
LOT_009_DIE_03158,LOT_009,0,0.19094312245554035,0,14.864731,23.96167022791482,0,PASS_FLIGHT_QUALIFIED
LOT_004_DIE_02503,LOT_004,0,0.12501408186689722,0,17.578964,25.143845528186745,1,ABORT_MODULE_B_DRIFT_RUNAWAY
LOT_035_DIE_03234,LOT_035,0,0.16851634193645318,0,16.581793,24.459697054439243,0,PASS_FLIGHT_QUALIFIED
LOT_025_DIE_03424,LOT_025,0,0.12263989748048368,0,13.8510895,21.040142363569267,0,PASS_FLIGHT_QUALIFIED
LOT_023_DIE_00872,LOT_023,0,0.2604627397696675,0,11.447826,16.67024372499059,0,PASS_FLIGHT_QUALIFIED
LOT_020_DIE_03519,LOT_020,0,0.41080970610313194,0,11.073616,16.4239974256487,0,PASS_FLIGHT_QUALIFIED
LOT_050_DIE_01749,LOT_050,0,0.18364097410900793,0,11.255242,16.8277370695954,0,PASS_FLIGHT_QUALIFIED
LOT_015_DIE_03314,LOT_015,0,0.2769548915227146,0,8.892917,15.524049532746167,0,PASS_FLIGHT_QUALIFIED
LOT_019_DIE_00068,LOT_019,0,0.2570222008528984,0,12.028012,15.768745494469261,0,PASS_FLIGHT_QUALIFIED
LOT_016_DIE_01765,LOT_016,0,0.20337500925064106,0,8.994663,17.016740903753735,0,PASS_FLIGHT_QUALIFIED
LOT_046_DIE_04745,LOT_046,0,0.27864049987737805,0,13.463021,21.120736636308774,0,PASS_FLIGHT_QUALIFIED
LOT_032_DIE_00381,LOT_032,1,0.6214026327453928,1,85.37129,102.14613767720141,1,REJECT_MODULE_A_OUTLIER
LOT_035_DIE_02034,LOT_035,0,0.2392450740279456,0,18.08597,26.12097618034848,1,ABORT_MODULE_B_DRIFT_RUNAWAY
LOT_035_DIE_03734,LOT_035,0,0.3591371269443675,0,15.680016,24.708281287889122,0,PASS_FLIGHT_QUALIFIED
LOT_007_DIE_00806,LOT_007,0,0.24068305589958172,0,9.401962,15.914907184377,0,PASS_FLIGHT_QUALIFIED
LOT_011_DIE_01710,LOT_011,0,0.4064988246767953,0,10.269923,16.234022656588397,0,PASS_FLIGHT_QUALIFIED
LOT_011_DIE_02560,LOT_011,0,0.13115792119426398,0,9.436104,15.158368553552688,0,PASS_FLIGHT_QUALIFIED
LOT_001_DIE_04950,LOT_001,0,0.0862597280640327,0,12.153178,17.78083336994988,0,PASS_FLIGHT_QUALIFIED
LOT_025_DIE_01974,LOT_025,0,0.0900553562965272,0,9.999988,17.13191805987612,0,PASS_FLIGHT_QUALIFIED
LOT_043_DIE_00842,LOT_043,0,0.04527618497457204,0,12.706605,19.874398273097633,0,PASS_FLIGHT_QUALIFIED
LOT_042_DIE_04391,LOT_042,0,0.12021014607244228,0,13.713427,20.56695673833523,0,PASS_FLIGHT_QUALIFIED
LOT_033_DIE_03282,LOT_033,0,0.24336939133403906,0,7.459762,13.283650753214676,0,PASS_FLIGHT_QUALIFIED
LOT_047_DIE_02096,LOT_047,0,0.4058722637688478,0,12.187197,19.016522648632524,0,PASS_FLIGHT_QUALIFIED
