1 1 0.0032 0.00015 100.0 642.46 1579.72 1399.65 47.079
1 2 0.0005 -0.00038 100.0 642.16 1579.44 1399.3 46.982
1 3 -0.0018 -0.00028 100.0 641.83 1578.78 1400.47 46.871
1 4 -0.0011 2e-05 100.0 641.93 1580.08 1397.86 47.204
1 5 -0.0012 0.00037 100.0 642.11 1579.28 1399.56 46.957
1 6 0.0004 -0.00039 100.0 641.68 1580.99 1398.17 47.085
1 7 -0.0002 -6e-05 100.0 642.06 1580.89 1400.26 46.968
1 8 0.0007 -0.00035 100.0 641.78 1579.45 1401.59 46.967
1 9 0.0021 0.00019 100.0 641.88 1579.19 1400.92 47.162
1 10 -0.001 -4e-05 100.0 641.91 1580.4 1401.46 47.06
1 11 -0.0001 0.0002 100.0 641.64 1580.98 1402.03 47.047
1 12 -0.0001 0.00031 100.0 641.81 1580.43 1402.31 47.209
1 13 0.0002 -0.0004 100.0 642.25 1580.1 1399.55 46.925
1 14 -0.0016 -0.0001 100.0 642.11 1581.77 1399.22 47.179
1 15 0.0002 0.00019 100.0 642.1 1579.36 1400.77 47.307
1 16 0.0006 5e-05 100.0 641.9 1579.53 1397.8 47.16
1 17 -0.0007 -0.00016 100.0 641.93 1578.3 1399.37 47.245
1 18 0.0005 -1e-05 100.0 642.12 1582.26 1400.26 47.242
1 19 -0.0004 6e-05 100.0 641.99 1580.07 1403.69 47.081
1 20 0.0016 -0.00018 100.0 641.65 1581.37 1401.13 47.284
1 21 -0.002 -0.00011 100.0 641.58 1580.7 1403.29 47.442
1 22 -0.0021 9e-05 100.0 641.85 1578.14 1400.1 47.326
1 23 0.0016 -0.00025 100.0 642.46 1579.06 1399.52 47.239
1 24 0.0005 0.00016 100.0 642.39 1578.07 1400.28 47.368
1 25 0.0005 7e-05 100.0 641.6 1580.63 1400.45 47.235
1 26 0.0037 9e-05 100.0 642.07 1580.35 1398.93 47.306
1 27 0.0023 -0.00016 100.0 642.2 1578.83 1401.18 47.269
1 28 -0.0005 -0.00015 100.0 642.12 1580.99 1402.85 47.499
1 29 0.0006 0.00017 100.0 641.76 1579.91 1400.51 47.328
1 30 0.0013 -0.00017 100.0 642.44 1579.68 1404.08 47.432
1 31 0.0009 -1e-05 100.0 642.14 1579.73 1401.07 47.338
1 32 0.0004 -0.00025 100.0 641.55 1579.46 1401.28 47.375
1 33 0.0001 -0.00023 100.0 642.12 1578.94 1400.23 47.491
1 34 -0.0028 -0.00019 100.0 642.17 1581.3 1401.58 47.524
1 35 0.0011 0.00023 100.0 642.15 1580.62 1405.78 47.554
1 36 -0.0015 -5e-05 100.0 642.2 1579.62 1401.14 47.613
1 37 0.0014 -0.00032 100.0 642.02 1582.78 1397.2 47.483
1 38 -0.0014 0.00014 100.0 642.33 1580.08 1398.38 47.499
1 39 0.0043 0.00013 100.0 642.06 1580.05 1399.02 47.487
1 40 -0.0016 -2e-05 100.0 642.06 1579.21 1401.28 47.372
1 41 -0.0009 -0.00013 100.0 642.26 1578.56 1399.5 47.64
1 42 0.0042 0.00021 100.0 642.12 1578.49 1401.38 47.78
1 43 0.0009 0.00015 100.0 641.85 1581.52 1398.94 47.466
1 44 -0.0005 -0.00025 100.0 641.98 1576.11 1398.46 47.539
1 45 0.0029 -0.00029 100.0 641.57 1579.47 1400.2 47.81
1 46 0.0004 -0.00012 100.0 642.0 1578.82 1400.69 47.777
1 47 0.0032 -0.00025 100.0 641.88 1580.14 1400.99 47.682
1 48 0.0006 -0.00012 100.0 641.41 1579.82 1400.88 47.903
1 49 0.0007 -0.00014 100.0 641.85 1579.29 1401.27 47.683
1 50 -0.0017 -0.00011 100.0 642.09 1580.98 1400.94 47.808
1 51 0.0026 -0.00012 100.0 642.18 1579.97 1400.18 47.807
1 52 0.0017 0.00016 100.0 641.94 1579.74 1401.65 47.802
1 53 0.0006 -3e-05 100.0 642.01 1580.82 1399.53 47.892
1 54 -0.002 -0.00024 100.0 642.18 1579.02 1403.14 47.786
1 55 -0.0 -0.00018 100.0 642.24 1580.75 1400.94 47.906
1 56 -0.0017 -6e-05 100.0 641.8 1581.17 1399.78 47.812
1 57 0.0005 -0.0001 100.0 641.83 1579.01 1400.37 47.86
1 58 -0.0014 -4e-05 100.0 642.07 1578.26 1397.89 47.786
1 59 -0.0 -0.0002 100.0 642.44 1581.03 1399.76 47.879
1 60 0.001 0.00031 100.0 641.91 1580.39 1398.76 47.86
1 61 0.0004 0.0 100.0 642.12 1580.83 1399.4 47.866
1 62 0.0029 0.00019 100.0 641.77 1580.03 1400.75 47.901
1 63 0.0044 -0.00016 100.0 641.77 1581.05 1400.28 48.12
1 64 -0.0015 3e-05 100.0 641.82 1577.45 1399.21 47.836
1 65 -0.0018 0.0001 100.0 642.56 1581.14 1399.13 47.968
1 66 -0.0034 0.00027 100.0 642.55 1581.42 1399.3 47.816
1 67 0.0 1e-05 100.0 642.37 1578.09 1399.1 47.951
1 68 0.0002 0.0001 100.0 642.19 1578.72 1399.79 47.932
1 69 0.0007 -0.00015 100.0 641.66 1578.16 1401.92 48.062
1 70 0.0041 0.00035 100.0 642.03 1581.42 1400.1 48.161
1 71 -0.0019 0.00014 100.0 642.29 1580.77 1402.05 47.995
1 72 -0.0005 0.00014 100.0 641.47 1578.58 1396.94 48.14
1 73 -0.0034 -1e-05 100.0 642.02 1581.95 1397.93 48.199
1 74 -0.0026 0.00013 100.0 641.99 1577.52 1399.87 48.102
1 75 -0.0001 0.00019 100.0 641.72 1579.38 1398.41 48.114
1 76 -0.0002 -0.00021 100.0 642.15 1579.36 1398.81 47.993
1 77 -0.0014 4e-05 100.0 641.64 1582.36 1400.05 48.051
1 78 -0.0011 -0.00012 100.0 641.93 1580.74 1401.14 48.109
1 79 0.0033 -5e-05 100.0 641.31 1578.18 1402.05 48.108
1 80 -0.0003 -0.00019 100.0 642.09 1583.69 1401.68 48.207
1 81 -0.0013 -0.00022 100.0 642.06 1579.09 1397.87 48.003
1 82 0.0002 -0.00017 100.0 642.26 1579.99 1402.22 48.347
1 83 -0.0018 -0.00028 100.0 642.16 1578.76 1399.71 48.345
1 84 -0.0013 -0.0001 100.0 642.57 1578.32 1400.84 48.299
1 85 0.0005 -1e-05 100.0 641.74 1580.06 1398.75 48.162
1 86 0.001 -0.0002 100.0 641.73 1579.31 1401.13 48.212
1 87 -0.0013 0.00011 100.0 642.23 1578.0 1400.82 48.26
1 88 0.0005 -0.00018 100.0 641.46 1578.05 1400.07 48.188
1 89 -0.0013 1e-05 100.0 641.5 1579.92 1398.18 48.343
1 90 0.0017 -0.00023 100.0 641.88 1581.21 1399.13 48.207
1 91 0.0012 -4e-05 100.0 642.43 1577.03 1398.8 48.36
1 92 0.0023 5e-05 100.0 641.82 1580.1 1399.77 48.359
1 93 0.0008 -8e-05 100.0 641.88 1579.41 1399.35 48.37
1 94 0.0024 -8e-05 100.0 642.62 1581.05 1399.51 48.379
1 95 0.0 0.00034 100.0 641.7 1577.76 1399.47 48.161
1 96 0.0005 0.00015 100.0 641.93 1581.0 1396.68 48.412
1 97 0.0013 0.00045 100.0 642.34 1580.41 1399.38 48.246
1 98 0.0017 -0.00017 100.0 642.07 1579.45 1398.73 48.426
1 99 0.0021 -0.0001 100.0 641.86 1580.57 1400.5 48.43
2 1 0.0015 -0.00018 100.0 641.71 1579.47 1400.57 46.983
2 2 -0.0015 -0.00025 100.0 642.41 1580.5 1402.82 47.107
2 3 0.0006 -0.00023 100.0 642.45 1580.79 1399.92 46.852
2 4 0.001 4e-05 100.0 642.04 1580.13 1401.09 47.284
2 5 0.0032 -0.0001 100.0 642.14 1582.26 1402.02 46.97
2 6 -0.0034 0.00031 100.0 641.96 1580.07 1401.64 46.96
2 7 0.0016 1e-05 100.0 641.87 1578.79 1397.52 47.053
2 8 -0.0005 -0.0003 100.0 641.61 1579.6 1402.5 46.95
2 9 -0.0005 0.00014 100.0 641.92 1576.76 1399.92 47.064
2 10 0.0051 1e-05 100.0 642.34 1579.68 1398.34 47.284
2 11 -0.0011 -0.00011 100.0 641.99 1580.24 1399.78 47.11
2 12 -0.0005 0.0003 100.0 641.84 1579.14 1400.16 47.115
2 13 -0.0007 -7e-05 100.0 642.33 1581.5 1396.89 46.863
2 14 0.0019 0.00025 100.0 641.77 1578.67 1402.63 46.998
2 15 -0.0024 0.00014 100.0 641.66 1579.37 1400.73 47.22
2 16 -0.0007 0.00023 100.0 641.89 1580.85 1400.67 47.134
2 17 0.0007 -0.00025 100.0 642.18 1580.71 1399.54 47.06
2 18 -0.0014 -0.00028 100.0 641.94 1579.37 1401.57 47.27
2 19 -0.0042 0.00034 100.0 642.18 1578.46 1402.63 47.032
2 20 -0.0001 0.00022 100.0 641.97 1579.35 1400.6 47.219
2 21 0.0006 -0.00034 100.0 642.05 1579.56 1399.91 47.219
2 22 0.0 7e-05 100.0 642.22 1580.21 1399.72 47.083
2 23 0.0008 -0.00034 100.0 641.77 1580.24 1398.53 47.173
2 24 0.0033 0.0002 100.0 642.14 1580.31 1401.47 47.34
2 25 0.001 -0.00015 100.0 641.62 1579.25 1400.04 47.063
2 26 -0.0018 -0.00027 100.0 641.77 1579.27 1397.89 47.276
2 27 0.001 4e-05 100.0 642.32 1578.86 1403.95 47.169
2 28 0.0051 -2e-05 100.0 642.21 1579.31 1400.18 47.191
2 29 -0.0013 0.00036 100.0 641.79 1579.96 1402.66 47.401
2 30 0.0012 -0.00031 100.0 641.83 1580.76 1401.46 47.367
2 31 0.0004 -0.00027 100.0 641.93 1579.91 1400.93 47.234
2 32 0.0017 9e-05 100.0 642.18 1580.67 1401.62 47.354
2 33 0.0005 -0.00026 100.0 641.5 1580.52 1400.31 47.319
2 34 0.0001 1e-05 100.0 642.32 1579.95 1401.02 47.228
2 35 -0.0009 -6e-05 100.0 641.85 1580.12 1399.31 47.44
2 36 -0.0004 -9e-05 100.0 641.86 1581.51 1398.66 47.378
2 37 0.0005 0.00018 100.0 642.06 1581.24 1397.77 47.51
2 38 0.0046 -7e-05 100.0 642.32 1579.38 1402.11 47.384
2 39 -0.0008 -6e-05 100.0 642.44 1581.9 1399.22 47.341
2 40 -0.0001 5e-05 100.0 641.72 1578.8 1398.85 47.261
2 41 -0.0001 0.00013 100.0 641.7 1581.18 1399.68 47.56
2 42 0.0006 0.00049 100.0 642.11 1580.2 1400.74 47.303
2 43 -0.0013 0.00024 100.0 641.84 1579.25 1399.17 47.361
2 44 -0.0011 0.00013 100.0 641.83 1579.0 1400.71 47.577
2 45 -0.0012 -8e-05 100.0 641.55 1581.86 1402.69 47.465
2 46 -0.0004 -0.00016 100.0 642.1 1580.79 1403.02 47.483
2 47 -0.001 4e-05 100.0 641.78 1579.96 1402.69 47.326
2 48 -0.001 0.00021 100.0 642.36 1583.03 1399.2 47.473
2 49 0.0012 0.00022 100.0 642.55 1580.7 1399.46 47.552
2 50 0.0028 0.00013 100.0 642.15 1581.28 1401.75 47.576
2 51 0.0007 -8e-05 100.0 642.04 1581.45 1398.77 47.487
2 52 -0.0027 0.00015 100.0 642.38 1580.23 1400.07 47.517
2 53 0.0005 0.00032 100.0 642.65 1579.63 1400.33 47.588
2 54 -0.0009 4e-05 100.0 642.08 1580.73 1400.28 47.524
2 55 0.0024 -0.0003 100.0 641.69 1580.16 1398.95 47.651
2 56 -0.0011 0.00038 100.0 642.11 1581.88 1399.9 47.497
2 57 -0.002 0.00014 100.0 641.34 1580.53 1399.25 47.418
2 58 0.0013 -2e-05 100.0 641.83 1578.46 1401.31 47.597
2 59 -0.0001 5e-05 100.0 641.68 1578.17 1398.96 47.768
2 60 -0.0002 0.00022 100.0 642.11 1578.5 1402.17 47.569
2 61 0.0013 0.00027 100.0 642.14 1580.68 1400.67 47.637
2 62 -0.0014 0.00036 100.0 642.21 1579.89 1402.16 47.632
2 63 0.0017 -0.00013 100.0 641.57 1580.15 1398.98 47.618
2 64 -0.0032 0.00015 100.0 641.43 1579.46 1396.36 47.588
2 65 -0.0 -0.00023 100.0 642.13 1578.84 1399.93 47.721
2 66 0.0004 -0.00041 100.0 642.26 1579.73 1400.04 47.802
2 67 0.0036 0.00013 100.0 641.8 1578.8 1399.58 47.637
2 68 0.0001 -0.00013 100.0 642.17 1581.68 1401.39 47.615
2 69 0.0021 -0.00011 100.0 642.12 1581.07 1400.95 47.752
2 70 0.0035 4e-05 100.0 642.06 1582.49 1398.97 47.823
2 71 0.001 -0.00011 100.0 641.85 1579.62 1400.64 47.636
2 72 0.0001 2e-05 100.0 642.64 1582.07 1400.65 47.709
2 73 0.0008 0.00013 100.0 641.69 1579.69 1397.5 47.783
2 74 0.0004 0.00021 100.0 642.47 1578.53 1397.8 47.683
2 75 -0.0003 0.00018 100.0 641.86 1581.29 1399.94 47.909
2 76 -0.0013 8e-05 100.0 641.53 1581.77 1402.07 47.816
2 77 -0.0001 0.00023 100.0 642.08 1579.34 1398.99 47.81
2 78 0.0023 -0.00035 100.0 641.89 1580.93 1395.73 47.825
2 79 -0.0009 7e-05 100.0 641.66 1578.45 1401.74 47.744
2 80 0.002 -0.0001 100.0 642.14 1580.09 1398.08 47.786
2 81 -0.0007 -7e-05 100.0 641.87 1581.8 1401.28 47.645
2 82 0.0021 5e-05 100.0 642.62 1580.46 1400.65 47.778
2 83 0.0015 1e-05 100.0 641.94 1579.91 1399.94 47.794
2 84 0.0018 7e-05 100.0 641.98 1580.09 1397.0 47.903
2 85 0.0022 -0.00021 100.0 641.13 1582.51 1399.79 47.94
2 86 -0.0004 4e-05 100.0 641.68 1579.25 1402.87 47.911
2 87 0.0048 -1e-05 100.0 642.15 1580.18 1400.55 47.947
2 88 0.0013 -0.00023 100.0 642.32 1581.33 1401.78 47.89
2 89 -0.0001 7e-05 100.0 641.66 1580.36 1398.87 48.043
2 90 -0.0005 0.00019 100.0 642.13 1581.94 1400.68 47.921
2 91 -0.0006 0.00028 100.0 641.63 1580.72 1401.05 48.018
2 92 -0.0022 -0.00029 100.0 642.04 1579.79 1400.02 47.894
2 93 -0.0013 -0.00026 100.0 641.75 1578.81 1396.77 48.078
2 94 0.002 -6e-05 100.0 642.3 1579.17 1403.38 48.093
2 95 0.002 0.00049 100.0 642.69 1578.33 1397.53 47.689
2 96 0.0015 6e-05 100.0 642.17 1580.71 1401.28 48.087
2 97 -0.0034 -2e-05 100.0 641.98 1579.1 1399.58 47.969
2 98 0.0018 -0.00031 100.0 641.67 1580.22 1402.09 47.869
2 99 0.0011 -0.00019 100.0 642.28 1578.82 1399.66 47.879
3 1 -0.0 0.00011 100.0 642.1 1578.09 1400.66 46.951
3 2 0.0002 0.00011 100.0 642.41 1580.15 1399.36 47.045
3 3 -0.0028 0.00035 100.0 642.01 1579.16 1399.01 47.038
3 4 -0.0006 0.00025 100.0 641.79 1579.14 1401.34 46.92
3 5 -0.0024 6e-05 100.0 642.08 1579.0 1403.22 46.988
3 6 0.0001 -3e-05 100.0 642.12 1579.78 1399.81 47.13
3 7 -0.0002 0.00052 100.0 642.66 1579.33 1397.95 47.174
3 8 0.0011 0.00033 100.0 642.49 1582.01 1399.17 47.008
3 9 -0.0013 -0.00024 100.0 641.94 1579.3 1398.48 47.062
3 10 0.0007 0.00017 100.0 641.77 1580.28 1397.67 47.114
3 11 0.0033 8e-05 100.0 642.11 1581.47 1398.19 46.923
3 12 0.0011 -0.00018 100.0 641.98 1580.67 1400.11 47.063
3 13 -0.0015 0.00025 100.0 641.58 1579.87 1398.64 47.161
3 14 0.0024 3e-05 100.0 642.18 1578.69 1399.53 47.264
3 15 0.0003 -3e-05 100.0 642.12 1580.23 1399.54 47.398
3 16 -0.0037 0.0001 100.0 642.29 1579.06 1398.0 47.248
3 17 -0.0 0.00017 100.0 641.35 1580.47 1403.74 47.078
3 18 0.0005 6e-05 100.0 641.97 1581.1 1399.56 47.208
3 19 0.0011 -0.00018 100.0 642.3 1579.79 1398.87 47.144
3 20 -0.0001 0.00016 100.0 642.0 1581.3 1400.71 47.225
3 21 -0.0021 -6e-05 100.0 642.17 1580.01 1398.03 47.372
3 22 -0.0001 0.0001 100.0 641.94 1580.07 1400.79 47.183
3 23 -0.0024 0.00012 100.0 641.41 1578.87 1399.78 47.261
3 24 0.0003 -7e-05 100.0 642.37 1579.74 1402.24 47.419
3 25 0.0003 0.0 100.0 641.91 1579.53 1400.26 47.216
3 26 -0.0051 0.00019 100.0 642.36 1581.14 1397.77 47.332
3 27 0.0011 0.00015 100.0 641.93 1578.6 1397.3 47.163
3 28 -0.003 4e-05 100.0 641.22 1579.34 1400.59 47.253
3 29 0.0024 -3e-05 100.0 642.17 1580.14 1398.54 47.32
3 30 -0.0003 0.00034 100.0 641.72 1579.47 1398.67 47.33
3 31 -0.0013 0.00021 100.0 641.52 1581.77 1399.69 47.206
3 32 0.0043 -0.00012 100.0 642.55 1580.81 1399.27 47.294
3 33 0.0001 -0.00015 100.0 642.09 1581.56 1402.34 47.44
3 34 -0.0007 4e-05 100.0 641.8 1582.42 1400.2 47.423
3 35 -0.0021 0.00011 100.0 641.71 1581.44 1399.01 47.253
3 36 -0.0028 0.0003 100.0 642.22 1581.2 1398.86 47.518
3 37 0.0009 0.00043 100.0 641.92 1581.59 1400.83 47.378
3 38 0.0031 0.0001 100.0 642.28 1580.07 1400.4 47.357
3 39 -0.0021 -0.00039 100.0 642.32 1579.56 1398.74 47.486
3 40 0.0006 0.00016 100.0 641.67 1579.73 1399.58 47.649
3 41 -0.0005 0.00032 100.0 641.83 1579.8 1400.42 47.541
3 42 0.0004 -0.00026 100.0 642.22 1580.8 1401.76 47.515
3 43 0.0025 0.0 100.0 641.8 1579.37 1400.88 47.517
3 44 0.0011 -0.00035 100.0 642.51 1580.29 1403.9 47.519
3 45 -0.0003 -0.00024 100.0 642.11 1581.55 1401.01 47.574
3 46 0.0033 8e-05 100.0 641.74 1579.3 1400.88 47.489
3 47 -0.0003 0.0 100.0 642.13 1581.44 1399.09 47.401
3 48 -0.0018 -9e-05 100.0 642.19 1579.85 1400.63 47.454
3 49 0.0004 0.00019 100.0 641.89 1582.07 1399.4 47.615
3 50 -0.0011 0.00051 100.0 641.47 1578.17 1401.89 47.412
3 51 0.0041 0.00024 100.0 642.06 1581.85 1403.01 47.509
3 52 -0.0016 -0.0 100.0 642.18 1580.93 1399.17 47.679
3 53 0.0002 0.0003 100.0 641.86 1580.84 1401.43 47.57
3 54 -0.0002 -2e-05 100.0 641.94 1579.14 1397.2 47.484
3 55 0.0024 0.00012 100.0 642.19 1578.77 1402.78 47.761
3 56 0.0038 0.00031 100.0 641.71 1579.55 1401.63 47.598
3 57 0.0006 -3e-05 100.0 641.66 1580.17 1397.35 47.583
3 58 -0.0023 -0.00057 100.0 641.52 1580.62 1399.2 47.596
3 59 -0.0012 9e-05 100.0 642.53 1581.99 1399.31 47.651
3 60 -0.0002 -4e-05 100.0 642.09 1580.92 1401.84 47.565
3 61 0.0018 -0.00016 100.0 641.75 1579.73 1400.55 47.588
3 62 -0.0048 0.00018 100.0 641.92 1579.97 1398.88 47.837
3 63 -0.0031 -0.00011 100.0 641.92 1580.08 1400.77 47.772
3 64 0.0009 -1e-05 100.0 641.62 1580.35 1397.97 47.789
3 65 0.0004 0.00023 100.0 642.35 1579.12 1398.78 47.559
3 66 0.0004 -7e-05 100.0 642.02 1580.51 1401.04 47.63
3 67 0.0009 0.00018 100.0 642.03 1578.71 1395.62 47.66
3 68 0.0 -0.00015 100.0 641.7 1580.74 1403.09 47.517
3 69 -0.001 -0.00019 100.0 642.41 1579.22 1398.8 47.747
3 70 -0.0006 -0.00031 100.0 642.49 1580.39 1399.62 47.788
3 71 0.0006 -0.00015 100.0 641.98 1579.78 1404.79 47.875
3 72 0.0018 -0.00013 100.0 642.34 1580.14 1397.84 47.755
3 73 0.0001 0.00017 100.0 642.32 1579.46 1401.92 47.996
3 74 -0.0007 -8e-05 100.0 641.75 1579.23 1401.54 47.869
3 75 0.0 0.00028 100.0 642.13 1582.48 1398.4 47.736
3 76 -0.0004 0.0002 100.0 642.14 1578.73 1400.64 47.834
3 77 0.0004 -7e-05 100.0 642.78 1580.7 1400.49 47.972
3 78 -0.002 0.00023 100.0 641.91 1580.2 1401.98 47.898
3 79 0.0026 -0.0 100.0 641.96 1577.45 1399.09 48.007
3 80 -0.0005 -7e-05 100.0 641.85 1581.01 1400.82 47.787
3 81 0.0024 0.0003 100.0 641.72 1581.94 1399.52 47.859
3 82 -0.0018 6e-05 100.0 641.87 1580.48 1399.96 48.009
3 83 0.0006 -5e-05 100.0 642.36 1579.44 1400.3 47.802
3 84 0.0003 0.00039 100.0 641.86 1581.05 1397.98 47.99
3 85 0.0007 0.0001 100.0 641.8 1580.62 1400.27 47.842
3 86 0.0013 0.00038 100.0 642.33 1580.49 1399.64 48.017
3 87 -0.0043 0.00017 100.0 641.71 1581.33 1399.82 47.951
3 88 0.0014 -9e-05 100.0 641.97 1580.4 1400.29 47.922
3 89 -0.0019 0.00022 100.0 641.92 1580.89 1400.92 48.038
3 90 -0.0004 -7e-05 100.0 642.24 1580.44 1402.76 47.944
3 91 -0.0021 -0.00021 100.0 641.91 1580.96 1397.58 48.007
3 92 0.0001 0.00023 100.0 642.51 1579.87 1399.75 48.115
3 93 0.0004 0.0002 100.0 642.07 1581.17 1400.75 47.938
3 94 0.001 0.00027 100.0 642.2 1579.22 1397.25 47.772
3 95 0.0033 0.00015 100.0 642.29 1581.93 1401.97 48.039
3 96 0.0043 -4e-05 100.0 641.52 1579.7 1398.74 48.072
3 97 -0.0012 4e-05 100.0 642.17 1580.05 1402.54 48.088
3 98 -0.0009 -0.00014 100.0 641.6 1579.27 1399.94 48.012
3 99 0.0002 -0.00029 100.0 641.98 1578.19 1401.14 47.957
4 1 0.0008 -4e-05 100.0 641.83 1580.58 1404.1 47.117
4 2 0.0002 -0.00043 100.0 641.94 1578.94 1400.4 46.953
4 3 -0.0028 -0.00037 100.0 642.32 1579.52 1399.02 47.066
4 4 0.0018 -0.00011 100.0 641.95 1580.93 1402.3 47.202
4 5 -0.0017 -0.00044 100.0 641.82 1579.15 1400.51 47.198
4 6 0.001 -3e-05 100.0 641.91 1581.83 1399.26 47.172
4 7 0.0004 0.00015 100.0 642.35 1581.41 1397.4 47.474
4 8 -0.0034 -0.00013 100.0 642.19 1580.07 1398.88 47.494
4 9 0.0017 0.00026 100.0 641.85 1577.65 1401.1 47.84
4 10 -0.0019 -0.00022 100.0 642.25 1582.21 1398.88 47.749
4 11 -0.0036 -0.00014 100.0 642.43 1580.63 1400.73 47.818
4 12 -0.002 0.0003 100.0 642.35 1581.9 1401.17 47.816
4 13 0.0001 -3e-05 100.0 641.64 1578.84 1399.35 48.142
4 14 0.0022 -0.00024 100.0 642.36 1579.82 1398.93 48.206
4 15 -0.0001 -0.00023 100.0 642.38 1582.27 1399.31 48.377
4 16 -0.0022 -7e-05 100.0 641.86 1579.88 1400.61 48.746
4 17 0.0005 0.00018 100.0 641.89 1579.89 1400.34 48.783
4 18 0.0004 -0.00024 100.0 641.55 1580.63 1396.94 49.039
4 19 -0.0021 -0.00017 100.0 642.08 1579.74 1401.84 49.593
4 20 0.0019 -0.00036 100.0 641.74 1580.07 1400.74 49.564
4 21 0.0006 0.00018 100.0 641.67 1579.75 1403.5 49.939
4 22 -0.0001 -0.00011 100.0 642.34 1579.46 1398.09 50.432
4 23 -0.0007 6e-05 100.0 642.07 1580.32 1402.65 50.374
4 24 -0.0 8e-05 100.0 642.26 1579.85 1398.24 50.763
4 25 0.0013 -0.00015 100.0 642.31 1578.26 1398.74 51.171
4 26 0.0024 -7e-05 100.0 641.27 1583.26 1399.6 51.497
4 27 -0.0003 0.0002 100.0 642.45 1581.4 1399.69 51.853
4 28 0.0019 0.00022 100.0 642.06 1582.35 1399.64 52.397
4 29 -0.0018 -0.00014 100.0 641.78 1581.37 1399.2 52.486
4 30 0.0008 -0.00012 100.0 642.26 1580.62 1401.07 52.849
4 31 -0.0015 4e-05 100.0 642.35 1580.7 1400.67 53.359
4 32 -0.0004 -0.00011 100.0 641.99 1578.03 1397.55 53.606
4 33 -0.0009 -4e-05 100.0 641.96 1580.04 1400.91 54.11
4 34 -0.0003 -0.00014 100.0 642.0 1579.78 1400.12 54.668
4 35 -0.0003 0.00014 100.0 641.77 1581.05 1399.06 54.857
4 36 0.0002 0.0 100.0 642.19 1578.15 1399.8 55.376
4 37 0.0 0.0002 100.0 642.36 1578.97 1400.5 55.697
4 38 -0.0022 0.00016 100.0 641.61 1579.22 1400.28 56.551
4 39 -0.0023 1e-05 100.0 642.17 1580.28 1402.05 56.898
4 40 0.0007 -0.00019 100.0 642.27 1577.8 1399.96 57.234
4 41 -0.0017 0.00023 100.0 642.0 1581.15 1398.45 57.75
4 42 0.0021 -0.00013 100.0 641.77 1580.87 1399.27 58.303
4 43 -0.0001 0.0004 100.0 642.28 1579.73 1401.13 58.843
4 44 0.0004 1e-05 100.0 641.6 1580.63 1398.78 59.556
4 45 -0.0009 3e-05 100.0 642.32 1580.24 1399.57 59.845
4 46 -0.0029 -4e-05 100.0 641.96 1576.6 1400.03 60.555
4 47 -0.0008 0.0001 100.0 641.58 1581.48 1399.52 60.949
4 48 0.0019 0.00032 100.0 642.63 1579.67 1400.55 61.639
4 49 0.0022 -0.00027 100.0 641.87 1581.53 1401.22 62.201
4 50 -0.0018 -0.00028 100.0 641.77 1580.23 1399.78 63.04
4 51 -0.0004 -0.00053 100.0 642.04 1578.17 1398.3 63.332
4 52 0.0011 -1e-05 100.0 641.28 1579.91 1400.02 64.217
4 53 0.0002 0.00031 100.0 642.06 1581.26 1398.91 64.986
4 54 -0.0043 5e-05 100.0 642.06 1581.18 1398.89 65.416
4 55 -0.0045 -0.00019 100.0 641.59 1580.8 1401.02 66.206
4 56 0.0033 -2e-05 100.0 641.95 1579.11 1398.8 66.747
4 57 -0.0004 -0.00013 100.0 641.99 1580.64 1400.08 67.408
4 58 0.0008 0.00028 100.0 641.82 1580.41 1398.51 68.113
4 59 -0.0023 0.00017 100.0 641.89 1578.44 1402.37 68.925
4 60 0.0007 0.00012 100.0 641.93 1579.68 1397.25 69.681
4 61 0.0 -0.00033 100.0 641.95 1580.05 1400.88 70.245
4 62 0.0044 -0.00038 100.0 642.07 1581.01 1399.07 71.048
4 63 0.0009 7e-05 100.0 641.98 1579.76 1398.15 71.804
4 64 -0.0014 3e-05 100.0 642.1 1579.49 1397.57 72.636
4 65 0.0001 0.00011 100.0 642.01 1580.66 1399.13 73.429
4 66 0.0028 0.00024 100.0 641.63 1578.85 1401.25 74.198
4 67 0.0012 -4e-05 100.0 641.64 1579.99 1402.34 75.034
4 68 0.0009 0.00014 100.0 641.62 1579.17 1398.37 75.89
4 69 -0.0016 7e-05 100.0 641.74 1579.98 1399.27 76.639
4 70 0.0005 3e-05 100.0 641.53 1578.39 1397.6 77.417
4 71 0.0008 -0.00032 100.0 642.18 1581.43 1399.11 78.353
4 72 -0.0031 1e-05 100.0 641.63 1579.15 1399.1 79.342
4 73 0.0011 0.00053 100.0 641.94 1578.15 1402.98 80.098
4 74 0.0028 -8e-05 100.0 642.29 1580.94 1399.56 80.88
4 75 -0.0011 -0.00021 100.0 640.96 1580.49 1398.01 81.819
4 76 0.0025 -7e-05 100.0 642.13 1580.01 1401.06 82.725
4 77 -0.0019 8e-05 100.0 642.29 1581.24 1401.11 83.631
4 78 0.0014 -0.00051 100.0 642.32 1579.31 1397.5 84.619
4 79 0.0024 0.00016 100.0 641.69 1578.76 1398.88 85.475
4 80 0.0017 0.00012 100.0 642.34 1578.73 1398.2 86.474
4 81 -0.0012 5e-05 100.0 641.66 1581.75 1397.42 87.416
4 82 0.0011 2e-05 100.0 642.11 1580.58 1399.15 88.616
4 83 0.0001 -0.00019 100.0 642.24 1581.16 1401.21 89.262
4 84 0.0016 -1e-05 100.0 642.05 1581.3 1401.49 90.186
4 85 -0.0011 0.00011 100.0 642.28 1579.49 1401.01 91.533
4 86 0.0013 2e-05 100.0 641.63 1581.27 1401.41 92.313
4 87 -0.0014 0.00029 100.0 641.98 1580.55 1399.2 93.233
4 88 0.0004 0.00026 100.0 642.14 1580.93 1398.5 94.507
4 89 0.0005 0.00028 100.0 642.01 1579.71 1400.4 95.747
4 90 0.0008 0.00016 100.0 641.92 1578.66 1398.48 96.529
4 91 0.0001 -0.00013 100.0 642.23 1581.33 1402.9 97.638
4 92 0.0024 -0.00017 100.0 641.67 1581.5 1397.73 98.688
4 93 0.0036 -0.00013 100.0 641.95 1579.16 1401.4 99.816
4 94 0.0028 0.00023 100.0 641.95 1580.65 1399.77 100.949
4 95 -0.0006 -0.00011 100.0 642.16 1581.82 1399.26 101.993
4 96 0.003 -0.00012 100.0 641.5 1578.41 1400.12 103.191
4 97 -0.0017 -0.00013 100.0 642.51 1578.67 1397.51 104.318
4 98 0.0002 8e-05 100.0 641.96 1581.14 1398.07 105.36
4 99 0.003 0.00025 100.0 642.06 1580.24 1398.78 106.689
5 1 -0.0022 -0.00018 100.0 641.66 1580.98 1402.31 47.094
5 2 0.0008 -0.00027 100.0 642.08 1580.66 1400.51 47.237
5 3 -0.0031 0.0001 100.0 642.35 1579.72 1399.93 47.648
5 4 0.0011 -0.0002 100.0 641.98 1581.35 1399.5 48.515
5 5 -0.0003 0.00017 100.0 641.95 1580.27 1399.45 50.131
5 6 -0.0026 0.00014 100.0 641.52 1582.1 1402.07 52.812
5 7 -0.0016 -0.00014 100.0 642.08 1580.35 1399.65 56.886
5 8 0.0014 0.0003 100.0 641.75 1579.92 1398.93 62.617
5 9 0.0002 0.00015 100.0 642.07 1580.6 1400.71 70.47
5 10 -0.0015 1e-05 100.0 641.63 1581.04 1401.33 80.818
5 11 -0.0016 -0.00028 100.0 641.94 1581.29 1403.55 93.897
5 12 -0.0027 0.00014 100.0 642.22 1579.72 1402.18 110.144
5 13 -0.0011 0.00017 100.0 642.52 1582.39 1398.85 129.993
5 14 -0.0 -0.00014 100.0 641.99 1580.03 1397.12 154.053
5 15 -0.0006 -6e-05 100.0 642.43 1578.49 1401.22 182.635
5 16 -0.0007 -0.00012 100.0 642.1 1580.68 1401.45 216.383
5 17 -0.0027 -0.00026 100.0 641.75 1583.54 1401.87 255.33
5 18 -0.0003 7e-05 100.0 642.16 1580.66 1399.62 300.633
5 19 0.0004 0.0006 100.0 641.33 1579.72 1398.72 352.264
5 20 0.0008 0.00012 100.0 641.91 1581.11 1400.72 411.012
5 21 0.0011 -0.00018 100.0 641.66 1580.57 1398.61 477.487
5 22 -0.0025 1e-05 100.0 641.91 1581.17 1401.38 551.678
5 23 0.0049 9e-05 100.0 641.62 1579.74 1399.54 634.781
5 24 -0.0032 -0.00038 100.0 641.83 1581.23 1403.13 727.109
5 25 -0.0053 0.0 100.0 642.12 1578.96 1400.8 829.673
5 26 -0.0019 5e-05 100.0 642.28 1578.78 1400.13 942.195
5 27 0.0017 -5e-05 100.0 641.88 1578.81 1400.98 1065.786
5 28 0.0052 -0.00022 100.0 641.57 1579.64 1399.92 1201.244
5 29 0.0007 8e-05 100.0 642.3 1580.34 1402.64 1349.022
5 30 -0.0026 -4e-05 100.0 642.37 1581.32 1399.06 1509.41
5 31 -0.0001 1e-05 100.0 641.98 1581.48 1399.31 1683.42
5 32 0.0024 -0.0001 100.0 641.33 1579.27 1400.32 1871.864
5 33 -0.0012 -4e-05 100.0 642.19 1579.24 1398.22 2074.724
5 34 0.0013 -0.00023 100.0 641.34 1581.08 1401.91 2293.506
5 35 -0.0015 2e-05 100.0 642.0 1580.72 1401.0 2528.401
5 36 0.0002 0.00028 100.0 642.44 1580.85 1401.18 2780.205
5 37 -0.0009 -0.0001 100.0 641.74 1581.68 1401.05 3049.518
5 38 0.0034 0.00021 100.0 642.14 1580.24 1400.47 3337.105
5 39 0.0036 -4e-05 100.0 642.28 1578.76 1400.6 3643.685
5 40 -0.0007 -0.00028 100.0 641.8 1578.69 1398.82 3969.881
5 41 0.001 0.00021 100.0 642.27 1578.91 1402.28 4316.705
5 42 0.0003 0.00011 100.0 642.26 1578.69 1401.34 4684.547
5 43 0.0009 -0.00027 100.0 641.73 1580.72 1398.58 5074.319
5 44 -0.0014 0.00012 100.0 641.63 1580.66 1400.94 5487.008
5 45 0.0007 -0.00031 100.0 641.84 1578.79 1397.06 5922.857
5 46 -0.0007 0.00015 100.0 641.92 1580.81 1399.55 6382.935
5 47 0.0015 0.00012 100.0 642.09 1580.56 1397.7 6868.011
5 48 0.0007 0.00029 100.0 641.93 1579.95 1399.8 7378.666
5 49 0.0008 0.00022 100.0 641.61 1580.75 1401.99 7916.19
5 50 0.0003 0.0 100.0 642.31 1580.3 1401.57 8480.916
5 51 0.001 -0.00028 100.0 642.47 1579.02 1402.3 9073.431
5 52 -0.0012 2e-05 100.0 641.37 1580.75 1401.33 9695.181
5 53 0.0039 0.0 100.0 641.85 1578.73 1402.22 10346.758
5 54 0.0025 0.00034 100.0 642.4 1579.11 1399.27 11028.645
5 55 -0.0007 7e-05 100.0 641.74 1582.38 1399.2 11741.971
5 56 0.0001 0.00011 100.0 642.26 1580.5 1400.69 12487.667
5 57 0.0008 -4e-05 100.0 641.91 1580.29 1398.27 13265.92
5 58 -0.0001 -9e-05 100.0 642.47 1579.44 1399.77 14078.924
5 59 0.0013 -0.00016 100.0 641.77 1578.64 1400.93 14926.11
5 60 -0.0001 9e-05 100.0 641.81 1580.3 1401.23 15809.15
5 61 -0.0004 -0.00031 100.0 641.94 1579.75 1398.88 16728.474
5 62 -0.0001 0.0001 100.0 641.91 1579.69 1399.64 17685.309
5 63 -0.001 -7e-05 100.0 641.81 1578.56 1398.44 18680.524
5 64 0.0012 -0.00011 100.0 641.61 1579.45 1400.27 19714.569
5 65 0.0011 -0.00036 100.0 641.72 1579.96 1398.73 20788.838
5 66 0.0007 -0.0002 100.0 642.09 1580.22 1404.04 21903.996
5 67 0.0018 -0.00011 100.0 641.47 1579.9 1398.75 23060.998
5 68 0.0037 0.00016 100.0 641.81 1582.09 1399.52 24260.705
5 69 -0.0006 0.00017 100.0 642.11 1580.47 1397.11 25504.121
5 70 0.0025 -1e-05 100.0 641.58 1579.94 1402.56 26791.992
5 71 0.0031 -5e-05 100.0 641.89 1577.96 1398.61 28125.511
5 72 0.0044 -3e-05 100.0 641.91 1582.28 1402.44 29505.237
5 73 0.0004 -0.00022 100.0 641.55 1581.77 1398.25 30932.501
5 74 -0.0011 0.00017 100.0 641.75 1579.27 1399.19 32407.932
5 75 -0.0014 -5e-05 100.0 642.07 1581.46 1399.23 33932.657
5 76 -0.0022 0.00014 100.0 642.06 1579.36 1400.73 35507.874
5 77 0.0011 0.00025 100.0 641.91 1578.99 1398.67 37133.958
5 78 -0.0001 -0.00018 100.0 642.14 1577.5 1399.12 38812.152
5 79 -0.0045 -0.00042 100.0 641.8 1580.35 1399.72 40543.529
5 80 -0.0011 0.00028 100.0 642.14 1576.7 1399.25 42329.055
5 81 0.0015 4e-05 100.0 642.11 1580.17 1396.8 44169.636
5 82 -0.0006 6e-05 100.0 643.18 1577.5 1402.59 46066.339
5 83 -0.003 0.00015 100.0 641.87 1579.32 1400.49 48019.943
5 84 -0.0011 7e-05 100.0 641.66 1579.46 1401.89 50031.608
5 85 -0.0004 0.00013 100.0 642.23 1580.82 1402.77 52102.326
5 86 -0.0004 -1e-05 100.0 642.39 1579.14 1401.12 54233.211
5 87 0.0032 0.0002 100.0 642.08 1579.86 1400.32 56425.08
5 88 0.0018 0.00029 100.0 641.86 1578.93 1401.43 58679.111
5 89 0.002 -9e-05 100.0 641.93 1578.03 1399.41 60996.026
5 90 0.0002 -0.0006 100.0 641.94 1580.39 1398.28 63377.348
5 91 0.0009 0.0003 100.0 641.51 1581.45 1401.17 65823.631
5 92 0.0023 -0.00022 100.0 642.52 1581.12 1399.65 68336.127
5 93 0.0024 -5e-05 100.0 641.82 1579.37 1398.42 70915.962
5 94 -0.0038 -1e-05 100.0 641.83 1577.82 1400.41 73564.199
5 95 0.0025 -0.00017 100.0 642.6 1581.09 1400.16 76281.496
5 96 0.0015 6e-05 100.0 642.06 1580.32 1401.91 79069.564
5 97 -0.0023 0.00048 100.0 641.71 1579.85 1400.14 81928.69
5 98 -0.0019 2e-05 100.0 642.18 1580.09 1399.68 84860.889
5 99 -0.0038 -0.00017 100.0 641.63 1580.4 1399.77 87866.254
6 1 -0.0037 0.00021 100.0 641.93 1578.3 1400.98 46.857
6 2 0.0023 -0.0001 100.0 642.13 1577.4 1399.51 47.108
6 3 0.0025 -1e-05 100.0 641.81 1579.92 1398.72 47.103
6 4 -0.0016 -0.00045 100.0 641.61 1580.58 1400.69 47.427
6 5 -0.0001 -0.0001 100.0 641.94 1580.4 1402.94 47.96
6 6 0.0034 0.0001 100.0 641.91 1580.19 1400.08 48.439
6 7 0.0004 0.0001 100.0 641.79 1580.32 1398.64 49.41
6 8 0.0008 9e-05 100.0 641.81 1577.38 1401.72 50.541
6 9 -0.0021 -0.00036 100.0 642.41 1579.44 1399.57 51.848
6 10 -0.0008 -7e-05 100.0 642.39 1579.8 1398.98 53.896
6 11 0.0 -0.00032 100.0 641.91 1580.18 1401.53 55.806
6 12 0.0029 -0.00011 100.0 641.92 1581.64 1402.14 58.507
6 13 -0.0006 5e-05 100.0 642.11 1581.95 1399.25 61.649
6 14 0.0015 -4e-05 100.0 642.38 1579.72 1401.75 64.909
6 15 0.0013 -0.00035 100.0 641.86 1582.82 1396.0 68.898
6 16 0.0026 -0.00024 100.0 641.97 1581.81 1398.96 73.277
6 17 0.0026 0.00022 100.0 641.86 1580.09 1399.5 78.459
6 18 -0.0045 0.00025 100.0 641.65 1579.14 1398.46 83.982
6 19 -0.0017 -4e-05 100.0 641.9 1581.8 1399.29 90.138
6 20 -0.0012 -2e-05 100.0 642.1 1579.55 1399.24 96.94
6 21 -0.0004 1e-05 100.0 641.84 1579.57 1399.88 104.625
6 22 0.0007 -1e-05 100.0 642.3 1580.12 1399.24 112.821
6 23 -0.0005 0.00016 100.0 642.1 1578.78 1401.4 121.728
6 24 -0.0012 0.00013 100.0 642.02 1581.45 1399.6 131.62
6 25 0.0014 -0.00016 100.0 641.84 1577.62 1399.08 142.327
6 26 0.0013 -0.00047 100.0 641.8 1577.68 1398.99 153.671
6 27 -0.0003 -3e-05 100.0 641.64 1580.73 1401.07 165.963
6 28 0.0031 -0.00017 100.0 641.6 1582.04 1398.7 179.01
6 29 -0.0006 0.00012 100.0 641.66 1580.63 1399.51 193.211
6 30 0.001 0.00019 100.0 641.57 1580.91 1398.28 208.124
6 31 0.0028 -0.00023 100.0 642.35 1580.58 1398.96 224.118
6 32 0.0021 4e-05 100.0 641.94 1580.73 1401.67 241.105
6 33 -0.0037 -0.00016 100.0 641.45 1578.42 1402.65 259.132
6 34 0.0029 6e-05 100.0 642.06 1581.11 1400.81 278.35
6 35 -0.0009 0.00018 100.0 641.78 1580.7 1399.41 298.464
6 36 -0.0034 0.00037 100.0 642.51 1581.95 1401.38 319.766
6 37 0.0012 -0.00026 100.0 641.77 1580.87 1398.44 342.188
6 38 -0.0006 -0.00042 100.0 642.21 1581.29 1400.49 365.608
6 39 -0.0004 -6e-05 100.0 642.16 1579.62 1399.97 390.459
6 40 -0.0011 -0.00017 100.0 641.92 1581.73 1396.69 416.505
6 41 -0.0015 0.0 100.0 642.02 1581.95 1402.93 443.793
6 42 -0.0021 -6e-05 100.0 641.76 1580.75 1399.64 472.346
6 43 0.0002 3e-05 100.0 642.31 1582.28 1400.37 502.092
6 44 0.0013 -0.00023 100.0 642.35 1579.86 1400.38 533.513
6 45 -0.0039 0.00014 100.0 642.52 1581.4 1398.13 566.085
6 46 -0.0008 6e-05 100.0 642.09 1581.84 1399.01 599.848
6 47 0.0012 0.00055 100.0 641.77 1580.03 1399.55 635.175
6 48 -0.0028 -0.00012 100.0 641.75 1581.7 1397.62 672.143
6 49 0.0021 2e-05 100.0 641.81 1579.96 1400.41 710.407
6 50 0.0024 0.00023 100.0 642.3 1579.02 1397.55 750.182
6 51 0.0035 0.00014 100.0 641.88 1578.9 1400.49 791.491
6 52 0.0015 0.00029 100.0 642.25 1580.0 1401.63 834.561
6 53 -0.0006 -5e-05 100.0 641.48 1581.25 1400.52 878.881
6 54 0.0024 0.00046 100.0 641.81 1578.98 1400.13 925.261
6 55 -0.0017 -0.00022 100.0 641.62 1582.37 1399.97 972.786
6 56 -0.0016 0.00027 100.0 642.07 1580.41 1401.93 1022.182
6 57 -0.0041 0.00016 100.0 642.65 1580.72 1398.62 1073.113
6 58 0.0024 -0.00023 100.0 641.95 1580.92 1401.52 1125.911
6 59 0.0004 -0.0002 100.0 641.83 1577.29 1398.23 1180.617
6 60 -0.0025 0.0 100.0 642.1 1579.78 1399.26 1236.761
6 61 -0.0004 0.00019 100.0 641.79 1578.89 1399.64 1294.654
6 62 0.0003 0.0001 100.0 641.66 1582.39 1398.83 1354.932
6 63 -0.0017 -7e-05 100.0 641.84 1577.84 1402.24 1416.78
6 64 0.0002 -0.00014 100.0 641.89 1578.99 1401.01 1480.061
6 65 0.0004 0.00028 100.0 642.08 1577.78 1401.38 1545.81
6 66 -0.0015 -9e-05 100.0 641.76 1579.75 1401.21 1613.188
6 67 0.0024 6e-05 100.0 641.66 1579.09 1400.26 1682.572
6 68 -0.0014 0.00018 100.0 641.75 1581.31 1400.65 1753.988
6 69 0.0053 0.00011 100.0 641.76 1579.88 1399.26 1827.453
6 70 -0.0012 0.00017 100.0 642.14 1581.65 1399.87 1902.852
6 71 0.0003 -0.00012 100.0 641.68 1578.48 1402.29 1980.31
6 72 0.0007 0.00024 100.0 642.24 1579.65 1397.83 2059.883
6 73 0.0025 0.00011 100.0 641.83 1581.52 1400.32 2141.708
6 74 -0.0027 0.0001 100.0 642.52 1580.06 1400.87 2225.265
6 75 -0.0031 3e-05 100.0 642.58 1581.68 1400.83 2311.513
6 76 -0.001 -0.00011 100.0 642.07 1578.54 1399.68 2399.516
6 77 -0.0048 -7e-05 100.0 641.96 1580.34 1396.25 2489.907
6 78 0.0003 -0.00015 100.0 642.06 1579.13 1400.01 2582.565
6 79 0.0042 0.00012 100.0 642.05 1580.66 1400.1 2677.575
6 80 0.0006 3e-05 100.0 642.25 1578.03 1400.18 2774.604
6 81 -0.0022 0.00035 100.0 641.7 1579.05 1400.15 2874.114
6 82 -0.0018 0.00023 100.0 641.9 1580.13 1400.76 2975.72
6 83 -0.0028 0.00053 100.0 641.83 1580.74 1401.56 3080.048
6 84 -0.001 0.00012 100.0 641.61 1580.6 1399.48 3186.693
6 85 -0.0011 0.00032 100.0 641.49 1579.28 1401.62 3295.643
6 86 0.0003 -7e-05 100.0 642.08 1580.41 1400.42 3407.372
6 87 0.0003 0.0 100.0 641.68 1577.35 1401.66 3521.152
6 88 0.0027 -0.00023 100.0 641.75 1578.8 1399.57 3637.636
6 89 -0.0024 5e-05 100.0 641.84 1581.37 1397.4 3756.272
6 90 0.0024 -0.00012 100.0 641.59 1578.32 1400.51 3878.275
6 91 0.0013 0.00017 100.0 642.13 1580.74 1402.67 4001.908
6 92 0.0036 -0.00029 100.0 642.73 1579.52 1399.08 4128.692
6 93 0.002 -0.00018 100.0 642.04 1580.0 1399.66 4257.802
6 94 0.0017 0.00042 100.0 641.89 1578.93 1399.91 4389.907
6 95 0.0019 4e-05 100.0 641.25 1579.95 1400.07 4524.543
6 96 0.0003 0.00017 100.0 642.12 1581.87 1399.34 4661.891
6 97 0.001 -0.00037 100.0 641.76 1579.24 1398.88 4801.709
6 98 -0.003 2e-05 100.0 642.56 1579.13 1400.3 4944.357
6 99 -0.0002 0.0002 100.0 641.53 1581.6 1401.77 5089.959
7 1 -0.0006 9e-05 100.0 642.06 1580.78 1399.45 47.066
7 2 -0.0023 0.00015 100.0 641.89 1580.0 1401.73 46.988
7 3 0.0011 4e-05 100.0 642.24 1579.03 1397.46 47.132
7 4 -0.0002 8e-05 100.0 641.79 1580.91 1401.58 47.171
7 5 0.0 -0.00029 100.0 641.75 1580.64 1402.43 47.126
7 6 -0.001 -0.00028 100.0 641.47 1581.55 1401.15 47.037
7 7 0.0027 -0.00014 100.0 641.81 1580.13 1400.11 47.04
7 8 -0.0006 -9e-05 100.0 641.65 1579.97 1398.91 46.99
7 9 -0.0011 8e-05 100.0 641.82 1579.55 1401.08 47.257
7 10 0.0044 0.0 100.0 642.04 1578.64 1401.84 47.209
7 11 -0.0003 7e-05 100.0 642.01 1581.19 1399.08 47.089
7 12 0.0008 -0.00014 100.0 642.23 1580.98 1399.36 47.331
7 13 -0.0004 0.00036 100.0 642.35 1580.66 1399.45 47.313
7 14 -0.0027 4e-05 100.0 642.31 1580.41 1399.5 47.211
7 15 0.0008 8e-05 100.0 642.54 1578.97 1403.44 47.273
7 16 -0.002 0.00028 100.0 642.09 1580.57 1401.41 47.222
7 17 0.0001 4e-05 100.0 642.18 1579.73 1398.61 47.335
7 18 -0.002 -6e-05 100.0 642.24 1581.2 1398.91 47.178
7 19 -0.0027 -0.00025 100.0 641.92 1579.93 1400.33 47.337
7 20 -0.0023 0.0 100.0 642.28 1580.02 1401.57 47.08
7 21 0.0028 -8e-05 100.0 641.83 1578.14 1402.62 47.391
7 22 -0.0033 -6e-05 100.0 641.85 1578.81 1402.74 47.438
7 23 -0.0 0.0 100.0 642.5 1581.08 1397.49 47.413
7 24 0.001 0.00014 100.0 642.19 1578.31 1399.39 47.4
7 25 0.0001 -0.00021 100.0 641.91 1579.86 1401.11 47.455
7 26 -0.0002 -9e-05 100.0 641.55 1581.75 1401.21 47.334
7 27 0.0023 1e-05 100.0 642.33 1582.29 1399.09 47.418
7 28 0.0005 -0.00033 100.0 642.45 1579.99 1400.44 47.472
7 29 -0.0011 0.00021 100.0 641.83 1578.29 1399.22 47.539
7 30 -0.0013 -0.00033 100.0 641.76 1580.28 1398.01 47.422
7 31 -0.0014 -6e-05 100.0 641.91 1579.98 1401.37 47.638
7 32 -0.0008 6e-05 100.0 641.68 1578.9 1399.26 47.458
7 33 -0.0016 2e-05 100.0 642.1 1580.58 1399.3 47.492
7 34 -0.0013 -0.00018 100.0 642.07 1581.88 1400.1 47.578
7 35 0.001 -0.00017 100.0 641.56 1581.12 1396.65 47.531
7 36 0.0016 0.00026 100.0 641.73 1581.74 1400.02 47.582
7 37 -0.001 -2e-05 100.0 641.64 1579.74 1398.89 47.667
7 38 0.0008 -0.00011 100.0 642.12 1580.67 1399.8 47.655
7 39 -0.0008 -7e-05 100.0 641.83 1581.44 1397.79 47.818
7 40 -0.0028 0.00026 100.0 642.26 1578.5 1398.34 47.732
7 41 -0.0006 -7e-05 100.0 641.67 1579.47 1401.77 47.751
7 42 -0.002 0.00028 100.0 641.69 1581.42 1402.51 47.661
7 43 -0.0007 0.00016 100.0 642.16 1581.69 1399.78 47.708
7 44 -0.0012 -0.00028 100.0 642.34 1580.17 1399.13 47.663
7 45 0.0009 -4e-05 100.0 641.92 1578.73 1399.93 47.738
7 46 0.0031 0.00048 100.0 641.76 1581.2 1400.18 47.876
7 47 0.0027 -0.00013 100.0 641.87 1579.7 1400.89 47.78
7 48 -0.0005 -0.00033 100.0 641.96 1580.74 1402.26 47.883
7 49 0.0006 -2e-05 100.0 641.75 1579.83 1401.18 47.937
7 50 0.003 8e-05 100.0 641.13 1580.84 1399.62 47.822
7 51 0.0024 -0.00011 100.0 642.32 1581.38 1399.67 47.843
7 52 -0.0007 0.00022 100.0 642.17 1580.94 1400.93 47.931
7 53 -0.0015 0.00026 100.0 641.83 1579.33 1402.91 47.92
7 54 -0.0013 -0.00019 100.0 642.15 1580.36 1402.43 47.837
7 55 0.0001 0.00019 100.0 642.5 1578.94 1396.12 47.956
7 56 0.0015 -0.00024 100.0 642.25 1578.76 1399.78 47.884
7 57 0.003 0.00013 100.0 642.36 1580.57 1398.92 48.021
7 58 0.002 -0.00011 100.0 642.26 1579.31 1400.29 47.835
7 59 0.0017 -7e-05 100.0 642.45 1581.4 1399.87 47.874
7 60 -0.0024 -5e-05 100.0 641.96 1579.61 1400.54 48.066
7 61 0.0013 -0.00038 100.0 642.55 1578.6 1400.78 48.105
7 62 0.0007 3e-05 100.0 642.26 1580.71 1399.87 48.132
7 63 0.005 0.00025 100.0 642.06 1579.56 1398.94 47.94
7 64 0.0002 2e-05 100.0 642.1 1581.75 1397.76 48.011
7 65 -0.0005 0.0005 100.0 642.11 1581.34 1402.26 48.016
7 66 -0.001 0.0001 100.0 642.11 1578.31 1400.14 47.956
7 67 0.0009 -0.00034 100.0 641.75 1579.09 1402.9 48.166
7 68 0.0024 -0.00017 100.0 641.94 1580.01 1401.23 48.252
7 69 0.0001 -5e-05 100.0 641.84 1580.72 1399.65 48.211
7 70 -0.0002 -0.00032 100.0 642.51 1582.87 1400.57 48.221
7 71 0.0032 1e-05 100.0 641.96 1579.14 1399.09 48.173
7 72 -0.001 -0.00032 100.0 641.8 1581.41 1399.68 48.279
7 73 -0.0025 -0.00022 100.0 641.83 1582.02 1402.77 48.279
7 74 0.0006 0.0002 100.0 641.76 1580.26 1399.51 48.275
7 75 0.0032 -2e-05 100.0 642.3 1579.13 1403.22 48.213
7 76 0.0019 0.00044 100.0 641.65 1581.05 1399.95 48.241
7 77 -0.0019 1e-05 100.0 641.63 1580.23 1401.72 48.278
7 78 0.0002 0.00014 100.0 641.51 1580.28 1399.19 48.51
7 79 0.0007 0.00017 100.0 641.7 1579.4 1402.14 48.412
7 80 0.0015 0.00023 100.0 642.24 1579.52 1398.85 48.433
7 81 0.0011 -0.00026 100.0 641.83 1579.8 1402.43 48.334
7 82 -0.0006 -7e-05 100.0 641.93 1578.59 1399.84 48.434
7 83 -0.0001 -0.0001 100.0 642.44 1579.56 1400.07 48.42
7 84 -0.0004 0.00015 100.0 642.02 1580.1 1398.71 48.486
7 85 0.0011 -3e-05 100.0 642.05 1580.2 1400.63 48.478
7 86 0.0013 0.00016 100.0 641.63 1581.22 1401.16 48.422
7 87 0.0024 -0.0001 100.0 641.81 1578.82 1398.37 48.515
7 88 -0.0012 0.00028 100.0 641.94 1579.19 1398.36 48.654
7 89 -0.0003 -6e-05 100.0 642.64 1578.99 1401.12 48.458
7 90 0.0002 -0.00013 100.0 641.97 1578.61 1397.48 48.457
7 91 0.0003 -0.00052 100.0 642.3 1582.04 1398.98 48.77
7 92 0.0001 -0.00054 100.0 642.03 1580.18 1399.94 48.591
7 93 -0.0003 0.00022 100.0 642.15 1581.61 1400.55 48.662
7 94 -0.0044 0.00026 100.0 641.85 1579.08 1399.95 48.418
7 95 -0.0037 2e-05 100.0 642.1 1580.27 1401.89 48.647
7 96 -0.0008 -0.00014 100.0 641.97 1578.86 1399.09 48.804
7 97 0.0009 -3e-05 100.0 642.45 1579.28 1399.27 48.692
7 98 -0.0019 0.0002 100.0 641.98 1579.88 1401.46 48.592
7 99 -0.0003 0.00019 100.0 641.67 1578.43 1402.9 48.732
8 1 0.0014 4e-05 100.0 641.92 1579.63 1401.1 47.106
8 2 -0.0033 0.00012 100.0 642.17 1577.91 1399.44 47.035
8 3 -0.0004 -0.00023 100.0 641.53 1579.05 1400.22 46.984
8 4 -0.0003 9e-05 100.0 642.02 1579.3 1399.61 46.898
8 5 -0.0007 -0.00033 100.0 642.04 1579.62 1400.04 47.17
8 6 -0.0024 -7e-05 100.0 642.27 1582.39 1403.42 47.212
8 7 0.0003 0.00039 100.0 641.99 1580.29 1397.72 47.371
8 8 -0.0017 -0.00038 100.0 641.82 1579.52 1398.3 47.265
8 9 0.0021 -0.00011 100.0 642.45 1580.43 1402.05 47.145
8 10 -0.0058 0.00012 100.0 641.78 1577.94 1400.05 47.095
8 11 0.0033 0.00012 100.0 642.14 1581.27 1400.3 47.195
8 12 -0.0008 0.00011 100.0 641.93 1577.29 1398.65 47.13
8 13 0.0039 5e-05 100.0 641.63 1577.73 1399.11 47.147
8 14 -0.0002 -0.0004 100.0 641.73 1578.11 1398.17 47.333
8 15 0.0006 1e-05 100.0 641.82 1578.41 1396.81 47.156
8 16 0.0005 -0.00012 100.0 641.67 1580.91 1402.29 47.352
8 17 -0.0003 0.00024 100.0 641.8 1579.01 1401.02 47.305
8 18 0.0016 0.00044 100.0 641.9 1579.32 1398.32 47.264
8 19 0.0033 -0.00014 100.0 641.8 1579.11 1398.98 47.287
8 20 -0.0023 -0.00018 100.0 641.63 1580.35 1399.9 47.284
8 21 0.0028 -0.00021 100.0 642.01 1580.12 1400.16 47.512
8 22 0.0021 0.00015 100.0 641.95 1577.93 1398.63 47.337
8 23 0.0019 0.00022 100.0 641.82 1579.44 1397.32 47.487
8 24 -0.0004 -0.00035 100.0 642.48 1580.51 1402.34 47.519
8 25 0.0006 0.00046 100.0 641.46 1580.2 1401.43 47.514
8 26 -0.0023 -0.00017 100.0 641.98 1580.02 1397.98 47.248
8 27 0.0013 0.00012 100.0 641.97 1579.28 1400.48 47.352
8 28 0.0037 0.0002 100.0 642.09 1581.24 1400.67 47.438
8 29 -0.0002 -0.00016 100.0 641.25 1580.12 1399.51 47.668
8 30 -0.001 9e-05 100.0 641.46 1580.48 1398.84 47.553
8 31 0.0018 7e-05 100.0 642.32 1578.84 1399.88 47.538
8 32 0.0012 -3e-05 100.0 642.33 1579.51 1399.07 47.59
8 33 -0.0018 0.00019 100.0 642.11 1579.25 1400.51 47.677
8 34 0.0015 0.0001 100.0 642.37 1580.39 1399.75 47.442
8 35 -0.0011 -1e-05 100.0 642.4 1580.42 1398.69 47.732
8 36 -0.0002 -0.00013 100.0 641.86 1579.55 1402.77 47.724
8 37 -0.0015 1e-05 100.0 641.98 1578.33 1401.56 47.711
8 38 0.0022 0.00025 100.0 642.07 1577.37 1399.5 47.643
8 39 -0.0006 2e-05 100.0 642.28 1579.09 1399.44 47.568
8 40 -0.0016 -2e-05 100.0 642.08 1579.85 1401.45 47.784
8 41 0.0006 -0.00032 100.0 642.16 1579.44 1397.73 47.801
8 42 0.0004 -6e-05 100.0 642.35 1580.72 1396.96 47.697
8 43 0.0002 -0.00013 100.0 642.1 1579.41 1399.27 47.608
8 44 0.0022 -0.00034 100.0 641.82 1579.35 1401.49 47.762
8 45 -0.0021 0.00013 100.0 642.42 1581.87 1400.78 47.844
8 46 -0.0023 9e-05 100.0 641.9 1580.46 1398.79 47.7
8 47 0.0013 9e-05 100.0 642.37 1580.85 1401.47 47.991
8 48 0.0002 -9e-05 100.0 641.59 1580.24 1399.88 47.911
8 49 0.0017 -0.0 100.0 641.75 1579.36 1399.02 47.89
8 50 -0.0025 0.00014 100.0 641.89 1580.0 1402.43 47.809
8 51 -0.001 -0.00037 100.0 641.74 1581.76 1400.81 47.92
8 52 0.0017 -0.00039 100.0 641.99 1578.76 1398.43 47.912
8 53 0.0006 -0.00015 100.0 641.94 1580.6 1399.56 47.938
8 54 -0.0019 -0.00012 100.0 642.15 1580.18 1400.57 47.919
8 55 -0.0023 0.00011 100.0 641.92 1581.63 1399.47 47.883
8 56 0.0021 0.00029 100.0 641.62 1582.37 1400.62 48.093
8 57 0.0022 0.00024 100.0 641.97 1581.46 1400.38 48.072
8 58 0.0003 2e-05 100.0 642.24 1579.78 1400.21 47.883
8 59 0.0021 -0.00015 100.0 641.59 1577.93 1397.1 48.162
8 60 -0.0003 -5e-05 100.0 641.97 1578.94 1401.28 48.039
8 61 0.0029 -0.00029 100.0 642.22 1578.85 1401.31 48.067
8 62 0.0033 -0.00032 100.0 641.91 1580.84 1398.18 48.088
8 63 0.0004 2e-05 100.0 642.13 1579.18 1398.73 48.053
8 64 -0.001 -0.00017 100.0 642.26 1579.53 1400.48 48.095
8 65 -0.0005 -0.00013 100.0 641.85 1579.46 1401.75 48.083
8 66 -0.0007 -3e-05 100.0 642.03 1578.58 1399.55 48.132
8 67 0.0036 -9e-05 100.0 642.04 1581.47 1399.98 48.219
8 68 -0.0004 -0.00012 100.0 642.16 1581.64 1397.93 48.086
8 69 0.0027 -6e-05 100.0 642.0 1581.61 1399.84 48.194
8 70 -0.0023 0.00037 100.0 642.07 1582.08 1397.78 48.29
8 71 -0.0025 0.0 100.0 641.8 1578.95 1401.72 48.141
8 72 -0.0023 0.00045 100.0 642.31 1579.32 1400.62 48.205
8 73 0.0033 -8e-05 100.0 642.0 1581.99 1399.12 48.225
8 74 0.0013 -0.00026 100.0 641.83 1578.37 1400.62 48.333
8 75 -0.0012 0.00039 100.0 642.36 1580.72 1399.41 48.252
8 76 -0.0 4e-05 100.0 641.98 1578.24 1401.97 48.155
8 77 -0.0005 0.00053 100.0 641.82 1582.1 1399.41 48.594
8 78 0.0007 -3e-05 100.0 641.59 1580.34 1399.74 48.318
8 79 -0.0016 -5e-05 100.0 642.17 1578.71 1400.19 48.573
8 80 -0.0006 -0.00023 100.0 642.63 1579.17 1401.03 48.277
8 81 -0.0025 0.00019 100.0 642.12 1580.67 1396.07 48.405
8 82 0.0019 0.00015 100.0 642.06 1578.49 1401.1 48.31
8 83 0.0018 0.00023 100.0 642.47 1578.59 1398.82 48.523
8 84 -0.0025 -0.00025 100.0 641.78 1579.22 1397.59 48.369
8 85 -0.001 2e-05 100.0 642.08 1580.52 1399.24 48.424
8 86 -0.0008 0.00025 100.0 642.29 1581.54 1399.06 48.321
8 87 0.001 0.00011 100.0 642.18 1579.89 1402.33 48.476
8 88 0.0003 -0.00024 100.0 641.83 1579.44 1401.15 48.562
8 89 0.0004 0.0001 100.0 642.29 1580.05 1399.59 48.71
8 90 0.0001 0.0004 100.0 642.63 1579.05 1400.0 48.336
8 91 0.0003 -2e-05 100.0 642.48 1580.49 1398.56 48.548
8 92 0.0004 -0.00013 100.0 642.11 1580.03 1400.83 48.465
8 93 -0.0011 8e-05 100.0 641.81 1576.28 1400.19 48.668
8 94 0.0012 -7e-05 100.0 642.61 1579.8 1398.76 48.808
8 95 0.0024 -0.00012 100.0 641.8 1580.3 1398.78 48.664
8 96 0.0005 0.0002 100.0 641.62 1580.94 1398.55 48.708
8 97 -0.0008 5e-05 100.0 641.69 1580.6 1398.74 48.639
8 98 0.0001 0.00013 100.0 642.01 1580.03 1401.11 48.812
8 99 0.0024 -1e-05 100.0 641.9 1576.07 1398.77 48.801
9 1 -0.0001 0.00029 100.0 641.37 1578.19 1400.63 47.012
9 2 -0.0038 -8e-05 100.0 641.91 1578.94 1399.22 46.971
9 3 -0.0015 -0.00041 100.0 641.96 1582.58 1402.75 47.061
9 4 0.0032 -5e-05 100.0 642.11 1578.97 1398.78 47.079
9 5 -0.0014 0.00023 100.0 641.72 1579.93 1399.5 47.177
9 6 -0.0007 0.00017 100.0 642.09 1579.57 1400.62 46.994
9 7 0.0014 -4e-05 100.0 642.35 1579.97 1398.01 47.061
9 8 -0.0008 3e-05 100.0 642.1 1581.21 1401.92 47.006
9 9 -0.0017 -0.00029 100.0 642.45 1579.03 1399.3 47.204
9 10 0.0004 0.00012 100.0 642.48 1579.76 1398.68 47.246
9 11 0.0006 8e-05 100.0 642.42 1579.03 1399.57 47.228
9 12 0.0002 0.00012 100.0 641.62 1582.81 1399.65 47.27
9 13 -0.0006 5e-05 100.0 642.02 1579.19 1400.62 47.224
9 14 -0.0051 -6e-05 100.0 641.75 1578.36 1398.93 47.205
9 15 0.0052 0.00023 100.0 642.05 1580.05 1401.89 47.279
9 16 -0.0006 -5e-05 100.0 641.85 1581.04 1397.47 47.309
9 17 0.0009 -0.00016 100.0 642.18 1579.11 1399.38 47.435
9 18 -0.0009 -0.00013 100.0 642.18 1580.21 1400.59 47.519
9 19 0.0015 -3e-05 100.0 642.15 1580.24 1399.37 47.378
9 20 -0.0 -0.00013 100.0 642.08 1578.78 1397.47 47.374
9 21 -0.0009 8e-05 100.0 641.71 1581.45 1399.01 47.44
9 22 -0.0018 0.00012 100.0 641.56 1580.46 1399.33 47.349
9 23 0.0027 -0.00037 100.0 641.92 1578.92 1400.46 47.428
9 24 0.0008 0.0002 100.0 642.26 1579.49 1398.3 47.543
9 25 0.0017 0.00016 100.0 642.11 1580.12 1398.65 47.643
9 26 -0.0001 -0.00017 100.0 642.11 1580.78 1401.32 47.462
9 27 0.0043 0.00018 100.0 641.7 1579.94 1399.63 47.548
9 28 -0.0004 4e-05 100.0 642.14 1579.56 1399.59 47.717
9 29 -0.0028 0.00026 100.0 642.0 1579.65 1399.11 47.681
9 30 0.002 -8e-05 100.0 642.36 1578.49 1401.18 47.885
9 31 -0.0018 0.00013 100.0 641.86 1581.83 1400.55 47.735
9 32 -0.0023 -3e-05 100.0 642.06 1580.58 1399.9 47.814
9 33 -0.0007 0.00017 100.0 641.96 1580.96 1399.41 47.783
9 34 -0.0015 -0.00057 100.0 641.88 1581.24 1398.97 47.775
9 35 0.0009 -0.00045 100.0 642.39 1577.51 1398.57 47.72
9 36 -0.0019 -0.00019 100.0 642.34 1582.45 1400.44 47.746
9 37 0.0002 -7e-05 100.0 642.08 1582.23 1401.46 47.834
9 38 -0.0018 -0.00048 100.0 642.19 1579.2 1399.66 48.143
9 39 -0.0014 0.0001 100.0 642.53 1578.04 1400.08 47.895
9 40 0.0027 0.00026 100.0 641.59 1578.82 1398.75 47.868
9 41 0.0001 6e-05 100.0 642.37 1579.79 1399.51 47.877
9 42 0.0001 0.0001 100.0 642.01 1580.94 1400.19 47.874
9 43 -0.0032 -4e-05 100.0 641.98 1579.43 1400.28 48.019
9 44 0.0 -0.00025 100.0 641.5 1577.81 1401.57 47.727
9 45 0.0005 0.00018 100.0 642.3 1580.61 1399.72 48.046
9 46 0.0018 0.00041 100.0 642.01 1579.69 1397.58 47.972
9 47 0.003 -0.0001 100.0 642.29 1578.99 1400.2 47.953
9 48 0.0009 0.00017 100.0 641.46 1579.2 1397.14 48.061
9 49 0.0003 -0.0004 100.0 642.09 1579.61 1401.11 48.063
9 50 -0.0038 -0.00025 100.0 641.88 1578.48 1399.34 48.201
9 51 -0.0014 -1e-05 100.0 642.07 1580.37 1400.0 48.144
9 52 0.0032 0.00013 100.0 641.51 1579.07 1401.33 48.108
9 53 -0.0035 4e-05 100.0 642.03 1582.09 1403.08 48.328
9 54 -0.0015 -1e-05 100.0 641.87 1580.59 1400.06 48.204
9 55 0.0009 -0.00024 100.0 642.05 1580.75 1399.58 48.338
9 56 0.0006 3e-05 100.0 641.97 1578.47 1398.75 48.19
9 57 0.0014 0.00024 100.0 641.82 1580.07 1398.99 48.343
9 58 0.0002 -0.0002 100.0 642.32 1580.04 1401.21 48.333
9 59 0.0013 -0.0 100.0 641.7 1582.81 1399.5 48.331
9 60 -0.0015 -0.00033 100.0 641.43 1580.9 1402.32 48.205
9 61 -0.0001 -0.00017 100.0 641.72 1579.22 1400.92 48.318
9 62 0.001 9e-05 100.0 642.2 1579.6 1400.21 48.432
9 63 -0.0009 -0.00011 100.0 642.43 1580.7 1399.32 48.399
9 64 0.0004 0.00024 100.0 641.81 1579.49 1401.59 48.48
9 65 -0.0024 8e-05 100.0 641.65 1579.88 1401.48 48.519
9 66 -0.0023 0.0 100.0 641.47 1580.14 1398.74 48.458
9 67 -0.0018 0.00028 100.0 641.8 1583.06 1400.98 48.29
9 68 0.0027 -0.0002 100.0 641.83 1578.62 1400.38 48.407
9 69 0.0009 5e-05 100.0 642.33 1581.86 1397.01 48.322
9 70 0.0005 -0.00012 100.0 641.58 1581.19 1400.27 48.471
9 71 -0.0018 -0.0003 100.0 641.26 1579.73 1402.16 48.492
9 72 0.0005 -3e-05 100.0 642.19 1579.3 1399.48 48.638
9 73 0.0002 0.00028 100.0 642.73 1577.95 1401.84 48.716
9 74 -0.0015 0.00016 100.0 642.02 1580.91 1399.41 48.711
9 75 -0.0011 7e-05 100.0 642.19 1580.04 1396.51 48.576
9 76 0.0009 -9e-05 100.0 641.24 1581.58 1400.25 48.642
9 77 0.0008 -0.00017 100.0 642.55 1579.12 1402.5 48.758
9 78 -0.0016 3e-05 100.0 642.12 1580.81 1399.6 48.948
9 79 -0.0006 0.0001 100.0 641.91 1579.97 1402.18 48.907
9 80 -0.0008 0.00016 100.0 641.94 1580.37 1400.99 48.859
9 81 -0.0016 -8e-05 100.0 641.8 1578.17 1399.24 48.739
9 82 0.0009 6e-05 100.0 641.48 1577.63 1398.88 48.877
9 83 -0.0007 -0.00017 100.0 642.35 1579.21 1400.69 48.761
9 84 0.0007 -0.00032 100.0 642.22 1580.43 1401.45 48.8
9 85 0.0022 -0.00022 100.0 642.11 1580.62 1399.43 49.094
9 86 0.0006 0.00027 100.0 641.38 1580.81 1398.38 48.965
9 87 0.0012 -0.00034 100.0 642.37 1581.35 1399.21 49.009
9 88 0.004 0.00011 100.0 642.42 1579.54 1397.2 48.88
9 89 -0.0016 -3e-05 100.0 641.71 1580.34 1400.39 49.047
9 90 0.0038 -0.00029 100.0 641.9 1581.17 1398.88 48.843
9 91 -0.002 -9e-05 100.0 641.8 1579.78 1402.06 48.989
9 92 -0.0001 0.00023 100.0 642.03 1580.21 1398.55 49.103
9 93 0.0025 -4e-05 100.0 641.79 1577.82 1400.81 48.898
9 94 0.0018 -0.00013 100.0 641.71 1579.64 1399.55 48.981
9 95 0.0007 0.00018 100.0 641.91 1579.11 1399.5 49.147
9 96 0.0005 -0.0 100.0 641.64 1581.2 1398.65 49.101
9 97 0.0023 -0.00018 100.0 641.85 1580.74 1394.63 49.132
9 98 -0.0017 -0.00032 100.0 642.11 1581.53 1400.3 49.211
9 99 -0.0014 1e-05 100.0 641.41 1579.25 1399.56 49.157
10 1 -0.0037 -0.00016 100.0 641.61 1580.77 1401.21 46.767
10 2 -0.0007 -0.0001 100.0 641.78 1579.87 1402.16 47.127
10 3 -0.001 0.00011 100.0 642.56 1580.54 1400.03 47.014
10 4 0.0 -0.00018 100.0 641.68 1580.82 1399.77 47.105
10 5 -0.0007 -0.00026 100.0 641.69 1578.71 1400.57 47.009
10 6 0.0009 -5e-05 100.0 641.66 1581.31 1397.79 47.277
10 7 -0.0017 -0.00031 100.0 642.06 1580.07 1398.78 47.006
10 8 0.0004 -0.00014 100.0 641.62 1580.0 1400.89 47.11
10 9 0.0012 -0.00013 100.0 641.88 1578.4 1399.57 47.18
10 10 0.0014 -1e-05 100.0 641.77 1579.24 1398.43 47.187
10 11 -0.0003 -0.00048 100.0 641.88 1576.31 1401.17 47.011
10 12 0.0008 7e-05 100.0 641.87 1578.42 1401.19 46.973
10 13 -0.0008 -0.00023 100.0 641.84 1579.16 1398.57 46.868
10 14 0.004 0.00023 100.0 642.23 1580.82 1399.79 47.16
10 15 -0.0028 0.00022 100.0 641.86 1581.61 1401.51 47.138
10 16 -0.0 0.00032 100.0 641.74 1577.62 1399.6 47.143
10 17 0.0002 -0.00012 100.0 641.83 1580.47 1401.24 47.264
10 18 -0.0052 -0.00026 100.0 642.12 1580.5 1399.56 47.125
10 19 0.0001 0.00012 100.0 641.36 1581.42 1401.55 47.25
10 20 0.0028 -0.00024 100.0 641.96 1578.35 1401.45 47.25
10 21 0.0024 -0.00045 100.0 641.96 1579.25 1400.22 47.066
10 22 0.0015 1e-05 100.0 641.88 1580.61 1400.93 47.375
10 23 -0.0024 -2e-05 100.0 642.09 1579.24 1397.36 47.257
10 24 -0.0005 0.00013 100.0 641.76 1582.16 1401.29 47.158
10 25 -0.0014 0.00024 100.0 642.03 1580.53 1399.37 47.205
10 26 -0.0012 0.00017 100.0 641.32 1579.2 1398.83 47.318
10 27 -0.0004 -0.00013 100.0 641.58 1579.54 1400.81 47.269
10 28 -0.0012 -0.0 100.0 642.49 1580.55 1401.95 47.31
10 29 0.0013 -0.00033 100.0 642.04 1580.53 1398.62 47.284
10 30 0.0034 -0.00046 100.0 642.64 1579.39 1401.09 47.163
10 31 0.0029 -0.00015 100.0 642.19 1581.97 1398.23 47.419
10 32 -0.0037 -0.00062 100.0 641.99 1580.92 1400.07 47.422
10 33 0.004 5e-05 100.0 641.92 1580.48 1399.62 47.347
10 34 -0.0024 -0.0 100.0 642.1 1579.49 1400.14 47.291
10 35 0.0 -0.00016 100.0 641.66 1582.37 1398.37 47.298
10 36 -0.0017 0.00024 100.0 641.62 1581.01 1403.05 47.385
10 37 -0.003 0.00019 100.0 642.45 1582.63 1399.65 47.327
10 38 0.0023 6e-05 100.0 642.15 1579.59 1398.67 47.398
10 39 0.0032 -0.00012 100.0 642.21 1580.58 1399.51 47.241
10 40 0.0004 -8e-05 100.0 642.23 1580.09 1397.92 47.378
10 41 -0.0005 0.00019 100.0 642.05 1580.11 1398.43 47.491
10 42 -0.0002 3e-05 100.0 641.99 1578.88 1398.22 47.337
10 43 0.0012 8e-05 100.0 641.86 1579.94 1398.12 47.624
10 44 0.0004 -2e-05 100.0 642.33 1580.42 1399.29 47.584
10 45 0.0027 0.00012 100.0 642.25 1579.64 1397.81 47.54
10 46 -0.0039 -8e-05 100.0 642.16 1580.09 1401.98 47.422
10 47 0.0021 0.0002 100.0 642.17 1582.13 1398.17 47.624
10 48 -0.0005 0.00017 100.0 641.91 1579.87 1397.57 47.306
10 49 -0.0014 0.00013 100.0 642.07 1580.3 1399.98 47.445
10 50 -0.0015 0.00015 100.0 642.0 1581.66 1399.33 47.335
10 51 0.0024 0.00041 100.0 642.22 1580.05 1396.42 47.52
10 52 -0.0022 2e-05 100.0 640.94 1580.54 1399.3 47.642
10 53 -0.0012 -0.00015 100.0 642.15 1580.07 1398.32 47.509
10 54 -0.0011 -0.00015 100.0 641.59 1579.75 1402.14 47.362
10 55 0.0006 3e-05 100.0 642.01 1581.42 1403.0 47.425
10 56 -0.0003 -1e-05 100.0 641.89 1580.76 1399.53 47.499
10 57 0.0047 -0.00011 100.0 641.98 1577.58 1400.82 47.504
10 58 -0.0036 5e-05 100.0 642.26 1581.54 1399.6 47.61
10 59 0.0007 6e-05 100.0 641.9 1579.84 1400.22 47.596
10 60 -0.0013 1e-05 100.0 642.12 1579.66 1400.96 47.571
10 61 -0.0006 -0.00048 100.0 641.89 1580.68 1398.45 47.44
10 62 -0.0001 -8e-05 100.0 641.67 1580.12 1400.5 47.476
10 63 0.0026 0.00039 100.0 642.21 1580.26 1399.5 47.584
10 64 0.0002 -1e-05 100.0 642.16 1583.71 1400.42 47.508
10 65 -0.0045 -4e-05 100.0 642.23 1578.51 1399.96 47.691
10 66 0.0019 -0.00014 100.0 642.1 1578.01 1399.23 47.562
10 67 -0.0015 0.00039 100.0 642.08 1579.3 1399.72 47.471
10 68 -0.0011 -0.00012 100.0 642.85 1579.53 1400.28 47.516
10 69 -0.0044 5e-05 100.0 642.18 1578.31 1400.55 47.603
10 70 0.0032 -0.00017 100.0 641.62 1580.81 1400.08 47.776
10 71 0.0037 -5e-05 100.0 641.28 1579.6 1397.45 47.983
10 72 -0.0025 3e-05 100.0 642.13 1579.99 1399.11 47.694
10 73 -0.0001 0.00024 100.0 642.21 1582.3 1396.74 47.759
10 74 0.0006 0.00013 100.0 641.3 1578.45 1400.49 47.719
10 75 0.0001 -0.00016 100.0 642.08 1578.86 1400.39 47.663
10 76 0.0037 0.00012 100.0 641.49 1579.83 1398.74 47.907
10 77 -0.0035 6e-05 100.0 641.92 1582.23 1398.58 47.696
10 78 -0.0034 -0.00024 100.0 642.2 1580.81 1402.66 47.802
10 79 -0.0032 -7e-05 100.0 641.67 1578.25 1402.8 47.847
10 80 -0.0018 0.00013 100.0 642.39 1577.76 1400.62 47.784
10 81 -0.0016 -5e-05 100.0 642.47 1578.92 1396.31 47.71
10 82 -0.0028 -4e-05 100.0 641.62 1578.51 1401.44 47.918
10 83 0.0007 -0.00018 100.0 642.07 1579.1 1398.61 47.804
10 84 0.0016 -0.00025 100.0 642.37 1580.59 1402.65 47.694
10 85 0.002 5e-05 100.0 641.7 1578.02 1399.33 47.849
10 86 0.0014 -5e-05 100.0 641.86 1579.83 1397.47 47.711
10 87 0.0024 0.00031 100.0 641.57 1581.32 1399.43 47.72
10 88 0.0042 -1e-05 100.0 641.84 1577.0 1400.47 47.972
10 89 -0.0051 -2e-05 100.0 641.8 1579.78 1398.35 47.68
10 90 -0.0002 2e-05 100.0 642.53 1580.12 1400.7 47.811
10 91 -0.0008 0.0001 100.0 641.69 1581.31 1400.31 47.734
10 92 -0.0002 0.00012 100.0 642.6 1580.2 1398.41 47.959
10 93 -0.0011 0.00017 100.0 641.52 1580.3 1398.65 48.018
10 94 0.0058 6e-05 100.0 641.8 1579.81 1399.2 48.003
10 95 0.0042 0.00014 100.0 642.4 1581.63 1402.69 47.855
10 96 0.0025 0.0 100.0 641.94 1579.65 1399.39 47.913
10 97 -0.0025 -9e-05 100.0 642.2 1578.68 1397.42 48.055
10 98 0.0005 2e-05 100.0 641.81 1580.84 1399.21 47.982
10 99 -0.0027 -4e-05 100.0 641.71 1582.65 1399.11 48.151
11 1 0.0 0.00036 100.0 642.24 1579.08 1400.49 47.077
11 2 0.0006 -0.00024 100.0 641.89 1578.6 1400.21 47.022
11 3 0.0002 -0.00021 100.0 642.07 1581.22 1401.82 47.095
11 4 0.001 0.00015 100.0 642.53 1580.2 1402.62 46.983
11 5 -0.0006 0.00013 100.0 641.63 1580.37 1398.14 47.177
11 6 -0.0013 -0.00021 100.0 642.17 1578.2 1401.71 46.997
11 7 0.0022 -4e-05 100.0 641.83 1577.71 1399.18 46.973
11 8 0.0016 6e-05 100.0 642.07 1580.17 1402.93 47.015
11 9 -0.0033 0.00019 100.0 641.96 1579.91 1402.49 47.24
11 10 -0.0001 -8e-05 100.0 641.91 1579.34 1400.23 47.155
11 11 0.0003 0.00039 100.0 641.43 1579.13 1399.23 47.113
11 12 0.0012 0.00015 100.0 641.69 1579.14 1400.23 47.138
11 13 -0.0007 2e-05 100.0 642.29 1579.67 1403.08 47.299
11 14 0.0017 -0.00027 100.0 642.17 1577.31 1400.01 47.362
11 15 0.002 3e-05 100.0 642.12 1581.42 1398.96 47.325
11 16 0.0046 0.00012 100.0 642.84 1581.85 1400.72 47.443
11 17 -0.0023 -0.00022 100.0 641.99 1580.91 1401.24 47.192
11 18 -0.0017 0.00035 100.0 642.16 1580.8 1400.21 47.265
11 19 -0.0009 -3e-05 100.0 642.39 1580.89 1401.92 47.209
11 20 -0.0026 -0.00013 100.0 641.86 1580.27 1402.37 47.338
11 21 0.0001 6e-05 100.0 641.97 1579.84 1401.16 47.273
11 22 0.0033 0.00051 100.0 642.07 1580.84 1399.82 47.406
11 23 0.0004 -0.00015 100.0 642.07 1580.75 1398.35 47.453
11 24 -0.0023 7e-05 100.0 641.78 1579.59 1397.19 47.45
11 25 -0.0015 8e-05 100.0 642.32 1578.86 1400.68 47.329
11 26 0.0009 -0.00025 100.0 641.86 1578.98 1401.32 47.279
11 27 -0.0029 0.00017 100.0 641.77 1581.14 1401.91 47.429
11 28 -0.002 0.00017 100.0 641.92 1580.04 1402.72 47.383
11 29 -0.0057 0.00023 100.0 641.63 1580.03 1400.03 47.365
11 30 -0.0007 -0.00029 100.0 641.96 1581.59 1403.31 47.285
11 31 -0.0014 -7e-05 100.0 642.26 1579.41 1399.08 47.645
11 32 -0.003 -8e-05 100.0 641.83 1579.47 1400.96 47.564
11 33 -0.0026 -0.00035 100.0 642.03 1577.67 1401.34 47.381
11 34 -0.0027 -8e-05 100.0 642.51 1580.85 1397.12 47.529
11 35 0.0004 0.00021 100.0 641.72 1578.88 1402.29 47.806
11 36 0.0022 8e-05 100.0 641.97 1581.58 1399.78 47.526
11 37 -0.0001 -0.00038 100.0 642.0 1581.18 1401.0 47.512
11 38 -0.003 0.0002 100.0 641.53 1579.39 1399.43 47.453
11 39 0.0041 0.00012 100.0 641.59 1580.11 1401.46 47.522
11 40 -0.001 0.00011 100.0 641.64 1582.59 1397.21 47.823
11 41 0.0028 0.0 100.0 641.72 1578.7 1399.53 47.521
11 42 -0.0034 -1e-05 100.0 641.13 1580.56 1401.19 47.652
11 43 -0.0009 0.00026 100.0 642.29 1579.13 1398.69 47.735
11 44 0.0016 -0.00022 100.0 641.99 1581.22 1396.45 47.836
11 45 0.0013 -9e-05 100.0 641.68 1578.98 1400.84 47.925
11 46 0.001 0.00028 100.0 642.15 1580.47 1399.39 47.802
11 47 -0.0036 0.00022 100.0 641.75 1580.03 1398.42 47.659
11 48 -0.0008 -0.00022 100.0 641.88 1580.91 1400.4 47.576
11 49 0.0003 -0.00013 100.0 641.7 1580.32 1400.21 47.849
11 50 -0.0015 -8e-05 100.0 642.11 1579.67 1400.4 48.035
11 51 -0.0021 8e-05 100.0 641.77 1579.91 1399.32 48.088
11 52 -0.0018 0.00013 100.0 642.27 1580.97 1401.35 47.869
11 53 0.0013 0.00013 100.0 641.69 1579.62 1397.82 47.948
11 54 -0.0015 -0.00018 100.0 641.93 1580.54 1401.48 48.041
11 55 0.0018 -2e-05 100.0 641.9 1578.96 1398.98 47.843
11 56 0.0003 0.00016 100.0 641.83 1579.26 1400.43 47.962
11 57 0.0041 -0.00016 100.0 641.79 1581.03 1398.38 48.078
11 58 -0.0016 0.00044 100.0 641.67 1579.82 1402.32 48.034
11 59 -0.0029 -9e-05 100.0 642.29 1580.48 1400.69 47.981
11 60 -0.0011 0.00022 100.0 641.9 1580.17 1397.68 48.118
11 61 -0.0006 -0.0001 100.0 642.22 1580.21 1399.65 47.886
11 62 0.0006 -0.00012 100.0 642.28 1579.48 1402.71 47.991
11 63 -0.0002 -0.00032 100.0 642.19 1578.01 1398.45 48.145
11 64 -0.0012 -0.00039 100.0 642.25 1579.98 1399.49 48.274
11 65 0.0018 0.0001 100.0 642.57 1581.89 1399.14 47.908
11 66 -0.004 -3e-05 100.0 641.57 1577.83 1401.77 48.16
11 67 0.0008 3e-05 100.0 641.86 1580.38 1398.98 48.078
11 68 -0.0005 -0.00027 100.0 641.58 1580.04 1400.65 48.341
11 69 0.0034 -1e-05 100.0 642.1 1578.48 1400.66 48.273
11 70 0.0019 -0.00018 100.0 642.47 1578.84 1402.59 48.164
11 71 -0.0018 6e-05 100.0 641.84 1577.8 1400.39 48.114
11 72 0.0007 2e-05 100.0 642.28 1580.89 1398.94 48.069
11 73 0.0001 0.00011 100.0 641.69 1579.82 1399.04 48.363
11 74 0.001 -3e-05 100.0 641.89 1581.16 1402.04 48.166
11 75 0.0011 -0.00017 100.0 642.16 1580.27 1397.53 48.224
11 76 -0.0047 -7e-05 100.0 641.5 1579.74 1398.48 48.123
11 77 0.001 -0.0001 100.0 641.96 1579.25 1402.74 48.232
11 78 -0.0019 -0.00016 100.0 642.42 1581.15 1397.91 48.291
11 79 0.0018 -7e-05 100.0 641.82 1580.04 1401.1 48.27
11 80 0.0023 -0.00024 100.0 641.69 1579.38 1398.13 48.167
11 81 0.003 -0.00023 100.0 641.5 1580.79 1399.79 48.409
11 82 -0.0007 -7e-05 100.0 641.89 1579.82 1399.48 48.308
11 83 -0.0023 -0.00021 100.0 642.3 1583.43 1400.45 48.174
11 84 -0.0041 0.00015 100.0 642.12 1579.66 1401.13 48.459
11 85 0.0028 -5e-05 100.0 641.7 1578.28 1400.18 48.438
11 86 0.0011 0.00024 100.0 642.06 1582.19 1400.65 48.345
11 87 -0.0022 0.00013 100.0 641.77 1577.91 1398.62 48.494
11 88 -0.0008 0.00012 100.0 642.05 1578.48 1402.68 48.544
11 89 0.0026 -0.00032 100.0 642.06 1580.68 1398.96 48.485
11 90 0.0001 0.00034 100.0 642.39 1580.71 1403.81 48.393
11 91 -0.0004 0.00023 100.0 641.58 1581.07 1397.39 48.328
11 92 0.0012 -0.00013 100.0 642.0 1579.46 1400.3 48.58
11 93 0.001 0.00011 100.0 642.32 1579.73 1400.1 48.584
11 94 -0.0018 -0.00036 100.0 641.7 1579.37 1399.26 48.651
11 95 0.0015 -8e-05 100.0 642.36 1578.14 1402.35 48.255
11 96 -0.002 0.00013 100.0 642.13 1578.68 1399.98 48.659
11 97 0.0033 -5e-05 100.0 641.97 1579.83 1400.18 48.542
11 98 0.0014 -1e-05 100.0 642.14 1581.7 1399.49 48.752
11 99 -0.0026 4e-05 100.0 641.67 1580.7 1400.77 48.348
12 1 0.0021 9e-05 100.0 642.18 1579.96 1399.23 47.089
12 2 -0.0013 1e-05 100.0 642.07 1578.62 1398.55 46.894
12 3 0.0021 -0.00057 100.0 641.88 1579.56 1399.25 47.085
12 4 -0.0041 -0.00025 100.0 642.46 1580.62 1401.9 47.033
12 5 0.0008 -0.00029 100.0 642.47 1578.63 1399.42 47.131
12 6 -0.0009 0.00013 100.0 641.2 1580.59 1398.51 47.148
12 7 0.0004 -0.00016 100.0 642.0 1581.16 1397.45 47.156
12 8 0.0023 -3e-05 100.0 642.21 1580.87 1402.47 47.219
12 9 -0.0045 0.00038 100.0 642.18 1580.16 1401.06 47.143
12 10 -0.0022 -3e-05 100.0 641.51 1578.9 1396.81 47.166
12 11 -0.0016 -0.00015 100.0 642.12 1580.28 1398.3 47.327
12 12 -0.0013 3e-05 100.0 641.89 1579.67 1399.49 47.121
12 13 -0.0032 -0.00012 100.0 641.52 1580.04 1399.82 47.176
12 14 0.0012 0.00036 100.0 641.66 1578.51 1399.51 47.283
12 15 0.0013 -2e-05 100.0 642.33 1580.42 1398.97 47.305
12 16 0.0005 -2e-05 100.0 641.72 1580.56 1399.82 47.293
12 17 -0.0037 4e-05 100.0 642.15 1579.51 1397.62 47.243
12 18 -0.001 5e-05 100.0 641.48 1580.13 1399.86 47.242
12 19 0.0003 6e-05 100.0 642.39 1580.17 1399.87 47.435
12 20 0.001 -0.0001 100.0 642.05 1578.11 1400.12 47.292
12 21 -0.0015 -0.00036 100.0 641.67 1578.5 1400.32 47.325
12 22 -0.0017 -0.00012 100.0 641.71 1580.93 1400.27 47.24
12 23 -0.0002 0.00016 100.0 642.28 1578.66 1401.75 47.498
12 24 0.0024 -0.00048 100.0 642.36 1578.61 1399.62 47.367
12 25 0.0015 5e-05 100.0 641.88 1580.82 1401.6 47.394
12 26 -0.0017 -8e-05 100.0 641.9 1580.25 1402.19 47.419
12 27 0.0021 0.00012 100.0 642.3 1580.27 1401.48 47.423
12 28 -0.0028 -0.00031 100.0 642.5 1581.69 1400.1 47.34
12 29 -0.0009 4e-05 100.0 641.79 1577.94 1397.63 47.488
12 30 0.0006 0.00015 100.0 642.15 1579.54 1400.57 47.619
12 31 -0.0002 0.00018 100.0 642.31 1580.99 1400.12 47.491
12 32 0.0013 -8e-05 100.0 641.55 1578.19 1398.81 47.439
12 33 -0.0002 -4e-05 100.0 641.85 1579.42 1398.46 47.547
12 34 0.0021 -2e-05 100.0 642.09 1579.76 1397.74 47.584
12 35 -0.0 -0.0 100.0 642.48 1581.09 1400.67 47.566
12 36 0.0006 -0.00043 100.0 642.12 1582.05 1403.71 47.598
12 37 -0.0003 -0.00024 100.0 642.54 1580.86 1400.64 47.495
12 38 -0.0004 0.0002 100.0 641.75 1580.88 1398.05 47.774
12 39 -0.003 0.00014 100.0 641.89 1580.01 1398.0 47.597
12 40 -0.0032 -0.00014 100.0 642.21 1581.34 1401.8 47.596
12 41 0.0023 7e-05 100.0 642.17 1582.7 1398.64 47.708
12 42 -0.0041 -0.00035 100.0 641.84 1580.32 1397.44 47.506
12 43 -0.0028 -9e-05 100.0 641.85 1579.26 1399.12 47.712
12 44 -0.0009 -8e-05 100.0 642.36 1582.03 1396.51 47.52
12 45 0.006 -2e-05 100.0 642.3 1579.44 1399.87 47.7
12 46 -0.0 -0.00023 100.0 642.15 1579.34 1398.92 47.91
12 47 -0.001 9e-05 100.0 641.87 1580.35 1402.74 47.663
12 48 -0.0002 -2e-05 100.0 642.32 1577.93 1401.2 47.603
12 49 0.0 -6e-05 100.0 641.61 1578.5 1401.25 47.752
12 50 0.0015 3e-05 100.0 642.03 1579.05 1403.69 47.842
12 51 0.0034 1e-05 100.0 642.29 1579.05 1398.69 47.762
12 52 0.0019 -0.00025 100.0 642.0 1581.02 1400.93 47.753
12 53 0.0014 7e-05 100.0 641.95 1580.11 1401.81 47.94
12 54 0.002 -6e-05 100.0 641.99 1579.06 1401.07 47.663
12 55 -0.0017 -0.00011 100.0 642.47 1579.28 1398.21 47.811
12 56 -0.0001 4e-05 100.0 642.25 1577.36 1398.68 47.807
12 57 0.0 -0.00013 100.0 642.46 1578.08 1397.14 48.078
12 58 -0.0012 -0.00015 100.0 642.0 1580.28 1398.74 47.806
12 59 -0.0008 -0.0 100.0 642.16 1578.71 1399.04 47.9
12 60 -0.0005 -0.0002 100.0 642.61 1580.69 1400.89 47.985
12 61 0.0012 -2e-05 100.0 641.79 1580.47 1397.52 47.92
12 62 -0.0009 0.00016 100.0 641.78 1578.92 1399.39 48.062
12 63 -0.0008 5e-05 100.0 642.57 1579.41 1394.98 48.085
12 64 -0.0021 -5e-05 100.0 642.09 1579.4 1402.57 48.092
12 65 -0.0003 -0.00034 100.0 642.01 1581.91 1399.79 47.929
12 66 0.0022 -6e-05 100.0 642.35 1579.7 1399.52 48.024
12 67 0.002 -0.00037 100.0 641.61 1580.81 1402.47 48.198
12 68 -0.002 -0.00032 100.0 641.93 1581.21 1398.0 48.021
12 69 0.0014 0.0 100.0 641.62 1581.92 1399.03 48.018
12 70 0.0002 -0.00012 100.0 641.82 1580.92 1400.23 48.117
12 71 -0.0015 0.00039 100.0 642.18 1580.28 1400.19 48.09
12 72 -0.0006 -8e-05 100.0 641.99 1579.78 1402.93 48.101
12 73 0.0006 5e-05 100.0 641.79 1580.13 1403.56 48.176
12 74 0.0013 -5e-05 100.0 642.51 1582.33 1401.28 48.109
12 75 0.0008 -0.00028 100.0 641.75 1578.65 1397.77 48.236
12 76 0.0022 0.00019 100.0 641.98 1581.19 1399.13 48.162
12 77 -0.0006 -0.0 100.0 642.34 1579.66 1399.25 48.121
12 78 -0.0003 0.00011 100.0 641.75 1579.1 1400.21 48.203
12 79 0.0029 0.00027 100.0 642.02 1580.71 1402.13 48.265
12 80 0.0045 -0.00055 100.0 642.63 1580.53 1400.49 48.363
12 81 0.0002 -9e-05 100.0 642.38 1581.18 1403.85 48.271
12 82 -0.0001 5e-05 100.0 642.1 1581.95 1402.45 48.275
12 83 -0.0014 5e-05 100.0 641.85 1581.26 1402.4 48.263
12 84 0.002 -6e-05 100.0 642.26 1579.53 1397.11 48.316
12 85 -0.0033 0.00011 100.0 642.13 1580.42 1400.68 48.336
12 86 0.0007 0.00021 100.0 642.23 1581.34 1397.95 48.181
12 87 0.0001 -5e-05 100.0 642.2 1576.66 1401.65 48.343
12 88 -0.0031 0.00013 100.0 642.52 1580.58 1402.41 48.502
12 89 0.0018 0.00027 100.0 641.76 1577.69 1400.92 48.407
12 90 -0.0005 1e-05 100.0 641.77 1581.55 1402.09 48.553
12 91 -0.0012 -0.00022 100.0 642.44 1578.19 1400.8 48.358
12 92 0.0035 4e-05 100.0 641.94 1578.48 1400.08 48.28
12 93 -0.0001 0.00054 100.0 641.71 1578.46 1398.46 48.683
12 94 -0.0025 0.00018 100.0 642.19 1579.16 1399.66 48.333
12 95 0.0022 -0.0004 100.0 642.33 1580.21 1397.1 48.511
12 96 -0.0003 0.00025 100.0 641.72 1578.92 1402.09 48.344
12 97 -0.0009 -8e-05 100.0 642.1 1580.57 1401.04 48.491
12 98 0.0012 2e-05 100.0 641.5 1579.9 1399.42 48.533
12 99 0.0014 -0.00035 100.0 642.02 1579.33 1400.09 48.713
13 1 0.0002 -0.0005 100.0 641.79 1580.49 1400.79 46.953
13 2 -0.0009 0.00031 100.0 641.93 1579.4 1400.01 46.883
13 3 0.0016 0.00019 100.0 642.09 1580.99 1401.05 46.843
13 4 -0.0016 0.00023 100.0 641.67 1577.56 1399.46 47.036
13 5 -0.0 -0.00016 100.0 641.69 1578.57 1402.98 47.092
13 6 0.0024 -0.00038 100.0 642.57 1579.53 1401.03 47.157
13 7 -0.0015 -9e-05 100.0 642.32 1579.16 1400.62 47.105
13 8 0.005 0.00035 100.0 642.19 1580.24 1400.15 47.137
13 9 0.0042 -9e-05 100.0 641.87 1582.91 1399.14 47.019
13 10 0.0031 0.00015 100.0 642.26 1579.89 1400.74 47.218
13 11 0.004 0.00013 100.0 642.5 1581.05 1398.9 47.28
13 12 0.0035 2e-05 100.0 641.39 1578.35 1402.55 47.269
13 13 0.0041 0.00041 100.0 641.67 1578.05 1397.51 47.137
13 14 0.0033 0.00022 100.0 642.0 1578.46 1399.98 47.226
13 15 0.0008 -2e-05 100.0 641.94 1581.51 1400.97 47.443
13 16 -0.002 -0.00019 100.0 642.09 1579.35 1398.84 47.418
13 17 0.0006 0.00028 100.0 641.89 1579.26 1398.96 47.392
13 18 0.0024 0.00021 100.0 641.98 1578.88 1399.67 47.434
13 19 0.0005 -8e-05 100.0 642.28 1580.52 1400.6 47.556
13 20 0.0042 -0.00024 100.0 642.06 1580.76 1400.15 47.492
13 21 0.002 0.00013 100.0 641.99 1580.0 1398.78 47.583
13 22 0.0009 -0.0004 100.0 642.05 1579.61 1399.9 47.615
13 23 -0.0003 0.00014 100.0 642.73 1580.58 1399.58 47.643
13 24 0.0034 -7e-05 100.0 642.26 1579.79 1402.57 47.554
13 25 -0.0022 0.00025 100.0 641.99 1579.99 1398.58 47.596
13 26 -0.0 0.00017 100.0 642.32 1579.92 1402.84 47.737
13 27 -0.0027 0.00014 100.0 641.93 1579.81 1399.9 47.513
13 28 0.001 -0.00012 100.0 641.78 1578.62 1398.85 47.779
13 29 0.0023 0.0001 100.0 641.68 1582.38 1400.11 47.687
13 30 -0.002 -0.00022 100.0 641.97 1579.13 1399.32 47.721
13 31 -0.0025 -0.0002 100.0 642.08 1581.76 1398.81 47.958
13 32 0.0002 4e-05 100.0 642.01 1579.82 1398.84 47.731
13 33 0.0001 -0.00031 100.0 642.44 1579.56 1401.82 47.868
13 34 -0.0005 -9e-05 100.0 642.68 1580.74 1400.13 48.0
13 35 -0.0008 -0.00012 100.0 641.99 1582.01 1400.05 47.967
13 36 0.0026 -0.00019 100.0 642.15 1578.45 1398.77 47.795
13 37 -0.0018 0.00014 100.0 641.38 1581.74 1398.09 47.98
13 38 -0.0012 -0.00022 100.0 642.27 1578.47 1399.57 47.945
13 39 -0.0016 0.0003 100.0 642.28 1579.6 1402.28 48.002
13 40 0.0024 3e-05 100.0 641.63 1582.38 1399.33 48.023
13 41 0.0011 9e-05 100.0 642.27 1581.02 1399.49 48.028
13 42 -0.0006 0.00024 100.0 641.94 1580.25 1402.95 48.036
13 43 0.0011 0.00012 100.0 641.74 1583.93 1400.81 47.977
13 44 0.002 -5e-05 100.0 642.12 1580.98 1398.41 48.204
13 45 -0.0006 -0.00034 100.0 641.49 1580.76 1396.64 48.154
13 46 -0.0018 -0.00061 100.0 642.02 1579.08 1402.15 48.175
13 47 -0.0028 -0.0001 100.0 641.47 1578.96 1399.22 48.187
13 48 0.0023 0.00016 100.0 642.05 1578.53 1400.05 48.019
13 49 0.0004 -0.00034 100.0 641.7 1580.19 1398.96 48.176
13 50 0.0011 -2e-05 100.0 642.01 1582.65 1401.96 48.289
13 51 0.0008 8e-05 100.0 642.28 1579.72 1401.75 48.159
13 52 0.0021 -0.00019 100.0 641.72 1578.77 1398.41 48.316
13 53 -0.0009 -0.00047 100.0 642.16 1579.7 1399.43 48.198
13 54 -0.002 7e-05 100.0 642.35 1579.35 1397.15 48.208
13 55 0.0007 0.00017 100.0 641.91 1579.17 1397.9 48.363
13 56 0.0001 0.00018 100.0 641.67 1581.64 1399.92 48.482
13 57 -0.0007 0.00012 100.0 641.35 1580.85 1400.52 48.323
13 58 -0.0002 -7e-05 100.0 641.55 1580.03 1396.58 48.484
13 59 0.0011 -2e-05 100.0 641.68 1579.49 1395.18 48.475
13 60 -0.0004 0.00013 100.0 641.55 1580.48 1402.48 48.458
13 61 0.0003 -0.00024 100.0 641.98 1578.16 1401.18 48.387
13 62 -0.0003 -0.00027 100.0 642.02 1581.11 1402.22 48.418
13 63 0.0012 3e-05 100.0 642.54 1578.05 1398.57 48.546
13 64 -0.0004 0.00012 100.0 642.07 1581.17 1399.85 48.492
13 65 -0.0025 7e-05 100.0 642.34 1582.43 1398.66 48.543
13 66 -0.0001 -0.0001 100.0 641.61 1577.54 1399.43 48.466
13 67 0.0024 6e-05 100.0 642.39 1582.31 1400.07 48.758
13 68 0.0023 -0.00031 100.0 641.86 1577.28 1400.96 48.664
13 69 -0.0003 -0.00011 100.0 642.3 1579.57 1401.79 48.666
13 70 -0.0023 3e-05 100.0 641.72 1579.13 1398.66 48.816
13 71 0.0001 0.00029 100.0 642.15 1577.92 1398.32 48.664
13 72 -0.0001 -0.00047 100.0 641.82 1578.21 1399.03 48.777
13 73 -0.0012 0.0001 100.0 641.78 1579.69 1399.92 48.642
13 74 -0.0029 -1e-05 100.0 641.89 1580.77 1400.84 48.8
13 75 0.0008 0.00016 100.0 642.32 1580.45 1399.65 48.901
13 76 -0.0003 -0.00014 100.0 642.07 1579.7 1397.99 48.848
13 77 -0.0022 -7e-05 100.0 642.43 1581.14 1397.46 48.793
13 78 -0.0001 -7e-05 100.0 642.1 1578.51 1401.44 48.82
13 79 -0.0006 -0.00019 100.0 641.87 1577.56 1400.02 48.907
13 80 -0.0013 -0.00018 100.0 642.2 1582.93 1401.25 49.043
13 81 0.0013 2e-05 100.0 641.8 1580.13 1397.69 48.908
13 82 -0.0017 -0.00018 100.0 641.66 1580.3 1401.95 49.034
13 83 -0.0017 0.00031 100.0 641.71 1579.72 1402.21 49.076
13 84 0.0 -0.00015 100.0 641.66 1580.72 1400.16 48.996
13 85 -0.0035 -8e-05 100.0 641.38 1580.26 1401.95 49.064
13 86 -0.0005 0.00023 100.0 641.55 1577.54 1398.23 48.99
13 87 0.0011 0.00013 100.0 642.09 1580.26 1402.51 48.95
13 88 -0.0041 -0.00014 100.0 641.72 1579.31 1401.68 49.196
13 89 -0.0002 -0.00031 100.0 642.07 1579.49 1400.94 49.017
13 90 0.0019 0.00015 100.0 642.0 1579.07 1399.2 49.024
13 91 -0.0011 -0.00011 100.0 641.91 1579.23 1400.63 49.378
13 92 0.0032 0.00018 100.0 642.5 1580.84 1401.21 49.203
13 93 -0.0004 0.00011 100.0 642.27 1581.22 1400.98 49.134
13 94 -0.0018 -0.00016 100.0 641.71 1579.12 1401.06 49.269
13 95 0.0011 -0.00013 100.0 642.04 1580.69 1398.16 49.371
13 96 0.0044 -0.00041 100.0 641.85 1581.63 1399.45 49.218
13 97 0.0001 0.00014 100.0 642.4 1581.89 1398.7 49.189
13 98 -0.0007 0.0 100.0 642.04 1580.01 1397.78 49.345
13 99 -0.0021 0.00036 100.0 641.48 1580.9 1400.19 49.402
14 1 0.0014 0.00017 100.0 641.92 1580.77 1402.83 46.989
14 2 0.0016 0.00033 100.0 642.03 1579.36 1401.06 46.947
14 3 0.0016 0.00023 100.0 641.81 1581.56 1397.9 46.856
14 4 0.0031 4e-05 100.0 641.57 1579.85 1402.19 47.092
14 5 0.0007 6e-05 100.0 642.52 1580.99 1398.63 47.021
14 6 0.0024 -0.00035 100.0 642.1 1581.33 1399.56 47.079
14 7 -0.0016 -1e-05 100.0 642.02 1581.29 1400.33 47.389
14 8 0.0015 1e-05 100.0 642.21 1580.23 1399.71 47.0
14 9 -0.0034 2e-05 100.0 642.29 1579.34 1398.75 47.275
14 10 -0.0042 0.0003 100.0 641.6 1581.7 1398.77 47.283
14 11 -0.001 0.0001 100.0 642.29 1580.87 1400.48 47.065
14 12 0.0006 -0.00011 100.0 641.7 1581.17 1401.4 47.391
14 13 0.0016 2e-05 100.0 642.15 1578.78 1399.45 47.403
14 14 -0.0034 -0.0001 100.0 641.9 1578.8 1403.29 47.442
14 15 -0.0002 -0.00017 100.0 642.3 1580.78 1403.47 47.385
14 16 0.0016 7e-05 100.0 641.9 1579.92 1398.53 47.359
14 17 0.0002 -0.00035 100.0 642.29 1579.03 1398.23 47.278
14 18 -0.0014 -0.0001 100.0 641.15 1578.76 1402.36 47.488
14 19 0.001 -0.00029 100.0 641.76 1580.92 1401.76 47.58
14 20 0.0034 0.0001 100.0 642.81 1579.41 1404.48 47.416
14 21 -0.0001 -0.00027 100.0 641.86 1579.89 1398.97 47.53
14 22 -0.0038 0.00013 100.0 642.39 1578.07 1401.33 47.382
14 23 -0.0004 3e-05 100.0 642.4 1579.6 1396.99 47.527
14 24 -0.002 -0.0001 100.0 642.17 1579.32 1398.1 47.558
14 25 0.0009 6e-05 100.0 642.72 1581.51 1401.03 47.543
14 26 -0.0007 -5e-05 100.0 642.05 1580.05 1396.86 47.65
14 27 0.0006 0.00015 100.0 641.83 1580.36 1401.15 47.568
14 28 -0.0008 -0.0001 100.0 641.91 1580.63 1397.38 47.743
14 29 0.0018 -2e-05 100.0 642.1 1578.4 1400.89 47.844
14 30 0.0003 0.00031 100.0 641.25 1576.76 1398.23 47.784
14 31 -0.0011 -8e-05 100.0 641.74 1580.11 1399.26 47.626
14 32 0.001 0.00023 100.0 642.33 1580.03 1402.48 47.894
14 33 0.0001 6e-05 100.0 641.8 1579.2 1399.87 47.7
14 34 0.003 0.00016 100.0 642.22 1579.38 1400.0 48.007
14 35 -0.0008 -0.00021 100.0 641.86 1579.15 1398.95 47.983
14 36 -0.0019 0.00016 100.0 642.09 1581.61 1397.36 47.887
14 37 -0.0015 -0.00017 100.0 642.01 1581.52 1398.49 47.9
14 38 -0.0018 -0.0 100.0 642.04 1579.37 1398.9 47.704
14 39 -0.0007 4e-05 100.0 642.07 1580.55 1399.56 47.849
14 40 0.0012 -0.00026 100.0 642.4 1580.38 1401.64 47.95
14 41 -0.001 1e-05 100.0 641.99 1581.04 1402.89 47.921
14 42 0.0014 0.00013 100.0 641.98 1581.97 1397.98 48.08
14 43 -0.0016 -0.00019 100.0 642.02 1581.07 1399.63 48.139
14 44 0.0004 0.00025 100.0 641.87 1580.37 1399.69 47.904
14 45 -0.0004 -0.0002 100.0 642.7 1580.91 1399.7 48.02
14 46 0.0001 -0.00023 100.0 641.35 1581.51 1395.78 48.093
14 47 0.0018 0.00023 100.0 641.83 1582.31 1398.35 48.049
14 48 0.0024 -0.0 100.0 641.82 1581.78 1398.03 47.909
14 49 -0.0005 7e-05 100.0 642.02 1580.41 1398.57 48.161
14 50 0.0003 -0.00032 100.0 642.1 1579.14 1400.95 48.208
14 51 0.0012 -0.00013 100.0 641.73 1578.91 1399.29 48.161
14 52 0.0017 3e-05 100.0 642.02 1579.07 1399.48 48.261
14 53 0.0005 -0.00012 100.0 642.38 1580.52 1397.12 48.317
14 54 0.0002 -0.00034 100.0 642.12 1579.28 1400.85 48.467
14 55 0.0029 8e-05 100.0 641.88 1581.7 1399.81 48.396
14 56 -0.0003 -0.0003 100.0 641.85 1580.42 1397.41 48.431
14 57 0.0001 -3e-05 100.0 641.73 1580.79 1399.78 48.243
14 58 0.0023 0.00024 100.0 642.0 1580.3 1399.14 48.489
14 59 -0.0043 -0.00018 100.0 641.82 1578.06 1398.7 48.401
14 60 -0.0009 0.00021 100.0 641.98 1582.79 1399.44 48.465
14 61 -0.0003 -0.00019 100.0 641.56 1580.8 1399.71 48.26
14 62 -0.0004 0.0004 100.0 641.76 1580.09 1398.26 48.501
14 63 0.0009 5e-05 100.0 641.96 1579.76 1400.26 48.458
14 64 -0.0036 0.00053 100.0 641.95 1580.12 1399.68 48.552
14 65 -0.001 -0.0003 100.0 641.71 1580.28 1397.98 48.621
14 66 -0.0017 3e-05 100.0 641.53 1580.47 1401.02 48.567
14 67 -0.0036 -0.0002 100.0 642.15 1579.17 1401.18 48.508
14 68 -0.001 -0.00056 100.0 642.06 1580.67 1400.42 48.509
14 69 -0.0013 6e-05 100.0 642.24 1583.22 1399.36 48.647
14 70 0.0018 6e-05 100.0 642.38 1579.03 1399.63 48.642
14 71 -0.0032 0.00026 100.0 641.87 1581.52 1397.5 48.807
14 72 -0.0027 -1e-05 100.0 642.28 1580.12 1399.99 48.715
14 73 -0.002 0.00017 100.0 642.02 1580.82 1400.98 48.875
14 74 -0.0013 1e-05 100.0 641.92 1582.52 1400.9 48.731
14 75 -0.0026 -1e-05 100.0 642.51 1580.05 1403.31 48.79
14 76 0.0035 0.00028 100.0 641.85 1579.43 1398.93 48.734
14 77 0.0006 -3e-05 100.0 641.86 1579.18 1401.11 48.874
14 78 -0.0026 5e-05 100.0 642.27 1579.82 1398.82 48.912
14 79 -0.0009 0.00018 100.0 641.67 1581.32 1398.99 49.098
14 80 0.0018 -1e-05 100.0 642.07 1580.27 1398.99 48.88
14 81 0.0026 -0.00021 100.0 641.73 1576.26 1400.08 48.79
14 82 -0.0005 0.0004 100.0 642.13 1579.1 1402.3 49.011
14 83 0.0014 0.00068 100.0 641.92 1579.82 1399.94 48.813
14 84 0.0023 -0.00011 100.0 642.01 1578.68 1397.16 49.046
14 85 0.0008 -0.00014 100.0 642.26 1580.41 1400.59 49.285
14 86 -0.0026 -0.00015 100.0 641.83 1579.98 1399.03 48.873
14 87 -0.0023 -0.00016 100.0 642.22 1580.21 1400.88 49.176
14 88 -0.0033 0.00015 100.0 641.7 1580.13 1398.11 49.127
14 89 0.0037 2e-05 100.0 641.81 1578.18 1396.69 49.222
14 90 0.004 -0.00016 100.0 641.89 1577.7 1400.93 49.083
14 91 0.0006 0.00037 100.0 641.97 1582.0 1400.46 49.406
14 92 0.0009 0.00029 100.0 642.11 1577.67 1397.74 49.269
14 93 0.0003 -0.00017 100.0 641.82 1577.79 1398.82 49.228
14 94 0.0006 4e-05 100.0 641.98 1581.74 1401.03 49.142
14 95 -0.0005 -0.00024 100.0 641.97 1579.51 1401.11 49.318
14 96 -0.0019 0.0 100.0 641.44 1581.82 1400.76 49.431
14 97 0.0015 -2e-05 100.0 642.24 1580.95 1400.69 49.267
14 98 0.0014 -5e-05 100.0 642.37 1579.43 1401.22 49.51
14 99 0.0028 0.00051 100.0 642.36 1579.98 1400.39 49.324
15 1 -0.003 -0.00011 100.0 642.09 1580.7 1401.93 46.976
15 2 -0.0001 -0.00018 100.0 642.23 1582.63 1401.43 47.175
15 3 -0.0026 -9e-05 100.0 641.82 1580.79 1400.39 47.444
15 4 0.0033 5e-05 100.0 642.11 1580.68 1400.57 48.379
15 5 -0.0004 -4e-05 100.0 641.73 1580.3 1396.34 49.652
15 6 0.0002 6e-05 100.0 641.72 1580.97 1400.35 51.767
15 7 0.0033 7e-05 100.0 642.37 1580.15 1397.81 55.153
15 8 0.0031 -7e-05 100.0 641.62 1580.48 1399.82 59.58
15 9 0.0014 -1e-05 100.0 642.27 1581.11 1400.25 65.539
15 10 0.0027 -0.00047 100.0 642.35 1580.75 1399.75 73.366
15 11 -0.0003 0.0002 100.0 641.49 1579.25 1399.94 83.254
15 12 -0.0001 2e-05 100.0 642.08 1579.31 1400.44 94.897
15 13 -0.0012 -0.00017 100.0 641.85 1580.34 1401.42 109.416
15 14 -0.0036 -0.00011 100.0 641.99 1581.0 1398.64 126.789
15 15 -0.0006 3e-05 100.0 641.98 1579.24 1401.11 146.975
15 16 -0.0016 0.00028 100.0 642.06 1579.97 1400.77 170.746
15 17 0.0013 0.00044 100.0 641.61 1580.23 1398.72 198.03
15 18 -0.0018 -0.00012 100.0 642.1 1577.89 1400.68 229.241
15 19 -0.0017 0.00032 100.0 642.22 1581.21 1400.04 264.72
15 20 0.002 -8e-05 100.0 641.35 1580.55 1398.34 304.816
15 21 -0.0002 0.00031 100.0 642.42 1578.55 1399.15 349.874
15 22 0.0003 -0.00031 100.0 641.82 1580.57 1399.13 399.85
15 23 0.0038 -0.00026 100.0 641.6 1579.61 1399.95 455.739
15 24 0.0011 -0.00014 100.0 642.23 1580.5 1398.52 517.141
15 25 -0.002 0.00015 100.0 641.71 1579.86 1399.17 584.648
15 26 0.005 -9e-05 100.0 642.36 1577.86 1401.6 658.64
15 27 0.0021 -0.00017 100.0 641.92 1578.35 1399.54 739.664
15 28 0.0005 0.0001 100.0 642.18 1580.0 1400.88 827.466
15 29 -0.0013 0.00023 100.0 642.07 1578.89 1401.93 923.042
15 30 -0.0035 -0.00021 100.0 642.06 1579.41 1398.48 1026.478
15 31 -0.0018 -0.00029 100.0 642.06 1581.21 1399.33 1138.093
15 32 0.0013 0.00034 100.0 642.41 1581.52 1401.06 1258.361
15 33 -0.0014 -0.0 100.0 642.19 1579.62 1397.96 1387.454
15 34 -0.0009 -6e-05 100.0 642.58 1580.1 1401.77 1525.817
15 35 0.0019 4e-05 100.0 641.78 1580.63 1400.01 1673.717
15 36 -0.0008 0.00014 100.0 642.64 1579.89 1401.74 1831.868
15 37 0.0025 0.00011 100.0 642.06 1577.17 1400.03 2000.436
15 38 0.0008 0.00024 100.0 641.48 1579.14 1400.62 2179.589
15 39 -0.0045 9e-05 100.0 642.12 1580.02 1398.52 2369.868
15 40 -0.0005 0.00011 100.0 641.81 1578.06 1400.94 2571.756
15 41 0.0029 -0.00033 100.0 641.36 1579.16 1399.69 2785.681
15 42 -0.0009 0.00021 100.0 642.04 1579.88 1399.7 3011.73
15 43 0.0052 8e-05 100.0 642.1 1579.54 1398.86 3250.146
15 44 -0.005 -0.00015 100.0 642.34 1578.29 1402.63 3502.095
15 45 -0.0 -0.0002 100.0 642.17 1580.26 1399.75 3767.227
15 46 -0.0016 0.00014 100.0 642.22 1580.83 1402.38 4046.218
15 47 -0.0007 0.00019 100.0 642.36 1581.23 1400.32 4339.688
15 48 0.003 0.00023 100.0 641.79 1578.41 1399.57 4647.785
15 49 0.001 -0.00012 100.0 641.65 1581.53 1398.3 4970.672
15 50 0.0005 -0.00039 100.0 641.77 1581.37 1400.28 5309.474
15 51 -0.0022 0.00011 100.0 641.93 1580.3 1398.31 5663.494
15 52 -0.0007 0.00033 100.0 641.96 1580.94 1398.24 6034.459
15 53 0.0016 0.00033 100.0 642.04 1582.77 1397.9 6421.796
15 54 0.0008 0.00016 100.0 642.26 1578.82 1398.97 6826.258
15 55 -0.0007 0.00018 100.0 642.47 1579.92 1401.79 7248.437
15 56 -0.0022 2e-05 100.0 642.13 1580.51 1397.59 7688.334
15 57 -0.0022 0.00028 100.0 642.25 1581.05 1400.49 8146.508
15 58 0.0011 -2e-05 100.0 642.04 1580.61 1400.3 8624.044
15 59 -0.0002 -0.00024 100.0 642.27 1582.81 1397.9 9120.228
15 60 0.0035 0.00013 100.0 641.82 1578.27 1400.96 9636.439
15 61 -0.0002 -9e-05 100.0 642.12 1581.7 1398.69 10172.437
15 62 0.0013 3e-05 100.0 641.9 1581.33 1400.85 10728.958
15 63 0.0006 6e-05 100.0 641.76 1579.63 1400.29 11306.742
15 64 0.0008 -5e-05 100.0 641.89 1583.79 1401.36 11905.684
15 65 -0.0031 -0.00013 100.0 641.96 1580.35 1397.18 12526.496
15 66 -0.0015 0.0003 100.0 641.93 1581.77 1397.78 13169.68
15 67 -0.0002 -5e-05 100.0 642.27 1582.46 1398.96 13835.51
15 68 0.0012 -8e-05 100.0 641.91 1581.06 1400.81 14524.303
15 69 0.0003 0.00029 100.0 642.38 1579.4 1400.44 15237.046
15 70 -0.0001 -9e-05 100.0 641.61 1578.57 1400.87 15973.883
15 71 -0.0008 0.00031 100.0 642.06 1580.06 1401.17 16735.074
15 72 -0.0007 0.00023 100.0 642.2 1581.72 1397.93 17521.046
15 73 0.0024 -0.00023 100.0 641.95 1579.12 1401.43 18332.814
15 74 0.0014 -0.00014 100.0 642.07 1580.76 1399.55 19170.028
15 75 -0.0023 -0.00036 100.0 641.87 1580.08 1399.59 20033.722
15 76 -0.0016 -0.00023 100.0 642.27 1581.51 1401.78 20924.465
15 77 -0.0017 -1e-05 100.0 642.19 1580.48 1396.98 21842.407
15 78 0.0002 0.00014 100.0 642.23 1580.17 1400.5 22787.97
15 79 0.001 5e-05 100.0 642.02 1579.68 1400.12 23761.704
15 80 0.0018 -0.00027 100.0 642.4 1580.32 1399.03 24764.119
15 81 -0.0008 -0.00012 100.0 642.1 1580.62 1398.13 25795.506
15 82 -0.0011 -0.00027 100.0 642.28 1580.85 1399.97 26856.695
15 83 -0.0001 -6e-05 100.0 642.18 1579.15 1401.08 27948.085
15 84 -0.001 0.00013 100.0 641.78 1579.59 1400.18 29069.728
15 85 -0.0003 -0.00013 100.0 641.77 1578.0 1397.0 30222.632
15 86 0.0006 3e-05 100.0 642.04 1578.08 1397.28 31406.724
15 87 0.0006 -0.00017 100.0 641.5 1580.57 1401.91 32622.894
15 88 -0.0035 -6e-05 100.0 641.59 1581.27 1400.12 33871.633
15 89 0.0011 -0.00013 100.0 641.9 1579.67 1398.16 35153.305
15 90 0.0035 9e-05 100.0 641.89 1581.18 1399.42 36468.098
15 91 -0.0006 0.00011 100.0 641.96 1579.92 1399.6 37817.312
15 92 0.0011 6e-05 100.0 641.68 1578.65 1403.07 39200.546
15 93 -0.002 3e-05 100.0 642.19 1579.86 1400.32 40618.78
15 94 0.0011 0.00014 100.0 641.77 1580.88 1397.69 42072.467
15 95 -0.0003 9e-05 100.0 641.75 1579.73 1400.42 43561.913
15 96 0.0034 8e-05 100.0 641.85 1577.94 1401.24 45088.03
15 97 -0.0027 -6e-05 100.0 641.96 1578.66 1400.96 46650.455
15 98 0.0 -0.0002 100.0 642.04 1579.56 1400.27 48250.526
15 99 0.001 -3e-05 100.0 641.99 1578.81 1403.36 49888.603
16 1 -0.0004 4e-05 100.0 642.1 1578.81 1399.78 47.004
16 2 -0.0019 -0.00011 100.0 642.17 1580.29 1398.18 47.07
16 3 0.0019 -6e-05 100.0 642.32 1578.6 1399.46 47.027
16 4 0.0013 -0.00031 100.0 641.96 1580.31 1399.66 47.119
16 5 -0.0008 0.0003 100.0 642.09 1580.64 1402.24 47.055
16 6 0.0006 -1e-05 100.0 642.4 1580.98 1398.63 47.044
16 7 -0.0002 0.00017 100.0 641.93 1579.63 1402.05 47.19
16 8 0.003 -9e-05 100.0 642.5 1579.19 1399.08 47.123
16 9 -0.0 2e-05 100.0 642.27 1579.81 1397.28 47.324
16 10 0.0015 0.00021 100.0 642.48 1579.18 1401.2 47.299
16 11 -0.0004 0.0002 100.0 641.42 1579.81 1398.27 47.251
16 12 -0.005 3e-05 100.0 642.34 1580.41 1398.05 47.25
16 13 -0.0004 0.00013 100.0 641.71 1577.96 1398.9 47.216
16 14 0.0001 0.00014 100.0 642.48 1578.76 1401.32 47.274
16 15 -0.0 -5e-05 100.0 642.32 1580.35 1398.98 47.23
16 16 0.0001 0.00027 100.0 641.65 1579.96 1400.59 47.341
16 17 0.0008 -0.00037 100.0 642.0 1580.26 1400.44 47.388
16 18 -0.0004 0.00018 100.0 641.55 1581.53 1399.91 47.298
16 19 -0.0035 -0.00014 100.0 641.66 1579.91 1399.5 47.389
16 20 -0.0002 1e-05 100.0 641.97 1578.22 1401.73 47.347
16 21 -0.0018 0.00011 100.0 641.76 1580.55 1399.45 47.423
16 22 -0.0032 0.0003 100.0 642.22 1581.11 1399.22 47.551
16 23 -0.0021 -0.00034 100.0 642.46 1579.6 1398.27 47.625
16 24 0.0028 -8e-05 100.0 642.48 1579.83 1400.45 47.427
16 25 0.0014 -7e-05 100.0 642.6 1579.84 1399.13 47.66
16 26 -0.0025 -0.00025 100.0 642.38 1581.46 1400.23 47.359
16 27 0.0015 0.00028 100.0 641.85 1579.59 1401.53 47.503
16 28 0.0031 8e-05 100.0 641.9 1580.91 1400.67 47.412
16 29 0.0 0.00018 100.0 642.16 1581.27 1399.51 47.714
16 30 -0.0044 -0.00028 100.0 642.22 1579.9 1402.07 47.709
16 31 0.0011 -0.00016 100.0 642.0 1580.73 1400.1 47.634
16 32 0.0005 5e-05 100.0 642.3 1581.46 1403.02 47.641
16 33 -0.0012 0.00016 100.0 641.84 1579.77 1401.58 47.45
16 34 -0.0009 -0.00034 100.0 641.95 1580.3 1399.41 47.62
16 35 0.0013 5e-05 100.0 641.86 1579.38 1400.63 47.614
16 36 0.0006 0.00011 100.0 642.17 1579.65 1399.31 47.757
16 37 0.0013 0.00021 100.0 642.36 1579.35 1399.85 47.815
16 38 0.0005 7e-05 100.0 641.98 1578.5 1398.5 47.787
16 39 0.0022 -8e-05 100.0 642.01 1580.76 1398.27 47.602
16 40 -0.0002 -8e-05 100.0 641.84 1578.77 1399.31 47.856
16 41 -0.0034 8e-05 100.0 642.1 1579.79 1399.9 47.727
16 42 0.0012 7e-05 100.0 642.48 1578.87 1397.29 47.758
16 43 -0.005 -9e-05 100.0 641.54 1581.84 1402.12 47.684
16 44 -0.0022 -0.00034 100.0 641.86 1579.41 1399.58 47.969
16 45 -0.0029 -0.00018 100.0 641.45 1580.3 1401.33 47.926
16 46 0.0024 5e-05 100.0 642.16 1579.26 1401.8 47.961
16 47 0.0019 -0.00031 100.0 641.88 1580.34 1399.72 47.768
16 48 -0.0035 0.0 100.0 642.05 1579.41 1399.06 47.727
16 49 0.0024 -0.00026 100.0 642.2 1580.08 1399.8 47.889
16 50 0.0016 -1e-05 100.0 641.5 1578.99 1398.18 47.966
16 51 0.0008 -0.0002 100.0 641.67 1579.64 1398.85 47.929
16 52 -0.0009 -0.00026 100.0 641.5 1579.03 1402.52 48.082
16 53 0.0055 -5e-05 100.0 641.86 1579.0 1398.36 47.989
16 54 -0.0019 0.00013 100.0 642.45 1580.73 1398.85 47.793
16 55 0.003 0.00026 100.0 641.42 1582.14 1399.35 47.979
16 56 -0.0008 8e-05 100.0 642.31 1579.22 1397.2 47.922
16 57 -0.0017 0.00014 100.0 641.91 1581.37 1400.16 47.994
16 58 0.0 0.00018 100.0 641.24 1580.51 1400.59 48.078
16 59 0.0039 -0.0002 100.0 642.1 1578.12 1400.61 48.009
16 60 0.0008 0.00017 100.0 641.79 1580.16 1398.41 48.019
16 61 0.0017 7e-05 100.0 641.47 1581.19 1401.41 48.167
16 62 0.0022 -2e-05 100.0 642.31 1582.31 1398.57 48.153
16 63 -0.0009 -0.00022 100.0 641.54 1579.66 1398.5 48.137
16 64 -0.0029 7e-05 100.0 641.88 1580.12 1397.58 48.123
16 65 0.0028 -6e-05 100.0 642.32 1580.27 1400.91 48.106
16 66 0.0028 -4e-05 100.0 642.26 1580.61 1399.72 48.147
16 67 0.0028 9e-05 100.0 642.01 1578.88 1400.12 48.226
16 68 0.0012 -7e-05 100.0 641.95 1580.4 1401.12 48.244
16 69 -0.0043 0.0001 100.0 642.14 1578.79 1400.25 48.292
16 70 0.0028 0.00028 100.0 642.22 1579.53 1400.46 48.343
16 71 -0.0006 0.00027 100.0 642.04 1581.33 1397.75 48.293
16 72 -0.0012 7e-05 100.0 642.11 1578.19 1399.93 48.411
16 73 -0.0008 3e-05 100.0 641.69 1577.52 1401.83 48.251
16 74 -0.0014 7e-05 100.0 641.68 1578.49 1398.49 48.35
16 75 -0.0002 0.0003 100.0 642.52 1581.23 1401.21 48.289
16 76 0.0013 -0.0001 100.0 641.99 1580.2 1401.05 48.365
16 77 -0.0032 -4e-05 100.0 642.19 1580.86 1399.41 48.352
16 78 -0.0008 0.00027 100.0 642.54 1578.56 1399.36 48.486
16 79 -0.0024 -0.00018 100.0 641.73 1580.67 1399.39 48.438
16 80 0.0006 6e-05 100.0 642.12 1580.13 1399.63 48.633
16 81 -0.002 -0.00012 100.0 642.03 1581.04 1400.03 48.507
16 82 -0.0006 -0.00013 100.0 642.61 1581.04 1398.75 48.299
16 83 0.0017 -2e-05 100.0 641.57 1580.14 1399.84 48.669
16 84 0.0029 -0.00035 100.0 641.92 1578.83 1400.12 48.357
16 85 -0.0003 8e-05 100.0 641.83 1579.54 1401.11 48.471
16 86 0.0016 1e-05 100.0 642.07 1580.93 1398.9 48.507
16 87 -0.0002 5e-05 100.0 641.94 1580.46 1399.94 48.692
16 88 -0.0014 -2e-05 100.0 641.63 1581.72 1397.21 48.66
16 89 -0.0043 1e-05 100.0 642.47 1577.77 1399.24 48.665
16 90 0.0012 -9e-05 100.0 642.48 1580.14 1401.57 48.67
16 91 -0.0003 0.00024 100.0 642.08 1578.21 1401.94 48.52
16 92 -0.0009 8e-05 100.0 642.08 1580.25 1399.93 48.631
16 93 0.0001 0.00033 100.0 641.64 1581.49 1401.09 48.605
16 94 0.0037 0.0002 100.0 642.4 1580.21 1398.46 48.689
16 95 -0.0048 -0.0002 100.0 642.22 1579.52 1401.24 48.722
16 96 0.0037 0.00024 100.0 641.93 1580.25 1397.98 48.85
16 97 0.0019 0.00043 100.0 641.88 1581.24 1402.97 48.75
16 98 0.0004 -3e-05 100.0 641.75 1578.57 1400.66 48.696
16 99 0.0016 -9e-05 100.0 642.37 1578.17 1399.1 48.888
17 1 0.0016 -0.00011 100.0 641.91 1580.39 1399.14 46.892
17 2 -0.0013 -0.00041 100.0 641.96 1580.81 1401.12 47.183
17 3 -0.0009 0.0004 100.0 642.02 1580.67 1399.66 47.099
17 4 -0.0006 -0.00016 100.0 642.22 1579.31 1399.5 46.936
17 5 -0.002 0.0001 100.0 642.42 1580.56 1400.16 47.162
17 6 -0.001 -0.00055 100.0 641.89 1579.55 1399.16 47.341
17 7 -0.0022 -7e-05 100.0 641.75 1578.07 1401.13 47.187
17 8 0.0023 -0.00031 100.0 641.58 1578.16 1400.4 47.314
17 9 0.0018 -6e-05 100.0 642.17 1577.53 1401.2 47.229
17 10 -0.0019 -1e-05 100.0 642.34 1580.12 1399.32 47.334
17 11 0.0004 -8e-05 100.0 641.9 1577.36 1401.9 47.287
17 12 -0.0029 0.0001 100.0 642.46 1576.64 1400.65 47.337
17 13 -0.0009 8e-05 100.0 642.19 1579.4 1397.19 47.285
17 14 0.0007 -0.0001 100.0 641.65 1581.23 1399.03 47.394
17 15 0.0004 0.00048 100.0 642.27 1578.53 1398.98 47.332
17 16 -0.0006 -0.00014 100.0 642.61 1582.41 1399.85 47.248
17 17 -0.0012 -5e-05 100.0 641.58 1579.91 1402.25 47.349
17 18 -0.0004 -6e-05 100.0 642.11 1580.32 1400.1 47.206
17 19 0.0022 0.00014 100.0 641.99 1580.38 1400.32 47.447
17 20 0.0012 -0.00037 100.0 642.46 1580.5 1401.96 47.437
17 21 -0.0007 5e-05 100.0 642.04 1579.94 1400.42 47.569
17 22 -0.0018 5e-05 100.0 642.38 1579.86 1399.43 47.401
17 23 0.0013 0.0003 100.0 642.12 1578.77 1397.6 47.499
17 24 -0.0008 -0.00028 100.0 642.48 1580.34 1399.99 47.399
17 25 -0.0038 -0.0003 100.0 641.77 1579.06 1401.49 47.621
17 26 0.0051 -5e-05 100.0 642.09 1580.58 1399.55 47.542
17 27 0.0024 -0.0003 100.0 641.76 1580.15 1400.92 47.541
17 28 0.0011 -0.00016 100.0 642.13 1580.7 1400.01 47.561
17 29 -0.0021 0.00014 100.0 642.3 1578.39 1398.39 47.762
17 30 0.0005 -0.00021 100.0 641.9 1580.55 1399.9 47.499
17 31 0.0002 0.0 100.0 641.82 1579.61 1400.36 47.707
17 32 -0.0009 8e-05 100.0 641.91 1580.0 1397.94 47.594
17 33 0.0027 -3e-05 100.0 642.35 1581.52 1398.13 47.562
17 34 -0.0016 -0.00023 100.0 641.85 1581.11 1400.61 47.753
17 35 -0.0002 -0.00023 100.0 642.06 1580.69 1400.98 47.586
17 36 -0.0022 7e-05 100.0 642.35 1579.42 1400.22 47.684
17 37 -0.0003 -0.00011 100.0 642.31 1580.93 1399.26 47.728
17 38 0.0003 -6e-05 100.0 641.74 1580.24 1400.49 47.652
17 39 -0.0078 6e-05 100.0 642.02 1580.84 1397.34 47.908
17 40 0.0008 3e-05 100.0 641.94 1579.64 1402.38 47.694
17 41 -0.0022 6e-05 100.0 642.11 1579.45 1401.61 47.941
17 42 -0.0031 -0.00012 100.0 642.06 1580.23 1402.51 47.723
17 43 -0.0012 0.00025 100.0 642.1 1580.22 1398.57 47.981
17 44 0.0019 0.0001 100.0 642.11 1579.86 1398.23 47.915
17 45 0.0003 0.0002 100.0 641.7 1580.99 1398.03 48.171
17 46 0.0008 0.00022 100.0 641.94 1579.32 1398.95 47.754
17 47 -0.0022 0.00022 100.0 642.06 1580.14 1400.0 47.969
17 48 -0.0004 -0.00031 100.0 642.12 1579.03 1399.31 48.033
17 49 -0.002 -0.00016 100.0 641.82 1580.63 1399.02 47.855
17 50 0.002 0.00023 100.0 641.89 1582.6 1401.58 48.0
17 51 -0.0011 -0.00025 100.0 641.63 1578.67 1402.0 47.966
17 52 -0.0017 0.00014 100.0 641.93 1580.32 1400.38 48.044
17 53 -0.0011 0.00012 100.0 641.95 1580.82 1399.04 48.044
17 54 0.0012 9e-05 100.0 641.88 1580.67 1403.08 48.043
17 55 0.0006 2e-05 100.0 641.68 1580.14 1399.96 48.203
17 56 -0.0006 0.00028 100.0 641.91 1580.07 1398.16 48.208
17 57 -0.0022 0.00034 100.0 641.99 1582.28 1397.96 48.223
17 58 0.0011 -0.00022 100.0 641.93 1578.56 1400.67 48.217
17 59 0.0025 0.00018 100.0 641.9 1580.31 1398.32 48.219
17 60 -0.0009 -5e-05 100.0 641.94 1579.84 1398.83 48.218
17 61 -0.0022 -1e-05 100.0 642.28 1581.12 1400.55 48.436
17 62 0.0021 0.00028 100.0 641.62 1580.76 1403.48 48.393
17 63 0.0013 6e-05 100.0 642.29 1579.14 1401.19 48.339
17 64 -0.0021 5e-05 100.0 641.84 1579.78 1400.14 48.469
17 65 -0.0017 -5e-05 100.0 642.31 1580.06 1399.22 48.187
17 66 0.0013 -0.00014 100.0 642.16 1579.15 1398.73 48.448
17 67 -0.0025 -0.00038 100.0 642.04 1580.37 1401.29 48.406
17 68 -0.0004 -0.00036 100.0 642.54 1582.43 1402.75 48.365
17 69 0.0017 5e-05 100.0 641.82 1579.76 1401.95 48.208
17 70 0.0008 -0.00021 100.0 641.71 1580.3 1401.05 48.374
17 71 0.0014 -5e-05 100.0 642.13 1578.72 1398.82 48.549
17 72 0.0001 -0.00015 100.0 642.15 1579.42 1399.98 48.664
17 73 0.003 -0.00011 100.0 642.21 1581.01 1400.91 48.435
17 74 -0.0009 -0.0001 100.0 641.73 1578.78 1397.36 48.714
17 75 -0.0007 -0.00036 100.0 642.07 1578.57 1399.41 48.62
17 76 0.0013 -0.0003 100.0 641.77 1581.72 1400.29 48.49
17 77 0.001 0.00013 100.0 642.39 1577.6 1398.94 48.729
17 78 0.0024 -0.00015 100.0 641.91 1579.28 1400.17 48.562
17 79 0.0018 0.00017 100.0 641.77 1578.98 1401.23 48.751
17 80 -0.0021 9e-05 100.0 641.86 1580.99 1400.06 48.541
17 81 0.0027 1e-05 100.0 642.54 1581.85 1400.91 48.622
17 82 -0.0034 -2e-05 100.0 642.44 1580.29 1399.62 48.79
17 83 -0.004 -0.0001 100.0 642.28 1580.61 1399.19 48.817
17 84 0.0002 -4e-05 100.0 641.91 1580.74 1402.98 48.725
17 85 0.0009 4e-05 100.0 642.04 1579.01 1400.18 48.751
17 86 -0.0013 -0.00022 100.0 642.13 1577.87 1400.96 48.843
17 87 0.001 -0.00029 100.0 642.13 1579.73 1397.48 48.708
17 88 -0.0027 -1e-05 100.0 642.07 1581.06 1402.67 48.853
17 89 -0.0009 -0.00022 100.0 642.13 1580.26 1399.47 48.833
17 90 -0.0013 -0.00022 100.0 642.14 1581.1 1399.53 48.98
17 91 0.0005 0.00031 100.0 641.69 1582.22 1398.04 48.938
17 92 0.0015 0.0003 100.0 642.05 1578.84 1397.93 48.983
17 93 -0.0002 0.00032 100.0 641.66 1577.05 1398.53 48.9
17 94 0.0028 4e-05 100.0 642.09 1579.52 1399.13 49.032
17 95 0.0011 -2e-05 100.0 641.8 1578.97 1399.18 48.775
17 96 -0.0013 2e-05 100.0 642.39 1579.16 1402.8 48.999
17 97 -0.0015 -0.00022 100.0 642.04 1580.53 1400.65 48.999
17 98 -0.0006 -3e-05 100.0 641.85 1580.84 1397.59 49.299
17 99 0.0006 -0.00021 100.0 641.18 1580.2 1398.28 49.117
18 1 -0.0024 -0.00037 100.0 641.92 1578.74 1399.29 46.938
18 2 -0.0012 -0.00017 100.0 641.61 1579.79 1401.13 47.15
18 3 -0.0035 -8e-05 100.0 642.34 1578.6 1399.77 47.094
18 4 0.0002 0.00021 100.0 641.74 1579.45 1397.89 47.099
18 5 -0.003 -3e-05 100.0 641.81 1580.6 1401.82 47.01
18 6 0.003 2e-05 100.0 641.97 1577.03 1400.75 47.172
18 7 0.0013 7e-05 100.0 641.85 1582.12 1401.36 47.064
18 8 0.003 0.00022 100.0 641.94 1579.91 1400.82 47.125
18 9 -0.0013 0.00058 100.0 642.07 1580.88 1400.93 47.073
18 10 -0.0017 -5e-05 100.0 641.68 1580.28 1403.18 47.111
18 11 0.0005 0.00021 100.0 641.99 1579.6 1400.85 47.37
18 12 0.001 1e-05 100.0 642.09 1580.35 1400.32 47.416
18 13 0.0 -0.00014 100.0 642.36 1581.82 1397.74 47.31
18 14 -0.0038 -0.00019 100.0 642.12 1580.8 1399.83 47.303
18 15 0.0026 -4e-05 100.0 641.18 1581.42 1400.78 47.448
18 16 -0.0013 2e-05 100.0 642.13 1581.53 1401.39 47.176
18 17 -0.0018 -0.00022 100.0 641.75 1581.15 1398.2 47.352
18 18 -0.003 0.00017 100.0 642.04 1581.39 1399.72 47.281
18 19 0.0032 -0.0001 100.0 641.81 1579.43 1400.77 47.622
18 20 -0.0011 0.0002 100.0 642.19 1580.96 1400.01 47.344
18 21 0.0014 -5e-05 100.0 641.77 1580.06 1397.97 47.554
18 22 0.0012 -3e-05 100.0 641.99 1580.05 1401.34 47.481
18 23 -0.0003 0.0001 100.0 642.12 1579.49 1399.81 47.625
18 24 -0.0015 0.00011 100.0 641.88 1582.36 1401.41 47.536
18 25 0.0007 -1e-05 100.0 642.12 1580.16 1401.78 47.608
18 26 -0.0002 0.0 100.0 642.07 1580.15 1400.47 47.725
18 27 -0.0018 -3e-05 100.0 641.77 1578.8 1397.91 47.586
18 28 0.0022 9e-05 100.0 641.92 1577.17 1402.36 47.679
18 29 0.0005 -0.00025 100.0 641.71 1582.27 1398.55 47.883
18 30 0.0002 -0.0001 100.0 642.12 1579.81 1401.07 47.717
18 31 0.0024 -0.00033 100.0 642.24 1579.22 1401.37 47.683
18 32 0.0021 -6e-05 100.0 642.62 1580.3 1400.9 47.877
18 33 0.001 0.00021 100.0 641.61 1580.17 1400.75 47.806
18 34 0.0004 -1e-05 100.0 641.84 1582.27 1399.77 47.734
18 35 -0.0009 -0.0004 100.0 642.49 1579.37 1398.31 47.753
18 36 0.0018 0.00028 100.0 641.71 1580.74 1398.99 47.794
18 37 -0.0003 -0.00017 100.0 641.94 1580.17 1397.71 47.961
18 38 -0.0007 2e-05 100.0 642.77 1580.6 1397.01 47.976
18 39 -0.0019 0.00013 100.0 641.78 1580.29 1398.14 47.939
18 40 -0.0015 -4e-05 100.0 642.16 1578.36 1402.65 47.853
18 41 0.0019 0.00016 100.0 641.83 1580.17 1400.86 48.012
18 42 -0.0018 2e-05 100.0 641.96 1582.82 1401.42 47.985
18 43 0.0036 0.00012 100.0 641.96 1578.52 1399.38 47.993
18 44 0.0014 -0.00017 100.0 642.37 1581.31 1399.46 47.801
18 45 -0.0001 -2e-05 100.0 642.45 1579.67 1397.2 48.027
18 46 0.0002 -0.00015 100.0 642.0 1579.49 1401.57 48.218
18 47 -0.0021 -0.00011 100.0 642.06 1580.0 1400.27 48.237
18 48 0.0017 0.0 100.0 641.94 1581.53 1400.33 48.146
18 49 -0.0019 0.0001 100.0 642.12 1580.02 1399.98 48.275
18 50 -0.0008 0.00021 100.0 641.85 1581.33 1398.12 48.189
18 51 -0.003 -7e-05 100.0 641.99 1580.3 1400.27 48.249
18 52 -0.0002 -0.00012 100.0 641.8 1579.62 1399.19 48.403
18 53 -0.0007 -5e-05 100.0 642.06 1580.93 1398.42 48.314
18 54 -0.002 -0.0001 100.0 641.76 1581.1 1401.78 48.334
18 55 -0.0025 -0.0002 100.0 642.79 1579.48 1402.52 48.259
18 56 -0.0016 0.00023 100.0 641.75 1579.68 1398.94 48.268
18 57 -0.001 -0.00019 100.0 642.28 1580.63 1400.14 48.483
18 58 0.0038 8e-05 100.0 641.65 1578.81 1401.73 48.42
18 59 0.0011 1e-05 100.0 641.93 1578.39 1400.92 48.519
18 60 -0.002 2e-05 100.0 642.29 1578.82 1398.84 48.408
18 61 -0.003 2e-05 100.0 641.79 1579.15 1399.61 48.347
18 62 0.0016 1e-05 100.0 642.04 1581.85 1402.0 48.604
18 63 0.001 -0.00023 100.0 642.23 1579.53 1397.18 48.506
18 64 0.0003 0.00019 100.0 642.0 1579.89 1397.88 48.431
18 65 -0.0008 3e-05 100.0 642.38 1578.13 1403.18 48.438
18 66 -0.0011 -0.00019 100.0 641.98 1580.27 1399.87 48.386
18 67 -0.0009 0.00016 100.0 642.01 1581.85 1399.21 48.712
18 68 -0.0036 0.00037 100.0 641.64 1581.32 1398.24 48.461
18 69 -0.0005 9e-05 100.0 642.06 1580.08 1395.78 48.507
18 70 -0.0014 -0.00028 100.0 642.27 1579.54 1401.07 48.706
18 71 0.0005 -5e-05 100.0 641.56 1581.21 1397.73 48.565
18 72 0.0001 -3e-05 100.0 642.41 1579.47 1400.92 48.708
18 73 -0.001 0.00033 100.0 641.57 1581.55 1400.98 48.972
18 74 -0.0022 9e-05 100.0 641.84 1578.55 1400.62 48.581
18 75 -0.0022 0.00056 100.0 641.86 1580.47 1399.6 48.771
18 76 0.0017 6e-05 100.0 641.33 1578.99 1398.1 48.765
18 77 -0.0002 0.00017 100.0 641.89 1579.66 1399.44 48.878
18 78 0.0006 7e-05 100.0 642.15 1580.6 1401.33 48.895
18 79 0.0004 -0.00037 100.0 641.8 1578.97 1398.22 49.004
18 80 -0.0004 0.00022 100.0 641.97 1581.36 1398.99 48.955
18 81 0.0007 -5e-05 100.0 641.8 1580.22 1400.44 49.071
18 82 0.0009 0.00027 100.0 641.43 1579.49 1400.67 49.085
18 83 0.0019 0.00036 100.0 641.91 1581.56 1398.93 49.101
18 84 0.0006 -0.00022 100.0 642.03 1579.6 1397.71 49.126
18 85 0.0005 -0.00012 100.0 641.64 1579.45 1399.96 48.949
18 86 0.0039 7e-05 100.0 641.94 1579.05 1400.34 49.159
18 87 -0.0008 -0.00033 100.0 641.54 1579.74 1400.35 49.04
18 88 0.0013 -0.00024 100.0 642.44 1581.72 1398.67 49.015
18 89 0.0014 -0.0 100.0 642.07 1581.14 1397.43 49.264
18 90 0.0016 -1e-05 100.0 642.27 1580.08 1399.1 49.233
18 91 0.0022 4e-05 100.0 641.72 1578.23 1399.23 49.084
18 92 -0.0004 0.00016 100.0 642.24 1579.0 1400.14 49.143
18 93 0.0024 -0.0001 100.0 641.74 1578.03 1399.61 49.062
18 94 0.0014 -0.00022 100.0 642.26 1581.28 1399.87 49.192
18 95 -0.0011 0.00012 100.0 642.64 1580.63 1396.87 49.405
18 96 0.0001 -0.00018 100.0 642.38 1580.71 1398.94 49.249
18 97 -0.0029 -0.00038 100.0 641.83 1581.41 1403.17 49.297
18 98 0.003 4e-05 100.0 641.54 1580.06 1401.12 49.314
18 99 0.0013 -0.00014 100.0 641.41 1580.03 1400.11 49.343
19 1 -0.0002 0.00021 100.0 641.77 1580.93 1399.78 46.936
19 2 -0.0008 -0.0 100.0 641.36 1579.85 1397.88 47.268
19 3 0.0031 -0.00041 100.0 641.69 1578.71 1401.09 47.503
19 4 -0.001 6e-05 100.0 642.22 1579.96 1398.33 48.395
19 5 0.0016 -0.0001 100.0 641.99 1579.98 1399.21 50.01
19 6 0.0025 0.00025 100.0 642.67 1579.91 1396.1 52.54
19 7 0.0003 0.00039 100.0 642.19 1582.59 1398.56 56.555
19 8 0.003 0.00015 100.0 641.89 1582.41 1401.2 62.168
19 9 0.0041 0.00027 100.0 642.66 1579.37 1402.85 69.313
19 10 0.0012 -0.00029 100.0 642.07 1578.47 1399.32 78.835
19 11 0.0011 -6e-05 100.0 642.58 1579.81 1401.55 90.951
19 12 -0.0002 0.0002 100.0 642.05 1577.54 1401.42 106.045
19 13 0.003 1e-05 100.0 641.95 1580.24 1400.3 124.5
19 14 0.0009 -0.00022 100.0 641.62 1579.94 1402.18 146.601
19 15 -0.0069 -2e-05 100.0 641.78 1581.2 1401.31 172.698
19 16 0.0008 -0.0001 100.0 641.71 1579.53 1402.0 203.559
19 17 -0.0013 0.00021 100.0 641.93 1580.34 1397.86 239.223
19 18 -0.001 0.0001 100.0 641.75 1579.03 1401.08 280.317
19 19 0.0014 0.00018 100.0 641.66 1580.29 1399.85 327.172
19 20 0.0005 -0.00012 100.0 642.1 1579.53 1400.95 380.392
19 21 -0.0019 -0.00017 100.0 642.08 1581.39 1401.35 440.296
19 22 -0.0009 9e-05 100.0 641.82 1577.82 1401.19 507.457
19 23 -0.0017 -0.0 100.0 641.99 1579.18 1399.96 582.354
19 24 0.0011 0.00013 100.0 642.16 1580.35 1398.02 665.582
19 25 0.0028 7e-05 100.0 642.06 1579.83 1400.97 757.203
19 26 0.0004 -7e-05 100.0 641.73 1580.87 1398.55 858.015
19 27 0.001 7e-05 100.0 642.25 1580.85 1397.97 968.652
19 28 -0.0005 -0.00019 100.0 642.05 1581.71 1399.81 1089.723
19 29 0.0007 -0.00024 100.0 641.69 1580.26 1399.6 1221.189
19 30 -0.0001 -2e-05 100.0 641.74 1582.6 1399.75 1364.139
19 31 -0.0048 -0.00015 100.0 641.52 1579.93 1397.57 1519.168
19 32 -0.0003 0.00025 100.0 641.76 1580.47 1400.16 1686.238
19 33 -0.0005 -0.00024 100.0 642.11 1577.84 1400.15 1866.276
19 34 0.0005 1e-05 100.0 641.78 1582.08 1396.35 2060.035
19 35 -0.0033 -0.00016 100.0 641.84 1580.08 1401.59 2267.718
19 36 0.0021 0.00012 100.0 641.67 1580.41 1400.88 2490.064
19 37 0.0021 -0.00028 100.0 641.58 1581.78 1399.69 2727.917
19 38 0.0026 -0.00023 100.0 642.28 1580.03 1398.87 2981.352
19 39 -0.0006 -9e-05 100.0 642.19 1582.51 1399.31 3251.346
19 40 -0.001 0.00016 100.0 642.18 1581.31 1401.13 3538.394
19 41 -0.0007 -0.00011 100.0 642.22 1580.96 1402.45 3843.061
19 42 0.0014 -4e-05 100.0 642.35 1580.07 1401.87 4166.053
19 43 -0.0001 0.0002 100.0 641.87 1580.29 1398.39 4507.918
19 44 -0.0025 -4e-05 100.0 642.19 1580.34 1400.24 4869.316
19 45 0.0001 4e-05 100.0 641.66 1577.9 1401.69 5250.793
19 46 -0.001 -5e-05 100.0 641.71 1579.52 1402.26 5653.162
19 47 -0.0009 5e-05 100.0 641.78 1581.33 1396.28 6076.813
19 48 0.0014 3e-05 100.0 641.66 1578.43 1398.71 6522.912
19 49 0.0003 4e-05 100.0 642.03 1581.86 1400.4 6991.208
19 50 -0.001 0.00014 100.0 641.62 1579.72 1399.73 7483.409
19 51 0.0019 -7e-05 100.0 641.89 1578.49 1400.57 7999.392
19 52 -0.0004 2e-05 100.0 641.96 1576.97 1399.92 8540.366
19 53 -0.0004 0.00015 100.0 641.79 1581.77 1399.9 9106.561
19 54 -0.0015 0.00017 100.0 642.77 1579.75 1400.53 9698.888
19 55 0.0008 -0.00028 100.0 641.9 1578.95 1398.04 10318.053
19 56 0.0001 1e-05 100.0 641.62 1579.79 1398.68 10964.768
19 57 0.0013 -0.0005 100.0 641.54 1579.08 1401.46 11639.47
19 58 0.0031 -0.00021 100.0 641.69 1579.29 1399.66 12343.126
19 59 -0.0007 0.00024 100.0 642.14 1579.97 1401.81 13076.191
19 60 0.0021 -0.00012 100.0 642.16 1581.95 1399.75 13839.867
19 61 0.0024 0.00035 100.0 641.57 1579.39 1398.41 14634.428
19 62 -0.0012 -0.00011 100.0 641.77 1578.42 1400.4 15460.635
19 63 -0.0027 -0.00037 100.0 641.91 1580.7 1400.08 16319.549
19 64 -0.0018 0.0002 100.0 642.51 1580.38 1400.94 17211.329
19 65 0.0014 -0.00011 100.0 641.79 1580.65 1397.35 18137.187
19 66 -0.0023 -0.00027 100.0 642.12 1577.87 1400.51 19097.42
19 67 0.0028 -0.00023 100.0 641.95 1581.75 1398.07 20093.398
19 68 -0.003 -0.00039 100.0 642.33 1580.39 1398.81 21125.472
19 69 0.0003 -8e-05 100.0 641.91 1578.67 1398.29 22194.443
19 70 0.0023 -0.00062 100.0 642.26 1580.4 1402.76 23300.589
19 71 0.0008 -0.0002 100.0 642.36 1579.12 1399.35 24445.851
19 72 0.002 6e-05 100.0 642.3 1580.62 1399.0 25629.782
19 73 -0.0039 -6e-05 100.0 641.85 1579.99 1398.84 26853.867
19 74 -0.0007 0.00015 100.0 642.04 1581.45 1399.02 28118.571
19 75 0.0015 -7e-05 100.0 642.05 1579.51 1399.63 29424.735
19 76 -0.0023 0.00037 100.0 641.41 1578.28 1396.52 30773.383
19 77 -0.0024 0.0005 100.0 641.78 1580.94 1401.39 32164.846
19 78 -0.0012 0.00042 100.0 642.12 1580.6 1400.74 33600.257
19 79 0.0038 -2e-05 100.0 642.29 1579.43 1399.02 35080.213
19 80 0.0026 0.00057 100.0 642.09 1583.12 1403.25 36605.677
19 81 0.0009 -0.0001 100.0 642.2 1580.09 1397.35 38177.253
19 82 -0.0001 0.00023 100.0 641.88 1579.46 1402.3 39796.2
19 83 -0.0003 -0.00016 100.0 642.13 1579.71 1400.75 41462.627
19 84 0.0 -0.00039 100.0 642.39 1580.64 1401.15 43177.764
19 85 -0.0011 -0.00011 100.0 641.91 1578.64 1399.21 44942.309
19 86 0.0028 0.0002 100.0 641.98 1581.12 1400.25 46757.518
19 87 0.0008 0.0001 100.0 642.59 1579.45 1400.3 48623.368
19 88 0.0 -4e-05 100.0 641.77 1580.85 1400.87 50541.497
19 89 -0.0002 -0.00027 100.0 642.14 1579.21 1400.36 52512.095
19 90 -0.0015 -0.00015 100.0 642.12 1579.37 1399.16 54536.442
19 91 -0.0013 8e-05 100.0 641.66 1581.77 1399.5 56615.498
19 92 -0.0004 0.00019 100.0 641.94 1580.26 1400.06 58749.42
19 93 0.0002 0.0001 100.0 641.73 1579.05 1398.41 60939.477
19 94 -0.0026 -6e-05 100.0 641.86 1579.61 1399.57 63186.608
19 95 -0.0014 -5e-05 100.0 641.9 1577.94 1399.51 65491.724
19 96 0.0012 0.00022 100.0 641.99 1580.95 1399.46 67855.539
19 97 0.002 0.00016 100.0 641.99 1580.5 1400.46 70278.772
19 98 -0.0024 0.00021 100.0 642.01 1580.41 1400.48 72762.468
19 99 0.0008 8e-05 100.0 642.21 1580.32 1399.57 75307.135
20 1 -0.0014 -2e-05 100.0 642.69 1580.95 1400.07 47.026
20 2 0.0035 -0.0004 100.0 642.44 1581.47 1400.68 47.053
20 3 0.0028 0.00015 100.0 642.38 1580.66 1398.0 47.103
20 4 -0.0005 -0.00016 100.0 642.03 1582.39 1400.67 47.11
20 5 0.0027 -0.00018 100.0 642.3 1580.07 1399.16 47.171
20 6 -0.0022 -5e-05 100.0 641.78 1578.47 1398.27 47.311
20 7 0.0062 -5e-05 100.0 642.31 1581.06 1399.66 47.086
20 8 -0.0024 -0.0001 100.0 641.62 1579.9 1400.45 47.141
20 9 -0.0026 -0.00022 100.0 641.84 1579.12 1401.17 47.203
20 10 -0.0006 0.0002 100.0 642.25 1580.37 1399.66 47.207
20 11 -0.0015 -3e-05 100.0 642.01 1579.67 1400.05 47.295
20 12 0.0016 -8e-05 100.0 641.97 1579.46 1400.79 47.179
20 13 0.0028 -0.00011 100.0 642.21 1580.22 1399.45 47.165
20 14 -0.001 1e-05 100.0 641.79 1581.94 1399.52 47.066
20 15 0.0012 4e-05 100.0 641.98 1580.71 1399.72 47.386
20 16 -0.0 -0.00026 100.0 642.08 1579.35 1397.93 47.264
20 17 -0.0 -0.00029 100.0 641.99 1581.71 1399.5 47.382
20 18 0.0027 -0.00054 100.0 641.5 1581.29 1399.31 47.231
20 19 0.0011 -7e-05 100.0 641.98 1580.41 1398.41 47.515
20 20 -0.0013 -0.00033 100.0 641.64 1578.53 1400.57 47.26
20 21 -0.0026 0.00021 100.0 641.35 1581.59 1402.98 47.435
20 22 -0.0001 -0.00052 100.0 641.85 1579.46 1400.98 47.452
20 23 -0.0004 0.00025 100.0 642.13 1579.94 1398.92 47.644
20 24 0.0001 0.00014 100.0 642.11 1578.5 1399.48 47.481
20 25 -0.0002 -0.0003 100.0 642.28 1578.63 1400.1 47.433
20 26 0.0007 -0.00025 100.0 641.83 1581.7 1399.38 47.488
20 27 -0.0007 -4e-05 100.0 641.88 1579.07 1404.25 47.536
20 28 0.0005 0.00046 100.0 641.77 1580.48 1400.77 47.621
20 29 0.0007 0.00038 100.0 642.46 1580.57 1401.36 47.47
20 30 0.002 -0.0 100.0 642.15 1581.57 1399.16 47.537
20 31 -0.0042 4e-05 100.0 641.56 1579.89 1401.49 47.464
20 32 0.0017 0.00032 100.0 641.62 1579.24 1400.86 47.696
20 33 0.001 0.00044 100.0 641.76 1581.98 1398.87 47.567
20 34 0.0016 -7e-05 100.0 642.23 1581.53 1400.79 47.72
20 35 -0.0043 0.00014 100.0 642.12 1578.23 1400.36 47.78
20 36 -0.0021 0.00014 100.0 642.57 1580.59 1401.39 47.659
20 37 -0.0023 3e-05 100.0 642.33 1578.66 1400.16 47.638
20 38 -0.0011 9e-05 100.0 642.22 1579.96 1396.31 47.923
20 39 0.0004 -6e-05 100.0 642.43 1580.09 1401.62 47.689
20 40 0.001 -0.00011 100.0 641.7 1581.32 1399.36 47.712
20 41 -0.0025 -0.0001 100.0 642.17 1579.1 1399.4 47.669
20 42 0.0062 8e-05 100.0 641.91 1580.98 1400.22 47.799
20 43 0.0001 -0.00013 100.0 641.94 1579.85 1399.08 47.642
20 44 -0.0005 -0.00015 100.0 641.43 1581.37 1397.63 47.868
20 45 0.0015 1e-05 100.0 641.95 1580.3 1401.67 47.884
20 46 0.0026 8e-05 100.0 642.59 1580.97 1399.56 47.918
20 47 -0.0019 2e-05 100.0 641.95 1578.23 1396.57 47.795
20 48 0.0002 0.00031 100.0 641.58 1577.15 1402.21 47.923
20 49 0.0014 -3e-05 100.0 642.22 1580.07 1399.4 48.079
20 50 0.0025 1e-05 100.0 641.37 1579.9 1401.65 47.889
20 51 -0.0029 0.00042 100.0 642.27 1579.98 1399.45 47.878
20 52 -0.0002 0.00016 100.0 642.25 1578.96 1400.12 48.06
20 53 -0.001 0.00016 100.0 641.57 1578.71 1400.97 48.141
20 54 0.001 0.00019 100.0 641.63 1577.89 1400.73 47.987
20 55 -0.0037 -0.0004 100.0 640.87 1580.6 1397.81 48.076
20 56 0.0 -0.00022 100.0 642.08 1579.12 1397.72 47.854
20 57 0.0028 2e-05 100.0 642.44 1579.74 1402.07 48.179
20 58 -0.0013 0.00011 100.0 641.81 1577.65 1397.67 48.273
20 59 0.0027 7e-05 100.0 641.8 1578.5 1399.02 48.004
20 60 0.0023 -7e-05 100.0 642.37 1580.03 1400.2 48.08
20 61 0.0 0.00023 100.0 642.25 1579.83 1397.91 48.249
20 62 -0.002 4e-05 100.0 642.51 1579.41 1401.17 48.258
20 63 -0.002 -5e-05 100.0 642.27 1580.12 1399.6 48.305
20 64 0.0017 0.00015 100.0 641.9 1577.83 1398.02 48.083
20 65 0.0007 -0.00027 100.0 642.02 1580.24 1400.69 48.204
20 66 0.0005 0.00011 100.0 641.69 1579.81 1401.44 48.007
20 67 -0.0021 -5e-05 100.0 641.98 1580.08 1398.87 48.181
20 68 -0.001 0.0 100.0 641.73 1579.75 1402.03 48.356
20 69 -0.0031 0.00031 100.0 641.94 1582.0 1400.46 48.298
20 70 0.0034 2e-05 100.0 641.89 1581.62 1398.83 48.355
20 71 -0.0021 -2e-05 100.0 642.92 1580.22 1399.85 48.447
20 72 -0.0011 -4e-05 100.0 641.94 1583.47 1400.18 48.262
20 73 -0.0006 -5e-05 100.0 642.31 1579.89 1402.41 48.343
20 74 0.0012 -0.00035 100.0 641.88 1577.92 1396.81 48.314
20 75 0.0012 7e-05 100.0 641.85 1581.13 1397.41 48.463
20 76 0.0009 6e-05 100.0 642.34 1580.08 1396.33 48.478
20 77 -0.0018 -0.00035 100.0 641.75 1579.57 1402.19 48.436
20 78 0.0013 -0.0002 100.0 641.99 1582.01 1403.31 48.333
20 79 0.0028 -5e-05 100.0 642.26 1581.6 1399.04 48.411
20 80 0.0029 -0.00011 100.0 642.34 1578.22 1400.68 48.589
20 81 -0.0 -0.00033 100.0 642.15 1580.16 1399.51 48.431
20 82 0.0003 0.00057 100.0 642.48 1579.14 1398.76 48.596
20 83 -0.0018 0.00012 100.0 641.97 1580.05 1401.8 48.684
20 84 -0.0007 0.00014 100.0 642.28 1579.65 1400.3 48.481
20 85 0.0004 0.00015 100.0 642.65 1581.7 1398.04 48.595
20 86 0.002 -0.00048 100.0 642.36 1581.31 1399.87 48.585
20 87 -0.0041 -0.00015 100.0 642.27 1578.69 1400.38 48.786
20 88 -0.0001 0.0002 100.0 642.0 1579.92 1400.07 48.779
20 89 -0.0006 -1e-05 100.0 642.13 1578.63 1401.11 48.626
20 90 0.0011 -0.00027 100.0 641.93 1578.79 1400.49 48.671
20 91 0.0032 -0.0002 100.0 642.01 1579.28 1399.67 48.666
20 92 0.0005 -0.00021 100.0 641.82 1579.61 1399.27 48.514
20 93 0.0031 -0.00033 100.0 641.8 1579.22 1403.18 48.646
20 94 -0.0001 -9e-05 100.0 641.97 1582.29 1401.0 48.59
20 95 0.0008 -0.00011 100.0 642.05 1582.08 1397.47 48.91
20 96 0.0028 0.00039 100.0 642.08 1580.61 1401.47 48.862
20 97 0.0017 -0.00027 100.0 641.84 1578.53 1400.65 48.841
20 98 -0.0019 -0.00019 100.0 641.97 1578.49 1398.73 48.973
20 99 0.0007 -0.00013 100.0 642.26 1582.04 1398.95 48.935
21 1 -0.003 0.00012 100.0 641.56 1578.65 1401.2 47.024
21 2 -0.0038 -1e-05 100.0 641.42 1576.95 1402.2 46.977
21 3 0.0006 -9e-05 100.0 641.61 1579.34 1400.72 47.103
21 4 0.0004 -0.00037 100.0 641.97 1578.84 1401.8 47.114
21 5 -0.0016 0.00036 100.0 641.82 1579.65 1400.01 47.164
21 6 -0.0004 -8e-05 100.0 642.02 1580.46 1400.06 46.985
21 7 0.0043 0.00013 100.0 641.75 1581.39 1399.34 47.077
21 8 0.0026 -9e-05 100.0 642.26 1579.94 1397.92 46.913
21 9 0.0001 -0.00014 100.0 642.11 1581.37 1400.17 47.15
21 10 0.0021 -5e-05 100.0 642.04 1579.73 1399.48 47.337
21 11 -0.0019 -2e-05 100.0 641.86 1580.87 1400.31 47.35
21 12 -0.0031 0.00052 100.0 641.78 1578.11 1403.0 47.051
21 13 -0.0028 2e-05 100.0 641.84 1580.97 1399.03 47.343
21 14 0.0028 0.00023 100.0 642.38 1580.6 1399.21 47.384
21 15 -0.0018 -0.00011 100.0 642.36 1582.62 1399.18 47.364
21 16 -0.0013 0.00027 100.0 642.18 1578.07 1401.9 47.224
21 17 0.0034 -0.00047 100.0 641.88 1578.45 1402.03 47.126
21 18 0.001 0.00017 100.0 642.32 1580.39 1400.88 47.491
21 19 0.0011 -0.00025 100.0 642.36 1580.25 1400.22 47.318
21 20 0.0004 -0.00014 100.0 641.96 1581.85 1398.22 47.294
21 21 0.0028 8e-05 100.0 642.15 1580.91 1398.82 47.387
21 22 -0.0014 -0.0 100.0 642.1 1582.44 1401.13 47.47
21 23 -0.0005 -0.00035 100.0 642.2 1580.29 1402.84 47.53
21 24 -0.0007 0.00023 100.0 641.87 1578.2 1398.94 47.561
21 25 -0.0004 0.00014 100.0 642.1 1582.66 1399.74 47.413
21 26 0.0014 -7e-05 100.0 642.43 1579.8 1401.05 47.636
21 27 0.003 0.00021 100.0 642.0 1578.51 1399.42 47.595
21 28 0.0016 0.00011 100.0 642.0 1581.17 1400.67 47.571
21 29 -0.0004 -0.00033 100.0 641.95 1578.57 1401.04 47.673
21 30 0.0003 0.00028 100.0 642.26 1577.7 1398.46 47.619
21 31 0.0017 -0.00018 100.0 642.45 1580.25 1399.69 47.796
21 32 0.002 3e-05 100.0 641.65 1581.31 1398.75 47.621
21 33 -0.0009 -0.0005 100.0 641.67 1579.25 1400.68 47.851
21 34 0.0007 3e-05 100.0 641.67 1578.75 1401.02 47.627
21 35 0.0001 6e-05 100.0 642.35 1580.96 1397.76 47.987
21 36 -0.002 0.00046 100.0 642.51 1580.06 1398.16 47.767
21 37 0.0018 -0.00039 100.0 641.38 1579.28 1397.26 47.789
21 38 -0.0025 4e-05 100.0 642.0 1581.33 1399.9 47.713
21 39 0.0016 5e-05 100.0 642.34 1581.03 1399.19 47.829
21 40 0.0 -0.00015 100.0 642.22 1580.66 1401.99 48.035
21 41 0.0008 -0.00024 100.0 641.89 1580.73 1400.09 47.941
21 42 0.0007 6e-05 100.0 641.61 1581.15 1401.44 47.994
21 43 0.0005 -0.00027 100.0 641.82 1579.98 1402.97 47.944
21 44 -0.002 0.00028 100.0 641.57 1579.55 1401.9 47.818
21 45 -0.0008 -0.00047 100.0 642.15 1580.55 1400.89 48.029
21 46 -0.0005 0.00035 100.0 641.73 1580.37 1400.33 47.974
21 47 0.0006 -7e-05 100.0 641.33 1580.14 1401.78 47.992
21 48 0.0013 5e-05 100.0 642.55 1578.95 1400.05 48.102
21 49 0.0009 0.00042 100.0 641.87 1579.66 1400.8 48.076
21 50 0.0017 0.00017 100.0 642.53 1579.75 1399.86 47.97
21 51 -0.0013 -6e-05 100.0 642.41 1579.95 1402.08 48.261
21 52 0.0013 -0.00012 100.0 641.84 1580.07 1401.34 48.15
21 53 -0.0018 -9e-05 100.0 641.74 1580.11 1397.63 48.121
21 54 -0.0009 -9e-05 100.0 641.96 1581.21 1400.28 48.319
21 55 -0.0026 -9e-05 100.0 642.72 1581.33 1400.91 48.119
21 56 -0.0018 -5e-05 100.0 642.04 1578.89 1398.99 48.16
21 57 -0.0016 7e-05 100.0 641.94 1581.84 1401.22 48.288
21 58 -0.0012 -0.00022 100.0 641.88 1580.58 1401.0 48.233
21 59 0.0013 -0.00013 100.0 642.13 1579.23 1401.22 48.334
21 60 -0.0018 0.00018 100.0 642.35 1582.48 1402.57 48.461
21 61 -0.0038 -0.00034 100.0 641.9 1580.55 1397.18 48.458
21 62 0.002 -0.00032 100.0 642.13 1579.67 1402.58 48.432
21 63 -0.0018 0.00034 100.0 641.72 1580.5 1399.95 48.398
21 64 0.0018 -3e-05 100.0 641.88 1579.7 1402.43 48.443
21 65 0.0015 -0.00015 100.0 641.75 1579.42 1400.76 48.361
21 66 -0.003 -0.00018 100.0 641.73 1579.27 1397.83 48.563
21 67 0.0004 0.00026 100.0 641.7 1581.8 1398.6 48.502
21 68 -0.002 0.00012 100.0 641.89 1580.18 1399.16 48.537
21 69 0.0019 -0.00011 100.0 642.28 1580.96 1400.25 48.492
21 70 0.0007 0.00039 100.0 642.23 1579.64 1399.36 48.651
21 71 0.0017 0.00029 100.0 641.86 1581.41 1400.1 48.572
21 72 -0.0038 -0.00032 100.0 641.99 1579.72 1398.56 48.427
21 73 -0.0014 0.00026 100.0 641.84 1579.04 1400.14 48.65
21 74 -0.0014 0.0003 100.0 642.45 1579.96 1399.02 48.6
21 75 -0.0027 -0.00015 100.0 641.77 1580.14 1396.46 48.754
21 76 0.0009 5e-05 100.0 642.36 1577.7 1397.86 48.63
21 77 -0.0001 -0.00011 100.0 642.62 1580.74 1401.83 48.695
21 78 0.0009 0.00019 100.0 642.28 1580.93 1399.67 48.699
21 79 0.0009 -0.00023 100.0 641.9 1580.54 1397.32 48.718
21 80 -0.0004 -5e-05 100.0 642.64 1579.16 1397.98 48.891
21 81 -0.0022 0.00017 100.0 642.07 1579.64 1400.14 48.886
21 82 -0.0024 -0.00026 100.0 641.64 1578.1 1399.4 49.004
21 83 -0.0011 -0.00024 100.0 641.94 1579.51 1400.56 48.724
21 84 -0.0043 -0.00032 100.0 641.68 1580.61 1397.5 48.885
21 85 -0.0017 0.00029 100.0 641.91 1580.16 1399.15 48.868
21 86 -0.0016 3e-05 100.0 642.3 1580.37 1400.58 49.049
21 87 0.0003 -6e-05 100.0 641.68 1578.06 1400.61 48.86
21 88 0.0018 3e-05 100.0 641.45 1580.31 1399.53 48.933
21 89 -0.0004 9e-05 100.0 642.0 1580.22 1401.4 49.07
21 90 -0.0011 8e-05 100.0 641.96 1581.91 1400.96 48.977
21 91 -0.0004 6e-05 100.0 641.93 1578.86 1400.68 48.916
21 92 -0.0017 -0.0 100.0 641.86 1579.49 1399.94 49.144
21 93 -0.0026 -0.00023 100.0 642.07 1580.5 1397.6 49.093
21 94 -0.004 1e-05 100.0 641.91 1577.28 1402.92 49.121
21 95 0.0003 -0.00044 100.0 641.78 1580.77 1398.49 49.19
21 96 0.0033 -0.00019 100.0 642.0 1578.09 1400.94 49.274
21 97 -0.0013 -0.00012 100.0 641.85 1579.08 1398.69 49.158
21 98 -0.0031 -0.00012 100.0 641.87 1580.91 1401.01 49.166
21 99 -0.0005 -1e-05 100.0 642.09 1580.4 1400.36 49.349
22 1 0.0015 -7e-05 100.0 642.26 1579.53 1399.83 46.983
22 2 -0.0011 -0.00014 100.0 641.89 1579.89 1399.51 47.039
22 3 -0.0009 -0.00013 100.0 642.31 1580.75 1397.63 47.052
22 4 -0.0007 -0.00016 100.0 642.08 1579.88 1403.03 46.936
22 5 0.0059 -0.00024 100.0 641.86 1580.71 1401.06 47.027
22 6 0.0017 -0.00024 100.0 641.79 1580.42 1402.07 47.146
22 7 0.0012 7e-05 100.0 641.37 1577.14 1399.63 47.229
22 8 -0.0007 8e-05 100.0 642.03 1579.87 1401.73 47.374
22 9 0.0023 -0.00017 100.0 641.71 1580.46 1403.28 47.251
22 10 0.0014 2e-05 100.0 642.21 1580.51 1399.85 47.463
22 11 -0.0003 -0.0003 100.0 641.96 1581.17 1401.29 47.254
22 12 -0.0021 -0.00032 100.0 641.78 1579.43 1399.81 47.279
22 13 -0.0013 7e-05 100.0 642.01 1579.99 1400.77 47.328
22 14 -0.0017 0.00017 100.0 641.92 1582.28 1400.07 47.455
22 15 0.003 -0.0001 100.0 642.32 1580.5 1399.51 47.333
22 16 -0.0018 -5e-05 100.0 642.26 1580.42 1401.93 47.151
22 17 0.0004 -0.00023 100.0 642.28 1580.78 1400.32 47.354
22 18 0.0013 0.0001 100.0 642.24 1582.75 1400.71 47.49
22 19 -0.0003 -1e-05 100.0 642.37 1579.93 1399.71 47.366
22 20 0.001 2e-05 100.0 642.06 1579.88 1399.73 47.41
22 21 -0.0016 -0.00016 100.0 641.77 1580.12 1398.88 47.427
22 22 -0.0001 3e-05 100.0 642.36 1580.42 1401.33 47.53
22 23 -0.0 8e-05 100.0 642.25 1581.12 1399.6 47.693
22 24 0.0001 -0.00012 100.0 641.29 1580.48 1401.44 47.49
22 25 -0.0014 -0.00023 100.0 641.39 1579.6 1398.33 47.541
22 26 -0.0022 0.00015 100.0 641.7 1580.76 1399.24 47.469
22 27 0.0015 -5e-05 100.0 641.29 1581.19 1400.11 47.633
22 28 0.001 3e-05 100.0 641.89 1576.84 1398.67 47.803
22 29 -0.0 0.00011 100.0 641.7 1580.02 1399.98 47.653
22 30 0.004 0.00035 100.0 641.92 1578.8 1402.04 47.707
22 31 -0.0001 -2e-05 100.0 641.5 1577.84 1399.18 47.781
22 32 -0.0026 -0.00037 100.0 641.58 1581.93 1402.26 47.754
22 33 -0.0009 3e-05 100.0 642.38 1579.96 1400.39 47.748
22 34 0.0043 -0.00033 100.0 642.12 1580.69 1397.51 47.875
22 35 -0.0014 -9e-05 100.0 641.95 1579.87 1401.3 47.819
22 36 0.0016 0.0004 100.0 642.34 1580.32 1400.96 47.711
22 37 0.0015 0.00014 100.0 642.1 1580.19 1399.2 48.031
22 38 0.0004 -1e-05 100.0 642.22 1581.21 1398.32 47.799
22 39 -0.0018 7e-05 100.0 641.71 1577.81 1398.87 47.894
22 40 -0.0012 0.0 100.0 642.09 1578.32 1398.32 47.955
22 41 -0.0019 3e-05 100.0 642.09 1581.17 1398.5 47.907
22 42 -0.0032 0.00017 100.0 642.22 1580.01 1402.61 47.956
22 43 0.0024 0.00022 100.0 641.58 1577.52 1398.31 48.007
22 44 -0.0009 0.00034 100.0 641.89 1578.97 1399.72 47.997
22 45 -0.0022 -0.00031 100.0 642.12 1582.11 1401.16 47.909
22 46 -0.001 -0.00011 100.0 642.05 1581.48 1400.82 48.083
22 47 0.0012 0.00011 100.0 642.04 1578.31 1401.36 47.948
22 48 0.0011 -0.0001 100.0 641.96 1579.53 1400.15 47.969
22 49 0.0 0.00018 100.0 642.2 1578.64 1398.88 48.077
22 50 0.0024 -0.00029 100.0 642.54 1578.38 1402.33 48.051
22 51 0.0036 -0.00024 100.0 642.22 1579.55 1398.49 48.007
22 52 -0.0018 0.00016 100.0 641.82 1576.64 1400.14 48.121
22 53 -0.0014 -0.00012 100.0 642.07 1580.29 1400.25 48.31
22 54 -0.0001 4e-05 100.0 642.22 1580.25 1400.9 48.372
22 55 -0.0016 0.00025 100.0 641.38 1581.09 1401.25 48.322
22 56 0.0 0.00012 100.0 642.11 1580.05 1399.54 48.063
22 57 0.0013 -9e-05 100.0 642.3 1579.51 1401.52 48.128
22 58 -0.0009 -0.00032 100.0 641.99 1581.93 1398.29 48.323
22 59 -0.0016 -3e-05 100.0 641.81 1579.4 1402.23 48.366
22 60 0.0013 0.00049 100.0 641.88 1583.33 1397.4 48.331
22 61 0.0019 -0.00031 100.0 642.01 1578.59 1401.96 48.508
22 62 0.0002 0.00012 100.0 641.64 1576.57 1398.16 48.391
22 63 -0.0005 8e-05 100.0 642.41 1581.24 1399.81 48.413
22 64 0.0026 0.00019 100.0 641.57 1579.65 1401.0 48.467
22 65 0.003 0.00014 100.0 642.44 1580.51 1399.87 48.525
22 66 0.0004 0.00036 100.0 641.64 1578.97 1398.77 48.645
22 67 -0.0032 0.00015 100.0 642.27 1578.56 1403.18 48.424
22 68 0.0025 0.00021 100.0 642.19 1578.95 1398.42 48.649
22 69 -0.0013 -0.0001 100.0 642.35 1578.16 1397.65 48.687
22 70 -0.0016 0.00016 100.0 642.08 1581.34 1399.56 48.548
22 71 -0.002 0.00015 100.0 642.03 1579.6 1400.51 48.601
22 72 -0.0014 -0.00024 100.0 641.77 1580.64 1398.85 48.649
22 73 -0.0016 -0.00036 100.0 642.16 1581.4 1399.32 48.505
22 74 0.0006 2e-05 100.0 642.22 1577.63 1398.28 48.481
22 75 -0.0013 -6e-05 100.0 642.0 1579.57 1398.29 48.754
22 76 -0.0007 0.00013 100.0 641.76 1579.55 1398.97 48.555
22 77 0.0025 -0.00035 100.0 642.45 1578.19 1399.37 48.846
22 78 0.0022 -1e-05 100.0 641.82 1582.45 1398.54 48.672
22 79 0.0011 9e-05 100.0 642.84 1580.23 1400.56 48.698
22 80 -0.0014 6e-05 100.0 642.54 1578.88 1403.03 49.051
22 81 0.0024 0.00029 100.0 642.31 1579.63 1398.28 48.714
22 82 0.0041 0.00012 100.0 641.54 1581.89 1399.55 49.029
22 83 -0.0021 -7e-05 100.0 642.0 1579.98 1398.98 48.93
22 84 0.0016 0.00017 100.0 641.58 1581.61 1400.22 49.047
22 85 -0.0021 -0.00024 100.0 642.01 1580.06 1401.34 49.043
22 86 0.004 0.0001 100.0 642.09 1582.31 1400.07 48.927
22 87 -0.0027 -0.0003 100.0 642.34 1579.71 1400.38 48.951
22 88 0.0029 0.00026 100.0 642.33 1582.33 1398.79 49.075
22 89 0.0043 0.00022 100.0 642.42 1581.13 1401.71 48.993
22 90 0.0002 -0.00012 100.0 642.1 1578.12 1400.23 48.852
22 91 0.0002 0.00012 100.0 641.84 1579.6 1399.8 48.986
22 92 -0.0006 0.00055 100.0 642.38 1579.95 1401.39 49.08
22 93 -0.0005 0.00049 100.0 642.49 1579.17 1399.33 49.181
22 94 -0.0004 -0.00012 100.0 641.75 1581.56 1400.09 49.136
22 95 -0.002 -0.0008 100.0 642.32 1580.95 1399.28 49.229
22 96 0.0056 0.0001 100.0 641.89 1579.93 1399.59 49.109
22 97 0.0006 0.00011 100.0 642.2 1580.47 1398.43 49.102
22 98 0.0038 -0.00025 100.0 641.47 1580.78 1402.11 49.351
22 99 -0.0014 4e-05 100.0 641.99 1580.81 1399.75 49.257
23 1 0.0036 -1e-05 100.0 641.69 1581.58 1403.41 46.942
23 2 0.0025 0.00022 100.0 641.79 1580.61 1399.12 47.152
23 3 0.0002 7e-05 100.0 641.93 1581.89 1400.76 47.277
23 4 -0.0003 5e-05 100.0 641.96 1579.9 1396.9 47.262
23 5 0.0028 -0.0003 100.0 641.7 1577.78 1399.12 47.039
23 6 0.0019 7e-05 100.0 642.26 1582.94 1401.56 47.217
23 7 0.0026 0.00058 100.0 642.26 1581.5 1400.26 47.161
23 8 0.0024 2e-05 100.0 642.03 1579.89 1400.2 47.191
23 9 -0.0025 9e-05 100.0 641.93 1580.59 1399.25 47.226
23 10 0.0001 0.00019 100.0 641.91 1578.75 1402.87 47.428
23 11 0.0003 -0.0003 100.0 642.0 1581.68 1400.2 47.181
23 12 0.0006 0.00015 100.0 641.76 1581.34 1400.3 47.355
23 13 -0.0003 0.00017 100.0 642.52 1581.87 1398.17 47.337
23 14 -0.0081 -0.00022 100.0 641.53 1579.09 1399.83 47.228
23 15 0.0002 0.00011 100.0 642.34 1581.12 1400.42 47.168
23 16 0.0018 0.00011 100.0 642.38 1580.11 1401.38 47.269
23 17 0.0004 -0.0001 100.0 642.07 1579.92 1400.72 47.423
23 18 0.0001 -0.00014 100.0 642.08 1581.45 1397.28 47.476
23 19 0.0001 -0.00021 100.0 642.17 1578.28 1400.2 47.386
23 20 0.0001 -9e-05 100.0 641.77 1582.64 1401.8 47.477
23 21 -0.0004 2e-05 100.0 642.23 1580.31 1398.48 47.534
23 22 0.002 0.00012 100.0 642.09 1580.88 1402.01 47.536
23 23 0.0001 1e-05 100.0 642.36 1580.98 1399.62 47.404
23 24 -0.0039 -0.00022 100.0 641.48 1578.66 1398.64 47.509
23 25 0.0025 0.00024 100.0 642.15 1578.83 1398.97 47.69
23 26 -0.0029 -7e-05 100.0 642.35 1579.08 1400.34 47.606
23 27 0.002 0.00047 100.0 641.49 1580.71 1401.14 47.625
23 28 0.0011 -0.00027 100.0 641.98 1578.08 1400.59 47.687
23 29 -0.0011 4e-05 100.0 642.0 1580.64 1401.28 47.644
23 30 -0.0004 -0.00024 100.0 641.95 1579.49 1401.07 47.749
23 31 0.0009 3e-05 100.0 641.67 1579.89 1400.48 47.852
23 32 0.001 0.0002 100.0 641.79 1580.36 1399.84 47.443
23 33 -0.0004 -2e-05 100.0 641.78 1579.35 1402.45 47.811
23 34 -0.0032 -6e-05 100.0 642.37 1578.92 1399.26 47.835
23 35 -0.0002 -7e-05 100.0 641.89 1582.11 1400.17 47.863
23 36 0.0005 -0.00013 100.0 641.97 1580.43 1399.82 47.694
23 37 0.0004 0.00016 100.0 641.97 1580.26 1399.75 47.728
23 38 0.0007 0.00039 100.0 642.26 1581.21 1400.75 47.953
23 39 0.0012 0.00019 100.0 641.75 1577.76 1399.64 47.977
23 40 0.0008 -3e-05 100.0 642.22 1581.36 1400.91 47.797
23 41 0.0051 -0.0003 100.0 642.24 1580.7 1399.51 47.899
23 42 0.0025 0.0002 100.0 641.77 1580.46 1397.08 47.945
23 43 0.0019 -2e-05 100.0 641.91 1580.86 1400.49 48.018
23 44 0.0007 4e-05 100.0 642.32 1580.76 1399.74 47.996
23 45 0.0005 -0.00011 100.0 642.38 1579.58 1399.03 48.084
23 46 0.0017 -9e-05 100.0 642.3 1579.66 1397.2 47.969
23 47 -0.0039 -0.00013 100.0 642.33 1580.23 1396.95 48.141
23 48 -0.003 2e-05 100.0 642.36 1580.35 1403.93 48.1
23 49 0.0001 0.00017 100.0 642.07 1582.1 1402.72 48.085
23 50 -0.0001 -0.00017 100.0 641.68 1580.02 1399.24 48.174
23 51 0.0033 0.00044 100.0 642.09 1580.85 1400.46 48.191
23 52 0.0014 -0.00036 100.0 642.29 1582.54 1401.49 48.158
23 53 -0.0002 0.00017 100.0 641.88 1581.66 1398.9 48.166
23 54 0.0013 0.00013 100.0 642.08 1580.18 1401.32 48.167
23 55 0.0015 -8e-05 100.0 641.5 1580.17 1400.08 48.288
23 56 0.0008 0.0002 100.0 642.02 1579.14 1398.27 48.295
23 57 0.0005 8e-05 100.0 641.93 1581.0 1401.39 48.251
23 58 0.0005 0.00015 100.0 642.21 1578.71 1402.88 48.39
23 59 -0.0018 -0.00015 100.0 641.94 1580.45 1397.29 48.283
23 60 -0.0022 5e-05 100.0 642.03 1579.91 1402.14 48.255
23 61 0.0011 -0.00026 100.0 641.48 1580.71 1401.01 48.318
23 62 0.0019 0.00021 100.0 642.18 1581.14 1400.94 48.437
23 63 0.0024 0.00017 100.0 642.15 1581.2 1400.59 48.462
23 64 0.0002 -0.0 100.0 641.61 1580.02 1398.23 48.412
23 65 0.0031 0.00018 100.0 642.15 1581.17 1399.27 48.628
23 66 0.0 1e-05 100.0 641.46 1581.41 1402.66 48.564
23 67 0.0022 -0.00015 100.0 641.51 1579.33 1402.49 48.492
23 68 -0.0009 -0.00027 100.0 642.64 1578.78 1398.93 48.509
23 69 -0.0023 -3e-05 100.0 641.84 1578.92 1401.99 48.536
23 70 0.0006 0.00028 100.0 641.94 1578.89 1400.11 48.525
23 71 0.0035 0.00058 100.0 642.49 1579.03 1399.64 48.577
23 72 0.0007 -0.0002 100.0 641.93 1580.62 1401.02 48.828
23 73 0.0006 0.0002 100.0 641.85 1578.84 1399.53 48.706
23 74 0.0008 2e-05 100.0 641.98 1580.96 1400.11 48.68
23 75 0.0003 -0.00017 100.0 641.68 1580.15 1402.14 48.749
23 76 -0.0023 0.00013 100.0 642.22 1580.92 1401.11 48.899
23 77 0.0001 -0.00031 100.0 641.86 1577.69 1400.55 48.913
23 78 0.0015 -0.00038 100.0 642.16 1578.24 1402.83 48.858
23 79 0.0017 -5e-05 100.0 642.24 1581.7 1399.06 48.902
23 80 -0.0005 -0.00055 100.0 641.74 1577.72 1400.81 48.788
23 81 0.0009 -0.00051 100.0 642.35 1578.43 1398.93 48.874
23 82 -0.0025 -0.00032 100.0 642.1 1579.33 1398.05 48.836
23 83 0.0015 -0.00019 100.0 642.32 1582.83 1400.05 48.849
23 84 0.0003 0.0002 100.0 642.56 1579.29 1401.08 48.727
23 85 -0.0008 0.00031 100.0 642.08 1580.47 1401.82 49.054
23 86 0.0028 0.0001 100.0 642.02 1580.76 1397.56 48.911
23 87 0.0017 5e-05 100.0 642.62 1579.99 1402.68 49.335
23 88 0.0005 0.00027 100.0 641.57 1580.01 1399.26 48.862
23 89 -0.0023 8e-05 100.0 641.79 1581.11 1398.63 49.137
23 90 -0.0007 -0.00033 100.0 641.81 1581.19 1400.99 48.993
23 91 0.0005 -7e-05 100.0 642.58 1581.16 1402.14 49.024
23 92 -0.003 -0.00015 100.0 642.38 1579.42 1398.93 49.211
23 93 0.0 -0.0 100.0 641.82 1581.12 1402.95 49.21
23 94 -0.0023 0.00018 100.0 641.83 1579.22 1399.07 49.221
23 95 0.0016 -0.00019 100.0 642.33 1580.64 1399.97 49.14
23 96 0.0012 0.00026 100.0 642.21 1577.37 1400.02 49.134
23 97 -0.0009 0.00027 100.0 641.96 1580.92 1398.79 49.387
23 98 0.0015 0.00014 100.0 642.05 1578.76 1400.63 49.254
23 99 -0.0032 -4e-05 100.0 642.3 1578.8 1399.96 49.16
24 1 0.0014 4e-05 100.0 642.25 1580.95 1396.49 47.02
24 2 0.0008 -4e-05 100.0 641.74 1579.93 1400.35 46.972
24 3 0.0001 0.00015 100.0 641.85 1578.58 1403.08 46.789
24 4 -0.004 3e-05 100.0 642.09 1579.5 1399.18 47.119
24 5 -0.0006 -0.00013 100.0 641.99 1580.17 1398.19 47.1
24 6 -0.0021 -7e-05 100.0 642.01 1579.23 1399.76 47.15
24 7 -0.0027 0.00037 100.0 641.6 1579.93 1398.88 47.156
24 8 -0.0032 -0.00023 100.0 641.82 1579.65 1396.97 47.237
24 9 0.0006 -0.00022 100.0 641.97 1580.4 1401.02 47.122
24 10 0.0024 2e-05 100.0 642.19 1579.49 1397.23 47.172
24 11 0.0008 -4e-05 100.0 642.62 1579.43 1403.66 46.876
24 12 -0.0018 0.00011 100.0 641.79 1580.07 1403.02 47.186
24 13 0.0015 1e-05 100.0 641.95 1582.37 1400.79 47.109
24 14 -0.0008 8e-05 100.0 641.72 1578.1 1402.53 47.465
24 15 -0.0014 -0.00047 100.0 642.13 1582.68 1400.2 47.381
24 16 -0.0 4e-05 100.0 641.33 1580.39 1402.19 47.253
24 17 -0.0045 0.00024 100.0 642.2 1581.39 1399.97 47.328
24 18 -0.0015 -0.00026 100.0 641.74 1580.4 1400.28 47.227
24 19 0.0019 0.00042 100.0 641.75 1580.14 1400.56 47.312
24 20 0.0003 5e-05 100.0 641.87 1581.99 1401.57 47.302
24 21 0.0 0.00035 100.0 642.05 1579.88 1398.54 47.295
24 22 0.0017 -0.00026 100.0 641.92 1578.93 1401.74 47.225
24 23 -0.0013 0.00014 100.0 642.26 1578.39 1401.24 47.119
24 24 -0.0014 0.00022 100.0 641.84 1578.95 1400.86 47.379
24 25 -0.0014 -4e-05 100.0 642.11 1579.53 1400.01 47.265
24 26 0.0026 -0.00014 100.0 641.76 1579.29 1399.89 47.106
24 27 0.0012 2e-05 100.0 641.74 1578.67 1397.17 47.518
24 28 0.0043 -9e-05 100.0 642.04 1579.99 1400.43 47.445
24 29 -0.0064 -5e-05 100.0 642.26 1580.44 1400.83 47.61
24 30 -0.0001 -0.00026 100.0 642.63 1579.59 1399.96 47.351
24 31 -0.0018 0.00026 100.0 642.25 1577.44 1400.47 47.376
24 32 -0.0006 3e-05 100.0 641.54 1579.5 1400.68 47.485
24 33 0.0 -0.00022 100.0 642.26 1580.53 1399.93 47.458
24 34 0.002 0.0002 100.0 642.89 1579.6 1400.07 47.621
24 35 0.0004 -0.00014 100.0 641.71 1582.18 1401.02 47.506
24 36 0.0005 -0.00019 100.0 641.46 1580.89 1401.48 47.507
24 37 0.001 -5e-05 100.0 642.24 1579.11 1401.4 47.561
24 38 0.0011 0.00023 100.0 641.95 1578.84 1400.39 47.474
24 39 -0.0009 0.00029 100.0 642.12 1579.68 1398.69 47.573
24 40 -0.0027 -0.00025 100.0 642.12 1577.82 1400.47 47.621
24 41 -0.0019 -0.00012 100.0 641.77 1581.0 1400.34 47.457
24 42 -0.0008 0.00048 100.0 642.21 1580.16 1398.28 47.635
24 43 0.0037 -0.00014 100.0 642.11 1582.54 1399.59 47.478
24 44 -0.0008 0.0002 100.0 641.83 1579.09 1397.49 47.416
24 45 0.0012 -0.00034 100.0 641.89 1581.64 1398.88 47.568
24 46 -0.0018 5e-05 100.0 641.94 1581.45 1398.63 47.544
24 47 -0.0024 7e-05 100.0 641.69 1579.37 1401.63 47.698
24 48 -0.0011 0.00016 100.0 642.42 1580.7 1401.32 47.617
24 49 -0.0037 0.00035 100.0 642.16 1579.66 1400.24 47.763
24 50 0.0011 -6e-05 100.0 641.9 1578.42 1401.01 47.636
24 51 -0.0001 -8e-05 100.0 641.79 1580.55 1400.38 47.477
24 52 -0.0021 0.0002 100.0 642.29 1578.27 1399.69 47.567
24 53 -0.0002 -0.00021 100.0 641.89 1580.83 1397.76 47.797
24 54 0.0015 -0.00022 100.0 642.11 1580.78 1399.17 47.855
24 55 -0.0009 -0.00022 100.0 641.95 1578.88 1401.06 47.669
24 56 0.0028 -7e-05 100.0 642.21 1576.95 1398.48 47.659
24 57 -0.0027 -0.00027 100.0 642.13 1579.77 1397.51 47.866
24 58 0.0 2e-05 100.0 642.2 1578.95 1399.88 47.856
24 59 -0.001 -0.00017 100.0 642.49 1580.81 1400.11 47.746
24 60 -0.0011 -2e-05 100.0 641.86 1580.16 1397.15 47.876
24 61 -0.0001 -0.00034 100.0 641.72 1578.22 1400.67 47.947
24 62 -0.0022 0.00011 100.0 641.81 1579.9 1402.08 47.697
24 63 -0.0013 0.00025 100.0 642.11 1581.81 1400.21 47.682
24 64 -0.0014 6e-05 100.0 642.05 1578.78 1400.55 47.927
24 65 0.0016 -5e-05 100.0 642.33 1579.31 1399.78 47.911
24 66 0.0037 -0.00034 100.0 641.88 1579.8 1401.01 47.918
24 67 -0.0011 -0.00025 100.0 641.96 1580.06 1399.67 47.807
24 68 -0.0024 0.00029 100.0 642.25 1580.11 1401.01 47.886
24 69 0.0009 0.00012 100.0 642.14 1579.85 1399.19 47.905
24 70 0.0011 -1e-05 100.0 642.19 1580.75 1401.72 48.244
24 71 -0.0038 0.00027 100.0 642.26 1581.67 1397.73 48.022
24 72 0.0018 -0.00016 100.0 641.5 1577.9 1402.7 47.924
24 73 -0.0016 0.00023 100.0 642.02 1581.03 1399.56 47.942
24 74 0.0009 8e-05 100.0 641.94 1580.71 1396.8 48.029
24 75 0.0006 0.00034 100.0 641.42 1579.32 1400.27 47.907
24 76 -0.0004 0.00028 100.0 641.58 1579.7 1398.05 48.077
24 77 -0.0055 -0.00025 100.0 641.78 1580.71 1398.83 48.119
24 78 0.0027 0.00013 100.0 642.23 1582.06 1400.51 48.133
24 79 -0.0014 -0.00049 100.0 642.33 1580.58 1401.61 48.195
24 80 0.0003 0.00014 100.0 642.11 1578.95 1398.11 48.18
24 81 0.0001 0.00021 100.0 641.69 1579.05 1401.0 48.181
24 82 0.0019 -0.0002 100.0 642.22 1579.95 1398.92 48.11
24 83 0.0011 9e-05 100.0 642.05 1579.86 1401.49 48.164
24 84 0.0015 -0.00012 100.0 642.56 1581.76 1401.38 48.177
24 85 0.0012 0.0004 100.0 642.19 1581.26 1401.34 48.18
24 86 0.001 9e-05 100.0 642.3 1581.07 1400.67 48.185
24 87 -0.0037 -0.00032 100.0 642.12 1580.9 1400.48 48.141
24 88 0.0024 0.00027 100.0 641.97 1579.08 1400.97 48.144
24 89 -0.0023 0.00024 100.0 642.33 1579.32 1399.77 48.274
24 90 -0.0013 -0.00027 100.0 641.9 1577.4 1398.57 48.451
24 91 -0.0011 1e-05 100.0 642.06 1580.79 1396.9 48.165
24 92 -0.0017 5e-05 100.0 642.07 1579.86 1399.33 48.175
24 93 -0.0033 3e-05 100.0 641.48 1580.03 1398.14 48.22
24 94 0.0005 4e-05 100.0 641.74 1580.27 1400.64 48.294
24 95 -0.0 4e-05 100.0 642.39 1580.67 1398.57 48.163
24 96 -0.0046 2e-05 100.0 642.54 1577.67 1397.79 48.334
24 97 -0.0006 0.00015 100.0 642.11 1579.65 1400.61 48.406
24 98 0.0029 -0.00016 100.0 641.72 1579.65 1399.81 48.476
24 99 -0.0003 0.00018 100.0 641.56 1581.49 1401.28 48.489
25 1 0.0016 0.00012 100.0 641.84 1580.81 1401.66 47.181
25 2 -0.0027 6e-05 100.0 642.32 1580.38 1399.94 47.09
25 3 0.003 -0.00023 100.0 641.67 1579.73 1400.64 47.135
25 4 -0.0013 0.0001 100.0 641.89 1579.19 1398.62 47.123
25 5 0.0009 -0.0003 100.0 642.21 1578.65 1401.05 47.031
25 6 0.0019 -3e-05 100.0 642.1 1580.92 1401.73 47.216
25 7 -0.0014 0.00018 100.0 641.46 1580.47 1402.6 47.148
25 8 -0.0019 0.00029 100.0 642.21 1581.23 1397.65 47.264
25 9 0.0035 -2e-05 100.0 642.15 1579.68 1400.43 47.193
25 10 0.0031 0.00011 100.0 642.2 1579.2 1399.12 47.178
25 11 -0.0005 -5e-05 100.0 641.91 1578.82 1401.6 47.051
25 12 -0.0006 -0.00011 100.0 641.5 1579.96 1399.98 47.214
25 13 -0.0011 -0.0001 100.0 642.08 1578.79 1400.24 47.07
25 14 0.0021 -0.00015 100.0 641.85 1581.52 1399.79 47.171
25 15 0.0002 0.00014 100.0 641.5 1579.41 1399.65 47.084
25 16 -0.002 8e-05 100.0 642.34 1578.94 1400.05 47.236
25 17 -0.0018 9e-05 100.0 641.64 1580.83 1401.57 47.365
25 18 0.0023 -2e-05 100.0 641.96 1579.53 1399.66 47.159
25 19 0.0025 -3e-05 100.0 642.02 1577.45 1398.77 47.146
25 20 -0.0009 -9e-05 100.0 642.05 1580.88 1401.99 47.169
25 21 -0.0003 0.00035 100.0 642.31 1580.07 1403.25 47.205
25 22 -0.001 -0.00012 100.0 641.58 1579.88 1401.71 47.149
25 23 0.0017 -0.00033 100.0 642.21 1579.05 1398.72 47.352
25 24 -0.004 -0.00024 100.0 642.21 1577.26 1400.02 47.368
25 25 0.0027 -3e-05 100.0 641.62 1582.66 1401.3 47.22
25 26 -0.0018 -0.00018 100.0 642.47 1580.52 1400.92 47.285
25 27 -0.0024 0.0 100.0 642.11 1578.8 1400.54 47.318
25 28 -0.0023 -0.00025 100.0 642.4 1579.63 1398.96 47.159
25 29 0.0035 0.00019 100.0 642.3 1581.08 1402.09 47.358
25 30 0.0003 0.00032 100.0 642.05 1577.29 1400.96 47.275
25 31 -0.0033 0.00027 100.0 642.15 1578.8 1399.83 47.261
25 32 -0.0012 2e-05 100.0 641.86 1580.31 1400.06 47.452
25 33 -0.0002 2e-05 100.0 642.29 1579.75 1403.59 47.313
25 34 0.0004 -0.00016 100.0 642.25 1580.09 1400.76 47.421
25 35 -0.0029 -0.00029 100.0 642.21 1581.82 1397.55 47.274
25 36 -0.0008 0.00029 100.0 642.26 1578.83 1403.31 47.467
25 37 -0.0027 -5e-05 100.0 641.71 1579.5 1398.69 47.482
25 38 -0.0011 -0.00013 100.0 641.95 1582.32 1401.05 47.292
25 39 0.0009 0.00024 100.0 642.62 1578.69 1400.0 47.382
25 40 -0.0005 -0.00017 100.0 641.71 1580.35 1401.97 47.4
25 41 0.0017 -3e-05 100.0 641.51 1579.74 1401.77 47.455
25 42 -0.0038 0.00028 100.0 642.57 1580.8 1397.8 47.621
25 43 0.0021 -0.00015 100.0 642.49 1578.39 1399.76 47.49
25 44 0.0005 0.00044 100.0 641.96 1580.03 1398.22 47.578
25 45 0.0034 -0.00025 100.0 641.76 1581.67 1398.86 47.526
25 46 0.0023 -0.00045 100.0 642.46 1578.96 1400.12 47.525
25 47 -0.0028 -0.00011 100.0 641.97 1581.73 1398.76 47.602
25 48 -0.0002 5e-05 100.0 641.94 1579.44 1396.99 47.463
25 49 -0.0006 2e-05 100.0 642.09 1580.1 1397.93 47.511
25 50 -0.0025 1e-05 100.0 641.55 1581.47 1398.54 47.518
25 51 -0.0 0.00011 100.0 642.18 1581.05 1401.08 47.521
25 52 0.0022 -4e-05 100.0 642.33 1579.51 1402.95 47.407
25 53 0.0034 0.00017 100.0 642.36 1577.29 1399.76 47.576
25 54 0.0007 0.0001 100.0 642.09 1578.83 1399.49 47.501
25 55 -0.0017 -8e-05 100.0 642.37 1578.57 1400.04 47.669
25 56 -0.0022 -2e-05 100.0 642.15 1581.26 1401.66 47.531
25 57 0.001 0.00013 100.0 641.65 1579.21 1400.51 47.504
25 58 -0.0008 -7e-05 100.0 641.75 1581.42 1401.2 47.687
25 59 -0.0019 -0.00025 100.0 641.61 1580.8 1401.23 47.573
25 60 0.0021 8e-05 100.0 642.03 1578.34 1401.69 47.556
25 61 0.0028 -0.0001 100.0 642.02 1580.56 1398.05 47.742
25 62 0.001 -0.00027 100.0 642.75 1579.74 1401.11 47.659
25 63 -0.0011 6e-05 100.0 642.61 1580.69 1399.97 47.582
25 64 -0.002 0.00021 100.0 642.07 1581.28 1398.7 47.735
25 65 0.0005 5e-05 100.0 642.25 1581.56 1399.89 47.915
25 66 -0.0033 -1e-05 100.0 642.42 1581.34 1399.4 47.709
25 67 0.0014 0.00013 100.0 642.01 1578.71 1401.88 47.61
25 68 -0.0003 0.00012 100.0 642.12 1580.66 1402.15 47.844
25 69 -0.0002 5e-05 100.0 642.02 1582.71 1401.22 47.642
25 70 0.0011 0.0 100.0 642.07 1579.52 1400.74 47.756
25 71 0.0016 0.00029 100.0 642.1 1579.37 1400.73 47.783
25 72 0.0015 -0.00041 100.0 641.83 1579.88 1398.29 47.812
25 73 0.0021 -6e-05 100.0 642.34 1576.48 1401.91 47.893
25 74 -0.0009 0.00018 100.0 641.75 1579.09 1401.97 47.682
25 75 0.0026 -3e-05 100.0 642.02 1578.11 1398.28 47.8
25 76 0.0024 0.0 100.0 642.54 1579.85 1399.72 47.853
25 77 -0.0002 0.0002 100.0 642.3 1580.0 1401.18 47.866
25 78 0.0024 -0.00025 100.0 641.93 1580.09 1396.33 47.887
25 79 0.0007 -0.0001 100.0 641.87 1577.85 1400.7 47.749
25 80 -0.0008 -0.00031 100.0 641.79 1580.74 1397.61 47.799
25 81 0.0025 -0.0002 100.0 641.9 1580.66 1401.87 47.954
25 82 -0.0036 0.00014 100.0 642.34 1580.84 1401.19 47.919
25 83 -0.0002 0.00026 100.0 642.2 1580.77 1400.88 47.82
25 84 0.004 -0.00028 100.0 642.1 1578.88 1400.59 47.961
25 85 0.0 8e-05 100.0 642.26 1582.07 1401.09 47.994
25 86 0.0009 0.00023 100.0 642.37 1578.14 1399.27 47.905
25 87 -0.0006 -9e-05 100.0 641.77 1579.75 1399.45 47.941
25 88 0.003 0.00017 100.0 641.49 1580.36 1401.01 47.91
25 89 0.0002 0.00021 100.0 642.09 1577.88 1400.42 48.045
25 90 0.0007 9e-05 100.0 641.96 1582.35 1401.27 48.031
25 91 -0.0011 9e-05 100.0 642.0 1577.4 1398.63 47.992
25 92 0.0009 -0.00013 100.0 641.84 1579.22 1400.18 47.831
25 93 0.0026 -0.0002 100.0 641.8 1579.53 1399.92 47.95
25 94 -0.0018 0.00026 100.0 641.63 1581.15 1399.29 48.193
25 95 -0.0004 -0.00065 100.0 642.01 1579.67 1399.13 48.037
25 96 -0.0019 4e-05 100.0 642.12 1581.42 1402.05 47.854
25 97 -0.0007 -0.0 100.0 641.89 1580.99 1399.97 47.831
25 98 -0.0005 -0.00033 100.0 641.93 1580.09 1402.28 48.19
25 99 -0.0 0.00027 100.0 642.3 1577.34 1399.8 48.209
26 1 -0.001 -0.0 100.0 641.86 1581.56 1398.81 47.045
26 2 -0.0019 0.00014 100.0 642.53 1580.0 1401.24 46.916
26 3 -0.0004 -0.00017 100.0 642.28 1582.29 1399.16 47.154
26 4 0.001 0.0 100.0 642.2 1580.73 1402.46 47.09
26 5 -0.0008 0.00024 100.0 642.26 1579.81 1401.33 47.015
26 6 -0.0007 -0.00026 100.0 642.3 1580.46 1398.61 47.188
26 7 0.0016 -0.00022 100.0 641.56 1580.35 1394.57 47.193
26 8 -0.002 0.00019 100.0 642.41 1580.38 1401.27 47.104
26 9 0.0018 8e-05 100.0 642.04 1581.79 1398.26 47.21
26 10 0.0024 2e-05 100.0 641.67 1579.73 1398.77 47.228
26 11 0.0002 -4e-05 100.0 641.57 1579.44 1401.85 47.206
26 12 0.0008 -0.00012 100.0 641.88 1579.03 1400.61 47.469
26 13 0.0004 0.00018 100.0 642.43 1579.48 1397.82 47.244
26 14 -0.0019 6e-05 100.0 642.16 1578.74 1400.94 47.33
26 15 0.0032 -0.00015 100.0 642.03 1578.52 1398.21 47.45
26 16 0.0034 0.0007 100.0 642.04 1578.8 1399.2 47.475
26 17 -0.0017 -9e-05 100.0 641.88 1578.03 1397.53 47.392
26 18 -0.0012 -1e-05 100.0 642.21 1580.27 1401.06 47.446
26 19 -0.005 -0.00023 100.0 641.62 1577.63 1399.0 47.437
26 20 -0.0015 0.00014 100.0 642.05 1580.03 1401.77 47.553
26 21 -0.0008 6e-05 100.0 642.08 1580.18 1400.31 47.442
26 22 -0.0018 5e-05 100.0 641.57 1581.02 1398.15 47.588
26 23 -0.001 -0.00041 100.0 642.07 1580.39 1398.29 47.633
26 24 0.0015 -0.00045 100.0 641.6 1580.02 1403.53 47.506
26 25 0.0005 -0.00026 100.0 641.61 1577.89 1399.58 47.471
26 26 0.0007 -1e-05 100.0 642.07 1580.84 1400.23 47.625
26 27 -0.0029 0.00019 100.0 641.76 1578.41 1402.25 47.571
26 28 -0.0021 3e-05 100.0 642.23 1581.17 1401.73 47.552
26 29 -0.0012 7e-05 100.0 641.73 1580.05 1401.22 47.662
26 30 0.0013 -0.00025 100.0 641.69 1579.61 1399.6 47.657
26 31 -0.0013 -4e-05 100.0 641.46 1580.27 1399.57 47.988
26 32 -0.0027 -4e-05 100.0 642.25 1579.74 1400.5 47.864
26 33 0.0025 3e-05 100.0 641.32 1580.1 1399.75 47.861
26 34 -0.0026 6e-05 100.0 641.92 1580.76 1400.84 47.895
26 35 0.0018 -0.00023 100.0 642.3 1580.03 1400.48 47.99
26 36 -0.0002 -0.00011 100.0 641.41 1581.03 1399.42 47.944
26 37 0.0001 -0.00033 100.0 642.08 1580.91 1401.95 47.918
26 38 0.0 -0.00025 100.0 641.56 1579.49 1399.26 48.077
26 39 -0.0011 -0.00021 100.0 641.99 1579.04 1402.02 47.84
26 40 0.0004 0.0001 100.0 642.14 1583.26 1397.12 48.164
26 41 -0.0034 -0.00017 100.0 641.89 1581.49 1400.7 48.024
26 42 -0.0005 -0.0002 100.0 641.96 1581.14 1399.43 47.93
26 43 -0.0011 -0.00028 100.0 642.37 1579.96 1402.37 48.147
26 44 -0.0032 -0.00035 100.0 641.97 1579.3 1400.12 48.176
26 45 0.0013 0.00025 100.0 642.13 1581.67 1401.33 48.13
26 46 -0.0 -0.00024 100.0 641.9 1581.09 1401.31 48.195
26 47 0.0018 -0.00018 100.0 642.25 1580.57 1400.93 47.992
26 48 -0.003 5e-05 100.0 642.15 1581.44 1400.53 48.008
26 49 -0.0002 9e-05 100.0 641.54 1579.99 1400.24 48.108
26 50 0.0005 0.00021 100.0 642.03 1579.42 1399.62 48.166
26 51 0.0021 0.00038 100.0 642.19 1580.01 1400.73 48.3
26 52 -0.0012 0.00011 100.0 641.98 1581.37 1400.82 48.416
26 53 0.0024 -8e-05 100.0 642.17 1582.1 1401.23 48.207
26 54 0.0009 0.00014 100.0 642.21 1579.63 1401.03 48.393
26 55 -0.0002 -1e-05 100.0 642.38 1580.54 1399.82 48.267
26 56 0.003 4e-05 100.0 642.36 1581.16 1401.55 48.312
26 57 0.0022 3e-05 100.0 642.19 1580.71 1402.33 48.254
26 58 0.0019 -2e-05 100.0 642.3 1576.81 1400.36 48.43
26 59 -0.0014 0.00024 100.0 642.09 1581.62 1400.68 48.431
26 60 0.0019 0.00015 100.0 641.76 1583.36 1400.0 48.636
26 61 0.0016 -0.00038 100.0 641.86 1580.08 1397.19 48.45
26 62 -0.0033 -0.00012 100.0 641.8 1580.69 1396.69 48.546
26 63 -0.0 -0.00021 100.0 642.07 1581.26 1400.16 48.621
26 64 0.0009 4e-05 100.0 641.99 1577.53 1398.66 48.572
26 65 -0.0006 0.0003 100.0 641.82 1577.91 1396.74 48.594
26 66 -0.0014 -0.00015 100.0 642.31 1578.59 1400.42 48.648
26 67 -0.0014 -0.00029 100.0 641.96 1578.34 1400.15 48.743
26 68 -0.0004 -2e-05 100.0 642.61 1581.45 1396.98 48.594
26 69 0.0021 7e-05 100.0 641.8 1580.9 1401.41 48.692
26 70 -0.0017 -4e-05 100.0 641.9 1578.11 1397.6 48.805
26 71 0.0007 -0.00017 100.0 641.66 1579.55 1401.3 48.64
26 72 0.0009 -6e-05 100.0 641.6 1578.96 1397.51 48.798
26 73 0.004 -0.0002 100.0 642.24 1578.8 1400.7 48.803
26 74 0.0034 0.00017 100.0 641.62 1580.47 1402.62 48.687
26 75 -0.0016 0.00034 100.0 642.14 1580.87 1400.46 48.956
26 76 0.0008 -4e-05 100.0 641.77 1580.78 1402.19 49.027
26 77 -0.0059 0.00039 100.0 642.08 1579.25 1398.27 49.061
26 78 0.0009 -0.00025 100.0 642.29 1578.9 1400.25 48.859
26 79 0.0015 -2e-05 100.0 641.94 1580.66 1402.18 49.064
26 80 -0.0025 -0.00027 100.0 641.99 1580.11 1399.75 49.187
26 81 -0.0008 4e-05 100.0 641.7 1579.67 1401.24 48.962
26 82 0.0005 -0.00027 100.0 642.76 1581.81 1399.63 48.992
26 83 0.0033 -1e-05 100.0 641.82 1580.89 1398.6 49.046
26 84 0.0003 0.00018 100.0 642.01 1580.88 1400.78 49.005
26 85 -0.0004 -0.0001 100.0 642.25 1579.67 1399.58 49.199
26 86 -0.002 0.00013 100.0 642.0 1581.99 1399.24 49.153
26 87 0.003 -0.00019 100.0 641.79 1580.94 1399.58 49.174
26 88 0.0008 -0.00023 100.0 642.04 1581.63 1398.93 49.134
26 89 -0.0036 4e-05 100.0 641.8 1580.74 1401.01 49.309
26 90 0.0024 0.00022 100.0 642.15 1578.95 1399.13 49.191
26 91 -0.0026 7e-05 100.0 642.54 1576.9 1400.32 49.167
26 92 0.0002 0.00019 100.0 641.69 1579.12 1398.82 49.266
26 93 -0.0009 -0.00016 100.0 641.95 1580.36 1401.78 49.512
26 94 -0.001 0.00038 100.0 641.95 1580.26 1397.59 49.536
26 95 -0.0008 0.00045 100.0 641.99 1581.67 1397.53 49.413
26 96 -0.0026 9e-05 100.0 641.98 1581.41 1401.87 49.386
26 97 0.0014 -0.00029 100.0 641.81 1579.55 1400.04 49.592
26 98 -0.0012 -3e-05 100.0 642.06 1581.4 1399.53 49.13
26 99 -0.0022 0.00017 100.0 641.8 1580.68 1398.27 49.626
27 1 -0.0038 -0.00026 100.0 641.87 1580.29 1400.09 46.813
27 2 -0.0002 -0.00021 100.0 641.98 1577.68 1400.9 46.956
27 3 -0.0033 -9e-05 100.0 641.57 1579.94 1397.3 47.074
27 4 -0.0005 -0.00066 100.0 642.12 1579.98 1403.15 47.001
27 5 0.0022 0.0002 100.0 641.64 1584.06 1399.94 46.888
27 6 0.002 -2e-05 100.0 641.46 1580.77 1396.67 46.983
27 7 0.0006 1e-05 100.0 642.09 1580.43 1400.16 47.189
27 8 0.0023 -0.0002 100.0 641.88 1582.6 1400.47 47.008
27 9 0.0005 -7e-05 100.0 641.64 1578.4 1397.57 47.064
27 10 -0.0041 4e-05 100.0 641.91 1577.12 1400.67 47.27
27 11 0.0001 -7e-05 100.0 642.07 1578.27 1401.17 47.123
27 12 -0.0019 0.00076 100.0 642.54 1578.91 1400.39 47.049
27 13 0.0008 -6e-05 100.0 641.82 1580.73 1401.13 47.252
27 14 -0.0029 0.00011 100.0 641.95 1579.97 1398.82 47.299
27 15 -0.0028 -1e-05 100.0 642.39 1580.06 1399.68 47.334
27 16 -0.0004 0.00012 100.0 641.45 1581.28 1398.93 47.327
27 17 -0.0062 0.0002 100.0 642.42 1580.75 1399.78 47.309
27 18 0.0019 0.0001 100.0 642.26 1580.59 1399.7 47.21
27 19 -0.0022 -7e-05 100.0 641.49 1580.05 1398.14 47.379
27 20 -0.0017 -0.00032 100.0 642.11 1580.52 1401.16 47.511
27 21 -0.0017 0.00027 100.0 642.07 1581.18 1401.37 47.207
27 22 -0.0005 -0.00013 100.0 642.18 1581.78 1401.31 47.605
27 23 -0.0002 -0.00046 100.0 641.87 1579.72 1399.68 47.258
27 24 0.0007 0.0 100.0 642.27 1580.45 1398.25 47.515
27 25 -0.0017 0.00018 100.0 642.47 1579.79 1400.27 47.503
27 26 -0.0037 -0.00014 100.0 642.06 1578.74 1398.98 47.544
27 27 0.0006 -0.00012 100.0 642.12 1580.19 1402.23 47.563
27 28 0.0008 -6e-05 100.0 641.93 1579.46 1401.43 47.44
27 29 -0.0003 2e-05 100.0 642.21 1581.21 1397.23 47.5
27 30 -0.0016 0.00016 100.0 642.03 1580.49 1399.64 47.601
27 31 -0.001 0.00022 100.0 642.2 1581.0 1398.54 47.646
27 32 -0.0035 6e-05 100.0 642.02 1579.7 1401.9 47.618
27 33 0.0002 0.00011 100.0 641.62 1581.94 1395.96 47.594
27 34 0.007 7e-05 100.0 642.08 1579.73 1401.48 47.522
27 35 0.0016 -0.00029 100.0 641.71 1580.26 1399.44 47.698
27 36 0.0007 0.0001 100.0 642.35 1580.25 1401.99 47.548
27 37 0.0024 -2e-05 100.0 641.94 1581.16 1399.79 47.643
27 38 -0.0013 0.00015 100.0 641.62 1579.79 1401.37 47.574
27 39 0.0019 -0.0 100.0 642.18 1579.65 1400.27 47.72
27 40 -0.001 -0.00021 100.0 641.45 1580.65 1398.84 47.676
27 41 -0.0009 -0.00029 100.0 642.63 1580.42 1399.03 47.724
27 42 0.0002 7e-05 100.0 641.61 1580.32 1400.67 47.652
27 43 0.0007 0.0004 100.0 641.66 1578.61 1398.2 47.706
27 44 0.0007 -0.00012 100.0 641.9 1580.24 1399.58 47.696
27 45 0.0008 -5e-05 100.0 641.95 1580.39 1401.92 47.751
27 46 -0.0009 0.00016 100.0 642.3 1579.64 1399.78 47.921
27 47 0.0031 -0.0001 100.0 641.58 1580.49 1402.23 47.863
27 48 -0.0034 -0.00012 100.0 642.57 1581.88 1400.7 47.804
27 49 -0.0002 -0.00024 100.0 642.54 1578.17 1402.71 47.783
27 50 0.0028 -8e-05 100.0 642.19 1578.48 1399.96 48.009
27 51 -0.0029 2e-05 100.0 641.78 1578.05 1400.07 48.097
27 52 0.0017 0.00019 100.0 641.77 1582.25 1399.99 47.947
27 53 0.0012 3e-05 100.0 641.64 1577.89 1402.59 48.141
27 54 0.001 0.00021 100.0 641.91 1581.03 1397.83 47.97
27 55 0.0012 0.00035 100.0 641.98 1580.0 1401.93 48.076
27 56 0.0028 -0.0002 100.0 642.27 1579.03 1399.89 47.845
27 57 -0.0004 -7e-05 100.0 642.33 1580.7 1398.6 48.25
27 58 -0.0003 -4e-05 100.0 642.33 1579.51 1399.74 47.933
27 59 -0.0001 -0.00026 100.0 641.81 1581.22 1399.11 48.127
27 60 -0.0001 -0.00031 100.0 642.4 1580.86 1400.26 48.2
27 61 -0.0028 0.00013 100.0 642.23 1579.78 1397.96 47.975
27 62 -0.0012 0.00025 100.0 641.54 1580.18 1400.58 48.216
27 63 -0.0007 -0.00021 100.0 641.48 1579.77 1402.05 48.113
27 64 -0.0014 -0.00012 100.0 642.08 1580.0 1400.72 48.228
27 65 -0.0023 0.0003 100.0 641.71 1581.94 1401.84 48.256
27 66 -0.0006 -0.00049 100.0 642.42 1580.16 1399.73 48.217
27 67 -0.0012 -0.00013 100.0 641.79 1581.15 1402.51 48.313
27 68 0.0029 -6e-05 100.0 641.86 1581.58 1398.96 48.339
27 69 -0.0029 -8e-05 100.0 642.29 1580.61 1401.61 48.289
27 70 -0.0015 0.00019 100.0 641.77 1581.16 1399.23 48.281
27 71 0.0003 -0.00032 100.0 641.7 1580.61 1402.02 48.188
27 72 0.0023 -8e-05 100.0 641.82 1581.34 1399.43 48.38
27 73 0.0002 0.00012 100.0 641.42 1579.21 1400.27 48.26
27 74 0.0005 -0.00018 100.0 642.01 1580.08 1401.67 48.472
27 75 0.0007 0.00024 100.0 641.36 1578.88 1397.46 48.313
27 76 0.0005 0.00015 100.0 641.73 1581.13 1399.32 48.29
27 77 0.001 0.00012 100.0 641.79 1579.39 1397.67 48.331
27 78 0.001 -0.00016 100.0 642.41 1579.69 1400.93 48.428
27 79 0.0002 -9e-05 100.0 642.04 1581.17 1398.05 48.554
27 80 -0.001 0.00019 100.0 642.42 1580.23 1397.78 48.372
27 81 -0.0015 8e-05 100.0 641.71 1579.82 1400.7 48.39
27 82 -0.0005 8e-05 100.0 642.05 1577.11 1400.02 48.497
27 83 -0.0026 0.0001 100.0 641.89 1580.64 1402.17 48.446
27 84 0.0025 -0.00014 100.0 642.21 1581.38 1399.18 48.652
27 85 -0.0039 0.00024 100.0 641.85 1579.45 1397.42 48.553
27 86 0.0014 3e-05 100.0 642.08 1578.44 1398.73 48.386
27 87 -0.0021 -0.00024 100.0 642.34 1579.65 1401.84 48.572
27 88 0.0027 -8e-05 100.0 642.0 1578.97 1399.59 48.589
27 89 -0.0009 0.00016 100.0 641.48 1582.5 1402.18 48.427
27 90 0.0026 -0.0003 100.0 642.38 1578.71 1398.44 48.665
27 91 -0.0003 -8e-05 100.0 641.99 1580.94 1400.21 48.664
27 92 0.0028 0.00015 100.0 641.95 1581.4 1399.57 48.576
27 93 0.0016 -3e-05 100.0 641.95 1579.25 1402.52 48.741
27 94 0.0015 0.0003 100.0 642.19 1578.3 1399.36 48.882
27 95 -0.0018 -0.00034 100.0 642.01 1580.74 1399.08 48.966
27 96 0.0024 0.00059 100.0 642.38 1580.93 1400.13 48.787
27 97 -0.0031 0.00017 100.0 641.27 1580.41 1401.62 48.683
27 98 -0.0022 0.00013 100.0 642.1 1578.9 1398.53 48.751
27 99 0.0002 5e-05 100.0 642.08 1580.04 1398.23 48.74
28 1 0.0022 -0.00053 100.0 642.11 1577.34 1401.28 46.918
28 2 -0.0001 0.0002 100.0 641.73 1579.59 1399.19 47.005
28 3 -0.0002 -0.00013 100.0 641.7 1579.76 1399.62 47.027
28 4 0.0019 -9e-05 100.0 642.39 1578.48 1400.68 47.114
28 5 0.0016 0.00014 100.0 641.98 1578.65 1398.09 47.223
28 6 0.0001 -7e-05 100.0 642.2 1579.88 1400.72 47.273
28 7 -0.0054 -0.0001 100.0 641.48 1579.11 1399.97 47.081
28 8 -0.0014 -0.00011 100.0 642.4 1579.37 1399.15 47.248
28 9 -0.0037 -1e-05 100.0 642.49 1577.97 1398.78 47.29
28 10 -0.0033 -1e-05 100.0 642.11 1580.8 1400.83 47.146
28 11 -0.0011 4e-05 100.0 642.52 1579.57 1397.95 47.045
28 12 0.0014 0.00013 100.0 642.39 1580.08 1399.5 47.307
28 13 -0.0041 0.00028 100.0 642.24 1579.27 1399.96 47.265
28 14 0.0001 -0.00012 100.0 642.42 1579.21 1400.45 47.224
28 15 -0.0024 -0.00028 100.0 642.38 1582.15 1401.11 47.34
28 16 0.0026 0.0001 100.0 641.7 1580.74 1400.2 47.426
28 17 -0.0014 -0.00023 100.0 642.62 1580.99 1400.83 47.328
28 18 0.002 -7e-05 100.0 641.55 1579.61 1401.2 47.325
28 19 -0.0012 5e-05 100.0 642.38 1579.96 1401.71 47.664
28 20 0.0001 -1e-05 100.0 641.64 1580.64 1399.99 47.354
28 21 -0.0026 0.00028 100.0 642.48 1580.3 1399.6 47.319
28 22 -0.0007 -0.00013 100.0 642.0 1578.46 1402.49 47.52
28 23 0.0005 0.00018 100.0 642.11 1579.8 1394.92 47.443
28 24 -0.002 6e-05 100.0 642.47 1581.05 1400.7 47.379
28 25 -0.0005 -0.00013 100.0 641.98 1581.07 1399.46 47.523
28 26 0.0018 0.0003 100.0 641.96 1579.78 1399.65 47.462
28 27 -0.0007 6e-05 100.0 642.44 1580.81 1398.66 47.398
28 28 -0.003 4e-05 100.0 641.97 1580.63 1398.88 47.38
28 29 0.0031 -0.00033 100.0 641.79 1579.18 1399.7 47.786
28 30 -0.0005 -0.0002 100.0 641.86 1579.54 1398.48 47.662
28 31 0.0025 0.00065 100.0 641.26 1577.92 1400.51 47.55
28 32 -0.0029 -0.00016 100.0 641.85 1577.62 1400.81 47.716
28 33 0.0004 7e-05 100.0 642.09 1578.89 1397.44 47.732
28 34 -0.0008 -0.00032 100.0 641.25 1580.14 1401.38 47.813
28 35 0.0026 -8e-05 100.0 642.01 1579.42 1400.46 47.59
28 36 0.0007 0.00011 100.0 641.97 1580.41 1399.82 47.824
28 37 -0.0039 -0.00012 100.0 642.0 1576.0 1400.89 47.785
28 38 0.0028 0.00011 100.0 642.51 1580.5 1399.51 47.501
28 39 0.0019 -1e-05 100.0 642.12 1579.54 1398.14 47.773
28 40 0.0005 -0.00024 100.0 642.15 1580.05 1402.55 47.604
28 41 -0.0014 0.00026 100.0 642.38 1579.92 1398.7 47.62
28 42 0.0036 -8e-05 100.0 642.33 1580.29 1398.75 47.866
28 43 -0.0014 0.00014 100.0 642.33 1580.01 1398.33 47.918
28 44 0.0029 -0.00021 100.0 642.39 1581.37 1398.57 47.911
28 45 -0.0007 0.00043 100.0 642.73 1580.37 1397.33 47.936
28 46 -0.0004 0.00039 100.0 642.4 1578.85 1399.47 47.876
28 47 0.0013 -0.00032 100.0 641.43 1582.86 1400.34 47.885
28 48 -0.0034 -0.00019 100.0 642.01 1578.84 1401.0 47.961
28 49 -0.0007 0.00014 100.0 641.78 1579.41 1400.14 48.076
28 50 -0.0009 2e-05 100.0 641.55 1579.12 1398.74 47.992
28 51 -0.0022 0.00019 100.0 641.29 1581.23 1399.86 48.025
28 52 -0.0015 2e-05 100.0 641.53 1582.55 1400.22 47.803
28 53 0.0007 -3e-05 100.0 642.01 1580.59 1399.7 48.015
28 54 0.0021 0.0 100.0 641.67 1581.58 1400.97 47.97
28 55 -0.002 0.0001 100.0 641.95 1581.39 1399.48 48.094
28 56 -0.0004 -6e-05 100.0 642.07 1580.85 1399.13 48.076
28 57 0.0015 9e-05 100.0 642.0 1580.19 1398.27 48.24
28 58 -0.0 -7e-05 100.0 642.58 1580.4 1399.06 48.047
28 59 -0.0021 0.00016 100.0 642.28 1580.54 1402.58 48.304
28 60 0.0017 -0.00028 100.0 641.93 1579.73 1401.38 48.224
28 61 0.0022 0.0001 100.0 642.34 1579.66 1398.81 48.37
28 62 -0.0011 -0.00012 100.0 642.17 1581.46 1401.28 48.28
28 63 0.0018 -8e-05 100.0 642.69 1579.82 1400.54 48.263
28 64 0.0046 -6e-05 100.0 642.0 1581.5 1398.58 48.327
28 65 -0.0005 0.00011 100.0 642.0 1578.71 1401.25 48.319
28 66 0.0006 -4e-05 100.0 641.92 1579.65 1400.83 48.206
28 67 0.0039 0.00011 100.0 642.09 1580.24 1400.19 48.269
28 68 0.0006 -7e-05 100.0 641.98 1579.94 1399.24 48.518
28 69 0.0029 -2e-05 100.0 641.43 1581.76 1399.43 48.298
28 70 0.0024 -7e-05 100.0 642.02 1580.5 1398.49 48.429
28 71 -0.0003 9e-05 100.0 641.56 1579.09 1400.56 48.476
28 72 -0.0008 0.00024 100.0 642.55 1580.65 1399.35 48.424
28 73 -0.0009 0.00011 100.0 642.17 1578.66 1401.66 48.27
28 74 0.0016 -0.0002 100.0 641.58 1580.77 1398.92 48.446
28 75 0.0001 -8e-05 100.0 642.01 1579.28 1402.07 48.486
28 76 0.0011 1e-05 100.0 641.56 1582.94 1398.37 48.511
28 77 -0.0036 -5e-05 100.0 642.05 1579.23 1397.21 48.619
28 78 -0.0027 -0.00022 100.0 641.5 1582.22 1401.63 48.657
28 79 -0.001 4e-05 100.0 642.09 1579.93 1399.86 48.441
28 80 -0.0004 0.00011 100.0 641.96 1579.2 1401.49 48.643
28 81 -0.0011 -0.00011 100.0 642.33 1581.48 1401.8 48.569
28 82 0.0028 0.00021 100.0 641.98 1579.96 1398.96 48.685
28 83 0.0008 -0.00017 100.0 641.81 1579.17 1400.2 48.606
28 84 -0.0005 -0.00023 100.0 642.02 1581.04 1400.11 48.513
28 85 0.0002 -0.00032 100.0 642.26 1578.5 1402.66 48.593
28 86 -0.0012 0.00013 100.0 642.14 1579.47 1401.41 48.726
28 87 -0.0022 8e-05 100.0 641.91 1581.61 1401.48 48.692
28 88 0.0019 -0.00021 100.0 642.41 1578.91 1402.39 48.904
28 89 0.0049 0.00027 100.0 642.14 1578.71 1401.06 48.755
28 90 -0.001 -0.00039 100.0 641.92 1580.39 1398.54 48.77
28 91 -0.002 4e-05 100.0 641.9 1580.74 1400.18 48.817
28 92 -0.002 -0.00022 100.0 642.5 1578.99 1399.29 48.722
28 93 -0.0008 -0.00044 100.0 641.63 1579.77 1400.65 48.815
28 94 0.0016 0.00019 100.0 642.08 1580.33 1399.65 48.965
28 95 0.0005 -0.00011 100.0 642.08 1578.35 1400.61 48.955
28 96 0.0033 0.00013 100.0 642.16 1579.91 1399.41 48.791
28 97 -0.0008 0.00015 100.0 642.37 1580.4 1398.94 48.934
28 98 -0.0001 0.00012 100.0 642.13 1578.63 1401.22 48.972
28 99 0.0013 0.00017 100.0 642.59 1580.3 1399.37 48.846
29 1 -0.0009 -9e-05 100.0 641.9 1579.98 1396.69 47.126
29 2 -0.0005 -0.00015 100.0 641.84 1578.05 1400.37 47.068
29 3 -0.0005 0.00019 100.0 641.47 1580.74 1399.73 47.043
29 4 0.001 -0.00023 100.0 642.08 1579.84 1404.82 46.992
29 5 -0.0027 9e-05 100.0 642.31 1580.05 1399.34 47.232
29 6 -0.001 0.00016 100.0 641.74 1580.93 1402.32 47.001
29 7 -0.0022 -0.00024 100.0 642.11 1579.02 1399.68 47.101
29 8 -0.003 -0.00039 100.0 641.84 1578.9 1398.19 47.143
29 9 -0.0002 1e-05 100.0 641.21 1580.57 1400.7 47.114
29 10 0.0031 0.0003 100.0 642.07 1580.26 1401.95 47.086
29 11 -0.0018 -8e-05 100.0 642.23 1580.61 1399.03 47.046
29 12 0.0001 0.00019 100.0 641.58 1580.6 1400.05 47.031
29 13 0.0 0.00042 100.0 642.25 1579.11 1398.88 47.129
29 14 0.0016 0.00042 100.0 642.33 1578.35 1400.22 47.289
29 15 -0.0027 5e-05 100.0 642.22 1581.28 1400.68 47.003
29 16 0.0009 -0.00014 100.0 642.05 1579.18 1398.79 47.226
29 17 -0.0024 -0.00026 100.0 641.96 1580.19 1401.56 47.129
29 18 0.0014 0.00022 100.0 641.46 1580.7 1397.01 47.168
29 19 -0.0024 0.00012 100.0 641.44 1580.13 1398.8 47.243
29 20 0.0033 0.00042 100.0 642.39 1579.66 1400.26 47.305
29 21 0.0014 -0.00016 100.0 641.9 1580.01 1399.73 47.348
29 22 0.0005 0.00035 100.0 642.1 1580.46 1398.47 47.284
29 23 0.0004 2e-05 100.0 642.08 1577.79 1400.38 47.217
29 24 0.0029 4e-05 100.0 641.92 1581.41 1398.68 47.348
29 25 -0.0014 0.0002 100.0 641.57 1578.67 1400.53 47.279
29 26 -0.0001 0.00021 100.0 641.57 1580.91 1399.76 47.326
29 27 -0.0012 0.0002 100.0 641.66 1580.39 1397.45 47.169
29 28 -0.0014 0.00071 100.0 641.59 1580.23 1399.39 47.309
29 29 -0.001 6e-05 100.0 641.91 1581.08 1399.56 47.389
29 30 0.0017 0.00019 100.0 642.28 1581.71 1401.78 47.394
29 31 0.0028 -0.00016 100.0 642.21 1578.1 1400.75 47.473
29 32 0.0001 0.0001 100.0 641.98 1580.23 1399.17 47.327
29 33 0.0011 6e-05 100.0 642.02 1579.54 1397.44 47.176
29 34 0.0014 0.00018 100.0 642.18 1580.39 1398.89 47.405
29 35 0.0003 -3e-05 100.0 642.26 1579.66 1400.92 47.292
29 36 -0.0011 -3e-05 100.0 641.9 1581.3 1401.87 47.466
29 37 -0.0028 -2e-05 100.0 642.11 1581.57 1397.5 47.386
29 38 -0.0009 0.00025 100.0 641.72 1580.22 1398.89 47.453
29 39 -0.0001 -0.00011 100.0 641.89 1580.16 1401.64 47.412
29 40 0.001 0.00016 100.0 642.24 1581.37 1399.95 47.515
29 41 0.0018 -0.00039 100.0 642.4 1580.78 1402.82 47.487
29 42 0.0017 -9e-05 100.0 641.51 1579.23 1399.44 47.441
29 43 0.0029 0.00032 100.0 641.8 1579.65 1398.14 47.631
29 44 -0.0013 0.00047 100.0 641.56 1579.75 1400.35 47.49
29 45 -0.0021 4e-05 100.0 641.48 1578.62 1400.69 47.697
29 46 0.0008 -0.00024 100.0 641.99 1581.22 1402.71 47.527
29 47 0.0008 0.00013 100.0 641.82 1582.39 1401.04 47.552
29 48 0.0032 -0.00016 100.0 642.38 1579.31 1401.44 47.545
29 49 -0.0018 -1e-05 100.0 642.12 1578.71 1397.95 47.594
29 50 0.0009 -9e-05 100.0 641.89 1582.32 1401.54 47.614
29 51 -0.0006 -0.0001 100.0 642.33 1581.1 1401.36 47.59
29 52 -0.0008 4e-05 100.0 642.16 1578.18 1399.98 47.452
29 53 -0.0 -0.00017 100.0 642.41 1580.84 1398.85 47.723
29 54 -0.0021 0.00013 100.0 642.14 1578.83 1399.32 47.552
29 55 -0.004 0.00015 100.0 641.34 1581.96 1401.52 47.593
29 56 0.001 0.00021 100.0 641.94 1580.18 1399.52 47.793
29 57 0.0008 -4e-05 100.0 641.79 1580.12 1400.47 47.533
29 58 0.0 0.0001 100.0 642.3 1578.53 1399.26 47.575
29 59 0.0008 5e-05 100.0 642.23 1581.5 1399.07 47.646
29 60 0.0022 -7e-05 100.0 641.43 1580.43 1400.7 47.652
29 61 0.0055 0.00025 100.0 641.73 1576.4 1399.39 47.631
29 62 0.0044 2e-05 100.0 641.85 1579.37 1402.1 47.61
29 63 0.0001 0.0001 100.0 642.16 1579.98 1400.42 47.747
29 64 -0.0016 -0.00031 100.0 641.86 1578.58 1401.04 47.532
29 65 0.0032 8e-05 100.0 642.13 1578.89 1399.79 47.565
29 66 0.0012 -0.00048 100.0 641.65 1580.52 1399.81 47.704
29 67 -0.0045 -2e-05 100.0 641.49 1579.42 1402.08 47.88
29 68 -0.0027 2e-05 100.0 641.99 1580.43 1400.02 47.75
29 69 0.0037 7e-05 100.0 641.98 1582.5 1402.01 47.787
29 70 -0.001 1e-05 100.0 641.74 1579.57 1399.13 47.979
29 71 -0.0024 -0.00049 100.0 642.13 1582.09 1397.71 47.833
29 72 0.0002 -8e-05 100.0 641.87 1579.16 1398.29 47.739
29 73 -0.0003 -7e-05 100.0 642.05 1579.31 1401.73 47.747
29 74 -0.0016 -0.00023 100.0 641.4 1581.46 1401.18 47.873
29 75 -0.0053 -7e-05 100.0 641.58 1577.96 1397.84 47.757
29 76 -0.0005 0.00022 100.0 642.38 1581.18 1398.9 47.856
29 77 0.0002 -7e-05 100.0 642.05 1579.27 1400.06 47.836
29 78 0.0006 -0.00016 100.0 641.74 1580.14 1402.68 47.999
29 79 0.0 6e-05 100.0 642.73 1580.05 1401.19 47.938
29 80 -0.0006 0.00038 100.0 641.69 1580.45 1398.17 47.907
29 81 0.0002 -0.00024 100.0 641.72 1580.29 1399.17 47.919
29 82 0.0039 -0.00016 100.0 642.04 1578.8 1400.54 48.016
29 83 -0.0006 3e-05 100.0 642.13 1580.48 1401.35 48.025
29 84 0.0037 -0.0001 100.0 641.74 1580.55 1399.46 47.971
29 85 0.0008 0.00027 100.0 642.34 1579.11 1398.18 47.84
29 86 0.0033 -9e-05 100.0 641.83 1580.15 1399.57 48.057
29 87 -0.0004 0.00028 100.0 642.05 1578.61 1399.71 48.005
29 88 -0.0001 0.00019 100.0 641.89 1579.83 1399.9 48.026
29 89 -0.0001 -0.00029 100.0 641.7 1581.28 1401.13 48.116
29 90 0.0026 -0.00021 100.0 641.89 1580.67 1400.97 48.051
29 91 0.0006 0.00021 100.0 642.27 1580.86 1402.87 48.255
29 92 -0.003 -8e-05 100.0 642.25 1581.39 1401.59 48.069
29 93 -0.0022 0.00016 100.0 642.15 1579.94 1400.76 48.181
29 94 -0.0005 -6e-05 100.0 642.03 1579.79 1400.35 48.112
29 95 -0.0024 -0.0004 100.0 641.52 1578.12 1401.17 48.266
29 96 -0.0024 -0.00014 100.0 642.38 1578.43 1397.31 48.2
29 97 0.0026 -0.00013 100.0 641.87 1581.0 1401.08 48.301
29 98 0.0044 -8e-05 100.0 641.93 1580.65 1401.82 48.12
29 99 -0.0002 -8e-05 100.0 642.26 1580.73 1402.57 48.147
30 1 -0.0009 -0.00053 100.0 641.98 1581.11 1398.7 47.072
30 2 0.0029 3e-05 100.0 642.28 1580.06 1398.61 46.972
30 3 -0.0007 -0.00022 100.0 642.26 1580.23 1402.75 47.222
30 4 0.0033 -0.0001 100.0 642.18 1581.67 1401.32 47.23
30 5 0.0003 0.00016 100.0 641.94 1579.78 1397.65 47.069
30 6 -0.0022 0.00047 100.0 641.73 1579.84 1401.18 47.038
30 7 0.0018 -0.00014 100.0 641.83 1581.36 1401.45 46.993
30 8 -0.0017 -0.00035 100.0 641.74 1579.62 1400.57 47.091
30 9 0.0011 0.00047 100.0 641.95 1580.9 1399.54 47.275
30 10 -0.0 0.00018 100.0 641.77 1578.92 1403.16 47.062
30 11 0.0013 -8e-05 100.0 642.11 1579.57 1402.08 46.929
30 12 -0.0006 5e-05 100.0 642.5 1581.81 1401.14 47.369
30 13 0.0043 6e-05 100.0 642.07 1579.29 1399.75 47.187
30 14 0.0003 -1e-05 100.0 641.67 1579.88 1401.12 47.204
30 15 -0.0002 -3e-05 100.0 642.12 1580.85 1401.1 47.307
30 16 -0.0003 -0.00016 100.0 642.17 1581.35 1399.49 47.282
30 17 0.0009 -0.00021 100.0 641.63 1578.8 1399.0 47.15
30 18 -0.0026 -0.00019 100.0 642.25 1579.0 1399.26 47.319
30 19 0.003 -0.00015 100.0 642.15 1582.58 1398.89 47.472
30 20 -0.0001 -0.00022 100.0 642.82 1579.0 1402.38 47.302
30 21 -0.0038 7e-05 100.0 642.03 1578.65 1399.56 47.227
30 22 -0.0042 -6e-05 100.0 641.98 1578.34 1401.84 47.233
30 23 0.0016 -2e-05 100.0 642.11 1578.5 1397.39 47.461
30 24 -0.0017 -0.00015 100.0 642.25 1579.32 1399.01 47.316
30 25 -0.0007 -3e-05 100.0 642.1 1581.86 1397.9 47.361
30 26 0.0012 -0.00033 100.0 642.3 1579.81 1399.04 47.504
30 27 0.0011 7e-05 100.0 642.78 1579.03 1399.38 47.261
30 28 0.001 8e-05 100.0 642.28 1578.27 1401.9 47.582
30 29 -0.0022 -0.0001 100.0 641.33 1579.75 1398.55 47.553
30 30 0.0008 -4e-05 100.0 642.09 1580.52 1399.33 47.611
30 31 0.0005 5e-05 100.0 642.21 1580.19 1398.8 47.641
30 32 -0.0017 -5e-05 100.0 641.86 1579.21 1400.48 47.576
30 33 0.0041 0.00014 100.0 642.13 1578.61 1400.45 47.64
30 34 -0.0035 0.00012 100.0 642.39 1582.64 1401.3 47.571
30 35 0.0026 -1e-05 100.0 641.38 1581.12 1399.7 47.751
30 36 -0.0018 -5e-05 100.0 642.11 1580.86 1400.67 47.668
30 37 -0.0018 0.00013 100.0 642.37 1580.58 1399.01 47.651
30 38 -0.0015 0.00029 100.0 642.23 1579.93 1402.19 47.622
30 39 -0.0018 6e-05 100.0 641.87 1578.95 1402.89 47.785
30 40 0.0039 -0.00016 100.0 642.0 1580.94 1398.6 47.739
30 41 0.004 0.00023 100.0 641.57 1581.26 1402.83 47.708
30 42 -0.0006 0.00018 100.0 642.0 1579.61 1398.18 47.703
30 43 -0.0034 -9e-05 100.0 641.32 1578.5 1401.23 47.671
30 44 -0.0003 -0.00019 100.0 642.08 1580.28 1400.6 47.737
30 45 0.0047 -0.00015 100.0 641.47 1580.94 1401.72 47.883
30 46 0.001 -7e-05 100.0 642.02 1579.97 1401.25 47.754
30 47 0.0011 -0.00021 100.0 642.28 1578.48 1399.65 47.818
30 48 0.0018 -4e-05 100.0 642.43 1579.98 1398.11 47.491
30 49 -0.0015 -0.00021 100.0 642.11 1580.06 1399.08 47.76
30 50 0.0029 3e-05 100.0 641.63 1579.04 1400.15 47.954
30 51 -0.0009 0.0 100.0 642.03 1581.09 1402.91 47.957
30 52 -0.0 0.00049 100.0 642.16 1580.16 1399.18 47.933
30 53 -0.0003 -1e-05 100.0 641.43 1579.53 1400.02 47.965
30 54 -0.003 -5e-05 100.0 642.15 1580.31 1401.43 47.98
30 55 -0.0017 0.0002 100.0 642.08 1579.22 1399.2 48.012
30 56 -0.0032 0.00013 100.0 641.62 1580.5 1400.81 47.801
30 57 0.0009 9e-05 100.0 642.15 1580.09 1400.64 48.022
30 58 0.0017 0.00039 100.0 641.97 1579.9 1400.35 48.046
30 59 -0.0021 -0.00015 100.0 642.11 1581.46 1400.59 48.092
30 60 0.0026 -9e-05 100.0 641.79 1580.68 1398.52 48.24
30 61 0.0018 0.00013 100.0 641.93 1580.61 1400.26 48.083
30 62 -0.0009 0.00031 100.0 642.2 1580.84 1399.4 48.12
30 63 -0.0006 -9e-05 100.0 642.12 1579.04 1397.32 48.18
30 64 -0.0012 0.00011 100.0 642.26 1581.83 1401.66 48.096
30 65 -0.0007 0.00017 100.0 641.45 1579.91 1401.89 48.096
30 66 -0.0006 -0.00011 100.0 642.21 1579.71 1402.29 48.096
30 67 0.0018 0.00026 100.0 641.83 1580.26 1399.15 48.327
30 68 0.0031 0.0003 100.0 642.16 1580.77 1400.19 48.13
30 69 -0.0005 -0.0003 100.0 642.36 1580.61 1400.37 48.13
30 70 -0.0032 -0.00024 100.0 642.09 1582.39 1398.99 48.261
30 71 -0.0019 0.0004 100.0 641.87 1581.64 1400.01 48.41
30 72 0.0009 0.00035 100.0 641.95 1581.2 1400.18 48.4
30 73 -0.0025 0.00018 100.0 641.89 1580.04 1400.5 48.134
30 74 0.0051 0.0001 100.0 641.63 1579.7 1402.84 48.188
30 75 -0.0024 0.00024 100.0 642.05 1580.4 1402.2 48.297
30 76 -0.0 4e-05 100.0 641.86 1580.0 1400.62 48.196
30 77 0.0027 0.00037 100.0 641.54 1580.69 1401.22 48.36
30 78 0.0019 0.00015 100.0 642.42 1580.02 1397.82 48.415
30 79 0.0009 -0.00018 100.0 641.98 1580.57 1399.49 48.391
30 80 0.0024 -0.00022 100.0 641.6 1582.69 1400.11 48.328
30 81 -0.0008 -0.00016 100.0 642.17 1581.77 1399.1 48.408
30 82 0.0013 -0.00023 100.0 641.69 1578.28 1400.39 48.432
30 83 0.0009 0.00014 100.0 641.97 1582.05 1395.75 48.394
30 84 0.0034 2e-05 100.0 641.9 1580.4 1399.96 48.408
30 85 0.0004 -1e-05 100.0 642.14 1580.83 1398.83 48.583
30 86 -0.0044 -3e-05 100.0 642.28 1577.58 1402.02 48.443
30 87 0.0007 -7e-05 100.0 641.64 1580.51 1400.47 48.626
30 88 -0.0009 -8e-05 100.0 641.53 1579.88 1401.38 48.503
30 89 -0.0003 0.00014 100.0 641.95 1580.42 1400.8 48.726
30 90 -0.0023 -0.0001 100.0 642.27 1581.22 1396.88 48.684
30 91 -0.0003 -5e-05 100.0 641.78 1581.07 1400.16 48.523
30 92 0.0025 0.00046 100.0 641.93 1581.67 1397.35 48.58
30 93 -0.0005 -0.0001 100.0 641.7 1579.42 1401.55 48.765
30 94 0.0014 -0.00017 100.0 641.66 1579.84 1398.19 48.645
30 95 0.0006 -0.00014 100.0 641.87 1580.46 1401.23 48.678
30 96 -0.0011 -0.00029 100.0 642.71 1581.14 1399.7 48.634
30 97 0.0027 0.00015 100.0 641.79 1581.26 1401.24 48.821
30 98 -0.0032 -0.00043 100.0 642.0 1580.03 1399.6 48.705
30 99 -0.0 0.00019 100.0 641.95 1581.15 1399.43 48.82
31 1 -0.0008 -0.00014 100.0 642.36 1579.66 1399.27 46.916
31 2 -0.0012 0.00032 100.0 641.6 1580.12 1400.37 47.109
31 3 0.0002 0.00028 100.0 641.86 1579.87 1401.34 47.137
31 4 -0.002 -0.00022 100.0 642.08 1580.29 1404.72 47.119
31 5 -0.0008 0.00042 100.0 642.42 1577.04 1397.14 47.054
31 6 -0.0013 9e-05 100.0 641.65 1580.99 1402.49 47.096
31 7 0.0017 0.00014 100.0 642.17 1579.45 1400.94 47.125
31 8 0.0011 -0.00021 100.0 641.57 1579.17 1400.4 46.963
31 9 -0.0007 -0.00026 100.0 642.28 1580.8 1399.31 47.173
31 10 0.0013 0.00024 100.0 642.14 1578.07 1401.84 47.33
31 11 -0.001 -0.00019 100.0 641.87 1579.02 1403.18 47.116
31 12 0.0025 6e-05 100.0 641.9 1581.87 1400.42 47.122
31 13 0.0022 0.00019 100.0 641.69 1581.91 1401.49 47.185
31 14 0.0003 0.00039 100.0 642.08 1581.3 1401.42 47.147
31 15 0.0019 0.00015 100.0 642.4 1580.24 1399.44 47.287
31 16 0.0016 -0.00022 100.0 641.75 1581.21 1398.81 47.284
31 17 -0.0011 0.00022 100.0 642.09 1580.69 1400.33 47.18
31 18 0.0023 -0.00013 100.0 642.06 1579.81 1398.92 47.295
31 19 -0.0002 0.00014 100.0 641.75 1580.39 1400.1 47.466
31 20 -0.0025 -5e-05 100.0 642.16 1578.72 1398.24 47.391
31 21 0.0003 0.00012 100.0 641.99 1582.52 1399.95 47.539
31 22 -0.0034 0.00015 100.0 642.07 1577.96 1398.67 47.314
31 23 -0.0013 -0.00022 100.0 642.42 1580.43 1401.44 47.222
31 24 -0.0026 -0.00019 100.0 642.32 1582.54 1400.76 47.34
31 25 -0.0021 -0.00023 100.0 641.96 1579.67 1399.8 47.241
31 26 0.0019 -0.00047 100.0 642.15 1578.58 1400.71 47.415
31 27 0.0016 0.00018 100.0 642.21 1581.15 1398.47 47.579
31 28 -0.0004 3e-05 100.0 642.23 1579.83 1399.07 47.372
31 29 0.0003 -0.00032 100.0 641.76 1580.47 1400.84 47.422
31 30 -0.0006 -0.00011 100.0 641.75 1582.08 1400.18 47.409
31 31 -0.001 9e-05 100.0 642.23 1577.8 1400.35 47.471
31 32 0.0026 0.00017 100.0 641.79 1578.36 1399.54 47.579
31 33 0.0016 0.00019 100.0 641.81 1579.33 1398.05 47.477
31 34 -0.0015 -3e-05 100.0 641.85 1579.16 1399.32 47.492
31 35 0.0013 -0.00019 100.0 642.21 1578.99 1400.23 47.625
31 36 -0.005 6e-05 100.0 642.36 1579.71 1396.97 47.576
31 37 -0.0016 8e-05 100.0 642.06 1580.59 1397.78 47.588
31 38 0.0001 -0.00021 100.0 641.92 1578.28 1400.51 47.666
31 39 0.0003 -0.00023 100.0 642.17 1579.26 1400.28 47.41
31 40 -0.0 0.00032 100.0 641.74 1578.21 1397.56 47.666
31 41 0.0031 0.00029 100.0 642.53 1581.74 1400.77 47.644
31 42 0.0023 -6e-05 100.0 641.43 1579.72 1398.96 47.773
31 43 -0.0004 5e-05 100.0 642.03 1579.97 1399.43 47.846
31 44 0.004 -9e-05 100.0 641.86 1579.51 1402.73 47.68
31 45 0.002 0.0001 100.0 641.75 1579.61 1398.37 47.787
31 46 0.0009 -7e-05 100.0 642.27 1578.96 1399.51 47.785
31 47 0.0025 0.00013 100.0 641.76 1581.6 1401.41 47.74
31 48 0.0021 -0.00029 100.0 641.86 1579.16 1399.61 47.639
31 49 -0.0007 0.00022 100.0 641.88 1578.42 1400.31 47.706
31 50 -0.0029 8e-05 100.0 642.14 1580.14 1396.28 47.752
31 51 0.0031 -0.00049 100.0 641.98 1581.6 1400.76 47.829
31 52 -0.0042 -5e-05 100.0 641.82 1580.03 1401.78 47.985
31 53 0.0003 0.00012 100.0 641.81 1581.1 1401.01 47.928
31 54 0.0012 0.0001 100.0 642.18 1581.11 1398.68 47.972
31 55 0.0047 -0.00018 100.0 641.65 1581.29 1398.68 47.97
31 56 0.0034 -6e-05 100.0 641.91 1581.26 1400.53 47.757
31 57 -0.0013 -0.00024 100.0 641.78 1579.37 1397.9 47.84
31 58 0.0015 -1e-05 100.0 642.44 1580.27 1398.99 47.977
31 59 -0.0 0.00019 100.0 641.72 1578.95 1401.09 48.022
31 60 -0.0 -0.0004 100.0 642.13 1580.66 1397.69 47.85
31 61 -0.0019 0.00037 100.0 641.6 1579.77 1399.99 48.098
31 62 -0.0002 0.00014 100.0 641.92 1579.17 1398.95 47.898
31 63 0.0024 -0.0001 100.0 641.77 1579.99 1397.95 47.999
31 64 0.0012 0.00022 100.0 641.42 1579.39 1402.52 47.953
31 65 0.0018 -1e-05 100.0 641.21 1580.08 1400.3 48.026
31 66 -0.0002 -0.0002 100.0 641.97 1579.59 1400.79 47.952
31 67 0.0005 -0.00027 100.0 641.78 1579.62 1399.3 48.102
31 68 -0.0007 6e-05 100.0 642.32 1580.11 1399.0 48.064
31 69 0.0004 -1e-05 100.0 642.45 1578.05 1400.4 48.132
31 70 0.0013 -1e-05 100.0 641.93 1578.8 1400.32 48.127
31 71 0.0045 -5e-05 100.0 641.93 1580.55 1397.63 48.213
31 72 0.0001 2e-05 100.0 641.92 1578.86 1398.25 48.074
31 73 -0.001 3e-05 100.0 641.99 1579.9 1398.2 48.161
31 74 0.0004 0.0001 100.0 642.09 1579.84 1399.79 48.1
31 75 -0.0022 -5e-05 100.0 642.59 1581.04 1397.78 48.241
31 76 0.0024 0.00029 100.0 642.12 1580.6 1399.27 48.109
31 77 0.001 0.0 100.0 641.57 1581.32 1401.3 48.02
31 78 -0.0014 0.0 100.0 642.16 1580.21 1401.96 48.206
31 79 -0.0008 -0.0002 100.0 642.05 1580.81 1400.99 48.321
31 80 -0.0038 0.00037 100.0 641.67 1577.77 1401.64 48.173
31 81 -0.0005 1e-05 100.0 641.92 1578.18 1400.58 48.211
31 82 0.0009 0.00029 100.0 642.14 1579.01 1400.12 48.2
31 83 0.0015 -0.00015 100.0 642.03 1579.99 1400.47 48.375
31 84 -0.0013 -0.00031 100.0 641.72 1580.55 1400.81 48.401
31 85 0.0062 0.00021 100.0 641.21 1579.79 1398.13 48.299
31 86 -0.0013 0.00021 100.0 642.4 1580.85 1398.25 48.349
31 87 0.0003 0.00017 100.0 642.12 1580.81 1399.61 48.261
31 88 -0.004 0.0003 100.0 642.13 1579.98 1400.88 48.451
31 89 -0.002 1e-05 100.0 641.78 1580.72 1400.86 48.375
31 90 -0.0003 -0.00014 100.0 641.99 1581.95 1399.97 48.408
31 91 0.0004 1e-05 100.0 642.12 1579.44 1399.72 48.337
31 92 0.0025 -7e-05 100.0 642.04 1580.75 1403.96 48.449
31 93 0.0014 0.00012 100.0 641.68 1579.32 1401.06 48.572
31 94 0.0018 -6e-05 100.0 641.82 1580.16 1399.62 48.407
31 95 -0.0046 9e-05 100.0 641.51 1581.05 1400.48 48.451
31 96 0.0035 0.00031 100.0 642.23 1579.87 1398.79 48.457
31 97 0.0026 -0.00016 100.0 642.11 1579.45 1397.44 48.494
31 98 0.0014 -0.00019 100.0 642.21 1580.34 1399.94 48.656
31 99 0.0003 5e-05 100.0 642.04 1581.79 1399.82 48.678
32 1 -0.003 -0.0 100.0 642.28 1579.85 1399.33 46.82
32 2 0.0017 4e-05 100.0 641.61 1578.23 1400.73 47.083
32 3 -0.0031 0.00037 100.0 641.97 1579.93 1398.62 47.288
32 4 -0.0005 -8e-05 100.0 641.58 1580.19 1399.85 47.412
32 5 -0.0003 0.00019 100.0 642.25 1580.48 1399.82 47.496
32 6 -0.0009 0.00016 100.0 642.02 1579.96 1400.52 47.696
32 7 -0.0031 1e-05 100.0 641.88 1580.73 1398.3 47.764
32 8 0.0026 -0.00024 100.0 641.61 1580.91 1399.69 47.955
32 9 0.001 -0.00032 100.0 642.12 1578.6 1401.55 48.399
32 10 0.0006 0.00044 100.0 642.12 1579.29 1397.78 48.719
32 11 0.0015 -0.0 100.0 642.47 1579.1 1400.32 49.028
32 12 -0.001 -4e-05 100.0 642.22 1582.27 1400.45 49.41
32 13 -0.0037 7e-05 100.0 642.04 1579.29 1398.28 50.095
32 14 0.0003 0.0001 100.0 641.88 1579.98 1398.24 50.34
32 15 0.0017 -2e-05 100.0 642.51 1579.0 1400.43 50.683
32 16 0.0011 0.00013 100.0 641.57 1581.63 1399.75 51.208
32 17 0.0043 -0.00015 100.0 641.94 1581.6 1398.32 51.682
32 18 -0.0003 0.0001 100.0 642.04 1582.65 1397.13 52.175
32 19 -0.0003 -0.00023 100.0 642.11 1579.14 1399.1 52.872
32 20 -0.0036 -5e-05 100.0 641.88 1579.44 1400.48 53.468
32 21 -0.0012 -0.00026 100.0 641.67 1581.54 1400.08 54.336
32 22 0.002 7e-05 100.0 642.44 1579.53 1399.88 54.779
32 23 -0.0055 8e-05 100.0 642.03 1581.81 1399.94 55.295
32 24 -0.0015 -0.00018 100.0 641.45 1577.98 1401.46 56.149
32 25 -0.0024 -0.0001 100.0 641.81 1580.12 1399.7 56.908
32 26 0.0015 0.00017 100.0 642.01 1579.9 1402.91 57.727
32 27 -0.0002 4e-05 100.0 642.07 1579.48 1401.17 58.465
32 28 -0.0014 0.00014 100.0 641.99 1583.53 1399.0 59.323
32 29 0.001 -6e-05 100.0 641.91 1578.7 1400.74 60.101
32 30 -0.0023 -0.00035 100.0 641.44 1579.15 1399.75 61.112
32 31 0.0015 0.00013 100.0 642.21 1581.54 1399.18 61.917
32 32 -0.002 -0.00014 100.0 641.89 1577.84 1400.11 63.004
32 33 -0.0007 8e-05 100.0 641.9 1580.17 1401.05 63.814
32 34 -0.0007 -3e-05 100.0 642.28 1579.77 1399.88 64.833
32 35 -0.0006 0.0002 100.0 641.74 1580.93 1398.38 65.769
32 36 -0.0032 0.00026 100.0 642.25 1579.29 1398.42 66.854
32 37 0.0044 -0.00034 100.0 642.22 1578.8 1401.98 67.844
32 38 -0.0011 0.0004 100.0 642.23 1580.62 1401.17 68.944
32 39 0.0032 -0.00013 100.0 641.63 1579.7 1398.19 70.186
32 40 0.0012 0.00026 100.0 641.86 1579.26 1397.13 71.371
32 41 0.0024 -0.00018 100.0 641.54 1580.96 1397.53 72.405
32 42 0.0007 -0.00049 100.0 642.07 1578.75 1398.94 73.587
32 43 0.002 0.00012 100.0 642.01 1578.45 1398.47 75.089
32 44 0.0014 0.00023 100.0 641.8 1580.36 1400.64 76.317
32 45 0.0014 -0.00033 100.0 641.97 1579.27 1399.92 77.386
32 46 0.0007 7e-05 100.0 641.66 1579.63 1401.87 78.875
32 47 -0.001 0.00019 100.0 641.69 1581.13 1399.12 79.978
32 48 -0.001 -0.00012 100.0 642.08 1580.05 1400.0 81.348
32 49 -0.0004 -0.00021 100.0 642.14 1579.2 1401.45 82.73
32 50 -0.0006 0.00028 100.0 641.88 1581.21 1399.45 84.223
32 51 0.002 0.00031 100.0 642.5 1581.51 1398.67 85.734
32 52 -0.0017 -7e-05 100.0 642.3 1581.16 1399.55 87.298
32 53 -0.0025 0.00022 100.0 642.4 1579.66 1401.94 88.465
32 54 0.0004 1e-05 100.0 641.61 1581.95 1401.66 90.095
32 55 0.0039 0.00053 100.0 642.06 1579.05 1399.38 91.728
32 56 -0.0015 -0.00011 100.0 642.14 1579.59 1398.8 93.405
32 57 0.0018 -5e-05 100.0 642.54 1580.9 1398.56 95.054
32 58 -0.0005 -0.0001 100.0 642.09 1578.99 1398.79 96.239
32 59 -0.002 -0.00019 100.0 641.98 1577.75 1402.28 98.092
32 60 0.0011 5e-05 100.0 641.97 1581.75 1400.4 99.729
32 61 0.0023 0.00079 100.0 642.09 1577.68 1399.63 101.478
32 62 -0.0027 0.00012 100.0 642.13 1579.31 1403.07 103.052
32 63 -0.0022 0.00013 100.0 641.9 1579.96 1401.6 104.775
32 64 0.0016 -0.00011 100.0 642.08 1581.15 1398.08 106.686
32 65 0.0016 0.00025 100.0 642.1 1579.75 1399.11 108.587
32 66 -0.0026 -0.00021 100.0 641.66 1580.83 1397.83 110.243
32 67 0.0013 -0.00025 100.0 641.6 1577.67 1398.3 112.099
32 68 -0.0019 0.00043 100.0 642.58 1579.94 1400.51 113.976
32 69 0.0001 -6e-05 100.0 641.93 1581.58 1399.73 115.851
32 70 -0.0015 -0.00012 100.0 642.11 1580.66 1399.04 117.797
32 71 0.0017 -0.00048 100.0 641.52 1580.36 1401.41 119.63
32 72 0.0012 -0.0 100.0 641.67 1580.17 1399.37 121.715
32 73 -0.0028 -0.00031 100.0 641.71 1580.01 1400.14 123.545
32 74 -0.001 -0.00018 100.0 641.58 1578.0 1399.33 125.761
32 75 -0.0008 3e-05 100.0 642.0 1579.14 1400.11 127.73
32 76 0.0005 -9e-05 100.0 642.25 1581.55 1401.26 129.958
32 77 -0.0015 -1e-05 100.0 641.74 1580.01 1401.05 131.927
32 78 -0.0014 0.0001 100.0 642.06 1579.34 1398.89 134.018
32 79 0.0023 -0.00019 100.0 641.87 1580.31 1399.38 136.221
32 80 0.0015 0.00015 100.0 641.58 1579.58 1397.48 138.381
32 81 0.0031 0.00029 100.0 642.01 1578.94 1398.8 140.673
32 82 0.0005 0.00027 100.0 641.85 1581.64 1398.96 142.826
32 83 -0.002 -0.00014 100.0 642.25 1580.62 1399.94 144.974
32 84 0.002 -0.00028 100.0 641.57 1580.16 1400.81 147.355
32 85 -0.0007 -1e-05 100.0 642.51 1580.49 1398.44 149.752
32 86 0.0005 -9e-05 100.0 642.01 1580.34 1399.86 151.965
32 87 0.0011 0.00027 100.0 641.83 1582.3 1402.2 154.247
32 88 -0.0007 -0.00023 100.0 642.05 1578.19 1399.61 156.728
32 89 -0.0015 0.00023 100.0 642.15 1580.39 1398.25 158.892
32 90 -0.0017 2e-05 100.0 642.05 1579.77 1400.76 161.369
32 91 0.0044 0.00051 100.0 642.07 1580.09 1400.52 163.915
32 92 0.0021 6e-05 100.0 641.3 1580.71 1400.28 166.3
32 93 -0.0016 -2e-05 100.0 642.34 1581.52 1397.92 168.86
32 94 0.0034 0.00012 100.0 641.93 1580.52 1401.49 171.379
32 95 0.0008 0.00041 100.0 641.96 1579.91 1400.77 173.823
32 96 0.0003 -0.00019 100.0 642.12 1582.83 1399.12 176.426
32 97 -0.0019 0.00017 100.0 641.77 1581.26 1400.22 179.068
32 98 0.0015 -8e-05 100.0 642.29 1578.62 1400.55 181.69
32 99 -0.0009 -0.00026 100.0 641.99 1581.47 1401.69 184.183
33 1 0.0003 9e-05 100.0 641.97 1579.1 1401.66 47.055
33 2 0.0012 -0.00047 100.0 641.27 1578.27 1399.28 46.849
33 3 0.001 2e-05 100.0 642.05 1581.63 1398.67 47.192
33 4 -0.0013 5e-05 100.0 641.93 1580.57 1401.65 47.125
33 5 -0.0002 0.00018 100.0 642.21 1582.35 1398.13 46.865
33 6 -0.0002 1e-05 100.0 642.05 1579.53 1399.36 47.068
33 7 -0.0025 -3e-05 100.0 641.98 1581.88 1399.37 46.958
33 8 -0.0012 3e-05 100.0 641.6 1580.17 1398.93 47.015
33 9 -0.002 -0.00036 100.0 641.48 1580.81 1397.1 46.944
33 10 0.0022 -0.00019 100.0 642.13 1580.13 1403.59 47.06
33 11 0.0001 5e-05 100.0 642.81 1581.28 1400.88 47.0
33 12 -0.0011 0.0003 100.0 642.05 1580.09 1398.64 46.982
33 13 -0.0031 -0.00024 100.0 642.62 1577.91 1399.22 47.129
33 14 -0.0045 0.0003 100.0 642.09 1580.32 1398.98 47.069
33 15 -0.0006 3e-05 100.0 641.67 1580.33 1400.31 47.134
33 16 0.0013 0.00024 100.0 642.23 1578.8 1399.09 47.058
33 17 0.0028 0.00027 100.0 642.32 1579.61 1397.69 47.343
33 18 -0.001 0.0004 100.0 642.28 1579.6 1402.25 47.128
33 19 -0.0019 0.00017 100.0 642.54 1579.44 1400.61 47.285
33 20 -0.0009 0.00011 100.0 642.72 1580.58 1401.09 47.307
33 21 0.0001 -8e-05 100.0 642.03 1580.21 1399.47 47.19
33 22 -0.0029 8e-05 100.0 642.32 1580.21 1400.52 47.201
33 23 0.0016 0.00014 100.0 641.88 1582.5 1396.57 47.303
33 24 -0.0015 6e-05 100.0 642.05 1580.66 1401.3 47.315
33 25 -0.003 -0.00011 100.0 641.67 1580.86 1399.15 47.253
33 26 -0.0013 0.00017 100.0 642.31 1580.18 1402.07 47.202
33 27 -0.0028 0.00012 100.0 642.11 1581.03 1401.04 47.577
33 28 -0.0019 0.00043 100.0 641.92 1578.94 1401.04 47.334
33 29 0.0048 -0.00018 100.0 641.63 1579.38 1399.58 47.326
33 30 -0.0023 -4e-05 100.0 641.84 1580.6 1399.22 47.314
33 31 -0.0006 -0.00023 100.0 641.82 1579.35 1401.78 47.306
33 32 0.0017 0.00029 100.0 642.02 1578.4 1402.44 47.301
33 33 -0.0016 3e-05 100.0 641.37 1581.84 1398.7 47.397
33 34 -0.0007 7e-05 100.0 642.32 1581.09 1399.53 47.507
33 35 -0.0051 3e-05 100.0 642.27 1581.0 1400.89 47.367
33 36 0.0009 -7e-05 100.0 642.05 1579.09 1398.01 47.38
33 37 0.0006 -4e-05 100.0 641.8 1581.7 1401.5 47.459
33 38 0.0029 -0.00025 100.0 642.12 1580.29 1401.56 47.497
33 39 0.0012 -0.0 100.0 641.77 1578.2 1399.91 47.318
33 40 0.0023 -2e-05 100.0 642.34 1580.17 1400.51 47.381
33 41 0.001 -0.00013 100.0 641.87 1582.4 1398.54 47.651
33 42 0.0019 -0.00013 100.0 641.86 1580.35 1399.02 47.568
33 43 -0.0012 -0.0 100.0 641.7 1578.39 1401.43 47.635
33 44 0.002 5e-05 100.0 641.61 1579.91 1401.9 47.445
33 45 -0.0003 -5e-05 100.0 641.68 1579.61 1400.59 47.599
33 46 0.0018 -9e-05 100.0 641.38 1580.98 1400.36 47.379
33 47 0.0016 -0.0002 100.0 642.0 1581.03 1399.65 47.439
33 48 0.0035 -0.00027 100.0 641.98 1581.47 1400.31 47.505
33 49 0.0034 0.0 100.0 642.05 1580.74 1398.78 47.545
33 50 0.0021 1e-05 100.0 642.0 1579.62 1404.17 47.434
33 51 0.0013 1e-05 100.0 642.29 1581.2 1395.63 47.542
33 52 0.0022 0.00036 100.0 642.26 1582.7 1400.84 47.433
33 53 -0.0027 -2e-05 100.0 641.44 1580.79 1399.63 47.492
33 54 -0.0 -0.00039 100.0 641.96 1579.06 1399.66 47.659
33 55 0.002 -8e-05 100.0 641.6 1580.79 1397.66 47.582
33 56 -0.0015 -0.00011 100.0 642.09 1578.96 1400.42 47.553
33 57 -0.0001 3e-05 100.0 641.66 1578.48 1400.37 47.659
33 58 -0.004 -0.00035 100.0 642.02 1580.73 1400.15 47.662
33 59 -0.0001 -9e-05 100.0 642.0 1581.14 1399.48 47.833
33 60 0.0039 -3e-05 100.0 642.08 1579.36 1397.52 47.898
33 61 -0.0012 -0.0002 100.0 642.26 1579.44 1401.01 47.736
33 62 0.0013 -0.00031 100.0 641.95 1580.62 1400.62 47.789
33 63 0.0024 0.00027 100.0 641.9 1579.0 1400.64 47.625
33 64 -0.0018 0.00036 100.0 642.09 1580.53 1400.93 47.66
33 65 -0.0021 -3e-05 100.0 642.29 1581.44 1400.8 47.798
33 66 0.0024 -9e-05 100.0 642.12 1579.8 1399.94 47.551
33 67 -0.005 -0.00012 100.0 642.01 1577.79 1399.6 47.702
33 68 -0.0021 -0.0 100.0 642.13 1579.29 1400.06 47.823
33 69 -0.002 -0.00016 100.0 642.55 1580.06 1400.24 48.042
33 70 0.0007 2e-05 100.0 641.84 1581.08 1402.35 47.796
33 71 0.0019 0.00021 100.0 642.22 1578.63 1399.37 47.602
33 72 -0.0013 -0.00032 100.0 641.88 1579.16 1398.2 47.734
33 73 -0.0024 1e-05 100.0 642.12 1580.67 1398.57 47.86
33 74 0.0009 0.00039 100.0 641.96 1579.65 1402.57 47.809
33 75 -0.0009 -0.00033 100.0 642.51 1578.71 1400.89 47.941
33 76 -0.0016 -0.00014 100.0 641.91 1578.73 1399.38 47.974
33 77 0.0017 8e-05 100.0 642.52 1579.2 1402.49 47.813
33 78 -0.0033 6e-05 100.0 642.0 1581.54 1400.85 47.921
33 79 -0.0028 -0.00031 100.0 641.91 1580.15 1399.08 47.935
33 80 -0.0015 -6e-05 100.0 642.2 1577.01 1399.0 47.714
33 81 -0.0012 -2e-05 100.0 642.12 1578.47 1401.7 47.693
33 82 0.0007 9e-05 100.0 642.07 1580.04 1399.36 47.89
33 83 0.0019 3e-05 100.0 642.13 1581.43 1401.06 47.824
33 84 0.0056 0.0002 100.0 641.76 1580.38 1401.41 47.818
33 85 0.0001 -0.00019 100.0 641.77 1582.73 1399.68 47.805
33 86 0.0006 1e-05 100.0 642.15 1579.07 1398.51 48.089
33 87 -0.0003 -0.00011 100.0 642.16 1579.68 1399.18 48.027
33 88 -0.0007 -0.00017 100.0 642.0 1578.92 1400.95 47.942
33 89 0.0018 0.00026 100.0 642.07 1580.1 1400.63 47.93
33 90 0.0034 0.0004 100.0 641.68 1579.68 1398.49 48.005
33 91 -0.0032 -1e-05 100.0 642.26 1580.3 1400.55 48.052
33 92 0.0018 6e-05 100.0 642.08 1579.93 1402.92 47.91
33 93 0.0001 -8e-05 100.0 642.5 1579.96 1400.5 47.982
33 94 0.0031 7e-05 100.0 641.41 1578.14 1400.52 48.023
33 95 0.0013 8e-05 100.0 641.57 1580.94 1399.15 47.959
33 96 -0.0013 -0.00019 100.0 642.01 1580.46 1399.82 48.089
33 97 0.0005 -0.00015 100.0 641.95 1581.82 1401.1 47.814
33 98 -0.0015 -0.00017 100.0 641.96 1581.89 1398.53 48.163
33 99 -0.0077 0.00021 100.0 641.72 1580.12 1398.93 47.926
34 1 -0.0014 0.0003 100.0 642.64 1581.2 1399.24 47.021
34 2 0.0007 4e-05 100.0 642.06 1579.84 1399.49 46.888
34 3 -0.0013 0.0 100.0 642.04 1580.5 1400.14 47.099
34 4 0.0001 0.00018 100.0 641.77 1579.6 1399.82 47.0
34 5 0.0001 0.0002 100.0 642.06 1580.14 1399.09 47.039
34 6 -0.0013 -0.00033 100.0 642.07 1579.15 1402.95 47.125
34 7 0.0037 7e-05 100.0 641.97 1579.64 1399.18 47.21
34 8 -0.0005 -0.00029 100.0 642.05 1580.32 1402.1 47.197
34 9 -0.0007 0.0 100.0 642.15 1580.13 1400.71 47.247
34 10 0.0047 0.00018 100.0 641.82 1581.43 1397.88 47.164
34 11 -0.002 1e-05 100.0 641.93 1579.8 1400.59 47.018
34 12 -0.0034 0.0001 100.0 641.78 1578.95 1401.38 47.201
34 13 -0.0014 -0.00012 100.0 641.93 1580.06 1401.75 47.311
34 14 0.002 0.00016 100.0 642.35 1581.55 1397.91 47.199
34 15 0.0014 0.00045 100.0 642.12 1579.95 1401.72 47.422
34 16 -0.0029 -4e-05 100.0 642.05 1578.59 1399.13 47.38
34 17 -0.0008 2e-05 100.0 642.0 1581.23 1400.51 47.395
34 18 -0.0009 0.00045 100.0 642.04 1580.18 1398.85 47.367
34 19 0.0018 -0.0001 100.0 641.56 1577.16 1400.11 47.46
34 20 -0.0011 -6e-05 100.0 642.02 1579.8 1401.13 47.457
34 21 0.0013 -1e-05 100.0 641.99 1582.29 1401.04 47.44
34 22 0.0021 6e-05 100.0 641.9 1580.34 1398.63 47.478
34 23 -0.0019 0.00018 100.0 642.72 1580.92 1400.1 47.607
34 24 -0.0018 -5e-05 100.0 642.16 1582.08 1398.76 47.447
34 25 -0.0024 -0.00017 100.0 642.17 1578.93 1401.13 47.526
34 26 0.0035 -5e-05 100.0 641.83 1581.07 1400.43 47.45
34 27 0.0011 -0.00047 100.0 642.36 1579.89 1402.24 47.467
34 28 -0.0013 -0.00012 100.0 642.27 1581.14 1397.13 47.615
34 29 0.0011 0.00011 100.0 642.52 1579.99 1399.95 47.431
34 30 -0.0006 0.0 100.0 641.81 1578.3 1400.6 47.2
34 31 0.0014 -0.00027 100.0 641.91 1581.34 1402.11 47.343
34 32 0.0019 -0.00012 100.0 642.22 1579.86 1396.96 47.694
34 33 -0.0 0.00032 100.0 642.02 1581.85 1399.81 47.621
34 34 0.0 0.00014 100.0 642.24 1579.76 1398.5 47.538
34 35 -0.0006 -0.00024 100.0 642.44 1579.65 1398.52 47.757
34 36 -0.0015 -0.00015 100.0 641.9 1580.87 1396.69 47.618
34 37 0.0021 0.00012 100.0 641.67 1580.27 1399.81 47.776
34 38 0.0011 -0.00031 100.0 641.83 1577.78 1400.37 47.687
34 39 -0.0011 -0.00037 100.0 642.08 1580.41 1398.51 47.57
34 40 0.0026 -0.00016 100.0 641.61 1580.65 1399.95 47.848
34 41 -0.0036 -5e-05 100.0 641.49 1577.67 1400.89 47.735
34 42 0.001 0.00027 100.0 642.22 1579.2 1397.62 47.847
34 43 0.0025 -0.00025 100.0 641.76 1579.37 1400.86 47.698
34 44 -0.0014 0.0001 100.0 642.7 1579.79 1400.38 47.632
34 45 -0.0005 5e-05 100.0 642.09 1582.09 1399.51 47.896
34 46 -0.0007 -0.00012 100.0 642.07 1578.46 1400.47 47.864
34 47 0.0035 0.00011 100.0 641.71 1578.64 1396.08 47.838
34 48 0.0014 0.00019 100.0 641.8 1576.55 1398.91 47.841
34 49 0.0022 -8e-05 100.0 642.05 1581.56 1399.51 47.935
34 50 -0.0015 -0.00021 100.0 641.7 1578.72 1400.99 47.8
34 51 -0.0015 2e-05 100.0 642.1 1581.16 1400.77 47.977
34 52 0.0041 -8e-05 100.0 641.72 1578.67 1398.98 47.936
34 53 0.0019 8e-05 100.0 641.86 1581.07 1401.35 48.065
34 54 0.0007 6e-05 100.0 642.11 1582.06 1397.57 48.097
34 55 -0.004 0.00031 100.0 642.17 1578.21 1399.02 47.884
34 56 -0.0012 -0.00021 100.0 642.65 1580.96 1400.67 47.972
34 57 -0.0019 0.00036 100.0 641.98 1578.39 1397.72 48.065
34 58 -0.0019 0.00028 100.0 642.06 1580.18 1399.5 48.252
34 59 -0.0008 0.00024 100.0 641.73 1579.9 1399.33 48.236
34 60 0.0018 3e-05 100.0 642.14 1580.87 1399.79 47.935
34 61 -0.0053 -0.00022 100.0 641.54 1579.58 1399.89 48.205
34 62 0.0016 -0.00032 100.0 642.28 1579.15 1398.77 48.02
34 63 0.0011 0.00018 100.0 641.89 1578.26 1397.89 47.912
34 64 0.0009 -0.00011 100.0 642.33 1581.49 1396.81 48.216
34 65 0.0013 0.0001 100.0 642.17 1577.92 1397.37 48.08
34 66 0.0002 -0.00024 100.0 641.74 1580.89 1401.02 48.186
34 67 -0.0005 -3e-05 100.0 642.25 1581.59 1399.51 48.148
34 68 0.0036 -0.00012 100.0 641.83 1576.53 1401.79 48.236
34 69 0.0001 -0.00016 100.0 641.96 1579.77 1401.49 48.119
34 70 -0.0019 0.00037 100.0 642.26 1580.72 1401.59 48.112
34 71 0.0031 0.00017 100.0 642.21 1577.71 1398.81 48.087
34 72 0.0025 -9e-05 100.0 641.84 1580.12 1400.77 48.225
34 73 0.0006 -4e-05 100.0 642.05 1579.45 1398.05 48.136
34 74 -0.0017 -5e-05 100.0 641.73 1580.58 1398.02 48.345
34 75 0.0072 1e-05 100.0 642.24 1581.29 1402.13 48.507
34 76 -0.0008 -0.0001 100.0 642.3 1581.2 1402.66 48.492
34 77 -0.001 -6e-05 100.0 641.95 1580.38 1402.34 48.4
34 78 0.0014 0.00029 100.0 641.93 1577.7 1399.13 48.403
34 79 -0.0009 -0.00035 100.0 641.65 1580.04 1396.89 48.288
34 80 -0.0013 -0.00021 100.0 641.77 1581.98 1401.67 48.558
34 81 0.0015 5e-05 100.0 641.97 1580.42 1398.84 48.42
34 82 0.0001 2e-05 100.0 641.79 1579.78 1398.77 48.423
34 83 0.0005 -5e-05 100.0 642.53 1579.84 1401.51 48.501
34 84 -0.0029 0.00013 100.0 641.98 1580.34 1398.56 48.48
34 85 0.0014 0.00016 100.0 642.22 1580.19 1401.15 48.6
34 86 -0.0005 -0.00038 100.0 641.67 1579.53 1399.97 48.442
34 87 -0.0047 -0.0001 100.0 641.92 1580.21 1401.87 48.718
34 88 0.0013 0.00019 100.0 641.9 1579.79 1402.17 48.525
34 89 0.0007 1e-05 100.0 641.58 1577.5 1397.71 48.586
34 90 0.0019 0.0 100.0 641.89 1582.41 1398.77 48.578
34 91 0.0016 7e-05 100.0 642.35 1581.76 1399.64 48.611
34 92 -0.0012 0.00018 100.0 642.06 1579.17 1399.54 48.635
34 93 -0.001 1e-05 100.0 641.61 1579.13 1395.2 48.643
34 94 -0.0033 -7e-05 100.0 642.59 1580.69 1400.8 48.656
34 95 -0.0026 0.00017 100.0 641.76 1579.04 1397.29 48.639
34 96 0.0 0.00011 100.0 641.85 1579.99 1401.75 48.691
34 97 0.0029 0.00012 100.0 641.81 1580.42 1402.84 48.639
34 98 -0.0021 7e-05 100.0 642.42 1580.95 1396.56 48.756
34 99 -0.0006 -6e-05 100.0 641.73 1579.16 1399.62 48.58
35 1 -0.0022 4e-05 100.0 641.6 1581.23 1398.99 46.976
35 2 0.0046 -1e-05 100.0 641.84 1580.31 1399.51 46.952
35 3 -0.0019 8e-05 100.0 641.42 1578.97 1398.37 47.105
35 4 0.0022 0.00041 100.0 642.1 1579.73 1399.05 47.161
35 5 -0.0023 -0.0001 100.0 642.28 1580.41 1401.13 47.085
35 6 -0.001 0.0002 100.0 642.36 1579.02 1396.95 47.126
35 7 0.0012 -0.00025 100.0 641.65 1580.19 1399.83 46.942
35 8 -0.0021 0.00017 100.0 642.36 1578.57 1402.22 47.082
35 9 -0.0 0.00022 100.0 641.66 1579.4 1400.82 47.092
35 10 -0.0018 0.00022 100.0 641.65 1578.49 1398.04 47.287
35 11 0.0038 5e-05 100.0 641.84 1579.99 1402.11 47.214
35 12 0.0015 7e-05 100.0 642.09 1581.12 1400.34 46.906
35 13 -0.0015 9e-05 100.0 641.73 1579.61 1401.6 47.063
35 14 0.0013 0.00043 100.0 642.48 1579.95 1397.37 47.231
35 15 0.004 -7e-05 100.0 641.76 1578.7 1398.57 47.286
35 16 -0.002 0.00024 100.0 641.95 1579.62 1402.35 47.163
35 17 -0.0006 1e-05 100.0 642.36 1581.9 1400.13 47.256
35 18 -0.0023 -0.00041 100.0 641.5 1581.86 1400.37 47.249
35 19 0.001 -0.0001 100.0 642.23 1579.26 1399.32 47.04
35 20 -0.0016 0.00012 100.0 642.03 1579.9 1397.64 47.342
35 21 0.003 0.00014 100.0 642.36 1582.82 1400.98 47.233
35 22 -0.0021 -0.00023 100.0 642.06 1582.42 1399.21 47.262
35 23 0.0019 -6e-05 100.0 641.7 1582.01 1400.32 47.308
35 24 0.001 0.00012 100.0 641.61 1578.91 1400.52 47.23
35 25 0.001 -0.00023 100.0 642.0 1578.77 1400.6 47.21
35 26 -0.0006 -4e-05 100.0 642.7 1581.0 1399.76 47.47
35 27 0.0004 0.0 100.0 642.08 1578.63 1397.17 47.311
35 28 -0.0003 0.00035 100.0 641.62 1580.35 1398.51 47.345
35 29 -0.0028 -0.0004 100.0 641.59 1578.47 1400.23 47.481
35 30 -0.0001 -0.00013 100.0 642.1 1580.54 1400.39 47.484
35 31 -0.0023 -0.00017 100.0 642.46 1579.4 1398.47 47.496
35 32 -0.0036 -0.0002 100.0 641.36 1580.53 1400.97 47.479
35 33 0.0025 -6e-05 100.0 641.96 1580.62 1399.79 47.481
35 34 0.0013 0.00012 100.0 641.68 1580.88 1400.04 47.389
35 35 -0.0008 0.0002 100.0 641.66 1578.78 1398.78 47.3
35 36 0.0002 4e-05 100.0 641.91 1579.7 1398.94 47.636
35 37 0.0028 -9e-05 100.0 642.24 1577.24 1399.77 47.611
35 38 -0.0022 0.00015 100.0 641.91 1580.21 1398.29 47.659
35 39 0.0025 0.00035 100.0 642.01 1578.53 1400.07 47.648
35 40 0.0019 6e-05 100.0 641.5 1581.01 1399.59 47.542
35 41 -0.0021 -0.00032 100.0 642.02 1581.57 1399.78 47.5
35 42 0.0031 -0.00027 100.0 641.88 1580.98 1398.32 47.525
35 43 -0.0001 -8e-05 100.0 642.52 1580.17 1397.53 47.85
35 44 -0.0004 -0.00011 100.0 642.09 1579.01 1398.93 47.504
35 45 0.0007 9e-05 100.0 641.84 1580.53 1400.22 47.853
35 46 -0.0003 -0.00018 100.0 642.08 1580.27 1400.09 47.748
35 47 -0.0005 -1e-05 100.0 642.07 1580.48 1400.27 47.668
35 48 0.002 -0.00014 100.0 642.09 1579.73 1400.27 47.633
35 49 0.0014 0.0 100.0 642.01 1582.43 1399.68 47.763
35 50 -0.0044 -1e-05 100.0 641.84 1581.06 1399.35 47.578
35 51 0.0031 -0.00011 100.0 642.04 1581.86 1401.15 47.622
35 52 -0.0026 0.00027 100.0 641.69 1579.18 1398.61 47.732
35 53 -0.0022 -0.00032 100.0 642.41 1581.5 1400.75 47.551
35 54 0.0023 0.00034 100.0 642.19 1580.0 1398.43 47.72
35 55 0.001 7e-05 100.0 642.03 1578.19 1399.38 47.766
35 56 0.0008 -0.00039 100.0 641.92 1579.46 1399.58 47.753
35 57 -0.0009 -0.0001 100.0 642.1 1579.32 1399.28 47.81
35 58 -0.0006 0.00039 100.0 642.04 1577.48 1400.98 47.833
35 59 -0.0039 -0.00017 100.0 641.74 1579.76 1400.62 47.727
35 60 -0.0018 0.00012 100.0 641.72 1581.64 1399.32 47.92
35 61 -0.0018 0.00019 100.0 642.12 1581.51 1402.51 48.036
35 62 0.0023 0.00011 100.0 642.13 1579.91 1401.86 47.737
35 63 0.0029 0.00031 100.0 642.15 1580.07 1399.91 47.934
35 64 -0.0007 0.00032 100.0 642.07 1580.1 1397.58 47.904
35 65 0.0011 -0.00018 100.0 642.63 1581.41 1400.6 47.857
35 66 -0.0028 -0.00024 100.0 642.43 1579.26 1401.59 47.92
35 67 0.0025 0.00018 100.0 642.0 1579.35 1402.04 48.151
35 68 -0.001 3e-05 100.0 641.91 1580.37 1401.04 47.918
35 69 -0.0004 -0.00019 100.0 642.39 1580.91 1397.74 48.017
35 70 0.0001 4e-05 100.0 642.28 1580.12 1399.6 48.061
35 71 0.001 7e-05 100.0 641.63 1577.54 1401.9 47.954
35 72 0.0006 -0.00035 100.0 641.62 1577.92 1400.58 48.159
35 73 -0.0049 -0.00012 100.0 641.88 1579.03 1399.5 48.083
35 74 -0.0051 -0.00017 100.0 642.17 1579.81 1400.96 47.991
35 75 0.0015 -0.00013 100.0 641.91 1581.01 1397.29 48.131
35 76 0.0041 0.00025 100.0 642.3 1581.39 1401.55 48.017
35 77 0.0022 -4e-05 100.0 642.04 1579.57 1403.04 48.025
35 78 -0.0034 0.00016 100.0 641.63 1580.3 1398.59 48.207
35 79 -0.0023 -0.00019 100.0 642.14 1579.78 1398.1 48.224
35 80 -0.0014 -0.00014 100.0 642.32 1581.27 1397.53 48.124
35 81 0.0027 2e-05 100.0 642.17 1579.7 1399.83 47.909
35 82 0.0014 -3e-05 100.0 642.17 1581.27 1400.44 48.133
35 83 0.0028 0.0004 100.0 642.03 1579.1 1399.15 48.182
35 84 0.0003 -0.00056 100.0 641.6 1578.3 1398.21 48.364
35 85 -0.0009 0.00011 100.0 642.42 1581.18 1399.24 48.16
35 86 -0.0027 -4e-05 100.0 641.84 1579.72 1399.15 48.327
35 87 0.0014 -0.00015 100.0 641.62 1580.78 1400.72 48.218
35 88 -0.0025 -6e-05 100.0 642.14 1579.2 1398.66 48.064
35 89 0.0003 -0.00042 100.0 641.85 1578.69 1400.98 48.434
35 90 -0.0057 -2e-05 100.0 642.64 1576.88 1398.15 48.357
35 91 0.0034 0.00023 100.0 642.03 1581.67 1401.25 48.404
35 92 0.0001 -2e-05 100.0 642.02 1578.96 1399.65 48.279
35 93 0.0013 -0.00028 100.0 641.9 1578.88 1398.7 48.468
35 94 -0.0001 -0.00021 100.0 642.4 1580.35 1399.89 48.328
35 95 0.0002 0.00027 100.0 641.94 1580.33 1401.42 48.277
35 96 -0.0023 0.0001 100.0 642.24 1581.47 1398.51 48.538
35 97 -0.0005 -0.00013 100.0 641.91 1580.93 1402.12 48.257
35 98 -0.0001 2e-05 100.0 641.68 1579.79 1399.99 48.438
35 99 0.0007 0.00018 100.0 641.78 1579.1 1397.57 48.337
36 1 0.0035 -1e-05 100.0 642.22 1580.77 1400.33 46.933
36 2 -0.0002 0.0001 100.0 641.88 1578.13 1400.99 47.003
36 3 0.0003 -0.00015 100.0 641.88 1577.19 1400.72 47.227
36 4 0.003 -0.00014 100.0 642.24 1578.86 1399.55 47.097
36 5 0.0025 -0.00027 100.0 641.21 1578.22 1400.24 47.078
36 6 0.0009 -0.00013 100.0 641.89 1581.14 1398.17 47.093
36 7 0.0001 -3e-05 100.0 642.02 1579.7 1400.72 47.122
36 8 -0.0007 -0.00021 100.0 642.02 1580.27 1398.52 47.079
36 9 -0.0018 -0.0 100.0 641.82 1580.92 1401.01 47.124
36 10 0.0017 0.00018 100.0 641.95 1579.13 1398.36 47.207
36 11 -0.0003 3e-05 100.0 642.23 1576.44 1401.99 47.136
36 12 0.0008 0.00012 100.0 642.42 1578.73 1402.21 47.139
36 13 0.0027 -4e-05 100.0 641.61 1581.12 1400.47 47.153
36 14 -0.0015 0.00016 100.0 642.42 1582.29 1400.01 47.158
36 15 -0.0014 0.0001 100.0 642.18 1579.69 1402.35 47.189
36 16 0.0018 0.00011 100.0 641.92 1579.51 1401.11 47.179
36 17 -0.0054 -5e-05 100.0 642.04 1581.08 1401.39 47.232
36 18 -0.0022 5e-05 100.0 642.2 1579.92 1401.08 47.234
36 19 0.0 -0.00017 100.0 641.56 1583.02 1401.79 47.361
36 20 -0.001 0.00011 100.0 642.03 1580.53 1402.25 47.268
36 21 -0.0015 -9e-05 100.0 641.88 1580.45 1401.04 47.17
36 22 0.005 -0.0 100.0 642.35 1580.25 1396.65 47.46
36 23 0.0019 -0.00019 100.0 641.84 1580.45 1400.58 47.297
36 24 -0.0019 0.0001 100.0 642.61 1580.27 1399.74 47.311
36 25 0.0033 0.00021 100.0 642.26 1579.69 1400.54 47.46
36 26 -0.0022 -0.0 100.0 641.24 1580.36 1401.2 47.293
36 27 0.0003 -0.00018 100.0 642.03 1579.35 1401.94 47.359
36 28 0.0028 -3e-05 100.0 641.62 1581.54 1401.49 47.491
36 29 -0.0011 -7e-05 100.0 642.03 1579.9 1399.02 47.364
36 30 -0.0022 -0.00023 100.0 642.2 1579.94 1399.54 47.311
36 31 -0.0056 0.00036 100.0 641.81 1580.73 1400.24 47.636
36 32 0.0037 -0.00018 100.0 641.77 1579.97 1398.28 47.525
36 33 0.0036 -8e-05 100.0 641.78 1580.1 1402.06 47.419
36 34 0.0027 4e-05 100.0 642.02 1578.82 1403.63 47.523
36 35 0.003 -0.00019 100.0 642.36 1580.1 1400.49 47.658
36 36 0.0007 -1e-05 100.0 641.93 1581.83 1399.99 47.681
36 37 -0.0025 -0.00015 100.0 641.92 1581.65 1396.53 47.475
36 38 -0.0013 0.00027 100.0 642.45 1581.51 1400.89 47.434
36 39 -0.0009 -0.00021 100.0 642.64 1579.18 1399.61 47.398
36 40 0.0004 0.0001 100.0 642.24 1581.46 1398.16 47.763
36 41 -0.0019 -0.00037 100.0 641.65 1581.29 1400.18 47.612
36 42 0.0022 -0.00025 100.0 642.74 1578.78 1400.26 47.66
36 43 0.0003 -0.00017 100.0 641.74 1581.18 1401.99 47.566
36 44 0.0011 0.0001 100.0 641.81 1578.83 1399.85 47.584
36 45 0.0003 -0.00012 100.0 642.02 1579.9 1398.05 47.641
36 46 0.0017 -0.00019 100.0 642.11 1579.27 1400.34 47.522
36 47 -0.001 0.00027 100.0 641.46 1581.84 1397.96 47.68
36 48 -0.0013 -0.0001 100.0 641.64 1580.86 1401.04 47.661
36 49 0.0036 -0.00018 100.0 641.94 1577.73 1399.73 47.656
36 50 0.0024 -0.00025 100.0 641.64 1580.73 1401.8 47.655
36 51 -0.0009 4e-05 100.0 642.43 1580.61 1400.72 47.778
36 52 0.0024 6e-05 100.0 642.1 1578.5 1399.32 47.866
36 53 0.0025 0.00029 100.0 641.83 1581.43 1402.49 47.768
36 54 0.0029 0.00023 100.0 641.85 1579.81 1400.06 47.735
36 55 0.0018 -2e-05 100.0 641.57 1577.97 1400.36 47.839
36 56 -0.0014 0.00011 100.0 641.68 1578.55 1399.0 47.99
36 57 -0.0021 -0.00032 100.0 641.54 1581.07 1397.36 47.771
36 58 0.0029 6e-05 100.0 642.06 1582.3 1401.37 47.848
36 59 -0.0009 0.0001 100.0 642.04 1580.71 1401.06 47.744
36 60 -0.0024 -8e-05 100.0 641.69 1578.66 1400.04 47.763
36 61 0.0005 -0.0001 100.0 641.69 1579.39 1400.11 47.961
36 62 -0.001 -0.00014 100.0 642.18 1581.37 1399.88 47.963
36 63 -0.0014 4e-05 100.0 641.89 1579.32 1399.33 47.93
36 64 0.0038 0.0 100.0 642.09 1580.81 1399.13 47.772
36 65 -0.0005 -0.0002 100.0 641.92 1580.08 1400.67 47.771
36 66 -0.0015 0.00013 100.0 641.8 1579.33 1398.3 47.832
36 67 0.0017 -7e-05 100.0 642.23 1581.57 1401.46 48.121
36 68 0.0014 8e-05 100.0 641.87 1579.74 1400.1 47.984
36 69 -0.003 -0.00022 100.0 642.02 1580.52 1401.0 47.968
36 70 -0.0005 0.00011 100.0 641.98 1579.49 1399.6 48.109
36 71 0.0004 0.0001 100.0 642.01 1580.3 1400.59 47.902
36 72 -0.0004 0.00014 100.0 641.72 1582.95 1399.55 47.97
36 73 0.0032 -0.00021 100.0 641.84 1578.8 1398.14 48.201
36 74 -0.0019 -0.00014 100.0 641.71 1578.26 1399.56 48.053
36 75 -0.0002 -9e-05 100.0 642.13 1581.12 1401.24 48.271
36 76 -0.0014 -3e-05 100.0 642.05 1579.32 1400.19 48.109
36 77 0.0036 -6e-05 100.0 641.62 1577.18 1398.59 48.065
36 78 -0.0004 0.00048 100.0 641.36 1578.79 1397.97 48.19
36 79 0.0041 -2e-05 100.0 642.51 1579.69 1402.05 48.173
36 80 0.0041 -0.00026 100.0 641.6 1579.63 1400.12 48.087
36 81 0.001 0.00012 100.0 641.46 1579.49 1400.47 48.162
36 82 -0.0037 -0.00011 100.0 642.17 1580.05 1398.43 48.21
36 83 0.0008 -5e-05 100.0 642.38 1579.88 1399.71 48.171
36 84 0.0007 0.00032 100.0 642.59 1582.63 1400.15 48.28
36 85 0.0023 -0.00014 100.0 642.2 1578.64 1399.53 48.198
36 86 0.0004 0.0001 100.0 641.53 1582.41 1401.89 48.214
36 87 0.0022 0.00024 100.0 642.42 1579.38 1401.1 48.281
36 88 -0.004 -0.00041 100.0 641.82 1578.78 1400.22 48.03
36 89 0.0003 0.0002 100.0 642.19 1580.15 1400.55 48.487
36 90 0.0026 -9e-05 100.0 642.06 1580.27 1398.43 48.221
36 91 -0.0022 -0.00018 100.0 642.03 1581.96 1398.44 48.4
36 92 0.0005 -0.00064 100.0 642.46 1581.91 1396.54 48.326
36 93 0.0001 -0.00016 100.0 642.34 1579.95 1400.13 48.406
36 94 -0.0017 -0.00031 100.0 641.93 1581.12 1399.83 48.384
36 95 0.0036 -0.00011 100.0 642.39 1579.45 1400.51 48.169
36 96 0.0031 0.00012 100.0 641.96 1580.04 1402.83 48.307
36 97 -0.0026 0.00024 100.0 641.95 1580.36 1399.55 48.529
36 98 -0.002 7e-05 100.0 642.01 1580.0 1397.74 48.451
36 99 -0.0019 -0.00032 100.0 641.93 1579.87 1398.98 48.36
37 1 0.0028 -8e-05 100.0 641.99 1580.34 1398.52 46.86
37 2 -0.0019 -5e-05 100.0 641.95 1577.88 1401.51 47.038
37 3 0.0028 9e-05 100.0 642.44 1578.7 1399.33 47.132
37 4 -0.0017 -0.00033 100.0 641.68 1579.54 1399.75 47.163
37 5 0.0004 -0.00015 100.0 642.41 1580.07 1402.06 47.069
37 6 0.0021 0.00021 100.0 642.06 1581.15 1398.4 47.272
37 7 0.0005 0.00012 100.0 641.76 1579.94 1400.92 47.197
37 8 -0.0007 0.00016 100.0 641.81 1578.61 1399.94 47.293
37 9 0.0001 -0.00015 100.0 642.31 1581.62 1400.0 47.108
37 10 -0.0026 5e-05 100.0 641.88 1581.73 1399.89 47.185
37 11 -0.0021 -0.00011 100.0 641.99 1581.76 1401.17 47.346
37 12 0.002 0.00018 100.0 641.5 1580.4 1397.36 47.31
37 13 -0.0021 -7e-05 100.0 641.8 1580.2 1399.23 47.362
37 14 0.0013 -0.00032 100.0 642.01 1581.74 1401.15 47.405
37 15 -0.0008 0.00021 100.0 641.68 1579.78 1398.96 47.331
37 16 0.0019 0.0003 100.0 642.3 1578.08 1400.09 47.431
37 17 -0.0018 -0.00031 100.0 641.89 1581.24 1399.71 47.253
37 18 -0.0025 5e-05 100.0 641.49 1580.07 1401.34 47.337
37 19 -0.0001 -3e-05 100.0 642.0 1578.07 1400.58 47.54
37 20 0.0002 0.0003 100.0 642.03 1580.61 1403.59 47.425
37 21 0.0006 -0.0004 100.0 641.97 1580.18 1398.17 47.539
37 22 -0.0005 3e-05 100.0 642.03 1581.43 1402.15 47.441
37 23 -0.0003 -9e-05 100.0 641.6 1580.49 1398.76 47.65
37 24 0.0003 0.00037 100.0 642.17 1581.07 1400.52 47.619
37 25 -0.0007 -0.00014 100.0 642.51 1579.65 1400.86 47.447
37 26 0.0072 0.00024 100.0 642.31 1580.57 1399.19 47.672
37 27 0.0022 -0.0002 100.0 641.89 1579.25 1399.58 47.741
37 28 -0.0022 0.00029 100.0 642.16 1580.38 1398.84 47.565
37 29 0.0015 0.00012 100.0 641.59 1578.45 1399.46 47.731
37 30 0.0027 7e-05 100.0 641.55 1580.27 1402.14 47.832
37 31 -0.0016 -0.00018 100.0 642.18 1581.25 1400.07 47.978
37 32 -0.0006 0.00015 100.0 641.94 1577.88 1398.46 47.785
37 33 0.0026 3e-05 100.0 641.98 1578.82 1400.03 47.79
37 34 -0.0001 -0.00012 100.0 641.62 1580.71 1399.66 47.664
37 35 0.0018 -4e-05 100.0 641.91 1579.78 1398.72 47.89
37 36 -0.0038 -0.00016 100.0 641.64 1582.08 1401.92 47.924
37 37 -0.0004 0.00011 100.0 641.6 1579.84 1400.64 47.935
37 38 0.005 -0.00044 100.0 641.33 1581.18 1401.46 47.842
37 39 -0.0019 0.00016 100.0 641.41 1582.11 1400.73 48.01
37 40 0.0036 -0.00012 100.0 642.09 1580.25 1402.62 47.904
37 41 0.0047 7e-05 100.0 642.11 1578.3 1398.96 48.089
37 42 -0.0005 -0.0003 100.0 641.94 1579.35 1400.04 48.107
37 43 0.0005 6e-05 100.0 642.21 1579.54 1400.04 47.931
37 44 0.002 -0.00028 100.0 641.67 1580.68 1401.13 48.17
37 45 0.0016 -0.00021 100.0 642.51 1579.88 1400.73 48.104
37 46 0.0016 0.0001 100.0 642.15 1580.62 1397.51 48.286
37 47 -0.001 -0.00022 100.0 641.91 1578.81 1398.98 48.289
37 48 -0.0036 0.00014 100.0 642.4 1579.77 1399.41 48.28
37 49 0.0034 4e-05 100.0 641.81 1579.86 1400.65 48.34
37 50 -0.0016 0.0002 100.0 642.05 1578.29 1397.83 48.218
37 51 0.0034 -3e-05 100.0 641.84 1579.34 1399.79 48.189
37 52 -0.0024 -0.0001 100.0 642.01 1582.11 1399.25 48.168
37 53 -0.0019 -6e-05 100.0 642.21 1581.21 1398.43 48.284
37 54 0.0019 0.00011 100.0 641.62 1579.27 1399.11 48.363
37 55 -0.0024 -0.00037 100.0 642.4 1579.63 1398.22 48.409
37 56 -0.001 -2e-05 100.0 641.88 1580.95 1400.03 48.297
37 57 0.0016 0.00011 100.0 642.31 1579.06 1398.29 48.263
37 58 0.0004 0.00012 100.0 642.26 1579.11 1399.44 48.218
37 59 -0.0002 0.00036 100.0 641.99 1579.49 1400.62 48.459
37 60 0.0026 0.00028 100.0 641.72 1579.43 1400.07 48.497
37 61 0.0046 0.00011 100.0 641.72 1578.73 1400.38 48.423
37 62 -0.0008 7e-05 100.0 641.78 1579.25 1398.77 48.327
37 63 -0.0021 -3e-05 100.0 642.33 1580.63 1397.07 48.579
37 64 0.0005 -5e-05 100.0 642.26 1580.05 1400.08 48.549
37 65 -0.0001 0.00026 100.0 642.34 1579.9 1399.95 48.567
37 66 0.0015 0.00021 100.0 642.53 1578.59 1399.02 48.472
37 67 0.0025 -5e-05 100.0 641.67 1580.33 1403.52 48.466
37 68 -0.0017 3e-05 100.0 642.02 1580.43 1399.43 48.388
37 69 0.0002 -0.00013 100.0 642.56 1581.82 1400.99 48.56
37 70 0.0018 0.00011 100.0 642.49 1581.04 1400.31 48.676
37 71 0.0003 -5e-05 100.0 642.29 1580.62 1401.29 48.742
37 72 -0.0019 -0.0001 100.0 641.8 1578.07 1398.63 48.671
37 73 0.0032 -0.00012 100.0 641.95 1580.29 1400.41 48.906
37 74 0.0009 0.00025 100.0 641.97 1581.36 1402.02 48.752
37 75 -0.0015 0.0002 100.0 641.95 1581.41 1400.73 48.816
37 76 0.0008 0.00013 100.0 641.9 1581.07 1399.87 48.801
37 77 0.0009 -0.00017 100.0 642.12 1581.62 1398.57 48.768
37 78 0.0022 0.00014 100.0 642.3 1579.57 1403.31 48.972
37 79 0.0008 -8e-05 100.0 642.3 1578.81 1400.29 48.959
37 80 -0.0016 -0.00036 100.0 642.37 1579.49 1399.92 48.965
37 81 -0.0004 0.00022 100.0 641.99 1580.06 1398.52 49.02
37 82 0.0012 -0.00025 100.0 642.01 1580.25 1398.15 48.966
37 83 -0.0 -0.00018 100.0 641.69 1579.79 1399.47 48.896
37 84 -0.0012 -6e-05 100.0 642.25 1579.79 1399.28 49.115
37 85 0.0033 -6e-05 100.0 641.71 1581.03 1400.45 48.898
37 86 0.0005 1e-05 100.0 641.88 1579.62 1399.01 49.026
37 87 0.0011 0.00015 100.0 642.38 1582.28 1401.75 49.035
37 88 0.0013 -0.0002 100.0 642.23 1579.3 1400.59 49.296
37 89 -0.0004 7e-05 100.0 642.33 1577.81 1398.12 49.105
37 90 0.0019 -0.00012 100.0 641.96 1581.38 1400.1 49.022
37 91 -0.0016 0.00031 100.0 642.25 1580.44 1398.22 49.101
37 92 0.0006 -0.00042 100.0 642.28 1579.43 1400.0 49.113
37 93 -0.0032 0.00011 100.0 642.03 1579.13 1401.49 49.084
37 94 -0.0027 -2e-05 100.0 641.89 1578.72 1402.85 49.116
37 95 0.0029 3e-05 100.0 642.48 1580.48 1400.21 49.105
37 96 -0.0004 0.00016 100.0 642.04 1580.68 1399.26 49.324
37 97 -0.0013 0.0002 100.0 641.97 1578.32 1402.25 49.353
37 98 0.0027 -4e-05 100.0 641.61 1581.5 1400.38 49.367
37 99 -0.0007 9e-05 100.0 641.47 1579.4 1398.09 49.444
38 1 -0.0007 -0.00043 100.0 642.27 1581.57 1401.52 46.936
38 2 0.0029 -0.00023 100.0 641.96 1578.83 1399.17 47.102
38 3 0.0033 -6e-05 100.0 642.07 1579.57 1400.97 47.112
38 4 -0.0006 -0.00044 100.0 642.19 1581.1 1399.81 47.063
38 5 -0.0006 -0.0 100.0 641.66 1580.82 1399.63 47.031
38 6 0.0014 -1e-05 100.0 642.47 1581.56 1402.43 47.044
38 7 0.001 -0.00015 100.0 641.8 1578.95 1399.1 47.314
38 8 -0.0019 0.00024 100.0 641.52 1580.58 1397.72 47.159
38 9 -0.0015 -7e-05 100.0 642.11 1580.33 1399.2 47.314
38 10 0.0031 0.00012 100.0 642.08 1580.06 1398.6 47.066
38 11 0.0003 0.00032 100.0 641.85 1580.0 1400.94 47.309
38 12 0.0018 -0.00026 100.0 641.85 1580.76 1398.1 47.241
38 13 0.0003 -0.00024 100.0 641.81 1580.57 1401.36 47.347
38 14 0.0002 -0.00023 100.0 641.78 1577.73 1401.69 47.215
38 15 -0.004 -0.00027 100.0 641.79 1580.3 1398.76 47.472
38 16 -0.004 0.00025 100.0 642.27 1580.42 1400.21 47.304
38 17 0.0023 -5e-05 100.0 641.96 1581.36 1401.87 47.393
38 18 0.0001 -0.00021 100.0 642.3 1578.36 1402.92 47.292
38 19 -0.0025 -7e-05 100.0 641.62 1580.17 1399.99 47.291
38 20 -0.0026 -6e-05 100.0 642.18 1579.93 1399.43 47.299
38 21 -0.001 -0.00037 100.0 642.1 1580.2 1401.19 47.416
38 22 0.0006 -0.00011 100.0 641.72 1578.67 1399.94 47.578
38 23 -0.0019 -0.00019 100.0 641.88 1581.7 1400.0 47.447
38 24 -0.0017 -8e-05 100.0 642.07 1580.58 1400.19 47.497
38 25 0.0018 -4e-05 100.0 641.66 1579.44 1400.9 47.618
38 26 0.0051 8e-05 100.0 641.6 1580.63 1401.98 47.525
38 27 0.0047 0.00025 100.0 641.72 1577.75 1400.27 47.583
38 28 0.0015 -0.00012 100.0 642.07 1580.43 1396.36 47.721
38 29 0.0 -0.00011 100.0 641.9 1579.57 1398.92 47.561
38 30 -0.0013 3e-05 100.0 641.55 1579.74 1398.36 47.663
38 31 0.0036 0.00024 100.0 641.75 1580.68 1397.88 47.515
38 32 -0.004 -9e-05 100.0 641.76 1580.24 1397.83 47.647
38 33 -0.003 -0.00023 100.0 642.03 1579.26 1401.91 47.705
38 34 -0.0021 -3e-05 100.0 641.65 1578.56 1400.19 47.789
38 35 -0.0025 -3e-05 100.0 641.74 1577.48 1400.21 47.692
38 36 -0.0015 0.00025 100.0 641.94 1579.82 1400.29 47.733
38 37 -0.0019 -0.00016 100.0 641.93 1581.0 1400.72 47.621
38 38 0.0005 0.00047 100.0 642.18 1579.11 1400.38 47.727
38 39 -0.0002 -0.00044 100.0 641.76 1578.25 1399.59 47.881
38 40 -0.0031 0.00014 100.0 642.09 1579.36 1401.45 47.8
38 41 -0.0013 -0.00028 100.0 642.29 1578.12 1400.47 47.984
38 42 -0.0023 -0.00014 100.0 641.73 1581.1 1400.77 47.873
38 43 0.0001 -5e-05 100.0 641.98 1581.21 1401.04 47.898
38 44 0.0004 0.00041 100.0 642.39 1579.46 1402.33 47.781
38 45 -0.0017 -8e-05 100.0 641.57 1579.26 1399.75 48.04
38 46 0.0039 1e-05 100.0 642.0 1580.28 1398.49 47.865
38 47 0.0016 -3e-05 100.0 641.51 1580.07 1399.61 47.942
38 48 0.0003 9e-05 100.0 642.5 1580.52 1399.62 47.926
38 49 -0.0015 -0.00012 100.0 642.05 1579.46 1400.76 47.924
38 50 -0.0001 -0.00014 100.0 642.37 1576.05 1401.74 48.255
38 51 -0.0027 -0.00021 100.0 641.72 1579.18 1398.31 48.01
38 52 -0.0026 0.0001 100.0 642.02 1580.67 1399.9 48.165
38 53 -0.0007 0.00013 100.0 642.19 1578.6 1398.97 48.054
38 54 -0.0021 -0.00022 100.0 642.01 1582.26 1397.24 48.193
38 55 -0.0007 -0.00034 100.0 641.78 1580.83 1399.11 48.021
38 56 -0.0009 0.00022 100.0 641.86 1580.77 1397.49 48.14
38 57 0.0017 -0.00035 100.0 641.37 1581.54 1401.1 48.197
38 58 0.0019 -4e-05 100.0 641.77 1579.39 1398.95 48.414
38 59 0.0036 -0.00029 100.0 642.02 1579.89 1398.58 48.333
38 60 -0.0003 0.00011 100.0 642.11 1581.39 1402.08 48.348
38 61 -0.0026 7e-05 100.0 641.98 1578.72 1399.42 48.505
38 62 -0.0036 -0.00031 100.0 641.96 1578.05 1401.53 48.456
38 63 0.0035 1e-05 100.0 642.08 1580.51 1399.9 48.354
38 64 0.0042 -0.0001 100.0 642.24 1578.45 1399.75 48.497
38 65 -0.001 0.00029 100.0 642.05 1579.44 1398.81 48.348
38 66 -0.0004 9e-05 100.0 641.6 1578.19 1403.31 48.423
38 67 0.0009 -0.00028 100.0 642.1 1581.75 1399.02 48.382
38 68 -0.001 -9e-05 100.0 642.08 1579.5 1399.55 48.683
38 69 -0.001 -0.00015 100.0 641.97 1579.83 1400.73 48.258
38 70 0.0022 0.00014 100.0 641.52 1580.17 1397.21 48.523
38 71 -0.004 6e-05 100.0 642.2 1580.13 1398.49 48.453
38 72 0.0036 0.00012 100.0 642.33 1580.02 1398.95 48.488
38 73 -0.0003 7e-05 100.0 641.85 1578.34 1398.8 48.224
38 74 0.0004 0.00026 100.0 642.32 1580.76 1400.86 48.637
38 75 -0.0002 0.00059 100.0 641.91 1577.71 1401.58 48.601
38 76 0.0007 1e-05 100.0 642.03 1580.66 1398.35 48.614
38 77 0.0029 -0.00014 100.0 642.35 1578.92 1400.41 48.646
38 78 0.0016 -0.00011 100.0 642.7 1580.57 1399.24 48.669
38 79 -0.001 0.00043 100.0 642.41 1578.68 1403.68 48.564
38 80 0.0019 -0.0001 100.0 642.31 1580.6 1401.26 48.605
38 81 0.0006 7e-05 100.0 641.98 1580.27 1399.29 48.633
38 82 0.0016 -0.00016 100.0 642.12 1579.68 1398.95 48.694
38 83 0.0011 -6e-05 100.0 642.02 1581.65 1400.29 48.762
38 84 0.0027 -7e-05 100.0 641.99 1580.35 1399.56 48.821
38 85 0.0028 0.00019 100.0 642.82 1579.61 1401.97 48.68
38 86 -0.0017 -5e-05 100.0 642.09 1578.47 1402.99 48.853
38 87 0.0019 6e-05 100.0 641.97 1579.21 1402.09 48.904
38 88 0.0002 0.00025 100.0 642.32 1579.44 1402.36 48.876
38 89 0.0031 0.00018 100.0 642.02 1581.47 1403.29 48.927
38 90 0.0008 9e-05 100.0 641.85 1580.35 1398.63 49.019
38 91 0.0007 -0.00027 100.0 642.01 1580.5 1399.87 48.785
38 92 -0.0011 0.0 100.0 642.31 1580.0 1400.51 48.926
38 93 -0.0019 9e-05 100.0 642.25 1582.17 1398.4 48.795
38 94 -0.0021 -0.00013 100.0 642.0 1578.52 1399.69 49.194
38 95 0.0004 -0.00028 100.0 641.72 1579.07 1400.11 49.038
38 96 -0.0011 0.00012 100.0 641.89 1580.86 1401.17 49.13
38 97 -0.0004 -0.0002 100.0 642.4 1579.04 1400.53 49.028
38 98 -0.0018 0.00028 100.0 641.82 1577.96 1395.68 49.224
38 99 -0.0027 -0.00019 100.0 641.78 1579.55 1399.3 49.281
39 1 0.0017 5e-05 100.0 641.6 1580.12 1396.54 47.047
39 2 0.0011 -0.00025 100.0 642.48 1577.84 1400.8 46.904
39 3 -0.0012 0.00013 100.0 641.51 1576.58 1398.4 47.054
39 4 -0.0019 -0.00024 100.0 642.03 1578.78 1399.2 47.084
39 5 0.0014 -0.0001 100.0 642.02 1579.31 1399.51 47.037
39 6 0.0013 9e-05 100.0 642.17 1580.32 1400.49 46.983
39 7 0.0019 3e-05 100.0 642.72 1578.46 1399.12 47.138
39 8 0.0027 0.00023 100.0 642.05 1581.65 1398.49 47.231
39 9 -0.0038 -0.0002 100.0 642.19 1579.95 1399.09 47.053
39 10 0.0019 3e-05 100.0 642.24 1579.75 1401.23 47.264
39 11 0.0017 -0.00027 100.0 642.13 1580.58 1401.01 47.141
39 12 0.0009 -0.0003 100.0 641.43 1580.9 1399.68 47.181
39 13 -0.0004 -5e-05 100.0 641.64 1580.93 1400.18 47.392
39 14 -0.0008 3e-05 100.0 642.39 1580.02 1398.1 47.207
39 15 0.0017 -0.00027 100.0 641.82 1579.35 1400.04 47.38
39 16 -0.0004 0.00015 100.0 641.86 1579.61 1403.0 47.36
39 17 -0.0022 -0.00033 100.0 641.65 1577.79 1401.23 47.401
39 18 -0.0033 -0.00025 100.0 641.69 1579.07 1402.96 47.451
39 19 0.003 5e-05 100.0 641.93 1578.93 1398.26 47.322
39 20 -0.002 5e-05 100.0 641.96 1580.35 1401.4 47.446
39 21 0.0023 -0.00053 100.0 642.46 1582.34 1400.1 47.476
39 22 -0.0003 4e-05 100.0 641.78 1579.71 1400.66 47.581
39 23 0.0011 0.00038 100.0 641.88 1578.7 1402.72 47.604
39 24 0.0 -2e-05 100.0 641.6 1580.77 1398.52 47.551
39 25 -0.0004 0.00036 100.0 641.76 1582.65 1400.36 47.322
39 26 -0.0015 -0.00045 100.0 641.97 1581.19 1399.4 47.464
39 27 0.0043 -0.00021 100.0 641.72 1580.19 1399.08 47.429
39 28 -0.0044 -0.0 100.0 642.07 1580.97 1401.12 47.682
39 29 -0.0053 -0.00011 100.0 641.66 1580.55 1402.57 47.535
39 30 0.0014 0.00033 100.0 642.02 1579.61 1399.09 47.456
39 31 0.0032 0.00016 100.0 641.78 1577.81 1400.84 47.866
39 32 -0.0007 0.00013 100.0 641.93 1579.27 1400.17 47.78
39 33 0.0016 -0.00039 100.0 642.31 1580.61 1400.37 47.736
39 34 0.0009 -0.00011 100.0 642.02 1580.26 1399.87 47.679
39 35 0.0016 4e-05 100.0 642.14 1580.18 1398.95 47.791
39 36 0.001 2e-05 100.0 641.98 1580.75 1400.83 47.622
39 37 -0.0021 -0.00011 100.0 642.37 1580.88 1399.12 47.819
39 38 -0.0005 -1e-05 100.0 642.08 1582.55 1399.82 47.931
39 39 0.0021 0.00049 100.0 641.77 1578.62 1400.75 47.746
39 40 0.0016 -0.00018 100.0 641.89 1579.07 1401.69 47.731
39 41 -0.0018 -0.00038 100.0 642.29 1580.46 1401.14 47.704
39 42 0.0046 0.00017 100.0 642.21 1582.53 1399.36 47.726
39 43 0.0013 0.00023 100.0 642.06 1581.04 1396.36 47.693
39 44 -0.0024 -0.00014 100.0 641.98 1579.79 1399.65 47.892
39 45 0.0015 7e-05 100.0 642.03 1579.33 1398.7 47.83
39 46 0.002 -0.00012 100.0 642.15 1579.46 1400.09 47.837
39 47 -0.0006 -0.00049 100.0 641.96 1578.36 1399.58 47.793
39 48 0.0015 0.00024 100.0 641.95 1581.42 1400.32 47.983
39 49 -0.0003 -0.0002 100.0 642.0 1578.11 1401.86 47.936
39 50 -0.0009 -0.00014 100.0 641.35 1579.48 1401.36 48.042
39 51 -0.0005 -5e-05 100.0 641.4 1580.86 1399.82 47.946
39 52 0.0012 0.0001 100.0 642.2 1579.94 1397.96 48.008
39 53 0.0028 0.00012 100.0 642.32 1580.04 1401.67 48.047
39 54 -0.0008 -7e-05 100.0 641.96 1581.49 1397.75 47.971
39 55 0.0012 -3e-05 100.0 642.26 1580.45 1398.93 47.979
39 56 -0.001 0.00011 100.0 641.79 1580.52 1401.41 47.995
39 57 -0.0002 0.00025 100.0 641.62 1580.43 1401.25 48.262
39 58 0.0017 -0.0005 100.0 642.1 1579.72 1401.47 48.343
39 59 -0.0002 -0.00017 100.0 641.88 1580.48 1399.71 48.142
39 60 0.0 -1e-05 100.0 642.5 1578.98 1397.9 48.235
39 61 0.0027 5e-05 100.0 641.63 1579.35 1396.78 48.298
39 62 -0.0022 2e-05 100.0 641.6 1578.52 1400.62 48.154
39 63 -0.0025 0.00034 100.0 641.9 1578.85 1400.57 48.424
39 64 -0.0006 8e-05 100.0 641.95 1578.92 1399.36 48.38
39 65 -0.001 -0.00022 100.0 641.69 1581.21 1400.93 48.363
39 66 0.0011 -2e-05 100.0 641.68 1581.23 1398.31 48.29
39 67 -0.0008 -0.00015 100.0 641.97 1581.3 1398.21 48.241
39 68 0.0033 5e-05 100.0 641.79 1577.88 1398.42 48.313
39 69 0.0011 2e-05 100.0 641.92 1579.94 1399.36 48.357
39 70 -0.0028 -2e-05 100.0 642.08 1577.05 1400.62 48.238
39 71 -0.0031 0.0002 100.0 642.0 1580.69 1402.25 48.255
39 72 0.0014 -0.0002 100.0 641.86 1580.91 1399.65 48.407
39 73 -0.0056 -4e-05 100.0 642.28 1581.78 1399.95 48.35
39 74 0.0017 -0.00023 100.0 641.93 1580.4 1399.28 48.436
39 75 0.0008 -0.00024 100.0 642.47 1578.9 1398.63 48.576
39 76 0.0003 -0.00012 100.0 642.33 1580.89 1402.97 48.422
39 77 -0.0019 6e-05 100.0 641.95 1579.84 1399.96 48.496
39 78 0.0015 -0.00041 100.0 641.78 1579.86 1396.61 48.37
39 79 0.0044 2e-05 100.0 641.61 1579.51 1400.78 48.597
39 80 0.0011 -0.00045 100.0 642.29 1579.72 1400.1 48.351
39 81 -0.0033 0.00025 100.0 641.88 1581.47 1401.09 48.569
39 82 -0.0024 0.00028 100.0 641.54 1580.07 1401.55 48.633
39 83 -0.001 -0.00023 100.0 641.76 1578.87 1402.07 48.456
39 84 0.0005 -0.00013 100.0 642.2 1580.8 1399.59 48.671
39 85 0.001 -0.00025 100.0 642.34 1581.3 1401.19 48.813
39 86 0.0011 -0.00034 100.0 642.03 1581.52 1401.21 48.729
39 87 -0.0006 9e-05 100.0 641.83 1580.3 1399.38 48.676
39 88 0.0013 -0.00025 100.0 642.04 1578.18 1398.75 48.661
39 89 0.0025 -0.00019 100.0 642.29 1579.68 1404.5 48.848
39 90 0.002 -0.00012 100.0 642.02 1579.07 1398.4 48.817
39 91 0.0008 -0.00052 100.0 641.72 1579.1 1399.81 48.752
39 92 -0.0007 -0.00034 100.0 641.78 1581.68 1404.41 48.783
39 93 0.0017 -0.00012 100.0 641.94 1582.37 1402.5 48.813
39 94 0.0021 2e-05 100.0 642.08 1580.29 1397.66 48.888
39 95 -0.0035 0.00016 100.0 641.82 1579.05 1400.48 48.83
39 96 -0.0014 0.00023 100.0 641.38 1582.19 1398.71 48.754
39 97 0.0019 0.00033 100.0 641.54 1578.85 1398.68 49.064
39 98 -0.0025 -2e-05 100.0 642.42 1579.15 1400.5 48.79
39 99 -0.0018 9e-05 100.0 641.91 1580.46 1398.49 48.906
40 1 0.0017 -0.00019 100.0 641.99 1580.6 1401.14 47.143
40 2 0.0009 7e-05 100.0 641.79 1582.31 1400.76 46.939
40 3 -0.0035 0.00016 100.0 642.58 1580.58 1401.08 46.893
40 4 -0.0026 1e-05 100.0 641.6 1578.86 1398.1 46.998
40 5 -0.0045 -5e-05 100.0 642.1 1582.01 1399.81 47.003
40 6 -0.0037 2e-05 100.0 641.97 1581.84 1400.68 47.17
40 7 0.0009 0.00014 100.0 642.32 1582.18 1401.36 47.089
40 8 -0.0024 0.00027 100.0 641.56 1580.05 1400.55 47.051
40 9 -0.0016 0.00022 100.0 641.59 1581.64 1399.54 47.176
40 10 -0.0006 0.00016 100.0 642.57 1578.98 1397.4 47.079
40 11 0.0006 -7e-05 100.0 641.6 1580.27 1397.8 47.0
40 12 0.0015 0.00019 100.0 641.58 1581.56 1399.73 47.15
40 13 0.0039 0.00022 100.0 642.26 1578.29 1397.94 46.994
40 14 -0.0 -0.00015 100.0 641.89 1580.12 1400.79 47.325
40 15 0.0008 -2e-05 100.0 642.06 1578.72 1398.36 47.037
40 16 -0.0016 -0.00013 100.0 641.87 1579.3 1400.64 47.228
40 17 0.0026 0.00015 100.0 641.94 1582.13 1397.93 47.081
40 18 -0.0026 -0.00024 100.0 642.94 1581.72 1401.39 47.308
40 19 0.0023 -6e-05 100.0 641.49 1580.74 1396.8 47.196
40 20 0.0027 -7e-05 100.0 641.78 1577.72 1401.85 47.181
40 21 0.0011 0.00027 100.0 641.88 1580.35 1401.14 47.243
40 22 0.0016 -0.0003 100.0 642.01 1579.09 1399.28 47.237
40 23 0.0013 -0.0 100.0 641.92 1579.02 1398.35 47.304
40 24 -0.0015 0.0 100.0 641.62 1579.31 1399.86 47.361
40 25 0.0007 -0.00013 100.0 642.15 1581.81 1398.04 47.242
40 26 0.001 0.0 100.0 642.13 1578.82 1398.65 47.262
40 27 -0.0017 -0.00025 100.0 642.2 1580.88 1399.21 47.205
40 28 -0.0007 -0.00011 100.0 641.57 1580.12 1401.83 47.239
40 29 0.0007 4e-05 100.0 642.45 1579.08 1400.21 47.444
40 30 0.0024 0.00019 100.0 642.03 1580.28 1401.03 47.434
40 31 0.0005 0.00017 100.0 641.53 1579.41 1401.23 47.315
40 32 0.0019 -1e-05 100.0 641.65 1581.37 1399.5 47.458
40 33 0.0006 0.00023 100.0 642.04 1579.23 1400.63 47.491
40 34 -0.0012 2e-05 100.0 642.74 1579.87 1399.85 47.331
40 35 -0.0018 -8e-05 100.0 642.08 1580.08 1399.09 47.318
40 36 -0.0002 0.00042 100.0 642.41 1579.91 1398.59 47.417
40 37 -0.0023 -8e-05 100.0 642.17 1581.16 1402.31 47.411
40 38 -0.001 0.00027 100.0 642.18 1580.19 1401.13 47.267
40 39 0.0007 0.00016 100.0 642.21 1581.43 1401.67 47.321
40 40 -0.0001 -0.00047 100.0 642.15 1579.12 1400.87 47.511
40 41 -0.003 3e-05 100.0 642.03 1581.39 1398.87 47.391
40 42 -0.0003 -7e-05 100.0 642.03 1580.02 1398.4 47.392
40 43 -0.0005 0.00011 100.0 642.11 1579.67 1402.59 47.469
40 44 -0.0003 4e-05 100.0 642.49 1580.1 1400.17 47.354
40 45 0.0017 -9e-05 100.0 642.25 1580.03 1402.55 47.499
40 46 0.0027 -0.00022 100.0 641.88 1580.5 1400.9 47.249
40 47 0.0007 0.00015 100.0 641.65 1578.39 1399.06 47.352
40 48 -0.0015 0.00033 100.0 641.76 1577.86 1400.32 47.309
40 49 -0.0027 -0.00012 100.0 641.95 1579.23 1397.76 47.453
40 50 -0.0009 0.00039 100.0 641.7 1580.45 1400.77 47.351
40 51 -0.0014 -0.0 100.0 642.02 1579.74 1399.17 47.255
40 52 -0.0006 -8e-05 100.0 641.88 1578.44 1397.57 47.415
40 53 -0.0017 0.0003 100.0 641.97 1579.37 1399.68 47.426
40 54 0.0 -2e-05 100.0 641.89 1579.13 1398.89 47.375
40 55 0.0041 -0.00017 100.0 641.91 1579.14 1400.6 47.417
40 56 0.0004 -1e-05 100.0 642.01 1580.8 1401.05 47.511
40 57 -0.0012 0.00022 100.0 641.77 1579.88 1398.07 47.436
40 58 0.0004 -6e-05 100.0 642.27 1581.76 1399.73 47.498
40 59 0.0037 0.00019 100.0 641.71 1581.01 1400.31 47.415
40 60 -0.001 -0.00021 100.0 642.25 1579.63 1401.83 47.432
40 61 0.0017 0.00036 100.0 641.78 1578.99 1399.14 47.434
40 62 -0.0033 0.0001 100.0 642.38 1579.43 1400.52 47.389
40 63 -0.0015 0.00011 100.0 642.09 1580.31 1400.29 47.33
40 64 0.0011 -3e-05 100.0 641.94 1580.81 1399.86 47.578
40 65 0.0006 0.00024 100.0 642.17 1579.52 1398.15 47.569
40 66 -0.0004 -9e-05 100.0 642.1 1579.95 1401.11 47.586
40 67 0.0011 -0.00025 100.0 641.84 1581.07 1401.66 47.675
40 68 0.0015 -9e-05 100.0 641.94 1579.4 1400.21 47.575
40 69 -0.0025 -0.00031 100.0 641.93 1581.4 1399.61 47.564
40 70 -0.0011 -0.00027 100.0 641.77 1580.8 1398.0 47.626
40 71 -0.0015 5e-05 100.0 642.19 1580.41 1398.37 47.641
40 72 -0.003 -0.00012 100.0 641.93 1581.82 1399.73 47.437
40 73 -0.0007 0.00024 100.0 642.64 1582.0 1401.1 47.551
40 74 0.0023 -9e-05 100.0 642.32 1581.11 1399.77 47.51
40 75 0.0036 -0.00014 100.0 642.29 1579.9 1400.9 47.505
40 76 -0.0019 -0.00011 100.0 642.47 1580.8 1398.95 47.625
40 77 -0.0017 -1e-05 100.0 642.07 1580.09 1400.42 47.574
40 78 0.001 -0.00012 100.0 642.04 1581.41 1397.86 47.451
40 79 0.0027 7e-05 100.0 642.05 1580.49 1400.1 47.745
40 80 -0.0008 -0.00014 100.0 642.03 1579.56 1400.24 47.603
40 81 -0.004 -7e-05 100.0 642.02 1581.28 1399.38 47.702
40 82 -0.0007 0.00031 100.0 642.12 1577.99 1398.52 47.528
40 83 0.0016 0.00022 100.0 642.0 1580.7 1402.23 47.591
40 84 -0.0019 -0.00012 100.0 641.64 1580.43 1401.27 47.794
40 85 -0.0026 -1e-05 100.0 642.23 1579.92 1399.52 47.635
40 86 -0.0009 -0.00025 100.0 642.07 1578.63 1400.27 47.667
40 87 0.0005 6e-05 100.0 641.65 1579.75 1400.18 47.6
40 88 -0.0003 8e-05 100.0 642.32 1579.47 1400.68 47.665
40 89 -0.0016 -0.00035 100.0 642.12 1579.99 1401.22 47.728
40 90 -0.0021 1e-05 100.0 642.32 1579.81 1400.14 47.66
40 91 0.0011 0.00012 100.0 641.74 1579.52 1400.67 47.664
40 92 0.0 -5e-05 100.0 642.0 1579.76 1397.7 47.616
40 93 -0.0044 -1e-05 100.0 642.02 1579.34 1401.39 47.834
40 94 -0.0028 0.00048 100.0 641.73 1580.63 1398.09 47.615
40 95 0.0011 0.00027 100.0 642.5 1579.79 1399.21 47.664
40 96 0.0022 0.0001 100.0 641.85 1581.02 1400.43 47.694
40 97 -0.0003 0.00017 100.0 642.05 1580.27 1400.48 47.997
40 98 0.001 -0.0002 100.0 642.24 1581.13 1400.64 47.849
40 99 -0.0011 0.0 100.0 642.25 1581.71 1397.09 47.778
41 1 -0.0041 -3e-05 100.0 641.75 1580.57 1402.37 46.922
41 2 0.0001 0.00026 100.0 642.23 1580.38 1402.64 47.066
41 3 -0.0002 7e-05 100.0 642.02 1578.54 1401.35 46.964
41 4 -0.0019 -1e-05 100.0 642.18 1580.48 1398.51 47.007
41 5 -0.0032 0.0004 100.0 642.56 1580.36 1401.51 47.114
41 6 -0.0016 0.00038 100.0 641.99 1579.8 1398.34 47.119
41 7 0.0 0.00022 100.0 641.7 1579.16 1398.2 46.969
41 8 0.002 -9e-05 100.0 641.59 1580.35 1399.92 47.016
41 9 -0.0011 -0.00037 100.0 641.96 1580.11 1399.41 47.061
41 10 0.0026 -1e-05 100.0 642.21 1581.02 1399.29 47.04
41 11 -0.0024 -0.00045 100.0 641.5 1581.46 1399.44 46.973
41 12 -0.0011 0.00025 100.0 642.12 1579.16 1398.42 47.077
41 13 0.0004 -0.00013 100.0 641.81 1581.45 1400.74 46.987
41 14 0.0016 -1e-05 100.0 641.84 1578.97 1398.38 47.139
41 15 -0.001 -0.00016 100.0 642.05 1580.53 1399.62 47.177
41 16 -0.0028 0.00021 100.0 641.66 1579.56 1397.6 47.013
41 17 0.002 -2e-05 100.0 641.86 1582.73 1397.53 47.187
41 18 0.0007 -0.00044 100.0 642.03 1577.75 1400.14 47.253
41 19 0.0014 0.00022 100.0 642.09 1580.81 1398.25 47.378
41 20 -0.001 0.00011 100.0 642.0 1578.93 1399.68 47.219
41 21 0.0012 -0.00014 100.0 642.17 1578.99 1399.61 47.118
41 22 0.0002 0.00022 100.0 642.17 1579.67 1401.74 47.278
41 23 -0.0021 -4e-05 100.0 641.93 1580.77 1399.04 47.402
41 24 0.0014 6e-05 100.0 641.72 1580.71 1399.23 47.096
41 25 0.0006 0.00023 100.0 642.16 1581.34 1400.6 47.427
41 26 -0.0013 -0.00014 100.0 642.06 1580.25 1400.81 47.318
41 27 0.0023 0.00011 100.0 642.56 1578.89 1399.0 47.404
41 28 0.0005 -0.00017 100.0 642.27 1579.71 1400.49 47.339
41 29 0.0004 -6e-05 100.0 642.37 1579.6 1400.23 47.312
41 30 -0.0019 0.00034 100.0 641.8 1581.6 1400.94 47.358
41 31 -0.0035 -0.00011 100.0 641.78 1581.33 1400.74 47.317
41 32 -0.0024 5e-05 100.0 641.35 1580.1 1400.24 47.338
41 33 -0.0006 -4e-05 100.0 641.64 1581.1 1401.26 47.32
41 34 -0.0016 -8e-05 100.0 641.94 1577.68 1400.73 47.402
41 35 0.001 -0.00018 100.0 641.96 1580.0 1400.76 47.484
41 36 0.0052 -0.00024 100.0 642.01 1580.33 1400.43 47.342
41 37 0.0033 -0.00044 100.0 642.36 1580.59 1399.02 47.456
41 38 -0.003 -0.00022 100.0 642.35 1579.56 1402.39 47.299
41 39 0.0028 0.0003 100.0 642.13 1579.73 1399.26 47.324
41 40 0.0013 1e-05 100.0 641.49 1577.41 1400.36 47.346
41 41 -0.0044 -2e-05 100.0 641.76 1580.79 1402.52 47.39
41 42 0.0008 0.00029 100.0 641.55 1578.64 1400.57 47.309
41 43 -0.0024 0.00012 100.0 641.47 1579.71 1397.92 47.417
41 44 -0.0008 0.00022 100.0 642.18 1579.57 1401.19 47.445
41 45 0.0032 5e-05 100.0 641.94 1580.25 1399.97 47.47
41 46 -0.0005 -0.00023 100.0 641.93 1581.01 1401.06 47.445
41 47 -0.0012 -0.00035 100.0 641.94 1581.62 1399.62 47.365
41 48 -0.0003 2e-05 100.0 642.17 1580.96 1401.44 47.616
41 49 0.0013 -3e-05 100.0 642.05 1580.71 1401.31 47.623
41 50 0.0011 0.00012 100.0 642.23 1580.93 1401.75 47.48
41 51 -0.0 0.00028 100.0 641.83 1580.94 1399.14 47.449
41 52 0.0017 -1e-05 100.0 642.09 1579.64 1399.81 47.625
41 53 0.001 0.00019 100.0 642.36 1580.22 1399.13 47.457
41 54 0.0013 -0.00011 100.0 641.94 1579.7 1400.68 47.422
41 55 -0.0003 3e-05 100.0 642.31 1578.66 1400.41 47.383
41 56 -0.0003 0.00021 100.0 642.91 1578.04 1401.48 47.707
41 57 0.0019 2e-05 100.0 642.42 1580.34 1398.67 47.647
41 58 -0.0024 0.00012 100.0 641.86 1581.21 1402.41 47.538
41 59 -0.0032 -0.00016 100.0 641.56 1580.18 1398.75 47.534
41 60 -0.0014 8e-05 100.0 641.81 1578.41 1399.41 47.478
41 61 -0.0017 -0.00016 100.0 642.08 1579.72 1399.61 47.65
41 62 0.0012 -0.00029 100.0 641.47 1579.9 1399.51 47.67
41 63 -0.0002 0.0001 100.0 642.1 1577.71 1398.39 47.611
41 64 0.0002 -0.00025 100.0 642.17 1578.7 1397.62 47.638
41 65 -0.0014 0.00012 100.0 642.28 1580.23 1399.15 47.543
41 66 -0.0024 0.00011 100.0 641.64 1577.66 1402.82 47.66
41 67 -0.0029 8e-05 100.0 642.04 1579.28 1397.86 47.799
41 68 -0.0014 5e-05 100.0 641.88 1579.33 1401.05 47.803
41 69 0.0012 0.00022 100.0 641.88 1579.98 1402.64 47.672
41 70 0.0011 -0.0001 100.0 642.33 1580.77 1397.75 47.586
41 71 -0.0002 -7e-05 100.0 642.04 1580.65 1400.23 47.533
41 72 -0.0017 -1e-05 100.0 641.65 1581.05 1400.02 47.943
41 73 0.001 -0.00019 100.0 641.82 1579.94 1397.67 47.567
41 74 0.0009 -0.00015 100.0 641.68 1582.61 1397.03 47.571
41 75 -0.0027 0.00012 100.0 642.18 1580.67 1398.98 47.691
41 76 -0.0017 0.0 100.0 641.91 1580.53 1399.33 47.791
41 77 0.0032 -7e-05 100.0 642.09 1580.61 1398.86 47.797
41 78 0.0015 0.00031 100.0 641.6 1579.77 1400.8 47.743
41 79 0.0019 0.00019 100.0 642.08 1579.46 1399.01 47.817
41 80 0.0011 -0.00021 100.0 642.22 1580.78 1398.33 47.666
41 81 0.0057 8e-05 100.0 641.95 1580.31 1399.83 47.541
41 82 0.0007 6e-05 100.0 642.13 1579.47 1401.39 47.808
41 83 -0.0009 6e-05 100.0 641.53 1579.4 1400.42 47.741
41 84 -0.0013 -0.00031 100.0 642.13 1578.83 1400.29 47.79
41 85 0.0016 0.00046 100.0 642.46 1578.25 1400.18 47.806
41 86 -0.0017 -7e-05 100.0 641.81 1578.6 1401.71 47.783
41 87 -0.0032 0.00012 100.0 642.27 1581.39 1401.27 47.657
41 88 0.0011 -0.0 100.0 642.02 1580.25 1400.47 47.684
41 89 -0.0031 0.00031 100.0 642.16 1580.12 1398.65 47.665
41 90 0.0015 7e-05 100.0 642.21 1579.19 1396.22 47.994
41 91 0.0001 1e-05 100.0 642.34 1581.02 1400.26 47.843
41 92 0.0027 0.00011 100.0 641.74 1580.51 1398.62 47.958
41 93 0.0032 0.00014 100.0 642.02 1578.98 1402.26 47.831
41 94 -0.0 1e-05 100.0 642.05 1580.92 1401.84 48.065
41 95 -0.0004 -0.00042 100.0 642.19 1579.09 1396.72 48.013
41 96 0.0021 0.0001 100.0 641.74 1579.32 1401.23 47.83
41 97 -0.0036 0.0001 100.0 642.2 1577.0 1400.02 48.002
41 98 0.0019 0.0001 100.0 641.95 1580.66 1398.32 47.739
41 99 0.0 -0.0 100.0 642.21 1579.57 1400.23 47.996
42 1 -0.0023 -3e-05 100.0 641.88 1579.12 1401.28 46.978
42 2 0.0016 -0.00021 100.0 642.27 1581.46 1399.11 47.141
42 3 -0.001 -0.0002 100.0 641.95 1579.31 1399.46 47.008
42 4 0.0001 2e-05 100.0 641.95 1580.24 1400.25 47.133
42 5 -0.0009 -2e-05 100.0 642.43 1580.91 1400.03 47.029
42 6 0.0023 -0.0003 100.0 642.45 1578.35 1400.99 47.114
42 7 -0.0003 -8e-05 100.0 641.68 1580.52 1399.46 47.066
42 8 0.0011 -5e-05 100.0 642.07 1580.28 1400.24 47.168
42 9 -0.0042 0.00013 100.0 641.63 1577.93 1397.29 47.278
42 10 0.0001 3e-05 100.0 642.36 1578.73 1401.12 47.175
42 11 -0.0011 -0.00022 100.0 641.77 1583.1 1402.0 47.194
42 12 0.0006 -0.00031 100.0 642.05 1581.28 1398.25 47.135
42 13 0.0027 -0.00034 100.0 641.97 1582.32 1397.68 47.199
42 14 -0.0027 4e-05 100.0 641.5 1580.3 1398.24 47.035
42 15 0.0003 0.00016 100.0 642.01 1579.81 1402.74 47.225
42 16 -0.0002 6e-05 100.0 641.67 1580.66 1399.02 47.206
42 17 -0.0012 3e-05 100.0 641.52 1581.09 1399.0 47.009
42 18 -0.0014 4e-05 100.0 642.13 1579.94 1400.3 47.177
42 19 0.0015 3e-05 100.0 641.83 1581.1 1399.92 47.338
42 20 0.001 -7e-05 100.0 642.1 1581.46 1400.35 47.236
42 21 0.002 -0.00012 100.0 642.19 1580.09 1399.82 47.408
42 22 -0.0002 1e-05 100.0 642.02 1581.43 1402.39 47.085
42 23 0.002 0.00014 100.0 641.92 1580.62 1399.87 47.327
42 24 0.0005 -0.00015 100.0 641.94 1582.31 1400.73 47.368
42 25 -0.0003 1e-05 100.0 642.03 1579.05 1399.56 47.289
42 26 0.0021 0.00041 100.0 641.96 1579.55 1399.97 47.135
42 27 0.001 0.0002 100.0 641.63 1579.59 1400.89 47.391
42 28 -0.002 0.0003 100.0 641.89 1582.1 1400.09 47.325
42 29 0.0008 -0.00026 100.0 640.95 1580.92 1401.37 47.197
42 30 -0.0021 6e-05 100.0 641.92 1579.36 1402.12 47.353
42 31 0.0009 7e-05 100.0 642.11 1581.49 1400.85 47.49
42 32 0.0023 5e-05 100.0 641.88 1578.44 1401.43 47.444
42 33 -0.003 -0.0 100.0 641.53 1580.1 1397.98 47.34
42 34 -0.0034 -0.00017 100.0 642.1 1579.81 1399.09 47.33
42 35 -0.0003 5e-05 100.0 641.63 1579.61 1398.28 47.337
42 36 -0.0002 0.00014 100.0 642.13 1578.37 1398.33 47.348
42 37 -0.0021 -0.00025 100.0 642.48 1579.55 1399.81 47.529
42 38 0.001 -0.0002 100.0 641.77 1581.48 1397.81 47.477
42 39 -0.0016 0.00036 100.0 642.16 1579.19 1399.23 47.384
42 40 -0.0012 -4e-05 100.0 642.02 1579.76 1400.33 47.417
42 41 0.0012 1e-05 100.0 641.74 1581.31 1401.78 47.53
42 42 -0.0038 0.0001 100.0 642.13 1579.53 1399.63 47.203
42 43 0.0024 -0.00015 100.0 642.04 1581.09 1399.3 47.369
42 44 0.0009 -8e-05 100.0 641.61 1581.24 1401.31 47.586
42 45 -0.0031 -0.00022 100.0 641.88 1581.33 1400.19 47.398
42 46 -0.0013 -0.00037 100.0 642.15 1578.52 1397.35 47.675
42 47 0.0026 0.00015 100.0 642.74 1578.08 1399.72 47.547
42 48 0.0005 0.00022 100.0 641.96 1578.61 1399.6 47.559
42 49 0.0016 0.00013 100.0 641.94 1578.86 1400.34 47.524
42 50 -0.0003 -0.0003 100.0 642.04 1579.19 1401.52 47.481
42 51 -0.0012 -0.0002 100.0 642.14 1580.29 1399.23 47.588
42 52 0.0002 1e-05 100.0 641.74 1581.16 1398.65 47.582
42 53 -0.0021 -0.00021 100.0 642.33 1580.84 1400.53 47.728
42 54 0.002 -0.00015 100.0 642.23 1580.09 1401.3 47.561
42 55 0.0024 1e-05 100.0 642.0 1579.61 1399.2 47.661
42 56 0.0009 0.0001 100.0 641.76 1580.81 1398.49 47.671
42 57 0.0 1e-05 100.0 642.1 1580.22 1399.94 47.64
42 58 0.0005 2e-05 100.0 642.02 1578.68 1399.77 47.707
42 59 -0.0006 -0.0 100.0 642.19 1578.96 1399.75 47.801
42 60 0.0005 -0.00017 100.0 642.18 1580.21 1401.85 47.717
42 61 0.0 0.00019 100.0 642.18 1578.06 1397.98 47.683
42 62 -0.0031 -0.0 100.0 641.93 1581.27 1400.11 47.872
42 63 -0.003 -0.0 100.0 642.28 1579.97 1398.08 47.692
42 64 0.002 0.00024 100.0 641.84 1580.28 1398.41 47.523
42 65 -0.0028 -3e-05 100.0 641.91 1581.19 1400.0 47.676
42 66 0.0003 -0.00026 100.0 642.33 1580.73 1399.53 47.704
42 67 0.0005 0.00026 100.0 642.47 1580.06 1401.4 47.726
42 68 0.0027 -0.0 100.0 641.94 1581.97 1401.43 47.613
42 69 0.001 -1e-05 100.0 641.69 1578.68 1401.21 47.772
42 70 -0.0021 5e-05 100.0 642.04 1581.15 1401.43 47.888
42 71 -0.0008 0.0 100.0 642.04 1580.73 1398.03 47.682
42 72 -0.0033 -5e-05 100.0 641.92 1578.59 1399.92 47.885
42 73 -0.0007 0.00019 100.0 641.96 1579.33 1397.74 47.829
42 74 -0.0008 -0.0 100.0 642.73 1582.03 1398.2 48.011
42 75 -0.0014 0.00033 100.0 642.02 1582.89 1398.38 47.888
42 76 0.0004 0.00019 100.0 642.12 1581.24 1400.73 47.847
42 77 0.0028 6e-05 100.0 641.85 1580.64 1396.9 47.832
42 78 0.0016 -0.00042 100.0 641.51 1578.46 1399.4 47.948
42 79 0.0005 -0.00014 100.0 641.89 1579.73 1400.38 48.024
42 80 -0.0007 -0.00037 100.0 641.3 1579.46 1400.23 48.019
42 81 0.0 0.00023 100.0 641.63 1579.92 1400.23 48.045
42 82 0.0028 3e-05 100.0 642.13 1579.93 1400.92 47.975
42 83 0.0021 5e-05 100.0 642.44 1581.63 1399.42 48.071
42 84 0.0005 6e-05 100.0 642.17 1580.33 1400.65 48.116
42 85 -0.0011 -6e-05 100.0 641.92 1582.12 1400.72 48.001
42 86 -0.0035 -0.00026 100.0 641.78 1578.22 1397.89 48.134
42 87 -0.0029 -3e-05 100.0 642.42 1579.94 1399.46 47.922
42 88 -0.0004 0.00014 100.0 641.89 1582.48 1401.0 47.879
42 89 -0.0007 6e-05 100.0 641.76 1582.04 1398.29 48.012
42 90 0.0012 -5e-05 100.0 642.2 1579.63 1401.0 47.983
42 91 0.0035 3e-05 100.0 641.8 1581.62 1401.76 48.259
42 92 -0.0004 -0.0002 100.0 642.62 1579.6 1398.78 48.021
42 93 0.0012 0.0 100.0 641.82 1579.66 1401.45 48.165
42 94 0.001 -3e-05 100.0 642.0 1579.48 1400.0 48.141
42 95 -0.0011 0.00026 100.0 641.75 1579.28 1398.9 48.178
42 96 -0.0014 -0.0003 100.0 641.68 1580.52 1399.41 48.221
42 97 0.0016 -7e-05 100.0 641.59 1579.94 1398.58 48.257
42 98 -0.0001 -0.0001 100.0 641.97 1580.36 1400.02 48.159
42 99 -0.0013 -0.00028 100.0 641.66 1580.86 1399.54 48.027
43 1 0.0013 -7e-05 100.0 641.83 1580.48 1399.1 47.104
43 2 0.001 -3e-05 100.0 641.92 1582.2 1402.68 46.907
43 3 0.0004 -6e-05 100.0 642.1 1579.95 1400.66 47.076
43 4 0.0006 -6e-05 100.0 641.86 1580.96 1399.95 46.941
43 5 0.0024 -8e-05 100.0 641.93 1578.77 1398.37 46.97
43 6 0.0009 -5e-05 100.0 642.49 1580.98 1399.44 47.017
43 7 0.002 0.00018 100.0 642.14 1579.61 1400.11 47.037
43 8 0.0003 8e-05 100.0 642.15 1578.65 1400.68 47.066
43 9 -0.0021 0.0001 100.0 642.63 1578.92 1401.46 47.107
43 10 0.0005 0.00036 100.0 642.02 1579.41 1400.21 47.209
43 11 -0.0002 0.00021 100.0 641.83 1580.34 1399.62 47.079
43 12 0.0048 0.00012 100.0 641.82 1577.91 1398.21 46.9
43 13 0.0021 -0.00016 100.0 641.98 1580.91 1397.35 47.292
43 14 -0.0027 2e-05 100.0 642.15 1580.38 1400.13 47.159
43 15 0.0 0.00031 100.0 641.84 1581.58 1398.69 47.323
43 16 -0.0011 -0.00015 100.0 642.32 1582.37 1400.26 47.174
43 17 0.0021 -1e-05 100.0 642.38 1581.74 1399.95 47.388
43 18 -0.0021 1e-05 100.0 642.34 1581.96 1398.47 47.184
43 19 0.0014 -0.00016 100.0 641.66 1580.27 1399.11 47.383
43 20 -0.0039 -0.00011 100.0 641.95 1578.88 1400.1 47.38
43 21 0.0027 -2e-05 100.0 641.47 1576.91 1396.49 47.352
43 22 0.0001 -9e-05 100.0 642.28 1579.51 1400.4 47.28
43 23 -0.0007 -0.00046 100.0 642.23 1579.78 1399.31 47.378
43 24 0.0002 0.00014 100.0 641.64 1580.76 1399.86 47.392
43 25 -0.0019 0.00012 100.0 642.11 1580.32 1399.72 47.286
43 26 -0.0001 0.00014 100.0 642.03 1578.72 1399.21 47.464
43 27 -0.0026 -4e-05 100.0 641.83 1579.52 1399.88 47.25
43 28 0.001 -0.00018 100.0 641.69 1579.86 1399.19 47.393
43 29 0.0005 -8e-05 100.0 641.76 1579.28 1400.45 47.448
43 30 0.0013 -0.00032 100.0 641.56 1581.68 1401.03 47.427
43 31 0.0029 0.00041 100.0 641.9 1577.68 1401.33 47.41
43 32 -0.0011 -0.00037 100.0 642.04 1581.59 1399.62 47.38
43 33 0.0003 3e-05 100.0 641.99 1579.12 1400.43 47.613
43 34 0.0011 7e-05 100.0 642.49 1579.84 1402.43 47.493
43 35 -0.0019 8e-05 100.0 642.29 1580.14 1398.6 47.519
43 36 -0.0014 0.00028 100.0 641.98 1581.27 1400.46 47.454
43 37 0.0017 0.00034 100.0 642.31 1577.28 1400.5 47.615
43 38 0.001 0.00012 100.0 642.36 1581.97 1396.97 47.429
43 39 -0.0004 0.00016 100.0 641.85 1580.8 1399.08 47.558
43 40 -0.002 0.00022 100.0 642.16 1580.16 1399.23 47.781
43 41 0.0008 -2e-05 100.0 642.35 1579.6 1399.03 47.605
43 42 0.0017 -0.00025 100.0 642.55 1579.25 1401.39 47.515
43 43 -0.0004 0.00018 100.0 641.91 1578.96 1402.59 47.551
43 44 -0.0017 0.00035 100.0 642.08 1580.05 1401.86 47.718
43 45 0.0002 -0.0001 100.0 642.23 1578.31 1399.53 47.553
43 46 0.0001 -0.00014 100.0 641.58 1578.82 1400.75 47.678
43 47 0.0012 1e-05 100.0 641.63 1579.57 1399.24 47.844
43 48 0.0002 -0.00015 100.0 641.45 1581.04 1399.67 47.716
43 49 0.003 0.00013 100.0 642.45 1577.87 1398.42 47.651
43 50 0.0005 9e-05 100.0 642.37 1580.54 1400.35 47.725
43 51 -0.0025 -1e-05 100.0 642.66 1579.77 1399.75 47.823
43 52 -0.0026 -0.00019 100.0 642.3 1579.35 1400.05 47.974
43 53 -0.0002 -0.00031 100.0 641.85 1578.75 1400.73 47.817
43 54 0.0023 -2e-05 100.0 641.83 1578.09 1397.2 47.61
43 55 -0.0003 -0.00015 100.0 641.94 1578.63 1400.62 47.806
43 56 -0.0009 1e-05 100.0 641.63 1579.51 1399.64 47.787
43 57 0.0019 -0.00017 100.0 642.07 1581.13 1400.89 47.855
43 58 0.0012 -0.00019 100.0 642.2 1580.81 1398.98 47.827
43 59 0.0044 4e-05 100.0 641.99 1578.34 1399.35 47.942
43 60 -0.0 0.00013 100.0 641.57 1580.9 1396.2 48.139
43 61 -0.0003 -9e-05 100.0 641.76 1581.25 1399.2 48.007
43 62 0.0021 -0.00019 100.0 642.47 1580.06 1401.63 47.825
43 63 -0.002 0.00032 100.0 642.15 1578.75 1400.67 48.076
43 64 -0.0015 -5e-05 100.0 641.98 1581.52 1397.63 48.051
43 65 0.0018 -0.00012 100.0 641.68 1577.95 1397.83 48.208
43 66 0.0011 -9e-05 100.0 642.23 1579.81 1400.31 47.983
43 67 -0.006 0.00014 100.0 642.07 1581.04 1398.81 47.998
43 68 0.001 0.00017 100.0 642.06 1580.32 1399.15 48.122
43 69 -0.0023 0.00018 100.0 642.75 1578.12 1400.24 48.05
43 70 -0.0012 -0.00012 100.0 641.6 1579.24 1400.4 47.902
43 71 -0.0006 0.00042 100.0 641.93 1581.78 1401.03 48.057
43 72 -0.0014 -0.00021 100.0 641.71 1580.31 1400.8 48.139
43 73 -0.0013 9e-05 100.0 641.89 1581.77 1401.11 48.114
43 74 0.0001 -1e-05 100.0 641.58 1578.77 1399.98 48.247
43 75 -0.001 0.00049 100.0 641.9 1580.46 1401.7 48.105
43 76 -0.0006 -0.00017 100.0 642.4 1580.75 1403.01 48.347
43 77 0.0004 -0.0 100.0 641.7 1580.15 1400.45 48.113
43 78 0.0004 -0.00032 100.0 642.52 1580.74 1401.38 48.194
43 79 0.0005 0.00011 100.0 642.62 1579.36 1399.07 48.015
43 80 0.0019 -8e-05 100.0 642.53 1581.8 1398.78 48.279
43 81 -0.0019 0.00019 100.0 641.67 1577.97 1399.95 48.213
43 82 -0.0014 4e-05 100.0 642.09 1581.64 1397.77 48.214
43 83 0.0006 7e-05 100.0 642.33 1581.04 1400.15 48.288
43 84 -0.0018 -0.00025 100.0 641.95 1580.3 1400.69 48.125
43 85 0.0032 1e-05 100.0 642.59 1579.02 1401.76 48.264
43 86 -0.0013 9e-05 100.0 642.15 1580.23 1398.71 48.234
43 87 -0.0003 -6e-05 100.0 641.9 1579.92 1401.0 48.411
43 88 0.0027 0.00034 100.0 641.77 1583.2 1399.71 48.257
43 89 -0.0031 1e-05 100.0 642.11 1580.12 1397.58 48.329
43 90 -0.001 0.00038 100.0 642.57 1579.72 1402.93 48.32
43 91 0.0034 -3e-05 100.0 642.17 1579.39 1400.87 48.429
43 92 0.0029 6e-05 100.0 641.93 1581.94 1401.28 48.359
43 93 0.0027 7e-05 100.0 642.13 1581.28 1399.63 48.412
43 94 0.0018 7e-05 100.0 642.27 1578.47 1401.29 48.183
43 95 0.0023 0.00035 100.0 642.33 1579.41 1401.19 48.493
43 96 0.0007 2e-05 100.0 642.12 1578.85 1398.49 48.343
43 97 -0.0017 -0.00014 100.0 641.9 1579.84 1400.32 48.583
43 98 -0.0031 0.00011 100.0 641.84 1581.42 1400.91 48.596
43 99 0.0027 -2e-05 100.0 642.13 1579.83 1398.59 48.551
44 1 -0.0018 0.00016 100.0 641.72 1579.55 1399.0 46.945
44 2 0.0003 0.00037 100.0 642.38 1578.97 1397.41 47.028
44 3 -0.0043 9e-05 100.0 642.96 1580.4 1400.35 47.112
44 4 -0.0004 0.00042 100.0 641.88 1579.84 1399.9 47.095
44 5 0.0004 -6e-05 100.0 642.05 1579.52 1401.18 47.061
44 6 -0.0024 0.00029 100.0 642.07 1579.63 1399.91 46.925
44 7 -0.0023 0.00037 100.0 642.43 1581.38 1400.89 47.223
44 8 0.0011 -8e-05 100.0 641.92 1580.85 1401.13 47.064
44 9 -0.0014 5e-05 100.0 642.76 1579.95 1399.76 47.115
44 10 -0.0012 1e-05 100.0 642.0 1580.46 1402.65 47.215
44 11 -0.0029 2e-05 100.0 642.09 1579.32 1399.21 47.15
44 12 -0.0027 -0.00024 100.0 642.56 1580.56 1399.33 47.278
44 13 -0.0019 -0.00017 100.0 642.56 1580.35 1399.13 47.125
44 14 0.0046 -0.00023 100.0 642.39 1579.96 1397.83 47.213
44 15 -0.0025 -0.00019 100.0 642.39 1580.5 1399.3 47.234
44 16 -0.0001 -0.00021 100.0 642.0 1580.23 1399.78 47.222
44 17 0.0002 0.00022 100.0 642.38 1579.8 1399.73 47.362
44 18 0.0024 -0.00024 100.0 642.44 1580.51 1400.04 47.262
44 19 0.0006 -4e-05 100.0 642.13 1578.88 1400.69 47.424
44 20 -0.0012 0.0001 100.0 641.83 1580.32 1399.8 47.477
44 21 -0.0024 6e-05 100.0 641.56 1577.84 1401.18 47.39
44 22 0.0015 6e-05 100.0 641.89 1582.35 1400.27 47.436
44 23 0.0039 4e-05 100.0 641.99 1581.75 1401.63 47.427
44 24 -0.0012 -0.00061 100.0 641.87 1578.57 1401.15 47.382
44 25 -0.0024 0.00023 100.0 641.83 1579.31 1402.51 47.735
44 26 0.0018 7e-05 100.0 641.6 1582.05 1401.38 47.45
44 27 -0.0028 8e-05 100.0 641.63 1580.13 1398.61 47.588
44 28 0.0 0.00015 100.0 641.88 1579.75 1398.29 47.663
44 29 0.0016 0.00016 100.0 642.16 1579.26 1399.02 47.646
44 30 0.0015 -3e-05 100.0 641.87 1581.4 1399.46 47.569
44 31 -0.0028 -0.00026 100.0 642.48 1580.14 1398.93 47.501
44 32 -0.0003 -0.00024 100.0 642.58 1579.3 1402.17 47.588
44 33 -0.0038 0.0003 100.0 641.62 1578.97 1398.67 47.598
44 34 -0.0053 0.00059 100.0 641.79 1580.27 1398.75 47.686
44 35 0.0033 0.0003 100.0 641.82 1577.68 1397.76 47.703
44 36 0.0013 9e-05 100.0 641.67 1581.81 1400.67 47.779
44 37 -0.0028 -4e-05 100.0 641.64 1579.39 1400.97 47.573
44 38 0.0029 -0.00023 100.0 642.24 1580.81 1398.48 47.725
44 39 0.0004 0.00013 100.0 641.83 1580.2 1400.34 47.872
44 40 0.0005 -0.00011 100.0 642.24 1580.56 1398.1 47.821
44 41 0.0021 0.00026 100.0 641.91 1580.22 1400.37 47.691
44 42 0.001 -1e-05 100.0 642.16 1580.11 1401.15 47.855
44 43 0.0016 0.00029 100.0 641.84 1581.75 1397.97 48.056
44 44 0.0008 3e-05 100.0 642.04 1580.86 1400.38 47.67
44 45 -0.0013 -0.00046 100.0 642.71 1579.4 1400.65 47.77
44 46 -0.001 -0.00021 100.0 641.57 1581.31 1399.09 47.807
44 47 -0.0011 0.00017 100.0 641.79 1581.19 1400.45 47.928
44 48 0.0006 0.00027 100.0 642.01 1578.24 1399.89 47.939
44 49 -0.0017 0.00028 100.0 642.68 1580.67 1397.72 47.883
44 50 0.0026 -0.0002 100.0 642.01 1580.18 1398.25 48.102
44 51 0.0037 5e-05 100.0 642.41 1580.06 1401.45 48.082
44 52 0.0009 -3e-05 100.0 641.98 1579.11 1398.85 47.999
44 53 -0.0022 0.0 100.0 641.55 1579.89 1401.55 48.069
44 54 0.0036 9e-05 100.0 641.61 1580.97 1399.54 47.87
44 55 -0.0021 0.00013 100.0 641.68 1579.54 1398.9 48.128
44 56 -0.0038 0.00026 100.0 642.12 1579.01 1400.5 48.181
44 57 -0.0001 -0.00022 100.0 641.66 1580.14 1400.31 47.985
44 58 -0.0025 0.00024 100.0 641.49 1578.22 1399.84 48.247
44 59 0.0038 2e-05 100.0 642.47 1581.24 1401.85 48.036
44 60 0.0003 -6e-05 100.0 641.97 1579.32 1398.94 48.072
44 61 -0.0032 -6e-05 100.0 641.93 1580.66 1401.43 48.117
44 62 0.001 2e-05 100.0 641.65 1579.86 1400.22 48.198
44 63 0.002 5e-05 100.0 642.6 1580.99 1400.83 48.144
44 64 0.0032 0.0003 100.0 642.02 1580.0 1400.95 48.38
44 65 0.0026 -5e-05 100.0 642.15 1580.84 1401.48 48.33
44 66 0.0015 0.00018 100.0 642.1 1580.78 1402.07 48.422
44 67 0.0022 0.00052 100.0 642.45 1580.83 1400.19 48.271
44 68 0.0004 -2e-05 100.0 641.76 1583.22 1400.64 48.213
44 69 -0.0007 0.00015 100.0 642.78 1579.2 1399.85 48.47
44 70 -0.0011 -0.00017 100.0 642.49 1580.92 1403.78 48.491
44 71 0.0005 -0.00013 100.0 642.04 1578.35 1399.53 48.535
44 72 -0.0039 2e-05 100.0 641.94 1578.72 1400.95 48.306
44 73 -0.0014 -7e-05 100.0 641.97 1581.31 1397.94 48.479
44 74 -0.0028 0.00036 100.0 642.07 1582.57 1398.79 48.518
44 75 -0.0007 0.00018 100.0 642.2 1578.83 1396.9 48.323
44 76 -0.0005 0.00032 100.0 642.17 1580.92 1398.09 48.364
44 77 0.0022 0.00022 100.0 641.92 1580.5 1398.97 48.571
44 78 -0.0008 -2e-05 100.0 642.07 1578.8 1397.97 48.537
44 79 -0.0019 0.00022 100.0 642.28 1580.22 1401.79 48.651
44 80 0.0015 0.00016 100.0 642.37 1579.98 1397.0 48.485
44 81 -0.0047 0.00026 100.0 641.89 1579.81 1397.11 48.538
44 82 -0.0013 -0.00032 100.0 642.56 1581.64 1402.35 48.521
44 83 -0.0004 -0.00026 100.0 641.87 1577.15 1399.29 48.514
44 84 0.0006 3e-05 100.0 641.93 1580.43 1398.66 48.538
44 85 0.0013 0.0002 100.0 641.8 1578.4 1402.54 48.667
44 86 -0.0022 -0.00016 100.0 641.95 1580.59 1397.25 48.673
44 87 0.0028 0.00049 100.0 641.74 1580.4 1400.12 48.656
44 88 -0.0022 -0.00018 100.0 642.04 1580.17 1399.98 48.594
44 89 0.0003 -0.00019 100.0 641.72 1580.19 1399.63 48.764
44 90 0.0005 6e-05 100.0 641.74 1580.19 1402.01 48.775
44 91 0.0018 0.00015 100.0 641.58 1582.06 1398.42 48.861
44 92 0.0004 -2e-05 100.0 642.3 1580.6 1402.83 48.709
44 93 0.0005 -0.00028 100.0 641.48 1579.62 1399.59 48.767
44 94 0.0014 -5e-05 100.0 642.17 1580.81 1397.21 48.814
44 95 -0.0031 8e-05 100.0 641.29 1581.79 1400.27 48.839
44 96 -0.0013 0.00012 100.0 642.37 1579.63 1400.02 48.911
44 97 0.0032 0.00039 100.0 641.73 1579.92 1398.16 48.818
44 98 0.0023 -0.00016 100.0 641.58 1580.4 1399.28 48.871
44 99 0.0018 2e-05 100.0 642.03 1579.19 1400.36 48.99
45 1 -0.0008 -2e-05 100.0 641.74 1581.37 1401.57 47.018
45 2 0.0036 1e-05 100.0 641.66 1580.73 1399.16 47.158
45 3 0.0005 -0.0001 100.0 641.77 1578.5 1399.65 47.15
45 4 -0.0018 -7e-05 100.0 641.94 1577.5 1400.83 47.108
45 5 -0.0011 -6e-05 100.0 642.53 1579.31 1400.87 47.196
45 6 -0.0013 0.00022 100.0 641.48 1580.11 1400.43 46.988
45 7 0.0018 -8e-05 100.0 641.81 1580.63 1397.69 47.013
45 8 -0.0025 -0.00029 100.0 642.39 1580.77 1398.78 47.164
45 9 0.0022 0.00016 100.0 641.96 1579.28 1399.8 47.183
45 10 0.0004 -0.0 100.0 642.19 1580.22 1400.45 47.125
45 11 0.0005 0.00012 100.0 642.11 1578.94 1400.79 47.165
45 12 -0.0009 -8e-05 100.0 642.24 1579.93 1401.09 47.087
45 13 0.0 0.00016 100.0 641.9 1582.65 1400.85 47.166
45 14 -0.0009 -0.00024 100.0 642.28 1581.07 1401.88 47.065
45 15 0.0007 0.0 100.0 641.92 1582.0 1403.29 47.061
45 16 0.0023 0.00022 100.0 642.25 1582.63 1402.68 47.095
45 17 0.0008 -0.00029 100.0 641.99 1579.12 1399.97 47.221
45 18 0.0007 -0.00014 100.0 641.75 1581.22 1399.18 47.131
45 19 -0.001 4e-05 100.0 641.49 1580.57 1398.08 47.314
45 20 -0.0003 1e-05 100.0 642.07 1580.18 1399.04 47.188
45 21 0.0004 -8e-05 100.0 641.98 1580.88 1400.14 47.19
45 22 -0.0016 0.00016 100.0 642.05 1581.45 1400.67 47.073
45 23 -0.001 -0.0001 100.0 642.21 1579.56 1400.53 47.153
45 24 0.0006 -0.00015 100.0 642.15 1580.44 1400.64 47.038
45 25 0.0017 -9e-05 100.0 642.3 1579.05 1400.8 47.299
45 26 -0.002 -0.00036 100.0 642.16 1578.19 1398.37 47.181
45 27 -0.0006 -0.00013 100.0 641.4 1580.41 1401.22 47.327
45 28 -0.0018 0.00011 100.0 642.0 1581.2 1396.06 47.25
45 29 -0.0006 0.00047 100.0 642.23 1580.31 1399.8 47.24
45 30 0.0017 8e-05 100.0 642.15 1580.09 1400.81 47.397
45 31 0.0004 -5e-05 100.0 642.54 1580.3 1403.02 47.176
45 32 0.0013 -0.0001 100.0 642.09 1580.16 1398.2 47.398
45 33 -0.0004 0.0002 100.0 641.85 1580.53 1397.7 47.223
45 34 0.0033 -0.00033 100.0 642.05 1579.24 1399.39 47.151
45 35 0.0015 -4e-05 100.0 641.86 1579.37 1398.33 47.36
45 36 -0.001 0.00018 100.0 642.03 1579.8 1397.0 47.26
45 37 -0.0001 -0.00022 100.0 641.67 1579.49 1398.91 47.149
45 38 -0.0005 0.00038 100.0 641.99 1580.78 1401.87 47.269
45 39 -0.0027 2e-05 100.0 642.25 1582.32 1400.21 47.298
45 40 0.0006 -0.00018 100.0 641.92 1582.38 1398.17 47.263
45 41 -0.0013 6e-05 100.0 642.22 1580.38 1399.66 47.302
45 42 0.0027 6e-05 100.0 641.73 1582.29 1401.8 47.511
45 43 0.0006 -3e-05 100.0 641.7 1579.2 1401.15 47.466
45 44 -0.0004 -0.00013 100.0 641.87 1578.59 1400.74 47.107
45 45 0.0016 -0.00015 100.0 642.31 1581.27 1403.3 47.629
45 46 -0.0043 2e-05 100.0 642.29 1577.53 1399.88 47.284
45 47 -0.0003 0.00056 100.0 642.08 1581.13 1402.95 47.467
45 48 0.0021 0.00029 100.0 642.28 1579.27 1402.43 47.411
45 49 -0.0007 4e-05 100.0 641.62 1580.55 1397.45 47.403
45 50 -0.0027 2e-05 100.0 642.1 1580.17 1399.91 47.643
45 51 0.0001 -9e-05 100.0 641.71 1578.58 1399.28 47.424
45 52 -0.0011 0.00012 100.0 642.09 1580.65 1400.18 47.317
45 53 -0.0002 -0.00031 100.0 641.64 1581.24 1400.53 47.411
45 54 -0.0 6e-05 100.0 642.61 1578.19 1399.62 47.363
45 55 -0.0013 -0.00017 100.0 642.05 1577.98 1400.15 47.296
45 56 0.0025 -0.00024 100.0 641.93 1580.57 1400.76 47.538
45 57 0.0012 -0.00018 100.0 642.0 1579.55 1398.28 47.554
45 58 -0.0014 0.00015 100.0 642.58 1581.18 1402.09 47.522
45 59 0.0022 0.0002 100.0 641.93 1582.09 1399.09 47.364
45 60 0.0022 -0.00033 100.0 641.62 1580.63 1399.77 47.594
45 61 -0.0037 -0.00015 100.0 642.07 1577.61 1398.67 47.532
45 62 0.0022 -0.0 100.0 642.06 1580.2 1398.44 47.558
45 63 0.0008 -0.00011 100.0 642.28 1578.81 1400.34 47.514
45 64 0.001 0.00016 100.0 642.14 1579.88 1399.8 47.584
45 65 -0.0028 0.00024 100.0 642.34 1580.79 1397.32 47.533
45 66 0.0001 -0.00017 100.0 642.05 1581.37 1399.99 47.511
45 67 0.0053 -2e-05 100.0 642.18 1579.31 1398.62 47.58
45 68 0.001 -0.00017 100.0 642.21 1579.94 1398.37 47.483
45 69 0.0018 4e-05 100.0 642.15 1579.67 1400.16 47.717
45 70 -0.0003 0.0001 100.0 642.34 1580.59 1398.59 47.78
45 71 -0.0011 0.00015 100.0 642.39 1578.83 1399.04 47.494
45 72 -0.0021 -0.00015 100.0 641.46 1581.31 1399.33 47.503
45 73 -0.0025 -0.00015 100.0 641.8 1579.85 1399.33 47.764
45 74 -0.0014 -0.00017 100.0 642.29 1580.12 1403.72 47.47
45 75 0.0035 -1e-05 100.0 642.32 1580.46 1398.33 47.762
45 76 0.0001 -0.00016 100.0 642.34 1579.97 1398.25 47.573
45 77 0.0012 -0.00016 100.0 641.74 1579.37 1398.27 47.324
45 78 -0.0047 0.00025 100.0 641.63 1581.09 1398.09 47.68
45 79 0.0021 2e-05 100.0 642.53 1580.68 1401.19 47.555
45 80 0.0012 -0.00042 100.0 642.38 1580.13 1398.91 47.661
45 81 -0.0002 -2e-05 100.0 642.4 1581.44 1401.74 47.789
45 82 0.0005 -0.00027 100.0 642.52 1579.42 1400.51 47.542
45 83 0.0021 4e-05 100.0 642.0 1579.46 1399.87 47.499
45 84 0.0005 2e-05 100.0 642.13 1579.62 1398.5 47.757
45 85 -0.0018 0.00029 100.0 641.95 1579.64 1399.66 47.781
45 86 0.002 -0.00014 100.0 641.64 1580.96 1397.23 47.811
45 87 -0.0014 -0.00017 100.0 641.42 1578.56 1400.7 47.742
45 88 0.0035 -0.00031 100.0 642.66 1581.12 1398.36 47.853
45 89 -0.0009 -0.00019 100.0 642.02 1582.31 1401.37 47.691
45 90 0.0011 0.0001 100.0 641.84 1580.26 1397.95 47.83
45 91 -0.0008 4e-05 100.0 642.31 1580.67 1401.11 47.614
45 92 0.0021 -0.00024 100.0 641.96 1580.2 1401.88 47.753
45 93 0.001 -0.00017 100.0 642.36 1579.82 1400.76 47.853
45 94 0.0026 0.00023 100.0 642.23 1579.41 1401.46 47.724
45 95 -0.0001 0.00011 100.0 641.97 1580.21 1400.48 47.968
45 96 0.0015 -4e-05 100.0 642.06 1578.35 1398.56 47.607
45 97 -0.0039 5e-05 100.0 641.93 1581.33 1399.64 47.856
45 98 -0.0011 -0.00021 100.0 641.56 1578.94 1398.49 47.578
45 99 -0.0007 -0.00022 100.0 642.46 1579.19 1396.65 47.662
46 1 0.0011 -0.00049 100.0 641.65 1580.54 1401.72 46.976
46 2 -0.002 -0.00028 100.0 642.01 1579.71 1399.51 46.929
46 3 0.0001 -1e-05 100.0 642.01 1580.77 1400.01 47.262
46 4 0.0019 0.00015 100.0 641.55 1580.46 1400.28 46.969
46 5 0.0045 0.00041 100.0 642.34 1580.92 1401.04 47.021
46 6 -0.0011 0.00013 100.0 642.17 1581.3 1399.12 47.191
46 7 0.0001 0.00026 100.0 642.18 1580.19 1398.72 47.057
46 8 -0.0007 7e-05 100.0 642.03 1580.39 1400.69 47.171
46 9 0.0003 -3e-05 100.0 641.76 1579.19 1400.7 47.078
46 10 -0.0016 -0.00029 100.0 642.11 1579.65 1398.45 47.273
46 11 0.0021 0.00019 100.0 641.74 1579.41 1399.81 47.238
46 12 0.0014 2e-05 100.0 642.38 1577.59 1402.82 47.239
46 13 0.0013 -0.00015 100.0 641.87 1580.73 1400.95 47.175
46 14 0.003 1e-05 100.0 642.06 1580.92 1400.0 47.192
46 15 -0.0022 -6e-05 100.0 642.2 1581.46 1397.98 47.305
46 16 0.002 3e-05 100.0 641.92 1579.85 1400.93 47.642
46 17 0.0 -0.00025 100.0 641.64 1579.08 1401.74 47.462
46 18 -0.0007 8e-05 100.0 641.76 1580.0 1400.7 47.234
46 19 0.001 8e-05 100.0 642.37 1583.06 1399.41 47.343
46 20 0.0026 4e-05 100.0 642.2 1580.57 1399.29 47.421
46 21 0.0004 -3e-05 100.0 642.73 1579.86 1400.38 47.389
46 22 -0.0026 0.00037 100.0 641.75 1580.72 1397.36 47.493
46 23 -0.0036 -0.00019 100.0 641.41 1578.52 1402.61 47.343
46 24 0.0037 -0.00024 100.0 641.92 1579.48 1399.28 47.343
46 25 -0.0008 7e-05 100.0 642.1 1578.82 1400.73 47.499
46 26 -0.0004 -0.00018 100.0 641.38 1581.57 1403.11 47.518
46 27 -0.0002 -0.00033 100.0 642.57 1579.8 1399.67 47.7
46 28 0.001 -0.00013 100.0 642.51 1579.8 1398.44 47.541
46 29 0.0002 -0.00016 100.0 641.62 1578.76 1401.11 47.584
46 30 0.0016 -0.0 100.0 641.82 1579.06 1401.75 47.623
46 31 0.0017 7e-05 100.0 642.0 1580.58 1398.8 47.645
46 32 -0.0014 -8e-05 100.0 641.85 1581.01 1399.77 47.625
46 33 -0.0003 5e-05 100.0 641.52 1579.57 1401.61 47.749
46 34 0.0018 0.00019 100.0 642.27 1579.47 1399.8 47.801
46 35 0.0021 0.00014 100.0 641.98 1580.32 1402.05 47.704
46 36 -0.0005 0.00025 100.0 641.92 1579.73 1402.13 47.625
46 37 -0.0004 -0.00051 100.0 641.85 1580.58 1402.35 47.696
46 38 0.0 -0.00049 100.0 642.09 1578.23 1398.7 47.617
46 39 -0.0021 9e-05 100.0 641.65 1578.2 1398.8 47.756
46 40 -0.0022 -0.00026 100.0 641.89 1579.28 1399.38 47.934
46 41 -0.0059 -0.00012 100.0 641.6 1581.96 1398.96 47.67
46 42 -0.0001 -7e-05 100.0 642.02 1579.94 1400.08 47.696
46 43 -0.0005 -3e-05 100.0 641.98 1581.22 1402.72 47.73
46 44 -0.0016 7e-05 100.0 642.45 1579.42 1401.04 47.946
46 45 0.0012 0.00021 100.0 641.61 1579.37 1401.43 48.013
46 46 -0.0061 -6e-05 100.0 641.9 1582.64 1400.21 48.021
46 47 0.0011 -0.0002 100.0 642.24 1579.46 1401.65 47.91
46 48 0.0001 -5e-05 100.0 641.77 1580.22 1398.83 47.963
46 49 0.002 0.0002 100.0 642.62 1579.57 1397.1 47.982
46 50 -0.0 0.0 100.0 641.79 1580.52 1400.79 47.82
46 51 0.0004 -3e-05 100.0 641.28 1582.46 1398.55 47.944
46 52 -0.0017 0.00015 100.0 642.03 1580.18 1396.05 48.148
46 53 -0.0058 -0.00023 100.0 641.71 1578.11 1400.19 48.144
46 54 -0.0039 -0.00015 100.0 642.43 1580.58 1400.46 48.275
46 55 -0.0011 -7e-05 100.0 641.78 1579.58 1401.95 48.09
46 56 0.0001 -7e-05 100.0 641.57 1578.99 1398.89 48.214
46 57 -0.0007 0.00012 100.0 641.8 1578.72 1400.91 48.129
46 58 0.0015 -9e-05 100.0 641.8 1579.73 1399.81 48.069
46 59 0.0015 -0.00019 100.0 642.11 1579.87 1398.57 48.276
46 60 -0.0016 -0.00032 100.0 641.98 1579.75 1399.42 48.219
46 61 0.0022 0.00039 100.0 641.85 1579.85 1399.8 48.382
46 62 -0.0035 -0.00016 100.0 641.95 1578.65 1397.83 48.278
46 63 0.0022 -0.00021 100.0 642.32 1580.51 1399.62 48.073
46 64 0.0 0.0002 100.0 641.42 1580.93 1398.78 48.221
46 65 0.0034 -3e-05 100.0 641.99 1580.46 1398.64 48.46
46 66 0.0015 7e-05 100.0 641.88 1581.44 1400.3 48.352
46 67 -0.002 3e-05 100.0 642.28 1580.41 1398.56 48.342
46 68 0.001 6e-05 100.0 642.49 1577.87 1400.04 48.475
46 69 0.0006 0.0002 100.0 642.2 1578.82 1398.48 48.506
46 70 -0.0007 2e-05 100.0 641.53 1578.74 1401.04 48.439
46 71 0.0007 0.00015 100.0 641.64 1579.5 1399.22 48.552
46 72 -0.0001 -0.00024 100.0 642.0 1581.04 1397.22 48.318
46 73 -0.0016 7e-05 100.0 641.25 1581.67 1399.47 48.422
46 74 -0.0012 0.00021 100.0 641.66 1581.81 1402.71 48.402
46 75 -0.0029 0.00046 100.0 641.58 1578.89 1402.33 48.562
46 76 0.0028 0.00028 100.0 642.47 1579.63 1401.2 48.49
46 77 0.0005 -0.00016 100.0 641.74 1579.9 1398.05 48.509
46 78 0.0004 1e-05 100.0 641.83 1577.91 1402.1 48.696
46 79 -0.0022 -0.00029 100.0 642.26 1579.09 1399.33 48.718
46 80 0.0015 0.00017 100.0 642.12 1580.91 1401.92 48.686
46 81 0.0002 0.0001 100.0 641.91 1581.16 1398.25 48.441
46 82 -0.0029 0.0001 100.0 642.11 1580.72 1400.27 48.713
46 83 -0.0028 -0.00016 100.0 641.57 1581.66 1400.8 48.718
46 84 0.0023 0.00021 100.0 641.83 1580.35 1398.54 48.654
46 85 -0.0014 0.00024 100.0 642.01 1581.12 1399.59 48.792
46 86 0.004 0.0 100.0 641.79 1579.5 1398.9 48.782
46 87 -0.0012 0.00037 100.0 642.22 1578.54 1401.64 48.787
46 88 -0.0006 -0.00041 100.0 642.31 1577.0 1398.24 48.76
46 89 0.0016 -0.00042 100.0 642.09 1578.81 1399.98 48.872
46 90 0.0018 0.0001 100.0 641.9 1580.03 1399.91 48.705
46 91 0.0029 3e-05 100.0 641.58 1580.17 1399.54 48.922
46 92 -0.0007 -7e-05 100.0 642.26 1580.68 1398.77 48.806
46 93 0.0007 0.00026 100.0 642.06 1580.87 1399.26 49.016
46 94 -0.0007 -0.00021 100.0 642.03 1578.36 1398.85 48.877
46 95 0.0001 0.0003 100.0 641.75 1580.94 1400.28 49.066
46 96 -0.0024 0.0 100.0 641.94 1578.7 1397.06 48.728
46 97 -0.0006 -2e-05 100.0 642.27 1579.74 1399.51 48.902
46 98 -0.0008 9e-05 100.0 641.74 1581.19 1399.06 48.953
46 99 0.0004 -9e-05 100.0 641.73 1580.91 1400.81 49.047
47 1 -0.0005 -0.00034 100.0 641.79 1580.83 1400.73 47.062
47 2 0.0008 -0.00022 100.0 642.46 1582.09 1403.89 46.98
47 3 0.0038 -2e-05 100.0 641.92 1579.18 1400.5 47.33
47 4 -0.0002 -0.0 100.0 641.54 1580.13 1401.0 47.403
47 5 -0.0005 0.00011 100.0 641.69 1577.27 1399.85 47.719
47 6 0.0013 -5e-05 100.0 642.39 1577.53 1403.78 48.335
47 7 0.0001 0.0003 100.0 641.23 1579.35 1400.3 48.752
47 8 -0.0012 0.00015 100.0 642.2 1579.67 1401.44 49.352
47 9 -0.0009 -0.00027 100.0 642.09 1578.25 1401.55 49.918
47 10 -0.0006 0.00019 100.0 641.91 1578.91 1401.08 50.787
47 11 -0.0021 1e-05 100.0 642.22 1580.01 1399.61 51.89
47 12 0.0039 6e-05 100.0 641.79 1579.99 1399.17 53.175
47 13 -0.0001 -1e-05 100.0 641.85 1581.06 1400.0 54.449
47 14 -0.0002 -0.00018 100.0 642.45 1581.1 1400.01 55.829
47 15 0.0022 -1e-05 100.0 641.74 1581.37 1399.42 57.459
47 16 -0.0015 -9e-05 100.0 641.78 1580.3 1397.57 59.36
47 17 0.0021 1e-05 100.0 642.08 1580.22 1400.7 61.546
47 18 0.0004 0.0001 100.0 642.06 1578.99 1396.9 63.562
47 19 -0.0008 -0.00026 100.0 642.15 1581.34 1398.55 66.09
47 20 -0.0015 0.00013 100.0 642.37 1579.35 1401.08 68.683
47 21 0.0028 -0.00023 100.0 642.46 1578.69 1400.25 71.195
47 22 -0.0004 0.00011 100.0 642.63 1580.83 1400.03 74.579
47 23 -0.0015 -0.00014 100.0 641.4 1579.66 1399.12 77.668
47 24 -0.0006 -0.00011 100.0 642.46 1579.3 1399.78 80.867
47 25 -0.0022 6e-05 100.0 641.91 1580.73 1402.36 84.658
47 26 0.0032 0.0002 100.0 641.65 1580.78 1399.61 88.485
47 27 0.0005 -1e-05 100.0 641.94 1582.08 1399.13 92.52
47 28 -0.0003 -0.00025 100.0 642.38 1580.65 1399.21 96.933
47 29 0.0021 0.00031 100.0 641.76 1582.69 1399.18 101.364
47 30 0.0039 6e-05 100.0 641.85 1579.31 1404.42 106.185
47 31 0.0046 -2e-05 100.0 641.74 1579.26 1401.07 111.071
47 32 0.0021 0.00018 100.0 642.27 1579.65 1401.5 116.472
47 33 0.0022 -4e-05 100.0 642.22 1581.43 1401.43 121.807
47 34 0.0033 -9e-05 100.0 642.39 1579.45 1397.92 127.703
47 35 0.0018 0.00017 100.0 642.06 1579.68 1397.11 133.524
47 36 -0.0012 0.00011 100.0 641.99 1578.78 1398.71 139.757
47 37 -0.0043 -0.00028 100.0 641.88 1581.01 1401.2 146.585
47 38 -0.0043 -0.00014 100.0 641.85 1580.54 1400.51 153.379
47 39 -0.0017 -0.00011 100.0 641.72 1579.55 1398.19 160.307
47 40 -0.0015 0.00022 100.0 642.35 1578.33 1399.74 167.38
47 41 0.001 1e-05 100.0 641.77 1578.4 1396.39 175.051
47 42 0.0005 -0.0001 100.0 642.24 1580.13 1399.33 183.084
47 43 0.0047 -0.0002 100.0 641.89 1579.86 1400.95 191.343
47 44 0.0004 -0.00022 100.0 641.93 1579.1 1401.05 199.566
47 45 -0.0044 -7e-05 100.0 642.55 1579.04 1400.49 208.508
47 46 0.0025 -8e-05 100.0 641.96 1580.14 1398.83 217.501
47 47 -0.001 0.00035 100.0 641.99 1581.11 1400.83 226.679
47 48 -0.0001 0.00018 100.0 641.49 1580.71 1399.79 236.424
47 49 0.0005 -0.00012 100.0 641.91 1578.5 1399.21 246.337
47 50 -0.0019 -0.0 100.0 642.2 1580.83 1401.05 256.432
47 51 0.0034 -0.00024 100.0 642.18 1580.74 1397.88 267.165
47 52 -0.0013 -0.00035 100.0 641.12 1580.84 1402.17 277.831
47 53 -0.0009 6e-05 100.0 641.61 1580.74 1398.61 289.247
47 54 0.0036 -4e-05 100.0 642.03 1581.76 1402.57 300.674
47 55 0.0 -0.0 100.0 642.41 1579.22 1399.36 312.452
47 56 0.0003 -0.0 100.0 641.72 1581.03 1399.42 324.534
47 57 -0.0002 -0.00022 100.0 642.14 1579.69 1399.38 337.076
47 58 -0.0002 -0.00031 100.0 642.16 1580.36 1398.55 349.7
47 59 -0.0019 -0.00019 100.0 641.9 1582.51 1400.88 362.897
47 60 0.001 0.00028 100.0 642.26 1582.23 1401.73 376.382
47 61 0.0003 -2e-05 100.0 642.01 1578.54 1402.26 390.096
47 62 0.001 0.00016 100.0 642.37 1581.18 1398.65 404.116
47 63 0.004 0.00059 100.0 642.19 1580.53 1400.93 418.519
47 64 0.0047 3e-05 100.0 642.08 1580.77 1400.65 433.559
47 65 -0.0013 -0.00015 100.0 642.16 1582.51 1398.55 448.531
47 66 -0.0026 0.00014 100.0 641.71 1581.13 1400.33 463.937
47 67 0.0014 0.00017 100.0 642.29 1579.28 1398.16 479.927
47 68 0.0013 0.00024 100.0 642.07 1579.26 1401.46 495.971
47 69 0.0007 -0.00022 100.0 641.79 1579.56 1399.2 512.542
47 70 -0.0002 4e-05 100.0 642.52 1581.33 1400.75 529.681
47 71 0.0032 -2e-05 100.0 642.05 1580.4 1398.76 546.717
47 72 0.0031 0.0 100.0 641.94 1579.28 1398.74 564.317
47 73 -0.0009 0.00026 100.0 642.12 1580.57 1399.98 582.515
47 74 0.0007 0.00031 100.0 641.95 1581.19 1402.27 600.838
47 75 0.0031 -8e-05 100.0 641.73 1579.59 1400.06 619.456
47 76 -0.0026 0.00024 100.0 642.33 1580.56 1399.26 638.646
47 77 0.002 3e-05 100.0 641.89 1580.04 1401.9 657.982
47 78 0.0015 0.00034 100.0 642.43 1579.43 1399.41 678.065
47 79 0.0003 0.00053 100.0 641.45 1580.78 1402.05 698.111
47 80 0.0002 -0.00015 100.0 641.78 1579.09 1400.13 718.716
47 81 -0.0008 2e-05 100.0 642.08 1578.76 1400.92 739.915
47 82 -0.0019 -6e-05 100.0 642.3 1581.1 1400.07 761.282
47 83 -0.0025 7e-05 100.0 642.46 1579.37 1400.3 782.974
47 84 0.0028 -0.00015 100.0 641.96 1581.02 1398.97 805.138
47 85 -0.0007 6e-05 100.0 641.52 1580.37 1400.92 827.844
47 86 -0.0028 4e-05 100.0 642.13 1580.3 1403.33 850.631
47 87 -0.001 0.00014 100.0 642.04 1579.84 1399.48 873.983
47 88 0.0012 -0.00019 100.0 641.99 1580.22 1398.91 897.746
47 89 0.0 -0.00021 100.0 642.12 1579.84 1398.36 921.994
47 90 0.0006 0.00015 100.0 642.24 1579.98 1401.88 946.499
47 91 0.0001 0.00016 100.0 642.42 1578.43 1399.22 971.554
47 92 -0.0008 0.0001 100.0 642.0 1581.24 1399.49 996.88
47 93 -0.0007 0.00027 100.0 641.99 1579.22 1399.15 1022.895
47 94 -0.0007 -0.00049 100.0 642.09 1579.89 1398.03 1048.825
47 95 -0.0027 -0.00044 100.0 642.15 1578.99 1399.19 1075.5
47 96 0.0041 0.0002 100.0 642.2 1579.62 1400.31 1102.37
47 97 0.0018 -0.0 100.0 641.85 1581.87 1401.85 1130.033
47 98 -0.0006 -0.00024 100.0 642.46 1581.04 1399.69 1157.766
47 99 0.0014 -0.00017 100.0 642.05 1580.48 1401.4 1186.238
48 1 0.0013 0.00032 100.0 641.52 1578.79 1400.99 47.073
48 2 -0.0035 0.00019 100.0 642.27 1580.45 1398.42 46.894
48 3 0.0011 9e-05 100.0 641.61 1580.54 1399.99 46.976
48 4 0.0031 -0.0001 100.0 642.22 1580.79 1398.68 47.433
48 5 -0.0018 -0.00018 100.0 641.94 1580.53 1399.31 47.032
48 6 -0.0017 0.00019 100.0 642.17 1580.77 1397.67 47.168
48 7 -0.0003 0.00014 100.0 642.06 1583.15 1396.62 47.13
48 8 -0.0013 -9e-05 100.0 641.96 1578.56 1400.87 47.099
48 9 0.0001 0.00042 100.0 642.17 1581.17 1402.64 47.311
48 10 -0.0009 0.00027 100.0 642.4 1579.97 1401.26 47.266
48 11 0.0019 0.00017 100.0 641.94 1580.19 1398.58 47.386
48 12 0.0024 -0.0001 100.0 642.65 1580.48 1399.65 47.172
48 13 -0.0011 -0.00015 100.0 641.65 1579.73 1399.87 47.451
48 14 0.0009 -2e-05 100.0 641.84 1579.44 1402.15 47.296
48 15 0.002 -0.00045 100.0 641.97 1579.05 1397.59 47.446
48 16 -0.0013 0.00015 100.0 642.15 1579.98 1402.19 47.243
48 17 0.0004 6e-05 100.0 642.16 1580.2 1400.76 47.401
48 18 -0.0002 -0.00038 100.0 642.02 1580.72 1399.92 47.335
48 19 0.0006 7e-05 100.0 641.59 1579.26 1398.82 47.621
48 20 -0.0017 -5e-05 100.0 642.21 1582.07 1399.54 47.559
48 21 -0.0034 0.00024 100.0 641.9 1578.14 1398.75 47.407
48 22 -0.0003 0.0001 100.0 642.56 1581.33 1401.81 47.553
48 23 -0.001 0.00016 100.0 641.84 1580.02 1397.39 47.477
48 24 0.0007 -5e-05 100.0 641.78 1579.54 1401.12 47.542
48 25 -0.0002 0.00025 100.0 642.26 1581.57 1399.29 47.618
48 26 -0.0008 7e-05 100.0 641.58 1578.93 1398.71 47.693
48 27 0.003 0.00023 100.0 641.98 1580.79 1401.7 47.854
48 28 -0.0015 -0.00033 100.0 641.56 1579.25 1400.25 47.615
48 29 -0.0005 0.00016 100.0 642.9 1579.74 1402.7 47.593
48 30 -0.0024 -0.00016 100.0 642.0 1580.93 1399.4 47.725
48 31 0.0025 -0.0001 100.0 642.03 1577.72 1400.46 47.683
48 32 -0.0015 0.00012 100.0 642.59 1581.77 1400.64 47.723
48 33 -0.004 0.00012 100.0 641.6 1580.54 1399.28 47.712
48 34 0.0003 -0.00013 100.0 642.2 1579.4 1396.79 47.984
48 35 -0.0036 0.00034 100.0 641.42 1582.25 1398.35 47.772
48 36 0.0004 -0.0003 100.0 641.96 1580.37 1400.65 47.89
48 37 0.0005 -6e-05 100.0 641.78 1579.39 1399.46 47.753
48 38 -0.0027 4e-05 100.0 642.12 1580.86 1398.79 47.868
48 39 -0.0013 0.0001 100.0 642.25 1578.82 1398.19 47.919
48 40 0.001 -0.0003 100.0 641.97 1579.41 1401.52 47.95
48 41 -0.0019 -2e-05 100.0 642.18 1581.3 1399.21 48.1
48 42 -0.0003 0.0 100.0 642.36 1580.76 1400.22 48.051
48 43 0.0021 -0.00023 100.0 642.2 1578.26 1400.01 48.02
48 44 0.0029 7e-05 100.0 641.68 1579.39 1401.54 48.278
48 45 -0.0038 -0.00017 100.0 642.54 1578.36 1397.41 48.142
48 46 0.0018 -0.00019 100.0 642.11 1581.21 1401.36 48.061
48 47 0.0018 0.00048 100.0 641.78 1580.72 1400.06 48.196
48 48 0.0021 0.0001 100.0 641.67 1578.04 1398.65 48.179
48 49 0.002 8e-05 100.0 642.11 1580.86 1397.66 48.23
48 50 0.0002 -0.0002 100.0 642.1 1578.44 1400.77 48.088
48 51 -0.0006 0.00017 100.0 642.24 1579.31 1401.17 48.298
48 52 -0.0016 3e-05 100.0 642.35 1578.9 1398.67 48.271
48 53 0.0025 7e-05 100.0 642.09 1578.6 1398.92 48.29
48 54 -0.0037 0.00021 100.0 641.92 1580.35 1399.29 48.393
48 55 0.003 0.00013 100.0 641.78 1580.0 1399.3 48.373
48 56 0.001 -3e-05 100.0 641.61 1580.3 1400.2 48.265
48 57 0.0015 -0.00017 100.0 642.15 1580.71 1401.89 48.339
48 58 0.0045 -0.00011 100.0 641.91 1578.87 1397.32 48.454
48 59 -0.0003 0.00035 100.0 642.07 1580.13 1396.22 48.441
48 60 0.0003 1e-05 100.0 642.49 1580.04 1399.47 48.457
48 61 0.0002 0.00033 100.0 641.83 1578.36 1400.84 48.504
48 62 -0.0009 0.00012 100.0 641.55 1580.39 1400.11 48.524
48 63 -0.002 -3e-05 100.0 641.64 1579.44 1401.64 48.602
48 64 -0.0006 -0.00031 100.0 641.65 1579.88 1399.8 48.599
48 65 -0.0016 -8e-05 100.0 641.81 1581.28 1400.62 48.601
48 66 0.0011 0.00015 100.0 641.88 1578.18 1400.44 48.638
48 67 0.0007 -0.00014 100.0 641.75 1580.94 1398.29 48.744
48 68 0.001 7e-05 100.0 641.55 1580.65 1398.82 48.717
48 69 -0.0003 -3e-05 100.0 642.01 1578.6 1402.24 48.738
48 70 -0.0005 5e-05 100.0 641.73 1579.94 1400.25 48.863
48 71 0.0033 3e-05 100.0 641.98 1580.16 1402.05 48.691
48 72 -0.0001 0.00011 100.0 641.78 1582.7 1399.63 48.893
48 73 -0.0018 0.00015 100.0 641.95 1577.59 1400.98 48.883
48 74 0.0027 3e-05 100.0 642.06 1581.09 1399.26 48.898
48 75 -0.0025 0.00029 100.0 642.34 1579.2 1396.84 48.829
48 76 -0.0006 -9e-05 100.0 642.05 1581.09 1400.44 48.897
48 77 0.001 -2e-05 100.0 641.68 1580.21 1399.77 48.779
48 78 0.0003 0.00039 100.0 642.07 1580.22 1400.03 48.815
48 79 -0.0039 4e-05 100.0 641.71 1577.96 1400.14 48.827
48 80 0.0032 0.00012 100.0 641.83 1580.57 1400.44 48.965
48 81 0.0026 -0.00046 100.0 641.32 1581.12 1401.41 48.989
48 82 0.0001 -0.0002 100.0 642.2 1581.44 1400.9 49.04
48 83 0.0006 -0.00029 100.0 642.12 1580.94 1397.62 49.033
48 84 -0.0028 -0.00013 100.0 641.66 1578.27 1402.72 49.096
48 85 -0.002 0.00018 100.0 641.38 1580.94 1398.95 49.092
48 86 -0.0001 3e-05 100.0 642.13 1580.03 1400.09 48.985
48 87 0.0003 0.0 100.0 641.74 1578.9 1401.66 48.915
48 88 -0.0015 -0.00011 100.0 641.39 1581.7 1400.02 49.353
48 89 -0.0015 2e-05 100.0 642.45 1580.29 1401.03 49.142
48 90 -0.0003 7e-05 100.0 642.34 1578.39 1401.21 49.308
48 91 -0.001 0.00017 100.0 642.46 1580.31 1399.12 49.189
48 92 -0.0011 -0.00012 100.0 642.02 1579.54 1401.43 49.338
48 93 -0.0004 0.00025 100.0 642.11 1579.9 1399.33 49.543
48 94 0.0005 -0.00079 100.0 641.81 1579.6 1398.03 49.398
48 95 -0.0018 0.0001 100.0 642.03 1576.85 1403.43 49.186
48 96 -0.0026 -0.0001 100.0 642.08 1579.99 1399.15 49.492
48 97 -0.0029 0.00012 100.0 641.99 1578.85 1401.6 49.4
48 98 0.0028 -0.00053 100.0 642.07 1582.0 1400.61 49.499
48 99 -0.001 0.00015 100.0 642.18 1580.64 1400.93 49.532
49 1 0.0008 0.00032 100.0 641.96 1579.21 1398.18 47.134
49 2 -0.0004 -0.00013 100.0 642.2 1579.99 1397.53 46.992
49 3 0.0 -0.00028 100.0 641.87 1579.62 1401.51 46.945
49 4 -0.0 -0.00011 100.0 642.12 1580.34 1401.31 47.182
49 5 0.0002 -0.0002 100.0 642.19 1580.46 1401.22 47.111
49 6 -0.0024 -0.00027 100.0 642.41 1580.04 1398.31 47.029
49 7 0.0013 0.0004 100.0 642.09 1582.21 1400.86 47.19
49 8 0.0006 0.00024 100.0 641.55 1580.66 1399.63 47.026
49 9 -0.0015 0.00033 100.0 642.45 1578.91 1401.35 47.214
49 10 0.0008 0.00035 100.0 642.15 1579.3 1399.2 47.198
49 11 0.0025 4e-05 100.0 642.11 1579.49 1400.86 47.327
49 12 -0.0001 0.00013 100.0 642.2 1579.71 1399.47 47.145
49 13 0.0031 0.00037 100.0 641.99 1580.17 1399.43 47.177
49 14 -0.0002 -0.00026 100.0 641.76 1579.44 1400.67 47.185
49 15 -0.0009 -0.00012 100.0 642.12 1581.18 1402.64 47.215
49 16 0.0007 -0.00017 100.0 641.72 1579.16 1398.96 47.22
49 17 -0.0011 -8e-05 100.0 642.34 1578.65 1398.04 47.343
49 18 -0.0018 -5e-05 100.0 641.98 1580.5 1400.63 47.403
49 19 0.0 -9e-05 100.0 642.11 1578.28 1399.11 47.29
49 20 -0.0006 -1e-05 100.0 641.78 1578.33 1402.07 47.167
49 21 -0.0018 -0.0001 100.0 642.07 1580.83 1398.63 47.224
49 22 0.0018 0.00018 100.0 642.11 1580.91 1397.85 47.198
49 23 0.0009 -0.00018 100.0 641.67 1579.27 1400.85 47.069
49 24 -0.0004 0.00018 100.0 641.79 1579.0 1398.26 47.531
49 25 0.0006 0.00018 100.0 642.06 1580.24 1399.95 47.293
49 26 -0.0022 0.00011 100.0 642.31 1578.68 1399.34 47.426
49 27 0.0 -0.00033 100.0 641.91 1580.34 1397.76 47.536
49 28 -0.0002 0.00038 100.0 641.42 1582.03 1399.92 47.436
49 29 -0.0018 -9e-05 100.0 641.52 1579.48 1402.92 47.452
49 30 -0.0011 -0.00016 100.0 641.77 1579.89 1402.03 47.615
49 31 0.0007 -1e-05 100.0 641.67 1578.94 1399.46 47.291
49 32 0.0003 0.00021 100.0 642.41 1578.68 1402.71 47.368
49 33 0.0006 -6e-05 100.0 642.45 1579.95 1399.6 47.559
49 34 0.0044 -8e-05 100.0 642.46 1577.97 1399.89 47.567
49 35 0.0004 0.00064 100.0 642.26 1578.27 1400.45 47.638
49 36 -0.0018 -0.00016 100.0 641.51 1579.73 1399.46 47.29
49 37 0.0017 -0.0001 100.0 641.75 1579.35 1401.5 47.636
49 38 0.0008 -4e-05 100.0 642.26 1578.87 1401.94 47.437
49 39 0.0003 -0.00012 100.0 641.41 1581.78 1399.69 47.642
49 40 0.0014 6e-05 100.0 642.48 1579.68 1399.37 47.597
49 41 0.0025 -0.00026 100.0 641.4 1579.45 1397.86 47.785
49 42 -0.0 0.00041 100.0 641.61 1579.4 1398.51 47.677
49 43 -0.0025 -9e-05 100.0 641.66 1580.72 1399.77 47.517
49 44 0.0013 -0.00053 100.0 641.85 1578.83 1400.47 47.524
49 45 -0.0007 5e-05 100.0 641.31 1580.01 1402.39 47.701
49 46 -0.0015 0.00013 100.0 642.23 1581.0 1400.65 47.78
49 47 -0.0021 -0.00014 100.0 642.15 1580.23 1397.49 47.87
49 48 -0.0008 -0.00022 100.0 641.95 1578.89 1401.3 47.627
49 49 -0.0005 0.00034 100.0 642.02 1579.66 1400.06 47.66
49 50 -0.0023 -0.00035 100.0 641.74 1577.67 1399.46 47.853
49 51 -0.0004 -0.00025 100.0 642.0 1581.35 1399.89 47.846
49 52 0.0004 -5e-05 100.0 641.46 1581.25 1398.02 47.735
49 53 0.0025 -0.00016 100.0 642.01 1578.41 1399.5 47.852
49 54 0.0005 -0.0001 100.0 642.2 1580.17 1398.89 47.944
49 55 0.0007 0.00014 100.0 641.61 1580.37 1400.04 47.954
49 56 -0.0005 0.00029 100.0 641.73 1580.26 1401.45 47.77
49 57 -0.0011 5e-05 100.0 641.79 1580.55 1399.18 47.845
49 58 0.0014 -7e-05 100.0 642.09 1580.13 1402.89 47.983
49 59 0.0 -0.00014 100.0 641.93 1580.72 1400.81 48.016
49 60 -0.0039 7e-05 100.0 641.86 1580.32 1400.63 47.918
49 61 -0.0033 0.0001 100.0 641.9 1581.19 1401.11 48.229
49 62 -0.0007 0.00027 100.0 641.94 1578.25 1400.66 47.867
49 63 -0.0031 -6e-05 100.0 642.27 1580.51 1398.71 47.831
49 64 -0.0016 0.00012 100.0 641.68 1578.86 1401.49 48.006
49 65 -0.0006 -9e-05 100.0 641.76 1578.5 1401.31 48.119
49 66 -0.0002 -0.00018 100.0 641.92 1580.33 1397.58 48.156
49 67 -0.0011 0.00031 100.0 641.83 1581.56 1399.01 47.977
49 68 0.0002 6e-05 100.0 641.81 1581.32 1400.02 48.008
49 69 -0.0016 -0.00018 100.0 641.69 1581.37 1397.76 48.193
49 70 -0.0 -0.00018 100.0 641.77 1581.53 1400.78 48.06
49 71 -0.0004 0.00017 100.0 642.03 1579.7 1399.8 48.23
49 72 0.0006 0.0002 100.0 641.72 1579.22 1399.1 48.218
49 73 -0.0019 -8e-05 100.0 641.69 1579.59 1400.8 47.983
49 74 -0.0024 -8e-05 100.0 642.23 1579.87 1398.91 48.063
49 75 0.002 0.00014 100.0 642.25 1581.22 1398.23 48.124
49 76 0.0049 5e-05 100.0 642.23 1579.05 1400.61 48.113
49 77 -0.0014 0.00011 100.0 641.61 1580.1 1401.5 48.147
49 78 -0.0004 0.0002 100.0 641.88 1580.59 1397.16 48.171
49 79 0.0008 -0.00026 100.0 642.0 1579.84 1402.87 48.194
49 80 0.002 -0.00023 100.0 642.03 1581.51 1400.99 48.141
49 81 -0.0011 -0.00029 100.0 641.78 1579.86 1401.28 48.306
49 82 -0.0011 4e-05 100.0 642.04 1580.82 1398.67 48.221
49 83 0.0018 0.00024 100.0 642.06 1579.82 1398.89 48.328
49 84 0.0012 5e-05 100.0 641.86 1580.82 1400.25 48.231
49 85 0.0014 6e-05 100.0 641.88 1577.6 1400.29 48.342
49 86 -0.0047 -0.00011 100.0 641.83 1582.95 1400.53 48.245
49 87 0.0004 -6e-05 100.0 641.63 1579.84 1399.26 48.313
49 88 -0.0004 7e-05 100.0 641.9 1581.02 1400.1 48.28
49 89 -0.0007 -0.0003 100.0 641.67 1580.82 1399.06 48.366
49 90 0.0016 -0.00014 100.0 642.04 1580.34 1401.22 48.463
49 91 0.0029 0.0002 100.0 641.97 1579.78 1398.79 48.398
49 92 -0.0008 8e-05 100.0 642.41 1580.57 1399.55 48.456
49 93 0.001 0.00039 100.0 642.26 1578.05 1401.65 48.289
49 94 -0.0021 -0.00019 100.0 642.2 1580.84 1398.67 48.46
49 95 -0.0015 0.00017 100.0 642.0 1580.04 1400.74 48.454
49 96 0.0043 -2e-05 100.0 642.47 1580.52 1399.9 48.516
49 97 0.0055 -0.00011 100.0 642.13 1581.12 1400.13 48.517
49 98 -0.0019 -0.00033 100.0 641.56 1578.82 1397.67 48.653
49 99 0.0001 5e-05 100.0 641.73 1581.82 1400.75 48.53
50 1 0.0008 0.00031 100.0 642.36 1579.4 1398.98 47.075
50 2 0.0007 0.00011 100.0 642.12 1581.55 1400.92 46.884
50 3 0.0002 0.00021 100.0 642.24 1578.14 1399.87 47.21
50 4 -0.0002 -8e-05 100.0 642.0 1580.05 1400.36 47.048
50 5 -0.0027 0.00012 100.0 642.09 1580.74 1404.1 47.035
50 6 -0.001 -0.00015 100.0 641.77 1580.82 1399.45 47.207
50 7 0.0017 0.00017 100.0 641.96 1580.9 1397.83 47.06
50 8 -0.0024 -0.00014 100.0 642.69 1581.48 1399.25 47.11
50 9 0.0005 0.00019 100.0 641.45 1580.59 1398.03 47.031
50 10 0.003 0.00014 100.0 641.92 1579.14 1402.0 47.239
50 11 0.0025 -0.00013 100.0 641.6 1581.34 1399.91 47.04
50 12 -0.0023 -0.00023 100.0 642.42 1579.71 1400.46 47.23
50 13 0.0013 0.00011 100.0 641.84 1580.29 1400.25 47.16
50 14 0.0021 0.00037 100.0 642.07 1580.37 1400.0 47.231
50 15 -0.0008 -0.00012 100.0 642.15 1579.74 1400.36 47.223
50 16 -0.0019 3e-05 100.0 642.54 1579.9 1402.44 47.139
50 17 0.0012 -0.00011 100.0 642.23 1578.7 1398.18 47.24
50 18 -0.0041 0.00016 100.0 642.43 1579.21 1399.22 47.242
50 19 0.0016 -0.00012 100.0 641.63 1581.49 1402.0 47.401
50 20 0.0009 -7e-05 100.0 642.17 1580.63 1399.62 47.174
50 21 0.0013 7e-05 100.0 641.94 1581.31 1397.86 47.197
50 22 0.001 5e-05 100.0 642.26 1581.19 1399.39 46.991
50 23 0.0032 0.00041 100.0 642.15 1580.13 1401.64 47.451
50 24 0.0001 0.00019 100.0 642.13 1579.25 1403.48 47.178
50 25 0.0026 -0.00012 100.0 642.15 1577.83 1401.56 47.231
50 26 -0.0004 -6e-05 100.0 642.44 1581.63 1401.19 47.076
50 27 0.0007 -2e-05 100.0 641.9 1580.19 1399.99 47.401
50 28 0.0016 -0.00022 100.0 642.54 1580.63 1400.57 47.278
50 29 0.0011 2e-05 100.0 642.09 1579.26 1399.86 47.389
50 30 -0.0008 3e-05 100.0 641.77 1578.65 1398.86 47.406
50 31 -0.0006 -0.00016 100.0 641.64 1578.38 1398.08 47.274
50 32 -0.0024 -0.00027 100.0 642.4 1578.6 1400.45 47.278
50 33 -0.0004 5e-05 100.0 642.2 1580.95 1401.67 47.364
50 34 -0.0021 2e-05 100.0 642.39 1578.91 1400.75 47.298
50 35 -0.0005 0.00017 100.0 642.07 1582.37 1399.16 47.186
50 36 -0.004 2e-05 100.0 642.37 1580.47 1401.31 47.361
50 37 -0.0016 0.00025 100.0 641.88 1580.52 1399.66 47.255
50 38 0.0005 0.00031 100.0 641.59 1580.91 1400.26 47.477
50 39 -0.0019 0.00049 100.0 642.21 1580.26 1400.33 47.402
50 40 -0.0028 -4e-05 100.0 641.78 1579.41 1401.36 47.088
50 41 -0.0012 1e-05 100.0 641.63 1579.84 1399.75 47.485
50 42 0.0001 -8e-05 100.0 642.29 1580.64 1399.72 47.373
50 43 0.0038 -0.00014 100.0 642.14 1579.83 1400.66 47.559
50 44 0.0017 6e-05 100.0 642.12 1579.74 1398.91 47.524
50 45 0.0041 -0.00012 100.0 642.35 1580.36 1398.92 47.59
50 46 -0.0006 -0.00021 100.0 641.47 1581.88 1396.95 47.538
50 47 -0.0029 0.00021 100.0 641.78 1580.63 1400.4 47.605
50 48 -0.0004 -5e-05 100.0 642.45 1580.74 1398.86 47.474
50 49 0.0008 0.00013 100.0 642.22 1579.19 1401.42 47.563
50 50 0.002 0.00022 100.0 642.25 1578.88 1400.29 47.547
50 51 -0.0017 -6e-05 100.0 641.73 1582.49 1402.65 47.616
50 52 0.0026 9e-05 100.0 641.78 1580.7 1400.32 47.583
50 53 0.0003 3e-05 100.0 642.26 1581.48 1399.91 47.322
50 54 0.0018 -9e-05 100.0 642.74 1579.06 1401.39 47.476
50 55 0.0036 -0.00012 100.0 641.97 1580.84 1400.46 47.451
50 56 -0.0003 -0.0 100.0 642.26 1578.0 1399.16 47.498
50 57 -0.0033 0.00013 100.0 641.45 1581.7 1402.04 47.513
50 58 0.0016 -0.00011 100.0 642.17 1580.34 1397.81 47.561
50 59 -0.0006 2e-05 100.0 642.06 1578.12 1401.72 47.324
50 60 -0.0002 -0.00022 100.0 642.03 1579.29 1401.69 47.646
50 61 0.0001 0.00029 100.0 641.98 1579.97 1400.19 47.639
50 62 -0.0031 7e-05 100.0 641.38 1580.0 1401.25 47.534
50 63 -0.0032 0.00044 100.0 642.25 1580.01 1398.68 47.483
50 64 -0.0008 -7e-05 100.0 641.68 1578.68 1400.12 47.864
50 65 0.0014 -0.00037 100.0 642.58 1581.63 1399.52 47.672
50 66 0.0006 9e-05 100.0 641.93 1581.16 1400.93 47.667
50 67 0.0002 0.00017 100.0 642.29 1580.55 1399.76 47.62
50 68 -0.0008 2e-05 100.0 641.9 1578.93 1399.32 47.767
50 69 0.0 6e-05 100.0 641.86 1580.47 1399.72 47.803
50 70 0.0031 0.00023 100.0 642.07 1576.9 1399.7 47.813
50 71 -0.0022 -1e-05 100.0 642.35 1580.99 1401.74 47.782
50 72 -0.0034 9e-05 100.0 642.02 1579.31 1400.22 47.727
50 73 -0.0038 -5e-05 100.0 641.35 1580.02 1402.32 47.655
50 74 -0.0008 -3e-05 100.0 642.08 1581.05 1398.79 47.57
50 75 -0.0015 -8e-05 100.0 641.58 1579.46 1402.36 47.866
50 76 -0.0024 -0.0002 100.0 642.7 1578.66 1401.13 47.77
50 77 -0.0014 2e-05 100.0 642.14 1579.34 1400.2 47.711
50 78 0.0004 -0.00015 100.0 641.62 1579.38 1400.92 47.642
50 79 0.0007 -0.00043 100.0 642.31 1581.64 1400.76 47.669
50 80 -0.0033 -0.00014 100.0 642.48 1581.29 1401.53 47.851
50 81 0.002 -0.00028 100.0 641.79 1578.61 1400.63 47.787
50 82 0.0003 3e-05 100.0 642.07 1581.95 1401.19 47.915
50 83 0.0011 9e-05 100.0 642.55 1580.73 1399.45 47.822
50 84 -0.0006 0.00012 100.0 641.75 1581.42 1399.61 47.789
50 85 0.0008 5e-05 100.0 642.07 1579.54 1396.13 47.79
50 86 0.0001 -0.00038 100.0 641.38 1578.38 1401.74 47.887
50 87 0.0005 0.0002 100.0 641.53 1579.31 1400.38 47.87
50 88 0.0001 0.0002 100.0 642.16 1579.54 1398.72 47.918
50 89 0.0023 0.00032 100.0 641.94 1579.93 1398.65 47.964
50 90 -0.0022 0.00017 100.0 641.51 1580.81 1402.48 47.935
50 91 -0.0031 7e-05 100.0 642.37 1578.61 1399.35 47.882
50 92 -0.0007 0.00018 100.0 642.1 1579.38 1399.34 47.966
50 93 -0.0 0.00042 100.0 641.9 1578.23 1399.39 47.775
50 94 0.0001 0.00015 100.0 642.31 1577.95 1400.06 47.864
50 95 -0.0013 0.00021 100.0 641.76 1577.5 1400.5 47.886
50 96 0.0004 -0.0001 100.0 642.36 1578.95 1400.31 48.001
50 97 0.0037 0.00037 100.0 642.23 1582.44 1401.04 48.083
50 98 0.001 -9e-05 100.0 641.56 1582.02 1401.04 47.921
50 99 0.0031 2e-05 100.0 642.31 1580.79 1399.08 48.02
51 1 0.0022 6e-05 100.0 642.12 1579.94 1402.87 47.235
51 2 -0.0053 -0.00012 100.0 641.41 1579.9 1397.9 47.067
51 3 -0.0002 -0.00026 100.0 641.89 1580.37 1400.76 46.926
51 4 -0.0023 -0.00021 100.0 641.68 1581.68 1399.78 47.074
51 5 -0.0019 0.0002 100.0 642.02 1579.77 1401.49 47.108
51 6 -0.0016 0.00033 100.0 642.26 1579.25 1401.17 47.119
51 7 -0.0003 -0.00027 100.0 641.87 1578.59 1400.25 47.142
51 8 0.0007 -6e-05 100.0 641.41 1578.64 1399.82 47.098
51 9 -0.0004 -0.0 100.0 641.71 1580.53 1399.88 47.24
51 10 -0.0005 0.00014 100.0 641.54 1578.75 1397.88 47.154
51 11 -0.0008 -0.00013 100.0 641.86 1579.81 1402.82 47.384
51 12 0.0032 0.00011 100.0 641.87 1579.19 1397.89 47.244
51 13 -0.0018 -7e-05 100.0 642.29 1580.02 1397.49 47.44
51 14 0.0032 -0.00013 100.0 641.45 1578.93 1399.71 47.204
51 15 0.0032 -0.00053 100.0 641.71 1579.73 1399.95 47.387
51 16 -0.0001 0.0 100.0 642.07 1580.5 1398.23 47.262
51 17 0.0012 -5e-05 100.0 642.06 1579.83 1398.94 47.512
51 18 -0.001 1e-05 100.0 641.71 1579.64 1401.05 47.329
51 19 0.0017 -0.00029 100.0 642.05 1580.1 1398.82 47.352
51 20 -0.0001 0.00031 100.0 642.1 1580.71 1397.52 47.542
51 21 0.0005 -0.00014 100.0 642.04 1578.63 1397.84 47.436
51 22 0.0002 0.00018 100.0 642.02 1580.82 1400.79 47.416
51 23 -0.0031 0.00028 100.0 641.96 1582.0 1398.37 47.597
51 24 -0.0006 -0.00036 100.0 641.2 1579.61 1401.84 47.444
51 25 -0.0013 0.00015 100.0 641.94 1579.6 1398.92 47.507
51 26 -0.0015 1e-05 100.0 642.05 1580.19 1399.08 47.499
51 27 0.0015 -3e-05 100.0 642.6 1579.31 1399.41 47.414
51 28 0.0042 -4e-05 100.0 641.6 1580.12 1399.18 47.558
51 29 0.0028 -6e-05 100.0 642.29 1578.8 1400.16 47.395
51 30 0.004 -0.00035 100.0 642.28 1581.71 1399.79 47.623
51 31 -0.0014 -0.00023 100.0 641.86 1581.27 1400.35 47.574
51 32 -0.0029 9e-05 100.0 642.15 1579.53 1401.52 47.537
51 33 -0.0001 -0.00018 100.0 641.82 1579.35 1400.15 47.703
51 34 -0.0003 0.00048 100.0 642.36 1579.71 1400.87 47.78
51 35 0.0014 0.00017 100.0 642.21 1581.4 1399.04 47.752
51 36 -0.0048 -0.00017 100.0 642.23 1579.22 1403.22 47.815
51 37 -0.0012 -0.0003 100.0 642.52 1579.84 1398.58 47.659
51 38 0.0031 0.00016 100.0 642.22 1580.36 1398.93 47.877
51 39 -0.0009 -0.00028 100.0 641.94 1578.61 1402.21 47.662
51 40 -0.0003 0.0002 100.0 642.48 1581.04 1399.22 47.843
51 41 -0.001 0.00027 100.0 641.53 1580.18 1399.47 48.018
51 42 0.0001 -0.00026 100.0 642.24 1577.26 1398.91 47.765
51 43 0.0012 0.00018 100.0 641.78 1579.04 1398.96 48.142
51 44 -0.0002 -0.00013 100.0 642.09 1580.47 1397.84 47.899
51 45 -0.0051 -9e-05 100.0 642.06 1581.22 1400.07 47.809
51 46 -0.0001 0.00013 100.0 642.53 1579.59 1397.58 47.897
51 47 0.0002 0.00041 100.0 641.76 1579.45 1401.15 48.017
51 48 -0.0031 3e-05 100.0 641.54 1579.76 1399.16 48.039
51 49 0.002 -4e-05 100.0 642.04 1582.2 1399.81 48.009
51 50 0.0029 0.00013 100.0 642.04 1580.32 1399.8 48.113
51 51 -0.0024 0.00043 100.0 642.27 1580.15 1401.68 48.105
51 52 -0.002 -9e-05 100.0 641.66 1580.9 1401.94 48.132
51 53 -0.0025 -0.0002 100.0 642.17 1579.47 1399.63 48.238
51 54 0.0022 -0.00013 100.0 641.9 1580.81 1399.6 47.99
51 55 -0.0007 0.00032 100.0 642.35 1580.44 1401.84 48.03
51 56 0.0005 0.00025 100.0 641.91 1580.49 1399.3 48.093
51 57 -0.0 -2e-05 100.0 641.95 1581.47 1400.77 48.26
51 58 0.0009 -0.00011 100.0 642.25 1581.06 1401.9 48.207
51 59 0.0024 0.00018 100.0 641.83 1580.19 1402.11 48.298
51 60 0.0005 -8e-05 100.0 642.27 1579.23 1397.81 48.284
51 61 -0.0039 7e-05 100.0 642.49 1579.17 1401.04 48.486
51 62 0.0017 4e-05 100.0 641.7 1580.2 1398.61 48.361
51 63 0.001 5e-05 100.0 641.54 1578.96 1399.27 48.5
51 64 0.0028 -0.00012 100.0 641.81 1577.72 1398.86 48.415
51 65 0.0016 -2e-05 100.0 642.02 1580.22 1398.0 48.411
51 66 0.0038 0.00015 100.0 641.89 1581.17 1399.42 48.646
51 67 -0.0032 0.00024 100.0 642.42 1580.93 1399.3 48.308
51 68 0.0021 -5e-05 100.0 642.34 1581.04 1400.84 48.631
51 69 -0.0044 2e-05 100.0 642.23 1580.47 1397.89 48.298
51 70 0.0014 0.00014 100.0 641.93 1580.7 1398.88 48.485
51 71 0.0011 -0.00035 100.0 641.98 1580.24 1401.12 48.256
51 72 -0.0 0.00017 100.0 641.92 1581.29 1398.2 48.553
51 73 0.0015 0.00018 100.0 641.95 1581.42 1398.9 48.641
51 74 -0.0009 0.0002 100.0 642.39 1578.02 1400.56 48.45
51 75 0.0024 -2e-05 100.0 642.54 1581.36 1400.2 48.641
51 76 0.0028 -2e-05 100.0 641.86 1579.86 1395.34 48.52
51 77 -0.0002 -0.00014 100.0 642.05 1578.15 1400.12 48.747
51 78 0.0012 0.0001 100.0 642.01 1577.05 1400.54 48.633
51 79 -0.0025 -0.00027 100.0 642.59 1580.61 1399.37 48.665
51 80 -0.0007 0.0001 100.0 642.22 1580.15 1399.92 48.755
51 81 -0.0016 -0.0002 100.0 641.99 1580.11 1400.87 48.659
51 82 0.0007 0.00051 100.0 642.06 1579.99 1395.93 48.763
51 83 -0.0006 -0.00025 100.0 641.41 1579.51 1399.71 48.871
51 84 0.0019 -0.00013 100.0 642.28 1580.9 1399.83 48.711
51 85 0.0033 0.00031 100.0 641.89 1578.14 1399.62 48.788
51 86 -0.001 0.00019 100.0 641.93 1582.12 1399.63 48.855
51 87 -0.0012 -3e-05 100.0 641.97 1579.92 1400.77 48.694
51 88 0.0012 0.0001 100.0 641.92 1579.78 1401.25 48.896
51 89 -0.0 -4e-05 100.0 642.13 1578.99 1402.99 48.744
51 90 -0.0035 -0.00021 100.0 642.36 1579.72 1398.24 49.081
51 91 0.0034 0.00022 100.0 641.96 1578.88 1399.41 48.983
51 92 0.0029 0.0 100.0 641.79 1580.97 1401.05 49.148
51 93 0.0005 -0.00028 100.0 641.73 1579.98 1400.12 48.915
51 94 0.0037 -0.00035 100.0 641.59 1581.55 1399.52 49.145
51 95 0.0015 -0.0003 100.0 641.69 1578.68 1402.48 49.154
51 96 0.0023 7e-05 100.0 642.42 1580.67 1400.05 49.078
51 97 -0.0008 9e-05 100.0 642.03 1580.58 1400.33 48.913
51 98 0.0015 -0.00016 100.0 641.4 1578.41 1400.47 49.119
51 99 0.0008 0.00018 100.0 642.15 1579.77 1400.64 49.196
52 1 0.0018 0.00013 100.0 641.69 1579.12 1402.21 47.117
52 2 0.0011 -1e-05 100.0 642.34 1580.16 1399.43 47.128
52 3 -0.0022 -0.00026 100.0 642.46 1581.07 1398.08 47.228
52 4 0.0002 -0.00016 100.0 642.28 1579.63 1399.03 47.116
52 5 0.0018 -0.0003 100.0 641.93 1579.21 1400.17 47.148
52 6 0.002 -0.0001 100.0 641.37 1579.69 1401.04 47.163
52 7 -0.002 0.00011 100.0 641.93 1578.68 1400.24 47.116
52 8 0.0012 5e-05 100.0 641.9 1580.6 1400.95 47.123
52 9 0.0001 -0.00017 100.0 641.99 1579.79 1399.37 47.11
52 10 -0.0023 0.00027 100.0 641.91 1579.45 1398.33 47.239
52 11 -0.0026 0.00028 100.0 642.54 1582.23 1401.84 47.279
52 12 0.0008 0.00046 100.0 641.92 1579.5 1399.47 47.279
52 13 -0.001 -0.00027 100.0 642.58 1581.81 1399.73 47.152
52 14 0.0015 0.00013 100.0 641.82 1579.88 1399.96 47.249
52 15 0.0009 -8e-05 100.0 641.99 1581.37 1401.26 47.388
52 16 0.0002 -0.00014 100.0 642.25 1579.7 1397.12 47.499
52 17 0.0034 -3e-05 100.0 642.06 1577.99 1400.44 47.485
52 18 0.0021 -0.00012 100.0 641.9 1580.09 1402.31 47.436
52 19 -0.0002 -0.00025 100.0 642.0 1580.49 1400.65 47.454
52 20 0.0 -0.00021 100.0 641.89 1578.92 1401.18 47.474
52 21 -0.0009 0.00011 100.0 642.12 1580.95 1401.57 47.708
52 22 -0.0001 0.00036 100.0 642.29 1579.92 1400.79 47.341
52 23 0.0012 0.00012 100.0 641.22 1580.66 1399.58 47.681
52 24 0.0007 9e-05 100.0 641.97 1578.78 1402.23 47.508
52 25 -0.0031 2e-05 100.0 641.68 1580.76 1402.68 47.637
52 26 -0.0014 -0.0005 100.0 641.78 1580.88 1400.07 47.707
52 27 -0.0011 -0.00031 100.0 641.98 1581.58 1400.51 47.646
52 28 0.0025 0.00028 100.0 642.04 1579.53 1399.19 47.767
52 29 0.0001 -0.00031 100.0 641.31 1579.74 1400.34 47.642
52 30 -0.0021 -0.00044 100.0 641.44 1579.1 1398.47 47.882
52 31 0.0028 0.00017 100.0 642.42 1579.8 1398.49 47.759
52 32 0.0002 -8e-05 100.0 642.1 1581.29 1398.64 47.693
52 33 -0.0016 0.00042 100.0 642.05 1580.52 1400.07 47.682
52 34 0.0017 0.0 100.0 642.17 1580.97 1396.26 47.777
52 35 0.0001 9e-05 100.0 641.96 1580.7 1396.58 47.824
52 36 0.001 0.00017 100.0 641.59 1580.53 1399.27 48.09
52 37 -0.0007 -0.00011 100.0 642.59 1581.59 1401.18 47.825
52 38 0.0011 0.00016 100.0 641.88 1579.37 1402.87 47.967
52 39 0.0027 -7e-05 100.0 642.02 1579.24 1398.39 48.135
52 40 -0.0005 0.00011 100.0 641.2 1578.23 1399.44 47.676
52 41 -0.0009 -0.00017 100.0 642.07 1581.06 1399.78 47.882
52 42 -0.0021 0.00017 100.0 641.59 1581.89 1399.97 48.134
52 43 0.0009 0.00027 100.0 642.12 1580.84 1400.24 48.095
52 44 0.005 -0.00036 100.0 642.25 1577.36 1400.49 48.089
52 45 0.0008 0.00018 100.0 642.22 1577.96 1400.06 48.293
52 46 0.0024 -9e-05 100.0 642.21 1581.66 1401.33 48.073
52 47 -0.0022 0.00025 100.0 642.69 1578.7 1400.63 48.21
52 48 -0.0001 0.00025 100.0 641.83 1582.77 1399.26 47.968
52 49 0.0029 -0.0004 100.0 641.39 1578.72 1401.98 48.176
52 50 0.0002 -0.00011 100.0 641.8 1579.54 1398.61 48.119
52 51 0.0008 0.0002 100.0 641.66 1580.94 1397.92 48.196
52 52 0.0029 3e-05 100.0 642.15 1580.27 1397.46 48.462
52 53 -0.0007 0.00015 100.0 642.12 1580.14 1400.01 48.318
52 54 0.0009 -0.00013 100.0 641.54 1578.98 1401.87 48.161
52 55 0.0041 -3e-05 100.0 641.98 1580.48 1402.04 48.255
52 56 0.0022 0.00032 100.0 642.02 1580.36 1401.47 48.58
52 57 -0.0037 -0.0003 100.0 642.04 1581.51 1398.4 48.256
52 58 -0.001 -0.0002 100.0 642.61 1578.19 1398.25 48.396
52 59 0.0011 0.00024 100.0 641.39 1579.37 1402.94 48.315
52 60 -0.0001 0.00034 100.0 641.75 1580.63 1400.13 48.396
52 61 -0.0021 2e-05 100.0 641.72 1581.02 1401.08 48.401
52 62 -0.0023 0.00024 100.0 642.09 1579.44 1399.63 48.326
52 63 -0.0037 0.0 100.0 642.3 1579.87 1401.78 48.556
52 64 -0.0008 0.0002 100.0 641.41 1580.16 1400.87 48.674
52 65 0.0006 4e-05 100.0 641.81 1579.54 1398.26 48.679
52 66 0.0009 -4e-05 100.0 642.03 1578.97 1397.86 48.603
52 67 0.0013 -1e-05 100.0 641.78 1581.1 1401.29 48.524
52 68 -0.0017 -5e-05 100.0 642.4 1579.61 1400.41 48.583
52 69 -0.0012 -6e-05 100.0 641.81 1578.17 1400.33 48.409
52 70 -0.0019 0.00022 100.0 641.69 1580.15 1400.33 48.913
52 71 -0.0041 -4e-05 100.0 642.36 1578.86 1398.95 48.889
52 72 0.0003 -5e-05 100.0 642.23 1582.12 1398.11 48.737
52 73 0.0009 4e-05 100.0 642.47 1580.11 1400.82 48.757
52 74 0.0005 -0.00042 100.0 642.56 1579.96 1400.8 48.72
52 75 -0.0018 0.0 100.0 642.03 1578.98 1400.6 48.717
52 76 -0.0002 -0.00014 100.0 642.25 1580.54 1400.75 48.675
52 77 -0.0035 5e-05 100.0 642.5 1579.91 1399.14 49.028
52 78 0.0038 -0.0002 100.0 641.86 1581.16 1398.56 48.827
52 79 0.0004 -6e-05 100.0 641.8 1580.43 1400.2 48.714
52 80 0.0 -0.00015 100.0 641.63 1580.16 1401.59 48.892
52 81 0.0004 0.00012 100.0 642.44 1579.76 1398.15 48.981
52 82 -0.002 -7e-05 100.0 642.21 1580.2 1398.75 49.078
52 83 0.0031 -4e-05 100.0 641.8 1579.41 1398.67 49.077
52 84 -0.0002 0.00028 100.0 642.47 1578.86 1401.14 49.107
52 85 -0.0004 -3e-05 100.0 642.06 1580.76 1398.97 48.985
52 86 -0.0084 3e-05 100.0 642.67 1581.89 1402.16 49.198
52 87 -0.0042 0.00021 100.0 642.24 1578.27 1401.09 49.119
52 88 0.0009 -0.0 100.0 642.37 1581.41 1399.5 48.972
52 89 0.0013 -0.00018 100.0 642.17 1581.42 1399.52 49.013
52 90 0.0031 0.00011 100.0 642.0 1579.98 1400.7 49.277
52 91 -0.0023 7e-05 100.0 641.78 1579.91 1400.74 49.101
52 92 0.0004 -0.00042 100.0 641.85 1582.37 1398.89 49.323
52 93 -0.001 0.00013 100.0 641.96 1579.49 1398.89 49.227
52 94 -0.0016 1e-05 100.0 641.44 1579.41 1399.82 49.091
52 95 -0.0015 -0.00018 100.0 642.29 1581.59 1398.01 49.369
52 96 -0.0013 -0.00018 100.0 641.81 1580.37 1397.88 49.432
52 97 -0.0015 7e-05 100.0 641.63 1582.14 1400.32 49.424
52 98 0.0008 -0.00025 100.0 641.68 1580.84 1402.05 49.298
52 99 -0.0014 4e-05 100.0 642.46 1580.95 1398.31 49.322
53 1 -0.0048 -8e-05 100.0 642.18 1580.36 1397.51 46.946
53 2 -0.0006 0.00035 100.0 642.48 1579.06 1400.71 47.081
53 3 0.0028 0.0 100.0 641.87 1580.2 1400.29 47.054
53 4 0.0002 -0.00015 100.0 641.5 1578.61 1399.44 47.12
53 5 0.0009 -4e-05 100.0 641.84 1582.04 1399.69 47.125
53 6 0.0007 -3e-05 100.0 642.16 1580.17 1399.22 47.107
53 7 -0.0061 0.00045 100.0 642.34 1581.19 1398.41 47.194
53 8 -0.004 -7e-05 100.0 642.11 1579.15 1396.92 47.207
53 9 -0.0011 -9e-05 100.0 642.51 1580.29 1401.0 47.189
53 10 -0.0033 -0.00016 100.0 641.63 1578.51 1399.45 47.046
53 11 0.0021 8e-05 100.0 641.28 1581.78 1402.67 47.209
53 12 -0.0033 2e-05 100.0 642.16 1580.1 1400.27 47.265
53 13 -0.0011 -0.00023 100.0 642.1 1581.38 1402.2 47.301
53 14 -0.0006 5e-05 100.0 642.2 1579.31 1399.66 47.396
53 15 -0.004 0.0005 100.0 641.73 1580.35 1400.38 47.434
53 16 -0.0007 -0.00046 100.0 642.35 1578.06 1402.89 47.33
53 17 0.0016 4e-05 100.0 641.63 1579.07 1398.07 47.186
53 18 -0.003 -0.00029 100.0 642.13 1579.71 1397.66 47.399
53 19 -0.0021 -0.00027 100.0 642.51 1578.2 1402.22 47.258
53 20 0.0024 0.00018 100.0 642.38 1578.05 1399.87 47.429
53 21 0.0003 0.00011 100.0 641.94 1578.07 1400.56 47.252
53 22 0.0033 0.00028 100.0 641.79 1581.19 1401.55 47.33
53 23 -0.0007 -0.00018 100.0 642.37 1579.96 1401.09 47.28
53 24 -0.0021 -0.00022 100.0 642.02 1580.35 1401.46 47.436
53 25 0.0 -0.00036 100.0 641.93 1578.95 1399.5 47.32
53 26 -0.0001 -5e-05 100.0 642.11 1580.08 1399.44 47.447
53 27 0.0022 0.00012 100.0 641.65 1583.22 1400.94 47.422
53 28 0.0005 4e-05 100.0 642.17 1577.47 1398.74 47.681
53 29 0.0001 0.00016 100.0 641.67 1579.33 1400.37 47.574
53 30 -0.0001 -0.00035 100.0 642.15 1579.31 1399.47 47.473
53 31 -0.0013 0.00012 100.0 642.38 1578.54 1402.79 47.612
53 32 -0.0011 -1e-05 100.0 642.65 1578.73 1400.31 47.486
53 33 -0.0001 6e-05 100.0 641.9 1579.18 1399.93 47.649
53 34 -0.0005 -0.00031 100.0 642.24 1580.67 1400.2 47.706
53 35 0.0026 0.00033 100.0 642.33 1579.08 1399.0 47.692
53 36 -0.0007 5e-05 100.0 642.77 1580.5 1401.39 47.613
53 37 -0.001 -0.00023 100.0 641.73 1581.98 1399.94 47.758
53 38 0.001 -8e-05 100.0 642.08 1578.83 1400.21 47.791
53 39 0.0004 -0.00041 100.0 642.0 1579.74 1398.56 47.791
53 40 0.0023 -3e-05 100.0 642.36 1578.77 1397.84 47.917
53 41 0.0009 0.0 100.0 642.01 1578.42 1401.18 47.799
53 42 0.0019 0.00023 100.0 642.15 1580.45 1399.86 47.585
53 43 -0.0005 0.00017 100.0 641.55 1578.48 1398.95 47.865
53 44 0.0013 5e-05 100.0 641.95 1580.75 1398.84 47.884
53 45 -0.0013 0.00016 100.0 642.25 1579.94 1397.01 47.922
53 46 0.0009 0.00035 100.0 641.8 1580.07 1401.64 47.833
53 47 0.0003 1e-05 100.0 642.11 1579.72 1397.67 47.949
53 48 -0.0005 0.00017 100.0 642.09 1580.32 1401.7 47.994
53 49 -0.0027 0.00037 100.0 641.83 1579.51 1398.85 48.076
53 50 0.0012 -0.00015 100.0 642.06 1579.6 1402.61 48.285
53 51 0.0014 -0.00024 100.0 642.25 1580.46 1401.68 47.898
53 52 -0.0009 -6e-05 100.0 641.74 1580.26 1399.82 47.928
53 53 -0.0018 0.00021 100.0 641.95 1579.18 1398.04 48.092
53 54 -0.0012 -0.00042 100.0 642.54 1580.76 1398.78 47.977
53 55 0.0012 -4e-05 100.0 642.58 1581.96 1402.41 48.019
53 56 -0.0001 -0.00027 100.0 642.16 1579.98 1398.82 48.092
53 57 -0.0003 5e-05 100.0 641.73 1580.68 1398.38 48.161
53 58 -0.0012 -0.00013 100.0 642.19 1580.54 1399.37 48.105
53 59 0.0003 -7e-05 100.0 642.63 1579.24 1401.64 48.06
53 60 0.0 -7e-05 100.0 642.08 1577.89 1399.88 48.179
53 61 -0.0021 0.00018 100.0 641.9 1581.94 1400.83 47.967
53 62 0.0021 0.00015 100.0 642.08 1580.33 1399.45 48.088
53 63 0.0013 -0.0 100.0 641.91 1578.97 1399.14 48.14
53 64 0.0002 -0.00027 100.0 641.53 1580.33 1401.25 48.34
53 65 -0.0007 -5e-05 100.0 642.27 1579.36 1398.83 48.152
53 66 0.0019 0.00046 100.0 641.48 1580.69 1402.19 48.395
53 67 -0.0044 -9e-05 100.0 642.27 1579.9 1399.22 48.25
53 68 -0.0022 5e-05 100.0 641.49 1582.52 1400.61 48.421
53 69 -0.0007 -3e-05 100.0 641.85 1579.25 1402.96 48.403
53 70 -0.0014 8e-05 100.0 641.98 1580.92 1399.29 48.486
53 71 0.0025 -0.0004 100.0 642.12 1578.9 1400.6 48.275
53 72 -0.0007 -0.00043 100.0 641.41 1579.65 1400.5 48.351
53 73 -0.0017 0.0 100.0 641.56 1581.0 1398.88 48.501
53 74 0.0007 -0.00027 100.0 642.59 1579.51 1398.05 48.537
53 75 0.0003 1e-05 100.0 642.13 1581.63 1401.58 48.524
53 76 -0.0005 -9e-05 100.0 641.73 1579.95 1398.38 48.381
53 77 -0.0023 0.00011 100.0 641.99 1581.19 1399.55 48.548
53 78 -0.0005 0.0001 100.0 641.92 1579.49 1399.98 48.496
53 79 0.0 -0.00032 100.0 641.89 1582.4 1399.14 48.601
53 80 0.0034 0.00022 100.0 641.94 1579.94 1401.47 48.536
53 81 0.0016 -0.00018 100.0 642.06 1581.83 1398.5 48.556
53 82 -0.001 0.00019 100.0 641.96 1578.94 1399.01 48.7
53 83 0.0016 -0.00016 100.0 641.88 1578.95 1403.04 48.739
53 84 -0.0027 -0.0001 100.0 641.88 1578.46 1399.53 48.66
53 85 -0.0013 6e-05 100.0 641.84 1581.09 1400.61 48.605
53 86 0.0008 0.0003 100.0 641.75 1578.42 1398.37 48.793
53 87 -0.0022 0.00011 100.0 642.39 1577.36 1398.75 48.767
53 88 0.004 3e-05 100.0 641.1 1580.91 1401.75 48.681
53 89 0.0011 0.00025 100.0 641.66 1578.03 1401.87 48.783
53 90 -0.0006 -0.00032 100.0 642.71 1580.38 1398.87 48.714
53 91 0.0022 -2e-05 100.0 641.88 1581.86 1399.9 48.665
53 92 0.0041 0.00012 100.0 642.16 1578.99 1399.4 48.676
53 93 0.0022 6e-05 100.0 642.22 1578.87 1397.37 48.716
53 94 -0.0023 1e-05 100.0 641.5 1579.62 1400.29 48.798
53 95 -0.0021 -0.00011 100.0 642.07 1580.7 1399.34 48.992
53 96 -0.0025 0.00027 100.0 641.97 1579.76 1399.24 48.962
53 97 0.0006 -0.00014 100.0 641.84 1580.1 1399.21 48.855
53 98 0.0016 -2e-05 100.0 641.98 1582.23 1402.87 48.907
53 99 -0.0038 -2e-05 100.0 642.23 1579.44 1397.53 48.994
54 1 0.0013 -0.00061 100.0 641.84 1579.03 1398.73 46.959
54 2 -0.0035 -0.00037 100.0 641.92 1581.73 1400.4 47.078
54 3 0.0014 -0.00011 100.0 642.08 1577.94 1400.17 46.915
54 4 0.0024 -6e-05 100.0 641.35 1581.81 1402.74 46.95
54 5 0.0018 0.00024 100.0 642.21 1580.18 1395.33 47.043
54 6 -0.0002 -0.00013 100.0 642.14 1581.15 1397.88 47.165
54 7 -0.0021 -0.00023 100.0 642.06 1579.81 1398.47 47.212
54 8 -0.0016 -0.00037 100.0 642.18 1580.3 1401.19 47.151
54 9 -0.0001 4e-05 100.0 641.98 1581.0 1400.64 47.155
54 10 -0.0033 -0.00026 100.0 641.91 1580.88 1400.46 47.237
54 11 -0.003 -4e-05 100.0 641.85 1578.86 1401.61 47.102
54 12 0.0017 0.00025 100.0 642.44 1583.02 1399.53 47.028
54 13 0.0007 -5e-05 100.0 642.24 1577.87 1401.76 47.215
54 14 -0.002 0.0001 100.0 642.08 1579.7 1399.47 47.127
54 15 0.001 -1e-05 100.0 641.76 1580.12 1400.06 47.128
54 16 0.0008 0.00024 100.0 641.92 1579.76 1400.42 47.215
54 17 0.0011 4e-05 100.0 641.99 1578.31 1401.03 47.268
54 18 -0.0058 9e-05 100.0 641.89 1578.09 1398.69 47.25
54 19 -0.0016 -0.00016 100.0 642.26 1580.9 1399.27 47.176
54 20 -0.0032 -8e-05 100.0 641.95 1579.67 1400.44 47.384
54 21 -0.0025 -7e-05 100.0 641.68 1579.69 1400.07 47.116
54 22 -0.0007 0.00026 100.0 642.14 1579.67 1400.5 47.219
54 23 -0.0011 -0.00039 100.0 641.8 1579.41 1400.59 47.275
54 24 0.0013 0.0005 100.0 641.89 1580.82 1400.06 47.26
54 25 0.0005 -0.00031 100.0 641.89 1580.51 1400.18 47.369
54 26 -0.0014 4e-05 100.0 641.31 1579.98 1397.37 47.355
54 27 -0.0001 -0.00014 100.0 642.31 1579.77 1401.49 47.346
54 28 -0.0031 7e-05 100.0 641.72 1579.84 1399.28 47.306
54 29 0.0023 0.00011 100.0 642.35 1577.76 1398.93 47.293
54 30 0.0017 0.00013 100.0 642.44 1579.08 1398.7 47.361
54 31 0.0041 0.00022 100.0 641.95 1578.83 1402.37 47.285
54 32 -0.001 0.00016 100.0 642.18 1580.4 1397.36 47.373
54 33 0.0019 6e-05 100.0 642.05 1581.39 1401.76 47.232
54 34 0.0001 -9e-05 100.0 641.93 1582.04 1397.61 47.407
54 35 -0.002 -0.00053 100.0 641.9 1582.9 1401.37 47.405
54 36 -0.0014 0.00017 100.0 642.17 1579.68 1399.14 47.232
54 37 -0.0022 0.00024 100.0 641.87 1581.19 1402.34 47.323
54 38 0.0001 0.00013 100.0 642.28 1580.79 1400.03 47.354
54 39 0.002 -3e-05 100.0 641.66 1582.5 1401.75 47.265
54 40 0.0009 9e-05 100.0 641.84 1580.49 1401.73 47.221
54 41 -0.0005 0.00029 100.0 642.19 1578.91 1400.19 47.377
54 42 0.0015 -3e-05 100.0 641.95 1580.3 1397.22 47.118
54 43 0.0004 -8e-05 100.0 642.31 1579.11 1401.21 47.318
54 44 0.0014 -1e-05 100.0 641.79 1581.06 1401.73 47.322
54 45 -0.0006 -0.00013 100.0 642.09 1579.28 1398.63 47.502
54 46 0.0 -3e-05 100.0 642.48 1580.34 1402.2 47.455
54 47 -0.002 7e-05 100.0 642.19 1579.21 1398.71 47.3
54 48 -0.0047 2e-05 100.0 642.49 1581.34 1399.2 47.404
54 49 0.001 -0.00026 100.0 642.27 1580.02 1401.73 47.44
54 50 0.0014 0.0001 100.0 641.86 1579.8 1399.6 47.406
54 51 0.0017 6e-05 100.0 642.2 1578.59 1401.05 47.448
54 52 0.0024 -0.00031 100.0 642.2 1581.26 1401.11 47.552
54 53 0.0003 2e-05 100.0 641.99 1580.18 1401.35 47.523
54 54 0.003 -0.00017 100.0 641.55 1581.87 1399.84 47.566
54 55 -0.0016 7e-05 100.0 641.93 1580.04 1399.24 47.437
54 56 -0.0005 0.00034 100.0 642.5 1579.65 1398.38 47.683
54 57 0.0045 -3e-05 100.0 642.12 1579.44 1401.37 47.651
54 58 0.0027 -0.00012 100.0 641.69 1580.08 1399.77 47.36
54 59 -0.0005 -0.0003 100.0 641.81 1580.93 1398.71 47.55
54 60 0.0009 -0.00013 100.0 642.5 1582.13 1401.01 47.524
54 61 -0.0019 0.00051 100.0 642.05 1580.02 1401.21 47.606
54 62 0.0013 -2e-05 100.0 641.76 1580.13 1399.1 47.758
54 63 -0.0005 0.00013 100.0 641.72 1581.59 1399.67 47.417
54 64 -0.0043 -0.00028 100.0 641.97 1577.4 1398.8 47.709
54 65 -0.0018 0.00024 100.0 642.01 1581.53 1399.95 47.632
54 66 -0.0024 -0.00016 100.0 642.27 1579.92 1399.54 47.809
54 67 0.0025 -0.00032 100.0 641.6 1579.6 1399.58 47.599
54 68 0.0 0.00025 100.0 641.59 1577.65 1399.26 47.671
54 69 -0.007 -0.00016 100.0 641.84 1579.16 1399.22 47.636
54 70 0.0014 2e-05 100.0 641.26 1579.5 1399.57 47.753
54 71 -0.0003 0.00023 100.0 641.78 1577.89 1399.2 47.725
54 72 -0.0016 -3e-05 100.0 642.63 1580.21 1398.86 47.549
54 73 0.0002 -7e-05 100.0 642.0 1580.77 1399.01 47.695
54 74 -0.0022 -6e-05 100.0 641.46 1582.57 1398.67 47.876
54 75 -0.0013 -0.00018 100.0 641.89 1580.72 1399.33 47.743
54 76 -0.0026 0.00055 100.0 642.12 1578.61 1399.32 47.857
54 77 0.0006 -0.00034 100.0 641.4 1578.37 1398.12 47.758
54 78 -0.0008 -0.00029 100.0 641.92 1579.9 1399.17 47.613
54 79 -0.0007 -0.00028 100.0 641.4 1579.8 1402.67 47.804
54 80 0.0019 -0.0001 100.0 641.91 1580.22 1400.25 47.757
54 81 -0.0028 -0.00019 100.0 641.76 1579.21 1400.43 47.695
54 82 -0.0004 0.0001 100.0 642.36 1578.94 1400.52 47.793
54 83 -0.0005 -0.00018 100.0 642.01 1583.06 1404.39 47.804
54 84 -0.0008 -0.0001 100.0 642.18 1581.58 1396.63 47.832
54 85 -0.0025 2e-05 100.0 641.55 1579.73 1401.06 47.736
54 86 0.0006 0.00015 100.0 642.49 1580.76 1399.87 47.869
54 87 -0.001 -0.00014 100.0 642.24 1579.6 1401.8 47.848
54 88 -0.0009 6e-05 100.0 641.71 1580.91 1397.64 47.799
54 89 -0.002 -0.0001 100.0 641.99 1579.83 1400.25 47.857
54 90 0.0015 2e-05 100.0 642.14 1581.13 1399.8 47.839
54 91 -0.0014 0.00021 100.0 642.24 1578.26 1400.66 47.868
54 92 -0.0008 -0.00011 100.0 641.91 1578.12 1400.55 47.819
54 93 0.0029 4e-05 100.0 641.5 1579.17 1399.72 47.897
54 94 -0.0041 4e-05 100.0 642.02 1584.09 1401.35 47.943
54 95 -0.0017 0.00027 100.0 641.56 1580.13 1399.19 48.022
54 96 -0.0011 -0.00012 100.0 641.8 1578.92 1398.37 47.856
54 97 0.002 -0.00011 100.0 641.99 1576.96 1400.15 47.814
54 98 -0.0017 0.00026 100.0 641.92 1582.82 1401.46 47.977
54 99 -0.0022 -0.00037 100.0 641.94 1580.58 1401.52 48.193
55 1 0.0011 0.00011 100.0 641.75 1579.74 1401.54 47.025
55 2 0.0045 0.00022 100.0 641.81 1579.15 1402.62 47.005
55 3 0.0009 -0.00012 100.0 641.67 1583.27 1400.68 46.998
55 4 0.0008 0.00031 100.0 641.94 1578.73 1399.49 47.104
55 5 0.0 -0.0001 100.0 641.63 1579.49 1398.6 46.887
55 6 -0.0016 0.00023 100.0 642.05 1578.38 1399.69 47.066
55 7 -0.0003 0.0003 100.0 641.85 1578.91 1399.96 46.994
55 8 -0.0004 -0.00011 100.0 642.4 1581.85 1399.47 47.068
55 9 -0.0021 -0.00013 100.0 642.71 1579.32 1398.65 46.957
55 10 0.0032 0.00034 100.0 642.37 1582.18 1396.88 47.058
55 11 0.003 0.0001 100.0 641.73 1580.63 1399.04 47.035
55 12 -0.002 -0.00013 100.0 642.09 1580.08 1397.12 47.031
55 13 -0.003 -0.00017 100.0 642.17 1581.45 1398.94 47.153
55 14 -0.0008 0.0001 100.0 641.76 1579.97 1401.05 47.053
55 15 0.002 0.00013 100.0 642.0 1578.64 1399.58 47.23
55 16 -0.0001 -0.0003 100.0 642.35 1579.6 1398.39 47.035
55 17 0.0017 -0.00027 100.0 642.34 1578.8 1399.75 47.216
55 18 -0.0002 -0.00027 100.0 641.93 1579.67 1400.07 47.037
55 19 -0.0002 0.00014 100.0 641.6 1580.6 1401.43 47.007
55 20 0.0004 -3e-05 100.0 641.89 1581.11 1400.7 47.116
55 21 -0.0002 -7e-05 100.0 642.03 1580.37 1403.31 47.07
55 22 -0.0016 -0.00017 100.0 642.43 1580.42 1399.73 47.223
55 23 0.001 -0.00011 100.0 641.91 1582.41 1400.13 47.282
55 24 -0.0015 -0.00013 100.0 642.23 1581.43 1398.51 47.13
55 25 0.0032 0.0002 100.0 642.11 1579.88 1398.83 47.289
55 26 0.0015 7e-05 100.0 642.26 1579.65 1399.1 47.031
55 27 0.0015 2e-05 100.0 641.73 1581.22 1398.15 47.248
55 28 0.0025 -8e-05 100.0 641.83 1580.2 1397.94 47.244
55 29 -0.0035 -1e-05 100.0 641.94 1579.55 1401.87 47.188
55 30 -0.0013 0.00011 100.0 642.02 1580.23 1399.96 47.424
55 31 0.0002 0.00018 100.0 642.04 1580.66 1400.66 47.255
55 32 -0.0024 0.00055 100.0 642.24 1581.27 1402.03 47.385
55 33 0.0005 -0.00016 100.0 641.93 1580.2 1397.79 47.308
55 34 0.0005 -0.0 100.0 642.04 1579.29 1397.29 47.308
55 35 0.0003 0.00013 100.0 641.87 1579.21 1399.68 47.329
55 36 0.0037 -0.00035 100.0 642.24 1580.78 1400.78 47.238
55 37 -0.0027 0.00011 100.0 641.8 1580.29 1400.07 47.523
55 38 -0.0014 0.00025 100.0 642.13 1578.23 1398.14 47.423
55 39 -0.0022 -8e-05 100.0 641.4 1582.48 1402.25 47.355
55 40 0.0026 0.00035 100.0 642.16 1580.24 1398.98 47.326
55 41 -0.0018 0.0002 100.0 641.83 1581.91 1396.71 47.358
55 42 0.0022 2e-05 100.0 641.9 1582.74 1396.33 47.511
55 43 0.0002 -1e-05 100.0 642.26 1579.53 1398.37 47.332
55 44 -0.0034 0.00019 100.0 641.83 1579.5 1397.56 47.312
55 45 -0.0005 0.00022 100.0 641.99 1577.76 1402.26 47.256
55 46 -0.0013 6e-05 100.0 641.61 1579.18 1401.31 47.619
55 47 -0.0024 0.00031 100.0 641.3 1581.13 1399.79 47.427
55 48 0.0001 -0.00035 100.0 641.77 1577.84 1400.89 47.355
55 49 -0.0012 0.00035 100.0 642.25 1580.55 1401.99 47.459
55 50 -0.0022 -0.00015 100.0 642.24 1581.53 1403.97 47.443
55 51 0.0003 0.00016 100.0 641.89 1579.04 1397.71 47.471
55 52 -0.0005 -6e-05 100.0 641.51 1578.07 1400.09 47.496
55 53 -0.0019 9e-05 100.0 641.85 1580.18 1401.65 47.442
55 54 0.0043 -0.00015 100.0 641.47 1579.21 1400.02 47.487
55 55 -0.0035 -0.00037 100.0 642.12 1579.86 1398.11 47.426
55 56 0.0015 -0.00023 100.0 641.69 1582.84 1399.21 47.581
55 57 -0.0007 -4e-05 100.0 642.42 1579.58 1398.37 47.524
55 58 0.0021 0.00034 100.0 642.5 1580.02 1401.92 47.415
55 59 -0.0022 0.00047 100.0 642.19 1579.4 1399.79 47.397
55 60 0.0021 7e-05 100.0 642.2 1578.46 1399.62 47.458
55 61 -0.0026 -8e-05 100.0 641.79 1580.2 1399.97 47.446
55 62 0.0007 7e-05 100.0 642.17 1581.22 1401.01 47.535
55 63 -0.0009 0.0002 100.0 642.29 1582.03 1398.54 47.606
55 64 -0.001 7e-05 100.0 641.61 1579.23 1400.11 47.467
55 65 0.0012 -4e-05 100.0 641.9 1578.0 1400.9 47.547
55 66 -0.0027 0.00038 100.0 642.04 1581.26 1400.33 47.599
55 67 -0.0015 0.00022 100.0 642.01 1580.19 1400.43 47.722
55 68 0.0005 -0.00021 100.0 641.97 1580.81 1401.57 47.703
55 69 0.0005 -5e-05 100.0 642.02 1578.69 1401.55 47.68
55 70 -0.0003 -0.00011 100.0 641.84 1578.87 1400.23 47.827
55 71 -0.0 0.00023 100.0 641.66 1580.37 1400.13 47.77
55 72 0.0002 9e-05 100.0 642.0 1581.07 1400.06 47.843
55 73 -0.0001 -0.00013 100.0 641.73 1581.6 1400.67 47.663
55 74 -0.0017 0.00032 100.0 641.93 1580.22 1399.72 47.685
55 75 0.0013 0.0001 100.0 641.77 1580.81 1400.46 47.57
55 76 -0.002 -0.00016 100.0 642.2 1579.23 1401.58 47.598
55 77 -0.0002 -1e-05 100.0 642.09 1579.94 1400.17 47.606
55 78 -0.0006 0.00029 100.0 641.55 1578.33 1398.8 47.643
55 79 -0.0004 -0.00026 100.0 641.67 1577.82 1400.75 47.598
55 80 0.0034 3e-05 100.0 641.83 1581.55 1398.99 47.706
55 81 -0.0019 0.00013 100.0 641.92 1580.35 1399.6 47.678
55 82 0.0006 -6e-05 100.0 642.31 1579.81 1401.64 47.825
55 83 0.0003 -0.00012 100.0 642.28 1577.98 1402.08 47.679
55 84 -0.0009 -0.00011 100.0 641.87 1580.85 1400.47 47.673
55 85 -0.0015 0.00015 100.0 642.82 1583.28 1401.58 47.784
55 86 -0.0006 -0.0001 100.0 641.93 1581.64 1399.63 47.687
55 87 0.0006 0.00024 100.0 641.92 1580.89 1401.02 47.689
55 88 -0.0005 0.00015 100.0 642.02 1579.15 1402.98 47.607
55 89 0.0016 -0.0001 100.0 641.89 1581.12 1401.56 47.888
55 90 -0.0009 0.00042 100.0 642.64 1579.65 1401.51 47.654
55 91 0.0024 -1e-05 100.0 642.03 1582.79 1397.6 47.756
55 92 0.0001 0.00019 100.0 641.9 1581.96 1398.78 47.886
55 93 0.0052 0.00027 100.0 642.04 1578.77 1399.4 47.742
55 94 0.0018 -9e-05 100.0 642.11 1578.12 1399.72 47.899
55 95 0.0043 -2e-05 100.0 641.7 1578.69 1403.42 47.878
55 96 -0.0014 4e-05 100.0 641.72 1580.48 1402.9 47.773
55 97 0.0015 3e-05 100.0 642.5 1580.34 1397.91 47.874
55 98 0.0003 -6e-05 100.0 642.32 1579.62 1400.5 47.781
55 99 -0.0017 -0.00023 100.0 642.17 1578.54 1401.39 47.796
56 1 -0.0015 -0.00013 100.0 642.0 1580.73 1400.96 46.826
56 2 0.0027 0.00024 100.0 642.31 1578.42 1398.11 47.05
56 3 -0.0001 0.00023 100.0 641.88 1582.53 1401.32 46.956
56 4 0.0014 4e-05 100.0 642.05 1579.63 1401.06 47.019
56 5 0.0009 0.00024 100.0 642.34 1580.56 1400.34 47.135
56 6 0.0038 -0.00016 100.0 642.12 1577.74 1399.58 47.009
56 7 -0.002 0.00024 100.0 641.72 1580.86 1399.8 46.955
56 8 -0.0006 -0.00034 100.0 641.65 1579.73 1403.2 47.178
56 9 0.0009 5e-05 100.0 642.11 1581.6 1399.41 47.199
56 10 0.0018 -0.00046 100.0 642.1 1580.72 1400.83 47.168
56 11 -0.0007 -0.00017 100.0 642.06 1580.14 1398.47 47.036
56 12 -0.0017 -0.00027 100.0 641.73 1580.26 1401.54 47.261
56 13 0.0032 -0.00025 100.0 641.74 1580.05 1397.45 47.143
56 14 -0.0005 -6e-05 100.0 642.02 1579.85 1402.06 47.101
56 15 0.0043 -0.00012 100.0 642.28 1577.67 1400.1 47.317
56 16 -0.0001 -0.00025 100.0 642.31 1580.58 1398.42 47.285
56 17 0.0018 -3e-05 100.0 642.33 1581.03 1402.68 47.18
56 18 0.0011 0.00024 100.0 642.42 1580.75 1401.2 47.202
56 19 -0.0009 0.00023 100.0 641.64 1578.95 1400.55 47.168
56 20 -0.0027 0.00014 100.0 642.7 1582.06 1400.21 47.335
56 21 0.0011 7e-05 100.0 641.71 1579.53 1399.38 47.242
56 22 -0.0037 -5e-05 100.0 641.91 1578.37 1400.6 47.27
56 23 0.0008 9e-05 100.0 642.16 1579.03 1398.73 47.323
56 24 -0.0025 1e-05 100.0 642.18 1582.95 1399.29 47.3
56 25 -0.0035 -0.00032 100.0 641.92 1579.39 1401.04 47.283
56 26 0.0018 -0.00013 100.0 642.16 1577.42 1402.28 47.476
56 27 -0.0007 -2e-05 100.0 641.41 1580.85 1398.73 47.464
56 28 0.0005 -2e-05 100.0 642.14 1579.57 1399.12 47.593
56 29 -0.0001 -0.0 100.0 642.0 1579.68 1397.65 47.464
56 30 -0.0015 0.0001 100.0 641.7 1579.04 1402.46 47.519
56 31 -0.0007 -0.0004 100.0 641.43 1579.88 1400.92 47.443
56 32 0.0005 -0.00023 100.0 642.35 1579.98 1400.91 47.316
56 33 0.0015 0.00026 100.0 641.49 1581.13 1400.48 47.53
56 34 -0.0031 0.0 100.0 641.78 1579.87 1401.9 47.537
56 35 0.0022 -0.00012 100.0 642.09 1581.29 1397.7 47.67
56 36 -0.003 -2e-05 100.0 641.9 1578.99 1399.75 47.397
56 37 -0.0005 0.00025 100.0 642.6 1580.21 1400.34 47.566
56 38 0.0015 0.00016 100.0 642.45 1581.27 1399.42 47.689
56 39 0.0002 1e-05 100.0 642.12 1578.39 1399.96 47.751
56 40 0.0014 0.00036 100.0 641.81 1580.16 1399.9 47.789
56 41 0.0005 -4e-05 100.0 642.17 1578.78 1397.68 47.753
56 42 -0.0004 -8e-05 100.0 641.82 1581.68 1398.21 47.754
56 43 -0.0016 -0.0 100.0 641.93 1579.31 1400.12 47.834
56 44 0.0004 5e-05 100.0 642.87 1579.45 1399.87 47.728
56 45 -0.0003 7e-05 100.0 642.58 1579.04 1400.66 47.862
56 46 0.0021 -0.00017 100.0 642.49 1581.05 1400.47 47.886
56 47 -0.0004 -0.0004 100.0 642.05 1581.4 1399.56 47.719
56 48 0.0009 -5e-05 100.0 641.93 1576.71 1400.25 48.047
56 49 -0.0015 -0.00012 100.0 642.27 1580.94 1400.79 47.734
56 50 -0.0019 8e-05 100.0 641.88 1580.75 1399.41 47.807
56 51 0.0015 0.00011 100.0 641.76 1579.15 1399.82 48.097
56 52 0.0035 0.00014 100.0 641.87 1582.52 1401.72 47.864
56 53 -0.0034 0.00028 100.0 642.12 1582.17 1400.77 47.884
56 54 0.0021 0.0 100.0 642.37 1578.39 1400.58 48.059
56 55 -0.002 -2e-05 100.0 642.17 1579.01 1400.71 47.965
56 56 0.0006 9e-05 100.0 642.26 1580.8 1400.85 47.886
56 57 -0.0004 -5e-05 100.0 642.4 1578.85 1399.2 48.161
56 58 -0.0034 -0.00031 100.0 642.18 1579.93 1400.33 47.894
56 59 -0.0014 0.00014 100.0 642.18 1580.57 1401.51 47.94
56 60 0.0007 9e-05 100.0 642.28 1578.45 1401.66 48.164
56 61 -0.0005 7e-05 100.0 642.07 1580.76 1400.14 48.277
56 62 -0.001 0.00019 100.0 642.04 1579.64 1396.88 48.001
56 63 -0.0014 0.0 100.0 641.93 1580.12 1398.79 48.113
56 64 0.0031 0.00018 100.0 641.77 1579.92 1398.33 48.057
56 65 0.0015 -3e-05 100.0 642.25 1579.55 1399.18 47.878
56 66 0.0003 -0.00023 100.0 641.6 1581.1 1401.55 48.073
56 67 0.0003 6e-05 100.0 642.19 1579.97 1401.32 48.159
56 68 -0.0011 -0.00028 100.0 641.85 1578.12 1399.75 48.294
56 69 -0.0015 -0.00012 100.0 642.0 1577.81 1402.32 48.225
56 70 -0.0006 3e-05 100.0 642.13 1581.31 1396.73 48.273
56 71 0.0015 -0.00022 100.0 641.75 1579.59 1400.21 48.326
56 72 0.0005 4e-05 100.0 641.82 1580.45 1399.71 48.294
56 73 0.0028 -8e-05 100.0 641.93 1579.64 1401.6 48.358
56 74 -0.0006 0.00022 100.0 641.74 1580.84 1401.38 48.316
56 75 -0.0027 6e-05 100.0 642.01 1580.47 1398.56 48.237
56 76 0.0017 -0.00024 100.0 641.63 1580.92 1402.28 48.206
56 77 -0.0001 -5e-05 100.0 641.91 1578.98 1400.13 48.315
56 78 -0.0005 0.0001 100.0 642.39 1579.61 1399.73 48.413
56 79 -0.0031 -0.00024 100.0 641.79 1579.85 1397.75 48.364
56 80 0.0004 0.00031 100.0 642.18 1579.06 1399.81 48.323
56 81 0.0015 -0.00022 100.0 642.03 1579.27 1402.76 48.37
56 82 0.0023 -0.00015 100.0 642.22 1580.28 1400.99 48.531
56 83 -0.0006 -8e-05 100.0 641.99 1578.51 1401.09 48.359
56 84 0.002 -0.00023 100.0 641.99 1580.19 1401.49 48.351
56 85 -0.0008 0.00011 100.0 642.37 1579.73 1399.75 48.478
56 86 0.0012 0.00024 100.0 642.29 1579.87 1401.89 48.478
56 87 -0.0008 -0.0001 100.0 642.47 1579.33 1399.24 48.406
56 88 0.0026 -0.00021 100.0 642.16 1580.6 1397.16 48.672
56 89 -0.0019 -0.00014 100.0 641.79 1580.29 1402.3 48.496
56 90 0.0003 0.0 100.0 642.47 1579.49 1398.93 48.53
56 91 -0.0025 0.00049 100.0 641.88 1577.64 1399.95 48.431
56 92 -0.0003 0.0001 100.0 642.08 1580.63 1399.26 48.605
56 93 0.0011 -0.00016 100.0 642.2 1582.53 1397.78 48.469
56 94 -0.0029 0.00015 100.0 642.1 1582.26 1402.55 48.653
56 95 -0.0021 8e-05 100.0 642.36 1580.57 1400.89 48.675
56 96 0.0012 0.00013 100.0 642.21 1579.89 1400.67 48.596
56 97 0.0001 -0.00022 100.0 642.73 1580.3 1400.95 48.56
56 98 -0.0007 5e-05 100.0 642.08 1581.07 1399.0 48.729
56 99 0.0009 0.00023 100.0 641.91 1580.32 1402.14 48.673
57 1 -0.0017 5e-05 100.0 642.24 1582.76 1401.61 47.111
57 2 -0.0015 0.00022 100.0 642.62 1581.5 1403.05 47.035
57 3 -0.002 -0.0 100.0 641.52 1579.52 1402.27 46.984
57 4 -0.0009 -0.00022 100.0 642.25 1582.66 1400.01 47.314
57 5 0.0001 0.00052 100.0 641.67 1577.84 1402.95 47.247
57 6 0.0017 0.00011 100.0 641.87 1579.07 1399.04 47.302
57 7 -0.001 2e-05 100.0 642.4 1581.33 1398.49 47.587
57 8 -0.0012 5e-05 100.0 642.23 1580.13 1401.01 47.998
57 9 -0.0006 -0.00027 100.0 641.99 1579.09 1399.88 47.857
57 10 0.0019 0.0003 100.0 641.58 1578.52 1398.29 47.851
57 11 0.0005 0.00013 100.0 642.47 1578.65 1401.12 47.912
57 12 0.0039 -0.00021 100.0 641.46 1579.04 1400.64 48.117
57 13 0.003 0.0 100.0 641.78 1579.98 1397.1 48.401
57 14 0.0003 3e-05 100.0 641.93 1580.23 1401.69 48.689
57 15 0.0025 0.00036 100.0 641.84 1578.78 1398.89 48.714
57 16 0.0003 -0.0 100.0 642.12 1579.62 1402.1 48.874
57 17 0.0008 -0.00012 100.0 641.54 1580.91 1400.53 49.138
57 18 -0.0013 -0.00028 100.0 642.24 1581.18 1398.23 49.42
57 19 -0.0007 0.00046 100.0 642.27 1579.67 1399.01 49.686
57 20 -0.0018 -0.00021 100.0 642.22 1580.38 1399.98 50.025
57 21 -0.0001 -0.00012 100.0 641.71 1579.27 1399.85 50.097
57 22 0.0014 -0.00011 100.0 641.94 1580.26 1398.88 50.459
57 23 0.0016 0.00018 100.0 641.93 1579.89 1400.89 50.834
57 24 -0.0003 0.0003 100.0 642.2 1579.92 1399.21 51.123
57 25 -0.0008 0.00036 100.0 641.75 1579.74 1398.75 51.086
57 26 0.0019 0.00033 100.0 642.12 1578.01 1398.35 51.482
57 27 0.0005 -0.00021 100.0 641.91 1580.6 1396.1 51.829
57 28 -0.0015 -8e-05 100.0 641.34 1579.25 1399.94 52.188
57 29 0.0005 6e-05 100.0 641.99 1578.88 1401.41 52.509
57 30 -0.0012 -0.00017 100.0 641.24 1578.91 1398.49 52.647
57 31 -0.0018 1e-05 100.0 642.26 1581.29 1401.26 53.071
57 32 0.0006 8e-05 100.0 641.52 1581.62 1398.51 53.548
57 33 0.0007 -3e-05 100.0 642.67 1579.64 1397.54 53.749
57 34 0.0003 0.00036 100.0 642.26 1579.96 1400.65 54.131
57 35 0.0008 -3e-05 100.0 641.79 1581.06 1398.61 54.391
57 36 0.0011 -0.00014 100.0 642.73 1581.48 1401.53 54.777
57 37 -0.0008 5e-05 100.0 642.17 1580.24 1400.14 55.18
57 38 -0.0026 -0.00021 100.0 642.21 1577.58 1402.04 55.474
57 39 -0.0001 4e-05 100.0 642.16 1582.49 1400.44 55.947
57 40 -0.0001 -2e-05 100.0 642.73 1579.78 1400.81 56.452
57 41 0.0024 4e-05 100.0 641.72 1577.2 1400.48 56.873
57 42 0.0011 -0.00039 100.0 642.23 1580.13 1400.83 57.135
57 43 0.0021 5e-05 100.0 641.53 1579.95 1399.26 57.502
57 44 -0.0018 0.00026 100.0 641.94 1581.26 1397.6 57.951
57 45 0.0014 2e-05 100.0 641.36 1581.74 1401.62 58.279
57 46 0.0002 -8e-05 100.0 642.38 1581.86 1401.04 58.913
57 47 0.0012 -7e-05 100.0 642.15 1580.7 1399.48 59.052
57 48 0.0017 -0.00023 100.0 641.74 1578.73 1399.64 59.703
57 49 -0.0052 7e-05 100.0 641.51 1579.7 1397.88 60.165
57 50 -0.0007 -4e-05 100.0 641.58 1579.38 1400.66 60.493
57 51 -0.0015 -0.0002 100.0 641.83 1579.29 1399.06 60.927
57 52 0.0025 -0.0 100.0 641.81 1578.71 1401.15 61.391
57 53 -0.0003 -0.0001 100.0 641.79 1581.28 1402.61 61.904
57 54 0.0019 -0.00016 100.0 642.04 1579.4 1400.71 62.406
57 55 0.0045 -0.00011 100.0 641.54 1578.98 1400.35 63.107
57 56 -0.0001 -0.00017 100.0 642.16 1579.7 1401.0 63.232
57 57 -0.0015 0.00037 100.0 641.11 1582.18 1401.4 64.066
57 58 -0.0023 -0.00015 100.0 642.3 1577.5 1398.28 64.192
57 59 0.0001 8e-05 100.0 641.75 1577.56 1400.7 64.835
57 60 -0.0016 -0.00014 100.0 642.29 1579.91 1401.52 65.361
57 61 -0.0019 0.00027 100.0 642.41 1580.69 1398.67 65.997
57 62 -0.0022 -6e-05 100.0 641.98 1582.81 1400.69 66.508
57 63 -0.0027 0.00012 100.0 642.03 1581.5 1398.57 66.908
57 64 0.0024 0.00015 100.0 642.73 1581.13 1399.21 67.39
57 65 0.0026 -0.00069 100.0 641.96 1580.5 1396.85 68.042
57 66 -0.0024 -0.00055 100.0 641.52 1579.4 1399.89 68.479
57 67 0.003 -0.00038 100.0 642.63 1579.58 1401.44 69.093
57 68 0.0004 0.00016 100.0 641.62 1579.03 1402.55 69.582
57 69 0.0006 0.0001 100.0 641.64 1580.81 1401.88 70.185
57 70 -0.0036 0.00033 100.0 642.21 1581.62 1400.61 70.632
57 71 -0.0036 2e-05 100.0 642.12 1581.14 1401.62 71.233
57 72 0.0011 -1e-05 100.0 642.43 1580.55 1402.17 71.91
57 73 -0.0013 -0.00017 100.0 642.46 1578.44 1401.36 72.507
57 74 -0.0047 0.0001 100.0 641.74 1580.45 1399.27 73.178
57 75 0.0015 0.00028 100.0 641.43 1579.16 1397.29 73.682
57 76 -0.0 4e-05 100.0 642.3 1579.38 1400.82 74.354
57 77 -0.0004 -4e-05 100.0 642.35 1579.53 1397.89 74.969
57 78 -0.0019 0.00025 100.0 642.25 1577.7 1398.99 75.511
57 79 -0.0 0.00036 100.0 641.85 1580.65 1399.11 76.077
57 80 -0.0039 0.00021 100.0 641.88 1579.78 1399.07 76.897
57 81 0.0002 -0.00023 100.0 641.87 1579.02 1399.59 77.586
57 82 0.0007 -0.00022 100.0 642.3 1580.15 1401.91 77.929
57 83 -0.0024 0.0001 100.0 642.07 1578.65 1398.12 78.554
57 84 -0.0003 0.00033 100.0 642.35 1578.92 1396.31 79.216
57 85 -0.0016 0.00031 100.0 641.59 1578.05 1401.8 79.903
57 86 -0.0029 -0.00017 100.0 641.77 1581.4 1398.61 80.616
57 87 -0.0031 -0.00021 100.0 642.34 1579.52 1397.2 81.285
57 88 -0.0023 -0.00014 100.0 642.08 1582.33 1401.19 81.74
57 89 0.0031 0.00042 100.0 642.12 1581.89 1399.3 82.487
57 90 -0.0007 0.00018 100.0 641.89 1579.57 1400.09 83.174
57 91 0.0044 -0.00026 100.0 641.84 1580.4 1401.31 83.732
57 92 -0.001 -5e-05 100.0 641.32 1578.67 1397.35 84.504
57 93 -0.0021 -0.00034 100.0 641.91 1580.56 1400.17 85.303
57 94 0.0029 9e-05 100.0 642.49 1583.04 1401.4 86.007
57 95 -0.001 -3e-05 100.0 642.03 1579.87 1400.91 86.676
57 96 0.001 0.00012 100.0 642.14 1578.85 1400.05 87.231
57 97 -0.0039 0.00011 100.0 641.94 1580.58 1399.27 88.133
57 98 -0.0002 0.00018 100.0 642.3 1579.97 1397.6 88.798
57 99 0.001 -0.00033 100.0 641.96 1578.0 1398.46 89.533
58 1 0.0012 -0.00019 100.0 642.38 1579.53 1400.98 47.069
58 2 -0.0029 0.0 100.0 641.91 1580.44 1399.2 47.142
58 3 0.0014 3e-05 100.0 642.25 1577.87 1400.27 47.466
58 4 -0.0007 0.00023 100.0 641.58 1578.63 1400.88 47.945
58 5 0.0014 -2e-05 100.0 641.73 1578.87 1397.18 48.636
58 6 -0.0002 -7e-05 100.0 642.08 1580.14 1401.22 49.771
58 7 0.0001 -8e-05 100.0 642.25 1578.87 1401.39 51.131
58 8 0.0013 1e-05 100.0 642.35 1581.4 1400.59 53.028
58 9 -0.0008 -0.00033 100.0 642.13 1579.46 1398.46 55.307
58 10 0.001 -0.00019 100.0 642.61 1581.35 1399.64 58.122
58 11 -0.0008 0.00017 100.0 642.08 1579.15 1399.52 61.763
58 12 -0.003 -0.00015 100.0 641.53 1579.46 1398.83 65.756
58 13 0.001 0.00019 100.0 641.72 1580.24 1400.68 70.278
58 14 0.0011 -0.00017 100.0 641.69 1578.35 1400.06 76.048
58 15 0.0021 -4e-05 100.0 642.55 1578.4 1400.01 82.14
58 16 -0.0002 -0.00022 100.0 642.27 1579.64 1398.41 89.132
58 17 0.0005 -0.00016 100.0 642.13 1580.22 1401.5 96.847
58 18 0.0007 -0.00014 100.0 642.19 1580.29 1399.71 105.491
58 19 -0.0018 -4e-05 100.0 642.31 1580.78 1399.87 114.952
58 20 -0.0014 -3e-05 100.0 642.03 1577.68 1400.16 125.589
58 21 -0.0004 0.00032 100.0 642.45 1580.43 1398.97 137.214
58 22 0.003 -0.00011 100.0 641.67 1578.61 1398.98 149.838
58 23 0.0016 7e-05 100.0 642.06 1579.96 1401.45 163.576
58 24 -0.0008 0.00023 100.0 642.29 1579.06 1398.72 178.399
58 25 -0.0008 9e-05 100.0 641.82 1580.21 1399.92 194.301
58 26 -0.0016 -3e-05 100.0 642.32 1580.28 1401.52 211.498
58 27 0.0007 2e-05 100.0 642.4 1582.75 1399.57 229.752
58 28 -0.0014 -0.00028 100.0 642.37 1579.67 1396.93 249.482
58 29 0.0038 -0.00021 100.0 642.03 1581.42 1402.74 270.606
58 30 0.0008 -0.0001 100.0 642.24 1579.37 1400.43 292.988
58 31 0.0023 1e-05 100.0 642.07 1579.79 1398.16 316.774
58 32 -0.0044 -0.00014 100.0 641.75 1581.07 1398.3 341.798
58 33 0.0003 0.00057 100.0 642.1 1580.17 1399.74 368.431
58 34 0.0001 -0.00018 100.0 641.87 1579.87 1399.69 396.525
58 35 -0.0038 0.00043 100.0 642.09 1579.05 1401.53 426.22
58 36 -0.0012 9e-05 100.0 642.52 1579.4 1400.36 457.539
58 37 0.0059 0.00026 100.0 641.86 1579.43 1400.12 490.171
58 38 -0.0005 -0.00039 100.0 641.95 1580.75 1399.08 524.64
58 39 0.0002 -0.00011 100.0 642.03 1579.35 1400.68 560.782
58 40 0.0029 3e-05 100.0 641.95 1578.74 1397.36 598.712
58 41 0.0031 3e-05 100.0 641.99 1581.46 1400.21 638.246
58 42 -0.0005 -6e-05 100.0 642.38 1580.38 1399.24 679.363
58 43 0.0086 -0.00023 100.0 642.26 1579.46 1398.7 722.72
58 44 0.0016 -0.00019 100.0 641.31 1581.51 1399.58 767.906
58 45 -0.0032 -0.00048 100.0 641.78 1581.61 1400.87 814.714
58 46 0.0003 0.00035 100.0 642.33 1579.09 1401.61 863.729
58 47 0.0012 -0.00034 100.0 641.98 1579.21 1401.48 914.539
58 48 -0.0025 -7e-05 100.0 641.55 1578.91 1401.12 967.516
58 49 0.0026 -0.00025 100.0 642.12 1580.43 1401.19 1022.391
58 50 -0.0004 0.00016 100.0 642.29 1580.92 1399.76 1079.28
58 51 -0.0035 -5e-05 100.0 642.33 1580.13 1399.44 1138.295
58 52 -0.0005 4e-05 100.0 641.45 1578.96 1401.05 1199.308
58 53 0.0015 -1e-05 100.0 641.99 1579.17 1399.33 1262.82
58 54 -0.002 -0.00015 100.0 641.89 1580.64 1400.27 1328.018
58 55 -0.0007 -0.00022 100.0 642.16 1580.75 1399.8 1395.828
58 56 0.0023 1e-05 100.0 641.51 1580.93 1400.87 1466.07
58 57 -0.0001 5e-05 100.0 642.13 1580.94 1398.26 1538.297
58 58 0.004 -0.00012 100.0 641.89 1580.76 1398.56 1613.04
58 59 0.0022 -0.00016 100.0 641.83 1580.12 1398.38 1690.039
58 60 0.0021 3e-05 100.0 641.98 1579.16 1396.18 1769.409
58 61 -0.0004 0.00029 100.0 641.43 1579.61 1399.88 1851.059
58 62 0.0018 2e-05 100.0 642.06 1580.77 1400.94 1935.36
58 63 -0.0008 -0.00015 100.0 641.9 1578.19 1400.49 2022.34
58 64 -0.0002 4e-05 100.0 642.14 1579.15 1400.38 2111.668
58 65 -0.0015 0.0001 100.0 642.13 1580.44 1398.67 2203.63
58 66 -0.0004 3e-05 100.0 641.89 1579.08 1399.79 2297.813
58 67 -0.0012 -0.00016 100.0 642.29 1581.25 1399.64 2395.108
58 68 -0.003 0.0 100.0 641.7 1580.56 1401.54 2494.775
58 69 -0.0012 0.00012 100.0 641.56 1581.77 1398.71 2597.397
58 70 -0.0002 -4e-05 100.0 641.97 1579.08 1398.13 2702.445
58 71 0.0004 -4e-05 100.0 641.92 1580.3 1401.6 2810.221
58 72 -0.0004 0.00018 100.0 641.78 1580.26 1400.41 2920.906
58 73 0.001 -0.00012 100.0 641.85 1579.21 1398.92 3034.497
58 74 0.0047 -0.00026 100.0 641.75 1579.8 1399.92 3150.852
58 75 0.0021 4e-05 100.0 641.77 1581.62 1398.95 3270.149
58 76 -0.0005 0.00052 100.0 642.06 1580.62 1400.88 3392.072
58 77 -0.0005 -2e-05 100.0 642.1 1578.42 1398.5 3517.478
58 78 0.0 0.00032 100.0 641.84 1577.61 1396.76 3645.25
58 79 -0.001 -0.00022 100.0 641.94 1579.98 1400.56 3776.23
58 80 0.0005 0.00023 100.0 641.41 1580.46 1398.79 3910.536
58 81 -0.0003 -3e-05 100.0 641.89 1579.5 1403.42 4047.554
58 82 -0.0015 -0.00017 100.0 642.41 1579.23 1401.19 4187.862
58 83 0.0013 -0.0 100.0 642.36 1579.54 1399.41 4331.282
58 84 0.0009 -3e-05 100.0 641.51 1578.75 1399.91 4477.845
58 85 0.0021 -7e-05 100.0 642.18 1578.5 1400.91 4627.505
58 86 -0.0018 -0.0 100.0 642.27 1582.06 1400.22 4780.351
58 87 0.0004 -0.00013 100.0 642.21 1579.94 1398.61 4936.542
58 88 0.0025 -0.00015 100.0 642.23 1580.36 1399.3 5095.963
58 89 -0.0011 -5e-05 100.0 642.11 1581.05 1400.59 5258.831
58 90 -0.0014 0.00019 100.0 641.9 1579.69 1400.62 5424.93
58 91 -0.0009 0.00028 100.0 641.74 1580.47 1399.82 5594.484
58 92 0.0015 -0.00011 100.0 641.86 1581.15 1400.76 5767.348
58 93 0.0001 0.00048 100.0 641.58 1577.7 1399.11 5943.725
58 94 0.0031 -0.0001 100.0 641.67 1581.05 1397.98 6123.615
58 95 -0.0011 0.00018 100.0 642.31 1579.33 1402.62 6306.71
58 96 -0.0019 -8e-05 100.0 642.2 1578.79 1397.25 6493.579
58 97 0.0001 -5e-05 100.0 641.85 1577.44 1399.04 6683.898
58 98 -0.0005 -8e-05 100.0 641.86 1580.07 1398.43 6877.814
58 99 0.0007 8e-05 100.0 641.95 1577.62 1398.98 7075.27
59 1 0.0016 -0.00043 100.0 642.03 1581.41 1396.82 47.087
59 2 -0.0001 -0.00012 100.0 642.22 1580.74 1398.55 46.987
59 3 0.0012 -4e-05 100.0 641.98 1579.22 1400.57 47.159
59 4 0.0029 9e-05 100.0 642.47 1577.5 1401.81 47.165
59 5 -0.0028 -0.00013 100.0 641.53 1580.05 1399.4 47.093
59 6 -0.0005 -0.00018 100.0 642.08 1578.77 1396.43 47.145
59 7 -0.0009 2e-05 100.0 641.39 1579.62 1400.56 47.131
59 8 -0.0026 0.00014 100.0 641.41 1580.1 1398.82 47.17
59 9 -0.0034 -0.00023 100.0 641.82 1579.81 1400.24 47.251
59 10 0.0002 -0.00021 100.0 642.15 1581.88 1400.89 47.14
59 11 0.0027 0.00015 100.0 641.89 1578.79 1401.08 47.348
59 12 -0.0018 0.00028 100.0 641.77 1579.44 1398.68 47.536
59 13 -0.002 -2e-05 100.0 641.84 1581.51 1400.58 47.213
59 14 0.0038 0.00015 100.0 641.94 1580.09 1400.21 47.178
59 15 -0.0009 3e-05 100.0 642.03 1579.92 1402.8 47.256
59 16 0.0013 -0.00026 100.0 641.68 1578.17 1399.66 47.425
59 17 0.0008 0.00013 100.0 641.8 1577.68 1400.35 47.413
59 18 -0.0051 -0.0003 100.0 641.97 1580.48 1400.28 47.526
59 19 0.0013 4e-05 100.0 642.02 1580.32 1400.98 47.399
59 20 0.0009 0.00016 100.0 642.46 1580.49 1399.95 47.547
59 21 -0.0029 -5e-05 100.0 641.67 1578.03 1400.31 47.677
59 22 0.003 8e-05 100.0 642.0 1580.02 1399.4 47.728
59 23 -0.0042 3e-05 100.0 642.44 1580.22 1399.38 47.525
59 24 0.0051 -0.00014 100.0 641.91 1579.55 1397.25 47.552
59 25 0.0002 -0.00011 100.0 641.93 1576.72 1399.78 47.689
59 26 -0.0023 -0.00023 100.0 642.54 1580.34 1400.63 47.792
59 27 -0.0014 -0.00019 100.0 642.6 1579.34 1401.98 47.606
59 28 -0.0001 -4e-05 100.0 641.84 1579.13 1402.34 47.647
59 29 0.002 -0.00021 100.0 642.27 1580.03 1400.46 47.724
59 30 -0.0022 -0.00017 100.0 642.03 1579.15 1399.65 47.663
59 31 -0.0018 -0.00021 100.0 641.89 1579.45 1398.76 47.882
59 32 -0.0002 -0.0002 100.0 641.79 1579.86 1400.96 47.667
59 33 0.0018 0.00013 100.0 641.82 1579.21 1399.43 47.767
59 34 0.0023 -0.00042 100.0 641.73 1578.66 1399.45 48.006
59 35 0.0012 0.0001 100.0 641.9 1580.75 1400.63 47.882
59 36 -0.0008 0.00023 100.0 642.54 1580.99 1399.27 48.176
59 37 0.0023 0.00027 100.0 641.74 1577.6 1397.25 48.039
59 38 0.0014 -0.0 100.0 642.1 1582.14 1403.02 47.947
59 39 -0.0003 -0.00016 100.0 641.92 1579.07 1400.98 47.927
59 40 0.0009 -7e-05 100.0 642.17 1580.31 1399.76 48.108
59 41 -0.0018 -0.00038 100.0 642.68 1579.02 1399.61 48.297
59 42 0.0004 7e-05 100.0 641.96 1578.69 1397.4 48.216
59 43 -0.0022 0.00019 100.0 642.32 1581.08 1398.07 48.111
59 44 0.0018 3e-05 100.0 641.56 1578.35 1401.41 48.033
59 45 0.0014 -0.0001 100.0 641.98 1579.81 1399.34 48.025
59 46 0.0012 -0.00032 100.0 642.1 1578.27 1402.99 48.198
59 47 0.0008 0.00022 100.0 642.48 1580.22 1400.84 48.026
59 48 -0.0022 -6e-05 100.0 641.74 1580.6 1397.89 48.307
59 49 0.0033 1e-05 100.0 641.77 1577.39 1399.97 48.049
59 50 -0.0022 3e-05 100.0 641.89 1581.17 1399.92 48.247
59 51 -0.0007 8e-05 100.0 641.57 1578.87 1399.84 48.424
59 52 0.0052 0.00016 100.0 641.84 1580.06 1400.13 48.195
59 53 -0.0021 0.00012 100.0 641.7 1578.37 1402.42 48.165
59 54 -0.0032 0.00036 100.0 641.56 1579.5 1399.6 48.392
59 55 0.0007 -0.00016 100.0 642.48 1582.65 1400.24 48.385
59 56 0.0001 0.00012 100.0 641.99 1579.49 1398.85 48.527
59 57 0.0009 0.00024 100.0 642.14 1579.74 1400.76 48.438
59 58 0.0026 -5e-05 100.0 642.05 1580.5 1398.27 48.524
59 59 -0.0022 -5e-05 100.0 641.86 1578.94 1398.77 48.455
59 60 -0.0009 0.00025 100.0 641.99 1580.8 1400.72 48.576
59 61 -0.0007 -1e-05 100.0 642.25 1580.5 1399.49 48.618
59 62 -0.005 -9e-05 100.0 642.34 1578.27 1400.39 48.68
59 63 -0.001 -0.0 100.0 642.17 1578.69 1397.71 48.5
59 64 0.0022 -0.00015 100.0 642.34 1579.76 1400.04 48.418
59 65 0.0014 2e-05 100.0 642.0 1580.95 1400.67 48.765
59 66 0.0029 -6e-05 100.0 642.58 1579.98 1398.35 48.595
59 67 0.0035 9e-05 100.0 641.75 1577.65 1398.83 48.495
59 68 -0.0037 0.00059 100.0 641.83 1579.83 1401.67 48.691
59 69 -0.0013 0.00017 100.0 641.93 1579.81 1399.72 48.628
59 70 -0.0004 -2e-05 100.0 642.29 1580.11 1399.12 48.856
59 71 0.001 -0.00013 100.0 642.05 1582.16 1399.75 48.668
59 72 -0.002 9e-05 100.0 641.8 1579.5 1400.78 48.88
59 73 0.0009 -9e-05 100.0 642.05 1581.04 1398.06 48.921
59 74 -0.0046 -0.00025 100.0 642.47 1576.42 1399.07 48.88
59 75 0.0011 -0.00027 100.0 642.26 1580.97 1401.17 48.818
59 76 -0.0004 -1e-05 100.0 641.8 1580.54 1398.62 48.971
59 77 0.0034 -0.00015 100.0 641.75 1580.79 1398.03 48.95
59 78 0.0027 0.00015 100.0 641.98 1579.51 1398.62 48.745
59 79 -0.0037 5e-05 100.0 641.71 1579.36 1399.08 49.012
59 80 -0.0018 -6e-05 100.0 642.04 1580.27 1398.3 49.025
59 81 0.001 0.00013 100.0 642.35 1580.62 1403.02 49.154
59 82 -0.0013 -2e-05 100.0 642.21 1581.98 1400.04 49.188
59 83 -0.0022 -0.00012 100.0 641.73 1579.15 1399.37 49.089
59 84 -0.0001 0.00021 100.0 642.24 1578.32 1400.46 49.163
59 85 -0.0045 -1e-05 100.0 641.63 1579.42 1398.2 49.088
59 86 0.0004 0.00034 100.0 642.06 1578.46 1397.97 49.191
59 87 -0.0003 -0.00027 100.0 641.91 1580.25 1401.37 49.294
59 88 -0.0029 -5e-05 100.0 642.05 1579.76 1397.44 48.907
59 89 0.003 0.00032 100.0 642.43 1581.7 1398.73 49.16
59 90 -0.0012 5e-05 100.0 641.72 1580.14 1396.81 49.268
59 91 0.0028 0.00029 100.0 641.87 1580.08 1398.47 49.302
59 92 0.0004 -0.0002 100.0 641.92 1579.01 1401.27 49.36
59 93 -0.0016 3e-05 100.0 641.87 1578.96 1401.42 49.42
59 94 -0.001 0.00048 100.0 642.35 1580.41 1398.24 49.467
59 95 0.0024 0.00025 100.0 641.93 1578.49 1397.15 49.458
59 96 0.004 0.00015 100.0 641.88 1581.36 1397.78 49.385
59 97 0.0016 -0.00022 100.0 642.24 1579.18 1398.0 49.288
59 98 -0.0006 -8e-05 100.0 642.15 1579.88 1401.52 49.304
59 99 0.0015 7e-05 100.0 642.15 1579.98 1401.78 49.259
60 1 -0.0005 2e-05 100.0 641.98 1581.7 1401.97 47.068
60 2 -0.0007 -0.00023 100.0 641.97 1581.14 1399.18 46.947
60 3 0.0004 -1e-05 100.0 642.18 1579.71 1398.27 46.983
60 4 -0.0019 -0.00026 100.0 641.96 1578.81 1401.44 47.164
60 5 0.0016 -3e-05 100.0 641.82 1577.73 1397.41 46.961
60 6 0.0011 2e-05 100.0 641.98 1580.68 1398.77 47.061
60 7 -0.0019 0.0001 100.0 642.18 1580.07 1398.43 46.995
60 8 -0.0005 3e-05 100.0 642.08 1581.07 1401.85 47.205
60 9 -0.0015 0.00057 100.0 641.66 1581.24 1402.05 47.184
60 10 0.0008 6e-05 100.0 641.95 1577.51 1399.86 47.209
60 11 0.0019 2e-05 100.0 641.8 1580.82 1400.89 47.012
60 12 0.003 0.00018 100.0 642.15 1580.11 1397.7 47.153
60 13 0.0017 0.00011 100.0 641.59 1581.01 1399.34 47.211
60 14 0.0033 0.0001 100.0 642.32 1578.57 1400.08 47.148
60 15 -0.0003 0.00013 100.0 642.02 1579.97 1398.17 47.286
60 16 0.004 -5e-05 100.0 641.71 1580.5 1401.24 47.098
60 17 -0.0001 -0.00013 100.0 642.25 1580.68 1399.61 47.196
60 18 -0.0029 -0.0002 100.0 641.96 1581.83 1398.92 47.118
60 19 0.0006 0.00013 100.0 642.13 1581.52 1401.59 47.3
60 20 0.0008 -9e-05 100.0 642.21 1579.87 1401.28 47.185
60 21 -0.0003 0.00022 100.0 641.85 1580.22 1398.78 47.163
60 22 0.0026 -0.00027 100.0 642.14 1581.64 1398.1 47.403
60 23 -0.0035 -0.00013 100.0 641.76 1580.89 1397.65 47.3
60 24 -0.0002 0.00031 100.0 641.83 1579.19 1401.03 47.239
60 25 -0.001 0.0002 100.0 642.26 1580.7 1398.65 47.348
60 26 -0.0005 0.00032 100.0 642.15 1579.79 1398.88 47.16
60 27 -0.0012 3e-05 100.0 641.63 1577.67 1399.34 47.178
60 28 0.0012 0.0001 100.0 642.14 1579.05 1403.15 47.315
60 29 -0.0009 -7e-05 100.0 641.69 1579.7 1399.69 47.439
60 30 -0.0035 -0.00019 100.0 641.98 1580.36 1397.47 47.472
60 31 0.0009 0.00025 100.0 642.6 1581.18 1399.41 47.566
60 32 0.0012 1e-05 100.0 641.65 1580.24 1399.52 47.601
60 33 0.0 0.00034 100.0 642.12 1579.16 1399.95 47.328
60 34 0.0002 0.00013 100.0 641.97 1580.87 1398.67 47.473
60 35 -0.0018 -0.00012 100.0 641.84 1580.44 1401.02 47.513
60 36 -0.0007 -0.00019 100.0 642.7 1579.1 1400.49 47.435
60 37 -0.0013 0.00011 100.0 641.58 1581.73 1398.44 47.55
60 38 -0.0002 -0.00017 100.0 642.07 1579.36 1397.61 47.568
60 39 0.0015 0.00023 100.0 642.04 1578.45 1399.5 47.747
60 40 0.0007 6e-05 100.0 641.96 1580.68 1398.6 47.488
60 41 -0.0018 0.00035 100.0 641.99 1578.12 1400.34 47.586
60 42 0.0015 -0.00011 100.0 641.66 1578.97 1396.54 47.721
60 43 0.0026 -1e-05 100.0 641.84 1578.08 1400.32 47.585
60 44 -0.0022 0.0004 100.0 641.96 1580.62 1399.7 47.468
60 45 0.0004 -0.00018 100.0 642.68 1579.89 1401.35 47.433
60 46 -0.0003 -0.00044 100.0 642.18 1579.89 1401.09 47.73
60 47 -0.0007 -0.00022 100.0 641.99 1579.62 1399.87 47.439
60 48 0.0021 -0.00021 100.0 641.75 1580.91 1398.77 47.485
60 49 0.0012 5e-05 100.0 641.85 1579.63 1399.55 47.755
60 50 0.0002 0.00011 100.0 641.98 1579.32 1401.65 47.663
60 51 -0.0011 0.00041 100.0 641.87 1582.87 1401.85 47.682
60 52 0.0003 0.0002 100.0 641.67 1581.06 1400.62 47.768
60 53 0.004 0.00013 100.0 641.4 1578.38 1398.72 47.722
60 54 0.002 0.00033 100.0 642.03 1578.89 1397.82 47.755
60 55 -0.0002 -3e-05 100.0 641.85 1579.51 1401.04 47.782
60 56 0.0012 -0.00037 100.0 641.8 1579.86 1397.62 47.673
60 57 -0.0006 -0.00015 100.0 641.84 1579.86 1400.84 47.846
60 58 -0.0007 -0.0001 100.0 642.66 1580.95 1398.86 47.781
60 59 -0.0052 0.00014 100.0 642.18 1579.61 1400.48 47.663
60 60 -0.0009 0.00018 100.0 641.7 1578.39 1398.62 47.72
60 61 -0.001 8e-05 100.0 642.29 1580.35 1402.73 47.747
60 62 -0.0039 -5e-05 100.0 642.19 1579.8 1399.27 47.93
60 63 -0.002 8e-05 100.0 641.84 1580.06 1397.66 47.725
60 64 0.0013 0.00025 100.0 641.99 1578.32 1400.79 47.704
60 65 0.0009 2e-05 100.0 642.08 1577.89 1400.0 47.968
60 66 -0.0029 4e-05 100.0 642.39 1580.03 1401.12 48.023
60 67 -0.0016 -8e-05 100.0 641.95 1579.19 1399.02 47.743
60 68 0.0006 6e-05 100.0 642.19 1579.68 1399.93 47.825
60 69 -0.002 -0.00023 100.0 641.92 1580.28 1398.68 47.789
60 70 0.0001 2e-05 100.0 641.91 1579.82 1397.33 47.929
60 71 0.0007 9e-05 100.0 642.43 1579.09 1400.73 47.948
60 72 -0.0004 -5e-05 100.0 642.23 1579.12 1399.3 47.904
60 73 -0.0004 0.00021 100.0 642.08 1580.32 1401.98 47.985
60 74 0.0001 2e-05 100.0 641.96 1579.92 1398.04 47.854
60 75 -0.0009 -0.00012 100.0 642.14 1578.47 1401.79 48.033
60 76 0.0018 -0.00019 100.0 642.26 1579.43 1399.93 48.035
60 77 -0.0 -0.0001 100.0 642.16 1581.1 1397.61 47.72
60 78 -0.0003 0.0003 100.0 641.38 1578.48 1400.67 48.025
60 79 -0.0001 8e-05 100.0 641.71 1580.86 1402.56 48.084
60 80 0.0016 0.00029 100.0 641.95 1577.46 1400.83 48.121
60 81 0.0011 -0.00022 100.0 641.68 1579.17 1399.75 47.941
60 82 -0.0045 0.00032 100.0 642.27 1581.11 1399.53 48.159
60 83 -0.0001 1e-05 100.0 642.22 1580.15 1401.69 48.018
60 84 -0.0001 0.00012 100.0 642.13 1578.52 1402.81 48.108
60 85 -0.0009 7e-05 100.0 642.0 1578.8 1398.46 48.255
60 86 0.0012 0.00012 100.0 642.34 1578.16 1400.33 48.16
60 87 -0.0024 0.00011 100.0 641.89 1580.98 1398.78 47.888
60 88 0.0019 0.00067 100.0 642.07 1579.22 1398.03 48.172
60 89 -0.0001 0.00044 100.0 642.31 1579.79 1400.48 47.993
60 90 0.0027 0.0001 100.0 641.82 1580.09 1400.85 48.088
60 91 0.0004 -4e-05 100.0 641.87 1580.61 1398.93 48.204
60 92 -0.0032 -3e-05 100.0 642.47 1578.82 1399.41 48.096
60 93 -0.0003 -5e-05 100.0 641.73 1577.82 1399.44 48.25
60 94 0.0006 -9e-05 100.0 642.1 1580.31 1400.49 48.379
60 95 0.0001 -0.00015 100.0 642.74 1579.82 1400.03 48.14
60 96 0.0023 0.0001 100.0 641.62 1580.86 1399.62 48.264
60 97 0.0002 -0.00027 100.0 641.76 1580.08 1401.13 48.298
60 98 0.0016 -0.00012 100.0 642.23 1578.2 1400.19 48.371
60 99 -0.0022 -0.00022 100.0 641.68 1579.87 1401.4 48.152
61 1 0.0027 -0.00025 100.0 642.03 1579.19 1398.81 47.199
61 2 0.0011 2e-05 100.0 642.4 1579.81 1398.38 47.066
61 3 0.0014 0.00027 100.0 642.17 1580.62 1400.44 47.117
61 4 -0.0025 7e-05 100.0 641.92 1580.95 1399.89 47.015
61 5 0.0001 6e-05 100.0 642.64 1581.19 1401.74 47.067
61 6 0.0008 -0.00026 100.0 641.75 1578.91 1403.2 47.105
61 7 -0.0022 0.00023 100.0 642.79 1578.16 1400.9 47.259
61 8 0.0009 -9e-05 100.0 642.02 1580.53 1397.92 46.972
61 9 0.0026 0.00026 100.0 641.57 1581.09 1399.85 47.382
61 10 -0.0002 -0.00017 100.0 641.99 1581.09 1400.78 47.207
61 11 -0.0017 -8e-05 100.0 641.67 1580.78 1401.67 47.292
61 12 0.0013 -0.0001 100.0 642.32 1580.07 1399.45 47.216
61 13 0.0029 5e-05 100.0 641.67 1581.01 1398.36 47.282
61 14 -0.0025 0.00019 100.0 642.0 1582.05 1397.98 47.31
61 15 0.0016 -3e-05 100.0 641.78 1579.47 1401.69 47.257
61 16 -0.0041 0.0003 100.0 642.11 1578.8 1398.6 47.412
61 17 -0.0017 -0.00018 100.0 642.0 1580.65 1398.54 47.328
61 18 -0.001 -7e-05 100.0 641.98 1582.8 1399.21 47.129
61 19 -0.0002 6e-05 100.0 642.26 1579.0 1400.69 47.473
61 20 -0.0003 0.00016 100.0 641.71 1579.37 1400.69 47.51
61 21 -0.0026 0.00022 100.0 642.3 1577.64 1400.49 47.466
61 22 0.0011 -6e-05 100.0 641.9 1579.01 1401.0 47.497
61 23 0.0036 6e-05 100.0 642.07 1580.1 1401.17 47.601
61 24 -0.0008 6e-05 100.0 642.28 1578.86 1399.73 47.586
61 25 0.0007 0.00014 100.0 642.53 1581.8 1397.73 47.603
61 26 -0.0021 0.0002 100.0 641.85 1581.65 1400.5 47.613
61 27 0.0024 0.00012 100.0 641.81 1579.08 1398.81 47.675
61 28 0.0021 9e-05 100.0 642.06 1579.18 1398.81 47.747
61 29 -0.0002 -1e-05 100.0 642.01 1581.2 1400.84 47.648
61 30 -0.0011 -0.00027 100.0 642.01 1579.65 1399.92 47.639
61 31 -0.0028 0.00021 100.0 642.17 1579.68 1399.52 47.816
61 32 0.0002 -0.00014 100.0 641.97 1580.39 1398.52 47.869
61 33 0.0021 -0.00042 100.0 641.91 1579.49 1399.81 47.699
61 34 0.0042 0.00054 100.0 642.19 1580.23 1398.83 47.737
61 35 0.0008 0.00012 100.0 641.7 1579.7 1398.31 47.812
61 36 -0.0024 -0.0004 100.0 642.12 1580.27 1398.49 47.936
61 37 -0.0007 0.00037 100.0 642.26 1581.38 1401.26 47.868
61 38 0.0036 0.0002 100.0 641.7 1580.92 1402.11 47.789
61 39 0.0005 -0.00034 100.0 642.24 1579.67 1398.8 47.98
61 40 0.003 0.00016 100.0 641.84 1580.7 1400.33 47.899
61 41 -0.0015 -0.00012 100.0 642.2 1577.93 1401.1 47.889
61 42 0.0029 -0.0002 100.0 642.12 1579.77 1401.52 48.111
61 43 0.0036 -0.0001 100.0 642.24 1580.37 1397.21 47.928
61 44 0.0001 0.00051 100.0 642.0 1581.08 1401.7 47.923
61 45 -0.0003 0.0003 100.0 642.13 1579.93 1399.49 48.329
61 46 0.0022 0.00017 100.0 642.26 1580.83 1400.91 48.103
61 47 -0.0011 0.00018 100.0 642.55 1578.42 1400.42 48.141
61 48 -0.0008 0.00056 100.0 642.07 1580.58 1401.83 47.953
61 49 0.0037 -0.00032 100.0 641.66 1580.73 1399.81 48.081
61 50 0.0029 -0.00017 100.0 642.25 1579.2 1397.91 48.166
61 51 0.0007 -0.00019 100.0 641.72 1579.62 1401.14 48.29
61 52 -0.0003 0.00014 100.0 641.35 1578.56 1402.62 48.262
61 53 0.0003 -0.0001 100.0 641.9 1580.14 1398.24 48.301
61 54 0.0016 -0.00027 100.0 641.79 1580.62 1399.59 48.465
61 55 -0.0017 -7e-05 100.0 642.18 1580.28 1400.74 48.266
61 56 -0.0006 -0.00013 100.0 642.23 1581.68 1397.21 48.3
61 57 -0.0023 9e-05 100.0 642.08 1580.04 1398.32 48.248
61 58 0.0031 -2e-05 100.0 641.79 1581.11 1400.26 48.239
61 59 -0.0013 0.00034 100.0 641.94 1581.44 1398.74 48.595
61 60 -0.0024 0.00026 100.0 641.93 1579.21 1401.69 48.326
61 61 -0.0004 -0.00014 100.0 642.06 1579.93 1401.88 48.443
61 62 0.0007 0.00029 100.0 641.97 1582.35 1401.37 48.494
61 63 -0.0006 0.00022 100.0 642.17 1580.12 1399.69 48.32
61 64 -0.0001 0.00032 100.0 642.14 1578.28 1399.63 48.302
61 65 -0.0027 -0.00036 100.0 642.02 1578.53 1400.76 48.458
61 66 0.003 0.0003 100.0 641.91 1579.72 1401.7 48.384
61 67 0.0037 -0.00022 100.0 642.62 1580.55 1400.7 48.673
61 68 -0.0003 -0.00024 100.0 641.99 1581.6 1401.77 48.675
61 69 -0.0007 0.0002 100.0 641.86 1580.15 1398.32 48.739
61 70 -0.0008 3e-05 100.0 641.77 1577.75 1401.03 48.666
61 71 0.0003 8e-05 100.0 641.87 1580.74 1398.7 48.637
61 72 -0.0018 -0.00013 100.0 642.02 1578.57 1401.01 48.809
61 73 -0.0022 0.0003 100.0 641.94 1581.55 1400.98 48.647
61 74 0.0 0.00033 100.0 642.12 1577.22 1398.73 48.827
61 75 0.0003 -0.00025 100.0 641.71 1577.98 1399.73 48.876
61 76 0.0057 -7e-05 100.0 642.63 1579.55 1399.55 48.68
61 77 -0.0003 -1e-05 100.0 641.79 1580.35 1399.29 48.689
61 78 0.0016 0.00022 100.0 642.21 1578.86 1399.74 49.128
61 79 -0.0016 4e-05 100.0 641.57 1580.56 1399.04 48.676
61 80 -0.0023 0.00011 100.0 641.93 1577.67 1399.21 48.939
61 81 0.0027 -0.00012 100.0 642.09 1580.53 1401.22 49.088
61 82 -0.0009 0.00025 100.0 642.28 1578.87 1397.74 48.901
61 83 -0.0016 -4e-05 100.0 641.86 1581.22 1400.83 48.944
61 84 -0.002 0.00034 100.0 642.04 1580.76 1396.31 48.851
61 85 0.0004 -6e-05 100.0 642.5 1578.47 1399.2 48.943
61 86 0.0005 -6e-05 100.0 641.96 1580.85 1398.36 49.126
61 87 0.0008 -4e-05 100.0 642.14 1581.63 1399.11 48.923
61 88 -0.0015 -0.00027 100.0 642.25 1581.73 1401.86 49.057
61 89 -0.0021 9e-05 100.0 642.19 1579.37 1401.59 48.868
61 90 0.0004 0.00041 100.0 642.15 1580.47 1398.35 48.916
61 91 -0.001 5e-05 100.0 642.89 1580.18 1400.87 49.185
61 92 -0.0027 -6e-05 100.0 642.27 1579.03 1402.5 49.042
61 93 0.0028 -0.00016 100.0 641.66 1580.28 1399.2 49.138
61 94 0.0014 -0.00038 100.0 641.97 1579.74 1400.14 49.228
61 95 0.0022 0.00031 100.0 641.75 1579.1 1400.37 49.214
61 96 0.0009 -0.00018 100.0 641.15 1580.08 1397.27 49.174
61 97 0.0008 -0.00026 100.0 641.74 1578.6 1398.29 49.29
61 98 -0.0027 0.0001 100.0 642.53 1582.01 1397.61 49.333
61 99 0.0019 -0.00031 100.0 642.19 1577.95 1399.89 49.195
62 1 0.0043 -9e-05 100.0 641.85 1579.65 1402.25 46.965
62 2 -0.0014 0.0004 100.0 641.75 1580.92 1399.29 47.064
62 3 -0.0013 0.00055 100.0 641.26 1580.88 1399.45 46.927
62 4 -0.0035 -0.0001 100.0 641.98 1579.15 1400.67 47.178
62 5 0.0018 -0.00033 100.0 642.06 1579.83 1398.96 47.151
62 6 0.0009 7e-05 100.0 641.84 1581.21 1399.31 47.186
62 7 -0.0015 0.00024 100.0 641.98 1577.91 1400.53 47.097
62 8 0.0018 9e-05 100.0 641.77 1581.44 1398.69 47.336
62 9 -0.0015 5e-05 100.0 641.6 1581.49 1400.75 47.399
62 10 0.0031 -2e-05 100.0 642.03 1580.29 1401.55 47.626
62 11 -0.0034 0.00037 100.0 641.61 1579.17 1398.6 47.487
62 12 0.0023 -0.00039 100.0 641.84 1579.96 1397.32 47.777
62 13 -0.0033 -3e-05 100.0 641.45 1579.5 1401.86 47.884
62 14 -0.0012 0.00039 100.0 642.14 1580.08 1400.74 48.012
62 15 0.0016 0.00011 100.0 642.35 1580.23 1400.93 47.911
62 16 0.0006 0.00012 100.0 641.91 1578.26 1399.55 48.12
62 17 -0.0026 -0.00017 100.0 641.47 1579.33 1399.01 48.376
62 18 -0.0012 7e-05 100.0 642.42 1578.86 1398.31 48.478
62 19 0.0004 0.0002 100.0 641.97 1578.26 1398.15 48.748
62 20 -0.0018 -0.0002 100.0 641.65 1580.17 1398.46 48.961
62 21 0.002 -0.00013 100.0 641.74 1582.97 1399.31 48.906
62 22 0.002 7e-05 100.0 642.1 1581.0 1399.11 49.328
62 23 0.0017 -5e-05 100.0 641.68 1579.71 1399.52 49.238
62 24 0.0036 0.00028 100.0 642.19 1581.55 1397.5 49.261
62 25 -0.0013 -0.00026 100.0 641.66 1581.26 1397.95 49.573
62 26 -0.0007 2e-05 100.0 642.44 1580.45 1401.53 49.825
62 27 -0.0005 -6e-05 100.0 641.97 1579.1 1399.76 49.896
62 28 0.0028 -0.0 100.0 642.53 1581.7 1402.69 50.429
62 29 0.0006 -0.00031 100.0 642.07 1579.75 1398.44 50.411
62 30 -0.0007 -0.00033 100.0 641.7 1579.9 1400.29 50.648
62 31 0.0 -4e-05 100.0 642.14 1579.33 1400.84 50.732
62 32 0.0051 -0.00023 100.0 641.8 1580.48 1399.37 51.107
62 33 -0.0009 -0.00048 100.0 641.9 1578.38 1401.09 51.263
62 34 -0.0007 -7e-05 100.0 641.81 1579.87 1401.02 51.6
62 35 0.0036 -0.00013 100.0 641.35 1578.46 1398.36 52.014
62 36 0.0005 0.00026 100.0 641.86 1580.72 1399.98 52.035
62 37 0.0011 3e-05 100.0 641.78 1580.37 1403.63 52.302
62 38 0.0002 0.00057 100.0 642.22 1581.05 1400.47 52.374
62 39 0.0013 -3e-05 100.0 642.37 1580.08 1399.8 52.855
62 40 0.0002 0.00019 100.0 642.14 1579.38 1400.33 53.027
62 41 0.0019 -0.00014 100.0 641.4 1579.63 1400.6 53.239
62 42 -0.0014 9e-05 100.0 642.34 1580.9 1398.81 53.628
62 43 -0.0007 -0.00014 100.0 642.0 1579.8 1397.95 54.014
62 44 0.0019 -0.00017 100.0 641.55 1579.61 1398.49 54.137
62 45 0.0019 0.0 100.0 642.08 1579.46 1403.54 54.366
62 46 -0.0001 0.00011 100.0 641.29 1581.48 1400.77 54.753
62 47 0.0009 -5e-05 100.0 641.88 1580.46 1401.57 55.082
62 48 0.0012 9e-05 100.0 642.41 1580.94 1398.26 55.346
62 49 -0.0014 0.00024 100.0 642.01 1579.56 1397.95 55.74
62 50 -0.0015 0.00024 100.0 641.97 1581.55 1401.63 55.956
62 51 0.0008 -5e-05 100.0 642.14 1580.41 1401.72 56.088
62 52 -0.004 -0.00017 100.0 642.81 1580.1 1400.9 56.559
62 53 -0.0021 -0.00015 100.0 641.52 1580.66 1398.91 56.954
62 54 0.0017 -8e-05 100.0 642.1 1578.91 1401.16 57.386
62 55 -0.0024 -0.00034 100.0 642.3 1581.02 1398.99 57.666
62 56 0.0035 -7e-05 100.0 641.89 1579.66 1399.93 57.845
62 57 -0.0014 0.00014 100.0 641.45 1582.67 1398.03 58.251
62 58 0.0021 0.00023 100.0 642.49 1580.86 1399.88 58.631
62 59 0.0003 -8e-05 100.0 642.29 1579.73 1399.84 58.895
62 60 0.0013 -1e-05 100.0 642.3 1578.17 1398.41 59.277
62 61 0.0011 5e-05 100.0 642.11 1578.4 1400.09 59.783
62 62 -0.0029 8e-05 100.0 641.92 1579.33 1398.01 60.006
62 63 -0.0008 0.00042 100.0 642.17 1579.29 1398.03 60.338
62 64 0.0029 -5e-05 100.0 642.19 1580.2 1397.89 60.794
62 65 -0.0014 0.00052 100.0 641.85 1579.75 1401.12 61.054
62 66 0.0007 -0.00022 100.0 642.18 1577.63 1399.81 61.478
62 67 -0.0012 0.00025 100.0 642.13 1579.62 1400.64 62.113
62 68 0.0029 -2e-05 100.0 642.11 1580.73 1397.78 62.46
62 69 -0.0018 0.00045 100.0 642.22 1581.21 1398.43 62.861
62 70 -0.0011 0.00012 100.0 641.67 1580.05 1400.07 63.011
62 71 -0.001 -0.00034 100.0 641.99 1579.68 1399.97 63.662
62 72 -0.0011 0.00018 100.0 642.23 1579.82 1396.6 64.015
62 73 -0.0014 -0.00023 100.0 642.21 1579.47 1399.97 64.259
62 74 0.001 0.00019 100.0 642.24 1580.77 1401.36 64.968
62 75 -0.0006 -0.00024 100.0 642.41 1581.55 1400.57 65.185
62 76 -0.0009 -8e-05 100.0 642.51 1578.61 1401.53 65.705
62 77 0.0005 -0.0001 100.0 641.77 1580.78 1401.16 66.0
62 78 -0.0006 -6e-05 100.0 642.02 1579.56 1400.32 66.446
62 79 0.0011 0.00036 100.0 642.11 1581.47 1399.49 67.016
62 80 -0.0003 -1e-05 100.0 642.35 1579.26 1398.92 67.506
62 81 0.0004 -0.0 100.0 641.78 1579.89 1401.61 68.008
62 82 0.0004 0.00018 100.0 641.66 1578.63 1397.62 68.381
62 83 -0.0001 0.0003 100.0 642.34 1581.75 1400.22 68.895
62 84 0.0001 -0.00017 100.0 641.65 1579.59 1399.32 69.213
62 85 -0.0003 -7e-05 100.0 641.83 1581.47 1398.21 69.79
62 86 0.0014 0.00017 100.0 642.28 1580.32 1399.81 70.249
62 87 -0.0007 8e-05 100.0 642.12 1580.78 1397.53 70.731
62 88 0.0009 -0.00016 100.0 641.91 1580.45 1400.6 71.157
62 89 -0.0018 0.00023 100.0 642.24 1579.11 1398.78 71.53
62 90 0.002 -0.00024 100.0 642.1 1580.83 1399.94 72.184
62 91 -0.0009 -5e-05 100.0 641.66 1580.51 1400.76 72.548
62 92 0.0022 0.00013 100.0 641.79 1580.35 1398.97 73.282
62 93 0.0041 -0.00044 100.0 641.92 1577.51 1401.35 73.518
62 94 -0.0035 6e-05 100.0 642.05 1579.98 1399.38 74.023
62 95 -0.0 0.00012 100.0 642.85 1581.57 1398.05 74.765
62 96 0.0016 6e-05 100.0 642.23 1580.84 1401.86 75.123
62 97 -0.0006 0.00022 100.0 641.61 1580.26 1399.39 75.647
62 98 0.0006 -0.00045 100.0 641.63 1579.75 1399.35 76.371
62 99 0.0013 4e-05 100.0 641.96 1580.94 1400.11 76.615
63 1 -0.0016 -2e-05 100.0 642.27 1580.61 1403.76 46.943
63 2 0.0011 0.0001 100.0 641.71 1580.46 1400.31 46.935
63 3 -0.0001 4e-05 100.0 641.93 1578.84 1398.95 47.033
63 4 -0.0005 -0.00018 100.0 642.18 1581.87 1398.54 47.147
63 5 0.0008 6e-05 100.0 641.85 1581.39 1402.18 47.223
63 6 0.0036 -0.00021 100.0 641.9 1579.48 1399.78 47.118
63 7 -0.003 0.00027 100.0 642.21 1579.66 1400.62 47.153
63 8 -0.0023 -0.0002 100.0 641.97 1578.94 1401.19 47.265
63 9 -0.0034 1e-05 100.0 642.46 1580.77 1399.03 47.165
63 10 -0.0046 -8e-05 100.0 641.98 1582.17 1399.8 47.215
63 11 -0.004 2e-05 100.0 642.12 1579.79 1399.49 47.254
63 12 -0.0019 -0.00026 100.0 642.07 1580.59 1401.86 47.194
63 13 0.0003 0.00039 100.0 641.78 1579.01 1402.17 47.189
63 14 -0.0023 0.00011 100.0 641.65 1579.03 1401.54 47.265
63 15 -0.0017 -2e-05 100.0 641.72 1581.66 1399.12 47.249
63 16 -0.001 -0.0004 100.0 642.66 1581.27 1399.11 47.253
63 17 -0.0001 0.00034 100.0 641.78 1580.11 1397.05 47.336
63 18 0.0044 -7e-05 100.0 641.77 1579.98 1399.9 47.347
63 19 0.0015 0.00039 100.0 642.01 1580.23 1400.84 47.24
63 20 -0.0018 0.00018 100.0 641.79 1577.78 1400.99 47.32
63 21 0.0018 0.00011 100.0 642.52 1578.28 1401.53 47.349
63 22 0.0031 -7e-05 100.0 642.16 1580.15 1397.25 47.306
63 23 0.0004 3e-05 100.0 641.98 1581.18 1398.71 47.584
63 24 0.0014 -0.00028 100.0 641.74 1576.32 1398.73 47.423
63 25 0.0024 0.00015 100.0 641.57 1580.25 1398.66 47.355
63 26 0.0014 0.00018 100.0 642.09 1579.08 1398.86 47.513
63 27 0.0015 -0.00039 100.0 641.86 1579.53 1398.6 47.582
63 28 0.0016 -0.00024 100.0 641.4 1577.43 1402.04 47.311
63 29 -0.0002 -0.00013 100.0 642.44 1580.6 1403.17 47.54
63 30 -0.0007 0.00025 100.0 642.01 1581.12 1400.15 47.461
63 31 0.0009 -0.00016 100.0 641.97 1579.08 1399.62 47.641
63 32 -0.0023 5e-05 100.0 641.86 1579.94 1402.04 47.484
63 33 -0.0018 0.00018 100.0 641.93 1581.85 1400.12 47.598
63 34 -0.0001 -9e-05 100.0 641.7 1578.57 1400.62 47.727
63 35 -0.0007 -0.00037 100.0 641.82 1580.51 1401.76 47.77
63 36 0.0034 -0.00026 100.0 642.06 1581.2 1399.22 47.643
63 37 0.0009 -5e-05 100.0 641.93 1581.62 1397.79 47.718
63 38 0.0004 -7e-05 100.0 641.75 1580.5 1398.74 47.874
63 39 -0.0022 -0.00031 100.0 641.4 1580.5 1398.38 47.701
63 40 -0.0021 4e-05 100.0 642.15 1580.54 1401.0 47.653
63 41 0.0021 0.0001 100.0 642.29 1580.51 1399.02 47.716
63 42 -0.002 0.00038 100.0 641.5 1578.38 1402.47 47.658
63 43 0.0011 0.00014 100.0 641.65 1581.06 1401.39 47.709
63 44 0.0002 0.00021 100.0 642.25 1580.29 1399.45 47.755
63 45 -0.0008 2e-05 100.0 641.35 1581.07 1401.22 47.893
63 46 -0.0003 -0.00011 100.0 641.41 1579.52 1399.46 47.884
63 47 0.0027 0.00035 100.0 641.76 1581.09 1400.92 47.958
63 48 0.0066 0.00012 100.0 641.64 1580.41 1398.92 48.085
63 49 -0.0014 -8e-05 100.0 642.13 1576.84 1398.82 48.071
63 50 -0.001 0.00028 100.0 642.15 1576.85 1399.64 47.985
63 51 0.0013 -8e-05 100.0 641.95 1580.27 1397.47 48.027
63 52 -0.0012 7e-05 100.0 642.39 1580.33 1399.0 47.906
63 53 -0.0015 -4e-05 100.0 642.01 1578.56 1398.42 48.034
63 54 0.0017 0.00024 100.0 641.95 1579.86 1402.82 48.02
63 55 0.0016 -0.0002 100.0 642.02 1580.49 1400.34 48.09
63 56 -0.0026 -0.00011 100.0 642.05 1577.83 1400.13 48.135
63 57 0.0015 -9e-05 100.0 641.55 1579.94 1400.1 48.065
63 58 -0.0002 0.00015 100.0 641.97 1579.5 1397.49 48.128
63 59 0.0001 6e-05 100.0 641.93 1579.92 1401.65 48.026
63 60 0.0008 2e-05 100.0 641.85 1578.64 1399.57 48.137
63 61 0.0032 5e-05 100.0 642.28 1581.49 1396.95 48.305
63 62 0.0029 -0.00015 100.0 642.27 1580.03 1398.39 48.217
63 63 -0.0002 0.00027 100.0 641.93 1579.54 1400.01 48.097
63 64 -0.0008 -0.0001 100.0 641.74 1579.14 1399.42 48.26
63 65 0.001 0.00017 100.0 642.09 1579.45 1398.57 48.123
63 66 -0.0009 5e-05 100.0 642.53 1582.66 1400.75 48.228
63 67 -0.0025 0.00012 100.0 641.74 1577.98 1399.06 48.149
63 68 -0.0007 6e-05 100.0 642.08 1580.9 1401.76 48.215
63 69 -0.0033 -0.00013 100.0 642.38 1580.94 1401.96 48.343
63 70 0.0016 -0.0004 100.0 642.17 1579.85 1399.29 48.431
63 71 -0.0008 1e-05 100.0 642.03 1579.41 1400.75 48.426
63 72 -0.0028 -0.00022 100.0 642.22 1580.19 1397.14 48.361
63 73 0.0026 -0.00039 100.0 642.17 1582.0 1398.48 48.431
63 74 0.0002 -0.00025 100.0 642.07 1580.29 1399.54 48.406
63 75 -0.0007 0.0001 100.0 642.07 1580.43 1399.58 48.509
63 76 -0.0007 2e-05 100.0 641.58 1578.27 1400.4 48.601
63 77 -0.0016 -3e-05 100.0 642.19 1579.66 1398.19 48.458
63 78 0.0004 -0.00032 100.0 641.99 1580.07 1399.46 48.354
63 79 -0.0018 -5e-05 100.0 641.66 1581.06 1403.46 48.403
63 80 0.0013 -0.00024 100.0 642.07 1579.27 1400.42 48.448
63 81 -0.0005 -6e-05 100.0 641.46 1579.69 1399.51 48.564
63 82 0.0002 -0.00011 100.0 641.92 1580.29 1400.4 48.506
63 83 -0.0009 0.00019 100.0 642.46 1578.45 1400.25 48.683
63 84 0.0034 0.0001 100.0 642.02 1580.59 1399.55 48.592
63 85 0.0014 -0.00025 100.0 641.93 1579.85 1401.22 48.706
63 86 -0.0002 -0.00045 100.0 642.14 1579.84 1400.57 48.644
63 87 -0.0 -0.00017 100.0 642.29 1579.71 1400.28 48.519
63 88 -0.001 0.00033 100.0 642.1 1580.52 1403.28 48.623
63 89 -0.0 -0.00012 100.0 642.15 1580.21 1399.81 48.602
63 90 0.0028 0.00019 100.0 641.75 1580.38 1401.13 48.798
63 91 -0.0025 -0.0 100.0 641.81 1579.06 1398.29 48.784
63 92 -0.0005 -0.00028 100.0 642.36 1579.31 1400.14 48.673
63 93 -0.0015 -0.00015 100.0 642.21 1580.97 1400.89 48.873
63 94 -0.0011 0.00022 100.0 642.46 1580.46 1401.47 48.828
63 95 0.0018 -0.0003 100.0 642.07 1579.56 1401.33 48.76
63 96 0.0025 1e-05 100.0 642.71 1579.57 1399.81 48.954
63 97 0.0008 -0.00032 100.0 642.57 1578.37 1398.82 48.84
63 98 -0.0034 -0.00014 100.0 641.89 1581.15 1401.04 48.822
63 99 -0.0014 0.00012 100.0 641.94 1578.68 1400.68 48.809
64 1 0.0006 -5e-05 100.0 641.71 1581.67 1402.13 47.012
64 2 -0.0014 9e-05 100.0 642.32 1580.99 1398.78 46.918
64 3 -0.0014 0.00018 100.0 641.81 1578.75 1398.49 46.918
64 4 0.0005 -8e-05 100.0 642.13 1580.31 1401.45 46.872
64 5 0.0018 -9e-05 100.0 642.3 1580.6 1399.26 46.978
64 6 -0.0006 -0.00013 100.0 641.82 1580.64 1398.51 47.071
64 7 -0.003 0.00044 100.0 642.12 1578.68 1400.61 47.11
64 8 -0.0023 0.00017 100.0 642.31 1580.24 1400.36 47.044
64 9 -0.0018 -3e-05 100.0 642.14 1579.89 1400.2 47.112
64 10 0.0005 -2e-05 100.0 641.79 1580.16 1400.55 47.077
64 11 0.0024 -0.00024 100.0 642.07 1580.12 1400.25 47.172
64 12 0.0005 0.00019 100.0 642.1 1578.1 1402.07 47.111
64 13 0.0004 -0.00022 100.0 642.12 1577.32 1400.22 47.266
64 14 0.0005 0.00027 100.0 642.14 1578.5 1403.09 46.987
64 15 -0.0041 0.00018 100.0 642.23 1580.06 1401.51 47.181
64 16 0.0006 0.00024 100.0 641.95 1579.51 1399.55 47.257
64 17 -0.0008 0.00024 100.0 641.49 1582.98 1401.01 47.149
64 18 0.0022 -0.00034 100.0 642.15 1579.43 1401.0 47.307
64 19 0.0024 -4e-05 100.0 642.09 1580.32 1400.07 47.248
64 20 0.0004 5e-05 100.0 642.09 1579.79 1397.92 47.237
64 21 0.0018 -0.00027 100.0 641.96 1576.18 1401.81 47.213
64 22 -0.001 8e-05 100.0 642.43 1578.61 1400.72 47.194
64 23 -0.0036 -0.00019 100.0 641.92 1580.47 1399.26 47.278
64 24 0.0007 0.0001 100.0 641.52 1580.44 1399.74 47.18
64 25 0.0004 0.00044 100.0 642.12 1578.82 1400.87 47.373
64 26 -0.0 -9e-05 100.0 642.11 1579.89 1400.07 47.31
64 27 0.0014 -0.00018 100.0 642.19 1579.5 1401.25 47.338
64 28 0.0034 -0.00019 100.0 642.13 1579.29 1398.43 47.236
64 29 0.0038 -0.00015 100.0 641.76 1580.28 1400.11 47.192
64 30 -0.0037 0.00035 100.0 642.34 1579.21 1401.06 47.38
64 31 -0.0026 -0.00012 100.0 641.8 1581.0 1401.97 47.468
64 32 0.0018 0.0001 100.0 642.02 1580.52 1400.11 47.515
64 33 -0.0025 -0.00023 100.0 641.37 1580.77 1401.09 47.403
64 34 0.0006 0.00014 100.0 642.06 1577.63 1398.77 47.456
64 35 0.0003 -0.00013 100.0 641.96 1578.94 1401.99 47.357
64 36 -0.0008 -4e-05 100.0 641.62 1582.17 1399.74 47.312
64 37 -0.0025 0.00018 100.0 641.97 1580.04 1400.02 47.376
64 38 0.0005 0.00018 100.0 641.8 1579.16 1398.42 47.396
64 39 -0.0025 -0.00012 100.0 641.45 1578.77 1399.33 47.391
64 40 0.0033 0.00029 100.0 642.0 1578.25 1400.87 47.42
64 41 0.0004 0.00014 100.0 642.2 1580.66 1399.93 47.429
64 42 0.0018 0.00031 100.0 641.76 1580.9 1402.5 47.587
64 43 -0.0023 -0.0001 100.0 642.18 1580.32 1401.54 47.252
64 44 -0.0004 0.00011 100.0 641.68 1580.29 1399.97 47.613
64 45 0.0025 -0.00016 100.0 641.77 1579.83 1398.2 47.423
64 46 0.0028 0.00023 100.0 641.74 1580.85 1397.59 47.625
64 47 0.0001 -0.00016 100.0 641.75 1580.55 1397.71 47.503
64 48 0.0016 -0.0003 100.0 641.81 1579.04 1402.56 47.545
64 49 0.0014 5e-05 100.0 642.26 1581.16 1397.92 47.494
64 50 -0.0026 -0.00015 100.0 641.88 1579.84 1400.07 47.4
64 51 0.0006 0.00035 100.0 641.84 1579.38 1399.8 47.543
64 52 0.0016 -0.0 100.0 642.4 1579.42 1398.49 47.705
64 53 -0.0009 -7e-05 100.0 641.74 1580.78 1399.74 47.703
64 54 0.0007 0.00015 100.0 642.23 1579.56 1400.52 47.69
64 55 0.0002 -0.00022 100.0 642.54 1579.44 1402.19 47.752
64 56 -0.0015 -0.00011 100.0 642.14 1580.87 1398.48 47.6
64 57 0.0005 0.00013 100.0 641.44 1577.34 1399.43 47.591
64 58 0.002 0.00014 100.0 641.6 1579.37 1400.01 47.553
64 59 -0.0001 0.00028 100.0 642.11 1578.99 1400.11 47.664
64 60 -0.0031 -5e-05 100.0 641.77 1579.09 1399.5 47.762
64 61 -0.0033 -0.00024 100.0 642.14 1580.73 1400.15 47.71
64 62 0.0047 0.00031 100.0 642.2 1580.74 1399.63 47.676
64 63 -0.0036 -0.00021 100.0 642.21 1580.55 1400.58 47.872
64 64 -0.0042 0.0001 100.0 642.04 1579.85 1400.41 47.738
64 65 -0.0005 6e-05 100.0 641.94 1581.11 1398.43 47.778
64 66 -0.0005 -0.0 100.0 641.4 1578.62 1399.9 47.699
64 67 0.0013 -0.00015 100.0 641.61 1580.16 1399.75 47.73
64 68 -0.0005 -0.00011 100.0 641.22 1579.52 1400.19 47.606
64 69 -0.0007 -0.00031 100.0 641.43 1580.44 1399.66 47.66
64 70 0.0028 -0.00012 100.0 642.01 1580.34 1399.75 47.735
64 71 -0.0012 -7e-05 100.0 642.07 1580.13 1401.4 47.972
64 72 0.0004 0.00022 100.0 642.28 1580.4 1401.65 47.733
64 73 0.0015 0.00047 100.0 642.3 1579.52 1400.0 47.792
64 74 -0.0002 0.00028 100.0 642.27 1579.35 1400.24 47.961
64 75 -0.0017 0.00017 100.0 642.4 1578.44 1402.1 47.876
64 76 0.0017 -0.00012 100.0 642.19 1578.84 1401.55 47.816
64 77 -0.0021 -0.00024 100.0 642.28 1578.89 1398.45 47.972
64 78 -0.001 -0.00023 100.0 642.28 1580.67 1397.46 47.819
64 79 0.0012 -0.00019 100.0 641.87 1578.15 1400.26 48.025
64 80 -0.0014 -1e-05 100.0 641.73 1581.49 1399.35 47.924
64 81 -0.0008 6e-05 100.0 642.21 1581.46 1401.84 47.941
64 82 0.0008 0.00019 100.0 642.46 1578.95 1400.89 48.123
64 83 0.0003 -0.00045 100.0 641.69 1579.17 1401.36 48.11
64 84 0.0022 -4e-05 100.0 642.2 1581.01 1397.98 47.831
64 85 -0.0037 -1e-05 100.0 641.83 1578.53 1399.08 47.907
64 86 0.0013 -0.00046 100.0 641.6 1580.02 1398.79 48.08
64 87 -0.0007 -0.00031 100.0 641.45 1579.75 1398.94 48.105
64 88 0.0006 -0.00025 100.0 641.61 1578.55 1402.69 48.211
64 89 -0.0001 0.00025 100.0 641.93 1577.97 1398.86 48.044
64 90 0.0018 0.00016 100.0 641.97 1579.02 1401.64 48.05
64 91 -0.0006 9e-05 100.0 641.52 1581.3 1400.09 48.092
64 92 0.0002 0.00027 100.0 641.68 1579.62 1397.14 48.115
64 93 -0.0015 -0.00022 100.0 642.04 1580.8 1401.22 47.925
64 94 -0.0009 -0.0002 100.0 642.36 1577.95 1398.18 48.058
64 95 -0.0 -7e-05 100.0 642.42 1578.56 1399.78 48.124
64 96 0.0008 -0.00031 100.0 641.81 1579.24 1400.95 47.982
64 97 -0.0022 -0.00016 100.0 641.85 1582.35 1400.44 48.113
64 98 -0.0004 -3e-05 100.0 642.11 1580.58 1400.3 48.126
64 99 -0.0033 0.00048 100.0 641.47 1579.93 1399.13 48.163
65 1 -0.0019 0.00014 100.0 642.22 1578.61 1399.53 46.98
65 2 0.0008 0.00021 100.0 642.33 1579.88 1401.16 46.951
65 3 -0.0011 -0.00028 100.0 642.27 1577.76 1400.06 46.957
65 4 0.0002 -0.00017 100.0 641.81 1579.76 1399.21 46.978
65 5 0.0017 5e-05 100.0 641.91 1580.22 1401.27 47.037
65 6 -0.0018 -0.00041 100.0 642.09 1579.62 1401.35 47.144
65 7 -0.0005 0.00011 100.0 642.42 1579.65 1400.41 47.014
65 8 0.0007 -3e-05 100.0 641.98 1580.74 1399.3 47.142
65 9 0.0023 -0.00034 100.0 641.75 1579.74 1399.19 47.141
65 10 0.0011 -2e-05 100.0 641.48 1580.64 1398.74 47.257
65 11 -0.0013 0.00016 100.0 642.41 1580.93 1400.75 47.042
65 12 -0.0015 -9e-05 100.0 641.33 1578.13 1398.62 47.074
65 13 -0.0005 -0.00014 100.0 641.81 1577.46 1400.29 47.18
65 14 -0.003 -0.0 100.0 641.93 1580.07 1401.19 47.376
65 15 0.0004 -0.00042 100.0 641.97 1578.44 1399.28 47.332
65 16 0.0017 8e-05 100.0 642.59 1580.58 1402.23 47.134
65 17 0.0003 -3e-05 100.0 642.11 1581.74 1401.24 47.256
65 18 -0.0007 -0.00021 100.0 641.84 1580.6 1398.95 47.353
65 19 0.0008 -0.00019 100.0 641.79 1582.03 1398.66 47.276
65 20 -0.0019 -0.00026 100.0 642.09 1577.78 1397.9 47.342
65 21 -0.0008 -2e-05 100.0 642.07 1578.72 1400.19 47.362
65 22 0.0028 -0.00028 100.0 642.15 1581.96 1401.16 47.308
65 23 -0.0021 -9e-05 100.0 642.17 1581.81 1400.98 47.32
65 24 -0.0 -0.00022 100.0 641.95 1579.04 1399.56 47.438
65 25 -0.0002 0.0002 100.0 641.87 1579.91 1401.55 47.52
65 26 -0.0004 -3e-05 100.0 642.13 1581.01 1398.76 47.335
65 27 0.0032 0.00021 100.0 642.14 1578.91 1399.91 47.476
65 28 0.0001 4e-05 100.0 641.94 1582.55 1401.54 47.551
65 29 -0.0004 -0.00029 100.0 642.12 1580.71 1401.05 47.443
65 30 0.0027 -0.00024 100.0 642.21 1578.83 1399.86 47.53
65 31 -0.0 0.00017 100.0 642.45 1580.19 1399.21 47.494
65 32 0.0013 -6e-05 100.0 642.18 1580.28 1400.48 47.519
65 33 0.0011 0.00026 100.0 642.14 1579.84 1399.33 47.462
65 34 0.0004 -0.0 100.0 642.0 1578.58 1399.67 47.557
65 35 0.0004 -0.00055 100.0 642.22 1580.07 1403.88 47.553
65 36 -0.0025 -0.0001 100.0 642.16 1579.23 1399.13 47.495
65 37 -0.0024 9e-05 100.0 642.12 1578.78 1401.21 47.643
65 38 -0.0011 -4e-05 100.0 641.72 1578.74 1400.57 47.674
65 39 -0.0019 0.00017 100.0 642.14 1578.9 1399.92 47.726
65 40 0.0 0.00011 100.0 641.75 1579.96 1401.38 47.828
65 41 0.0006 0.00032 100.0 641.68 1580.14 1401.69 47.696
65 42 0.0027 -5e-05 100.0 642.11 1579.22 1398.69 47.531
65 43 0.0038 0.00018 100.0 642.1 1577.42 1402.03 47.689
65 44 0.0018 9e-05 100.0 641.94 1578.71 1401.79 47.783
65 45 -0.0006 -9e-05 100.0 642.09 1579.37 1403.75 47.792
65 46 0.0014 0.00015 100.0 641.99 1579.98 1402.12 47.887
65 47 0.0004 -1e-05 100.0 642.12 1578.79 1399.32 47.65
65 48 0.0047 -0.0 100.0 642.23 1581.01 1397.98 47.874
65 49 -0.0017 1e-05 100.0 641.25 1579.68 1397.81 47.947
65 50 -0.001 -0.00021 100.0 642.39 1582.12 1398.55 47.809
65 51 -0.0006 -0.00017 100.0 642.05 1580.04 1400.47 47.975
65 52 0.0004 -0.00014 100.0 641.92 1580.42 1397.55 47.881
65 53 -0.0035 0.00031 100.0 642.27 1579.33 1401.8 47.908
65 54 0.0018 -7e-05 100.0 641.73 1578.95 1397.76 48.034
65 55 0.0 4e-05 100.0 641.66 1582.17 1398.54 47.886
65 56 -0.0007 0.00033 100.0 641.82 1579.56 1400.85 47.904
65 57 -0.0016 -0.00022 100.0 642.23 1577.89 1398.83 47.883
65 58 0.0004 0.0 100.0 641.97 1577.27 1402.99 48.006
65 59 0.0011 -0.00019 100.0 642.3 1579.64 1397.07 48.125
65 60 -0.0025 -2e-05 100.0 641.77 1579.46 1397.99 48.135
65 61 0.0 -0.00055 100.0 641.86 1582.46 1400.91 48.008
65 62 0.0003 -0.00029 100.0 642.9 1579.77 1398.78 48.127
65 63 -0.0002 -0.0001 100.0 642.45 1579.19 1399.04 48.108
65 64 0.0023 0.00028 100.0 641.88 1579.3 1402.05 47.927
65 65 0.0007 -0.00025 100.0 642.06 1578.95 1401.99 48.175
65 66 -0.0025 -0.00015 100.0 641.62 1577.54 1400.58 48.021
65 67 -0.0031 -0.0003 100.0 641.94 1579.14 1402.28 48.133
65 68 0.0007 5e-05 100.0 641.81 1579.2 1398.38 48.192
65 69 0.0019 0.00031 100.0 641.83 1579.1 1399.76 48.174
65 70 -0.0014 0.0001 100.0 642.15 1581.18 1398.23 48.291
65 71 -0.0022 0.0 100.0 642.1 1581.18 1401.24 48.184
65 72 -0.0036 8e-05 100.0 641.77 1577.95 1400.2 48.121
65 73 0.0007 -0.00017 100.0 642.16 1580.06 1402.3 48.366
65 74 0.0012 -4e-05 100.0 642.59 1578.69 1397.93 48.259
65 75 0.0032 -0.0 100.0 641.62 1577.66 1397.82 48.21
65 76 -0.0008 -5e-05 100.0 642.36 1581.48 1401.84 48.084
65 77 0.0014 0.00024 100.0 642.42 1579.33 1398.87 48.311
65 78 -0.0017 -0.00023 100.0 642.2 1580.13 1399.62 48.309
65 79 0.0004 -0.00018 100.0 641.71 1580.34 1401.83 48.27
65 80 0.0023 0.00023 100.0 642.09 1580.59 1399.22 48.433
65 81 -0.0002 2e-05 100.0 642.22 1581.32 1399.3 48.346
65 82 0.0007 0.00028 100.0 642.13 1581.23 1399.78 48.272
65 83 0.0007 5e-05 100.0 642.11 1579.32 1399.1 48.358
65 84 0.0021 7e-05 100.0 642.02 1580.56 1402.5 48.471
65 85 0.0002 0.00016 100.0 641.91 1579.81 1400.74 48.483
65 86 -0.0013 4e-05 100.0 641.97 1577.59 1403.05 48.576
65 87 0.0024 4e-05 100.0 642.42 1582.17 1399.45 48.539
65 88 -0.0053 0.00013 100.0 642.33 1579.79 1398.81 48.757
65 89 0.001 0.00036 100.0 642.22 1577.18 1398.11 48.6
65 90 -0.0005 0.00024 100.0 642.33 1578.76 1400.31 48.511
65 91 -0.0021 -0.00012 100.0 642.5 1579.63 1398.4 48.479
65 92 -0.0064 -9e-05 100.0 641.82 1579.02 1401.33 48.587
65 93 -0.0006 0.00024 100.0 641.74 1580.29 1399.69 48.434
65 94 0.0039 6e-05 100.0 642.54 1580.85 1398.55 48.582
65 95 -0.0003 0.00025 100.0 641.92 1580.33 1400.65 48.788
65 96 -0.0052 0.0001 100.0 641.31 1580.98 1398.66 48.811
65 97 -0.0012 5e-05 100.0 642.2 1580.45 1401.31 48.686
65 98 -0.0001 -0.00024 100.0 642.41 1580.05 1399.68 48.721
65 99 -0.0031 -0.0003 100.0 641.56 1580.47 1400.13 48.745
66 1 0.0021 -0.0 100.0 641.97 1580.66 1401.9 47.162
66 2 0.0017 4e-05 100.0 642.15 1579.18 1402.72 46.957
66 3 -0.0005 0.00039 100.0 642.05 1579.56 1400.75 47.093
66 4 -0.0036 8e-05 100.0 642.15 1579.06 1398.81 46.986
66 5 -0.0028 0.00012 100.0 642.33 1580.5 1400.22 47.016
66 6 -0.0042 0.00026 100.0 641.57 1580.52 1398.11 47.017
66 7 0.0023 -0.00033 100.0 641.48 1578.84 1398.92 47.041
66 8 -0.001 0.0004 100.0 642.29 1579.46 1400.34 46.978
66 9 -0.0015 0.00015 100.0 642.08 1581.8 1399.44 46.996
66 10 0.001 0.0003 100.0 641.76 1581.75 1400.08 47.24
66 11 -0.0016 6e-05 100.0 642.0 1579.19 1404.06 47.23
66 12 -0.0002 0.00031 100.0 642.17 1582.55 1400.07 47.218
66 13 0.0015 -8e-05 100.0 642.26 1580.23 1401.38 47.167
66 14 -0.0047 -3e-05 100.0 641.5 1577.79 1399.86 47.011
66 15 0.0008 -6e-05 100.0 642.26 1580.61 1401.35 47.222
66 16 0.0021 -0.00019 100.0 641.74 1580.27 1397.62 47.212
66 17 -0.0007 0.00011 100.0 642.1 1581.4 1397.48 47.252
66 18 0.0016 0.00027 100.0 641.99 1579.29 1403.04 47.426
66 19 0.0012 0.00013 100.0 642.16 1578.7 1398.04 47.144
66 20 -0.0001 -5e-05 100.0 642.43 1579.56 1399.6 47.23
66 21 0.0038 -6e-05 100.0 641.69 1579.09 1398.21 47.42
66 22 -0.0012 -8e-05 100.0 641.91 1581.02 1401.0 47.23
66 23 0.0013 -0.00012 100.0 642.04 1581.54 1399.13 47.175
66 24 -0.0008 -7e-05 100.0 642.2 1582.82 1400.82 47.225
66 25 0.0004 9e-05 100.0 642.09 1579.08 1399.91 47.539
66 26 0.0008 -0.00012 100.0 642.38 1580.24 1399.94 47.513
66 27 0.0011 5e-05 100.0 641.94 1580.59 1402.57 47.474
66 28 -0.0043 0.00019 100.0 641.98 1578.64 1400.8 47.338
66 29 -0.0035 0.00016 100.0 642.03 1579.36 1399.98 47.477
66 30 0.0008 -0.0002 100.0 642.45 1580.47 1400.35 47.402
66 31 -0.0006 1e-05 100.0 642.04 1579.64 1399.14 47.387
66 32 0.003 0.00031 100.0 641.9 1579.19 1399.77 47.678
66 33 -0.0007 -0.00022 100.0 642.02 1580.77 1398.42 47.655
66 34 0.0017 -0.00048 100.0 642.01 1580.27 1398.73 47.521
66 35 -0.0003 0.00011 100.0 641.97 1577.57 1400.58 47.462
66 36 0.001 -0.00017 100.0 642.1 1581.17 1402.07 47.701
66 37 -0.001 -0.0 100.0 642.11 1579.52 1401.93 47.351
66 38 -0.0001 -0.00012 100.0 641.9 1578.87 1398.72 47.413
66 39 0.0002 -9e-05 100.0 642.25 1581.3 1399.83 47.806
66 40 0.0007 0.00028 100.0 641.97 1579.28 1398.87 47.82
66 41 0.0042 -3e-05 100.0 641.77 1579.06 1401.87 47.68
66 42 0.0008 -4e-05 100.0 641.56 1578.99 1398.49 47.706
66 43 -0.0027 0.00023 100.0 642.37 1579.22 1400.14 47.623
66 44 -0.0028 6e-05 100.0 642.11 1580.14 1399.24 47.723
66 45 0.0022 0.00023 100.0 642.61 1579.53 1400.41 47.702
66 46 0.0029 1e-05 100.0 641.92 1579.37 1398.65 47.579
66 47 -0.0015 0.00031 100.0 642.07 1580.06 1399.67 47.647
66 48 -0.0016 0.00014 100.0 641.72 1579.9 1403.24 47.612
66 49 -0.0018 0.00018 100.0 642.07 1581.11 1397.42 47.658
66 50 0.0021 0.00016 100.0 642.06 1580.85 1398.67 47.706
66 51 0.0013 0.00035 100.0 642.14 1581.4 1399.11 47.734
66 52 0.0028 -8e-05 100.0 641.93 1582.78 1400.35 47.788
66 53 0.0038 -4e-05 100.0 641.84 1580.39 1399.09 47.845
66 54 -0.0016 0.00021 100.0 642.03 1580.64 1399.96 47.641
66 55 -0.0011 0.00011 100.0 641.51 1578.95 1399.76 47.892
66 56 0.0009 -0.00012 100.0 641.89 1581.89 1397.8 47.964
66 57 -0.0013 -6e-05 100.0 641.47 1578.46 1400.71 47.842
66 58 -0.0027 -2e-05 100.0 642.04 1581.08 1398.86 47.992
66 59 0.0007 0.00012 100.0 641.79 1580.29 1399.83 47.673
66 60 0.0015 0.0003 100.0 641.72 1577.39 1399.44 47.716
66 61 -0.0012 -0.00048 100.0 642.41 1580.46 1400.16 47.869
66 62 0.0049 -5e-05 100.0 641.98 1581.67 1398.58 47.986
66 63 -0.001 -0.00036 100.0 641.94 1580.2 1399.9 47.808
66 64 -0.0021 -2e-05 100.0 642.32 1578.94 1397.42 47.811
66 65 0.001 0.00044 100.0 641.92 1579.04 1401.51 47.83
66 66 -0.0019 0.00011 100.0 641.91 1581.42 1400.59 47.881
66 67 0.0029 0.00014 100.0 641.46 1579.22 1400.29 47.973
66 68 -0.0016 0.00028 100.0 641.79 1580.96 1396.36 47.891
66 69 0.0002 -4e-05 100.0 641.77 1578.56 1401.26 47.991
66 70 -0.0021 0.00015 100.0 642.05 1580.11 1398.01 48.012
66 71 -0.0007 0.00026 100.0 642.11 1579.3 1401.15 48.045
66 72 -0.0001 1e-05 100.0 641.84 1579.82 1401.27 47.928
66 73 0.0003 3e-05 100.0 642.08 1579.92 1398.82 47.978
66 74 -0.002 -0.00021 100.0 641.82 1578.99 1400.42 48.266
66 75 -0.0005 -0.00047 100.0 641.77 1579.1 1398.08 47.901
66 76 0.0007 -0.00013 100.0 641.83 1579.51 1400.88 48.108
66 77 -0.0022 0.00024 100.0 642.46 1578.79 1401.13 48.118
66 78 -0.0014 3e-05 100.0 641.77 1581.38 1401.08 48.015
66 79 -0.0019 0.00026 100.0 641.52 1580.23 1399.47 48.029
66 80 -0.0015 6e-05 100.0 642.04 1581.3 1399.62 48.023
66 81 0.0004 -0.00025 100.0 642.26 1582.25 1399.31 48.174
66 82 -0.0007 5e-05 100.0 642.06 1579.79 1399.07 48.209
66 83 -0.0021 -0.00013 100.0 641.91 1580.02 1397.69 48.06
66 84 -0.0016 -0.00029 100.0 641.75 1579.93 1398.44 48.327
66 85 -0.0002 0.00019 100.0 641.6 1581.09 1400.7 48.251
66 86 0.0004 0.00042 100.0 642.14 1578.66 1402.23 48.508
66 87 -0.0006 0.0006 100.0 642.38 1580.0 1403.99 48.161
66 88 0.0019 -6e-05 100.0 642.25 1582.04 1398.82 48.27
66 89 -0.0012 2e-05 100.0 642.02 1580.69 1400.8 48.255
66 90 -0.0032 0.00015 100.0 642.3 1582.03 1400.29 48.02
66 91 0.0022 3e-05 100.0 642.05 1580.82 1400.82 48.191
66 92 0.0009 -0.00023 100.0 642.22 1579.91 1398.97 48.299
66 93 -0.002 0.00022 100.0 641.59 1579.33 1399.23 48.287
66 94 0.0016 3e-05 100.0 642.39 1579.77 1399.35 48.411
66 95 -0.0 0.00016 100.0 641.24 1580.91 1400.94 48.336
66 96 0.0029 0.0002 100.0 641.79 1579.74 1398.49 48.397
66 97 0.0002 0.00017 100.0 642.19 1580.33 1398.97 48.27
66 98 0.0011 -4e-05 100.0 642.7 1580.11 1399.64 48.459
66 99 -0.0033 -0.00018 100.0 641.72 1575.89 1401.1 48.321
67 1 0.0018 0.00029 100.0 641.55 1582.69 1402.07 47.225
67 2 -0.0011 -2e-05 100.0 641.49 1580.62 1397.78 47.061
67 3 -0.0 3e-05 100.0 642.28 1579.74 1400.61 46.94
67 4 0.0028 -0.00028 100.0 641.65 1579.82 1398.55 46.953
67 5 0.0013 -4e-05 100.0 642.09 1580.08 1399.19 47.286
67 6 0.0011 -0.00019 100.0 642.25 1580.8 1401.86 47.093
67 7 -0.0002 7e-05 100.0 642.06 1580.27 1402.89 46.866
67 8 -0.002 -6e-05 100.0 642.15 1581.01 1398.77 47.162
67 9 -0.0005 -0.0002 100.0 641.99 1579.21 1400.48 46.877
67 10 0.0009 -0.00027 100.0 642.02 1581.04 1400.28 47.236
67 11 0.002 -7e-05 100.0 642.26 1579.98 1400.43 47.243
67 12 0.0026 -0.00019 100.0 641.89 1580.18 1399.95 46.968
67 13 0.0015 -0.00019 100.0 641.68 1580.51 1397.71 47.053
67 14 -0.0026 0.0004 100.0 642.53 1581.48 1400.18 47.07
67 15 -0.0013 -1e-05 100.0 642.07 1581.09 1397.06 47.138
67 16 0.0033 0.0002 100.0 641.61 1580.39 1400.05 47.181
67 17 -0.0027 0.00042 100.0 641.94 1581.22 1400.43 47.152
67 18 -0.0047 0.00016 100.0 642.74 1580.51 1399.05 47.09
67 19 0.0015 -0.00016 100.0 642.11 1582.32 1398.29 47.045
67 20 0.0013 -0.00016 100.0 642.02 1579.98 1401.81 47.323
67 21 -0.003 -0.00023 100.0 641.54 1580.33 1398.77 47.399
67 22 0.0006 -9e-05 100.0 642.1 1581.27 1402.21 47.226
67 23 0.0026 -0.00016 100.0 641.82 1578.09 1401.41 47.345
67 24 0.002 -0.0003 100.0 642.17 1580.52 1399.22 47.448
67 25 0.0007 0.00016 100.0 641.78 1578.43 1401.29 47.229
67 26 -0.0013 -0.0004 100.0 642.3 1580.09 1399.29 47.245
67 27 -0.0013 -0.00034 100.0 642.32 1583.51 1399.5 47.4
67 28 0.0014 -0.0001 100.0 642.22 1581.86 1398.63 47.39
67 29 -0.0039 -0.00023 100.0 642.16 1578.13 1399.8 47.439
67 30 0.0002 -0.0 100.0 641.81 1579.68 1400.25 47.205
67 31 -0.0003 0.0001 100.0 641.63 1580.09 1402.15 47.359
67 32 0.001 0.00013 100.0 642.26 1580.34 1401.27 47.376
67 33 0.0031 -3e-05 100.0 641.7 1578.6 1399.47 47.391
67 34 -0.0053 6e-05 100.0 641.41 1580.23 1400.13 47.388
67 35 -0.0009 -0.00011 100.0 641.78 1581.19 1400.24 47.202
67 36 -0.0023 -0.00035 100.0 642.05 1578.56 1401.69 47.336
67 37 -0.0014 3e-05 100.0 641.87 1580.08 1400.98 47.488
67 38 0.0011 4e-05 100.0 642.49 1579.39 1399.31 47.464
67 39 -0.0033 0.00024 100.0 642.48 1577.98 1397.87 47.396
67 40 -0.0044 4e-05 100.0 641.59 1579.85 1399.96 47.472
67 41 0.0026 0.00019 100.0 642.21 1578.62 1400.33 47.313
67 42 -0.0005 -6e-05 100.0 641.98 1578.2 1399.34 47.492
67 43 0.0003 0.0002 100.0 642.13 1578.58 1402.32 47.298
67 44 -0.0007 0.0003 100.0 642.62 1580.22 1399.41 47.558
67 45 0.0019 -0.00027 100.0 641.74 1580.28 1399.77 47.341
67 46 -0.0002 -3e-05 100.0 641.94 1578.71 1401.32 47.476
67 47 0.0021 0.00034 100.0 641.89 1578.77 1401.3 47.411
67 48 0.0004 -3e-05 100.0 641.9 1579.44 1400.74 47.548
67 49 0.0004 -7e-05 100.0 642.35 1579.48 1402.02 47.488
67 50 0.0017 -9e-05 100.0 641.95 1580.6 1399.43 47.447
67 51 0.0032 0.00014 100.0 641.61 1580.67 1399.6 47.523
67 52 -0.0017 9e-05 100.0 642.37 1580.49 1401.51 47.555
67 53 -0.0026 -0.00057 100.0 641.54 1581.81 1398.26 47.607
67 54 0.0004 -0.00012 100.0 641.51 1579.38 1401.26 47.615
67 55 0.0036 -0.00013 100.0 641.97 1581.03 1401.05 47.419
67 56 -0.0015 -0.00053 100.0 642.09 1580.25 1399.99 47.456
67 57 0.0007 0.00015 100.0 642.17 1580.34 1401.45 47.498
67 58 -0.0013 -0.00012 100.0 642.01 1580.03 1395.64 47.686
67 59 0.0022 -0.00019 100.0 641.72 1581.13 1398.68 47.609
67 60 -0.0007 -6e-05 100.0 641.8 1579.4 1401.77 47.57
67 61 -0.0003 0.0002 100.0 641.92 1580.26 1399.68 47.566
67 62 0.001 2e-05 100.0 641.65 1579.9 1399.19 47.678
67 63 -0.0001 -0.00031 100.0 641.78 1579.77 1398.4 47.775
67 64 0.0004 -0.00026 100.0 641.98 1580.19 1401.18 47.704
67 65 0.0032 2e-05 100.0 641.98 1579.61 1399.69 47.627
67 66 0.0027 -9e-05 100.0 641.4 1580.9 1404.28 47.731
67 67 -0.0006 -0.00045 100.0 642.01 1580.37 1399.6 47.932
67 68 -0.0008 5e-05 100.0 641.91 1579.77 1400.41 47.793
67 69 0.0004 -0.00017 100.0 642.12 1579.82 1399.81 47.845
67 70 -0.0006 0.00013 100.0 642.21 1580.11 1399.36 47.756
67 71 0.0017 0.00027 100.0 641.76 1578.07 1400.05 47.636
67 72 0.0033 0.00026 100.0 641.79 1580.3 1399.4 47.911
67 73 -0.0037 -0.00029 100.0 641.81 1575.86 1397.85 47.783
67 74 0.0052 -1e-05 100.0 641.61 1578.73 1398.62 47.965
67 75 0.0008 -2e-05 100.0 642.05 1577.62 1402.3 47.887
67 76 0.0022 0.00016 100.0 641.9 1579.83 1399.48 47.974
67 77 0.0023 -0.00031 100.0 641.68 1579.56 1398.42 47.837
67 78 -0.0014 9e-05 100.0 642.39 1578.9 1399.38 47.979
67 79 0.0023 -4e-05 100.0 642.36 1579.48 1401.88 47.971
67 80 0.0052 0.00011 100.0 642.46 1581.27 1401.84 47.839
67 81 -0.0004 -0.0002 100.0 642.41 1582.39 1399.08 47.883
67 82 -0.0009 -0.00011 100.0 642.27 1578.86 1401.7 47.895
67 83 -0.0003 0.00024 100.0 641.81 1578.32 1401.12 47.985
67 84 0.0021 0.00021 100.0 641.48 1581.58 1402.85 47.965
67 85 0.0018 -9e-05 100.0 641.86 1580.25 1401.38 47.868
67 86 -0.0006 0.00035 100.0 641.55 1580.78 1399.42 47.849
67 87 -0.0032 -0.00011 100.0 642.1 1581.0 1402.13 47.974
67 88 0.0018 -0.0001 100.0 641.71 1579.68 1397.67 47.901
67 89 0.0009 -6e-05 100.0 642.02 1580.67 1396.31 47.955
67 90 0.0004 -0.00014 100.0 641.65 1580.5 1401.95 47.986
67 91 -0.0001 4e-05 100.0 642.17 1580.68 1400.53 47.888
67 92 0.0026 0.00022 100.0 641.89 1580.91 1400.47 47.96
67 93 0.0007 -0.00032 100.0 642.18 1578.85 1399.88 48.004
67 94 -0.0001 -0.00027 100.0 641.71 1578.98 1399.21 48.03
67 95 0.0011 -0.00017 100.0 642.05 1582.31 1400.45 48.083
67 96 0.0034 0.00019 100.0 642.19 1578.69 1400.96 47.89
67 97 -0.0011 -0.00026 100.0 642.08 1579.54 1399.83 48.076
67 98 0.0024 8e-05 100.0 642.33 1578.45 1402.1 48.033
67 99 0.0001 3e-05 100.0 641.94 1580.05 1399.3 48.08
68 1 0.0018 -0.0001 100.0 641.97 1579.14 1399.18 46.996
68 2 0.0003 -6e-05 100.0 641.82 1579.12 1401.69 46.973
68 3 0.0027 0.0002 100.0 642.07 1579.1 1397.92 47.055
68 4 -0.0022 0.00013 100.0 642.28 1582.3 1399.2 47.108
68 5 -0.001 0.00024 100.0 642.01 1579.64 1401.01 46.94
68 6 -0.002 -0.0 100.0 642.21 1579.2 1400.82 47.03
68 7 -0.001 3e-05 100.0 642.03 1581.42 1399.96 47.254
68 8 -0.0024 0.00011 100.0 641.43 1580.63 1398.59 47.201
68 9 -0.0008 4e-05 100.0 642.06 1578.37 1398.99 47.291
68 10 0.0018 -5e-05 100.0 642.15 1581.2 1400.52 47.167
68 11 0.0002 -0.00013 100.0 642.17 1580.82 1402.64 47.521
68 12 -0.0002 0.00019 100.0 642.41 1580.18 1402.64 47.34
68 13 -0.0007 -0.00016 100.0 642.03 1580.55 1401.54 47.378
68 14 0.001 -0.00031 100.0 642.09 1579.39 1400.14 47.377
68 15 0.0028 -1e-05 100.0 642.12 1581.99 1399.67 47.333
68 16 0.001 1e-05 100.0 642.08 1582.51 1398.14 47.293
68 17 0.0025 -5e-05 100.0 642.17 1581.33 1400.8 47.294
68 18 -0.0006 0.00012 100.0 641.7 1582.38 1399.72 47.309
68 19 0.0029 -0.00011 100.0 641.79 1581.42 1399.55 47.442
68 20 -0.0015 0.0002 100.0 642.01 1578.65 1397.88 47.422
68 21 -0.0016 -0.00016 100.0 642.1 1580.3 1397.48 47.172
68 22 -0.0017 -0.00031 100.0 642.44 1581.29 1399.46 47.389
68 23 -0.001 -9e-05 100.0 641.73 1579.96 1400.0 47.363
68 24 0.0011 0.0002 100.0 641.85 1581.72 1400.78 47.349
68 25 -0.0012 -0.00016 100.0 642.43 1580.71 1400.31 47.528
68 26 0.0043 -0.0002 100.0 641.97 1578.37 1396.86 47.541
68 27 0.0036 0.00042 100.0 642.37 1578.55 1400.8 47.402
68 28 0.0026 -0.00028 100.0 642.0 1579.52 1399.97 47.443
68 29 -0.0008 -2e-05 100.0 641.94 1581.64 1401.97 47.57
68 30 0.0033 5e-05 100.0 642.29 1577.03 1401.33 47.612
68 31 0.0 -1e-05 100.0 642.38 1580.27 1401.22 47.635
68 32 0.0012 6e-05 100.0 642.05 1582.26 1398.65 47.492
68 33 -0.001 -0.0001 100.0 642.5 1578.89 1399.14 47.723
68 34 -0.0016 0.0001 100.0 642.1 1578.98 1398.93 47.553
68 35 0.0033 -6e-05 100.0 641.93 1578.99 1397.59 47.604
68 36 0.0003 -0.00012 100.0 642.23 1582.2 1401.49 47.899
68 37 0.0016 7e-05 100.0 642.34 1580.32 1400.92 47.547
68 38 0.0014 -1e-05 100.0 642.3 1579.76 1400.14 47.615
68 39 -0.0021 0.0004 100.0 642.31 1581.51 1397.25 47.498
68 40 -0.0004 0.00019 100.0 642.0 1579.49 1398.45 47.721
68 41 0.0006 0.0002 100.0 642.18 1582.12 1399.13 47.713
68 42 0.0021 -3e-05 100.0 642.05 1582.25 1399.49 47.639
68 43 -0.0014 -0.00014 100.0 641.51 1580.08 1397.78 47.93
68 44 -0.0031 -0.00013 100.0 641.64 1579.91 1400.69 47.74
68 45 0.0005 2e-05 100.0 642.1 1577.82 1397.9 48.039
68 46 0.0017 0.00018 100.0 642.66 1583.14 1399.6 47.743
68 47 0.0008 0.0 100.0 641.81 1582.33 1399.9 47.925
68 48 -0.0004 -0.00018 100.0 642.08 1578.58 1397.04 47.823
68 49 -0.0 -0.00029 100.0 642.13 1580.02 1402.22 47.909
68 50 0.0012 0.00053 100.0 642.35 1577.74 1399.86 47.849
68 51 -0.0021 0.00013 100.0 642.04 1580.62 1397.15 48.01
68 52 0.0002 -0.00021 100.0 642.09 1580.04 1399.99 47.923
68 53 -0.0004 0.00012 100.0 641.63 1579.26 1401.79 47.901
68 54 0.0004 0.00012 100.0 641.88 1578.79 1399.4 47.953
68 55 -0.0023 0.0002 100.0 642.19 1578.18 1401.3 47.971
68 56 0.0025 -0.00015 100.0 641.44 1580.88 1401.49 48.026
68 57 -0.0009 0.0002 100.0 642.21 1580.88 1400.61 48.012
68 58 0.0027 0.00019 100.0 641.95 1579.06 1398.91 48.11
68 59 -0.0024 3e-05 100.0 641.94 1577.88 1399.87 48.027
68 60 0.0004 -0.0001 100.0 641.71 1580.29 1401.5 48.164
68 61 0.0023 0.0001 100.0 642.29 1580.32 1399.99 48.064
68 62 -0.0045 -0.00021 100.0 642.19 1581.14 1398.14 47.961
68 63 -0.0058 4e-05 100.0 642.3 1578.93 1400.83 48.088
68 64 -0.0038 -0.00011 100.0 642.63 1577.73 1399.98 48.075
68 65 -0.0001 -0.00023 100.0 642.69 1579.57 1399.68 47.963
68 66 0.0023 0.0002 100.0 642.19 1581.1 1398.17 48.256
68 67 -0.0004 -0.0001 100.0 642.27 1580.33 1397.61 48.145
68 68 -0.0016 -0.00016 100.0 642.31 1578.03 1399.33 48.194
68 69 0.0004 0.00012 100.0 642.02 1580.63 1400.52 48.121
68 70 0.0036 0.00011 100.0 642.04 1581.23 1401.45 48.458
68 71 -0.0017 0.00025 100.0 642.09 1580.3 1401.22 48.153
68 72 0.0005 0.00013 100.0 642.25 1580.37 1400.18 48.256
68 73 -0.0004 -0.00047 100.0 641.39 1580.65 1400.07 48.468
68 74 -0.0006 -0.00035 100.0 641.96 1579.0 1400.06 48.348
68 75 0.0002 0.00021 100.0 642.17 1579.34 1400.39 48.316
68 76 -0.0009 -0.00014 100.0 642.24 1579.62 1402.95 48.315
68 77 -0.0061 -0.00014 100.0 641.78 1578.5 1401.09 48.332
68 78 0.0013 -0.00033 100.0 642.04 1577.37 1400.82 48.226
68 79 -0.0032 0.0003 100.0 642.15 1581.13 1397.8 48.396
68 80 -0.0005 0.00018 100.0 641.84 1580.76 1398.25 48.312
68 81 0.0024 0.00028 100.0 641.85 1578.65 1398.84 48.27
68 82 0.0005 -0.00026 100.0 642.16 1580.61 1398.99 48.455
68 83 -0.0014 0.00023 100.0 641.97 1578.73 1398.09 48.351
68 84 -0.0041 -0.00018 100.0 641.99 1580.7 1399.15 48.62
68 85 -0.0011 7e-05 100.0 642.04 1579.88 1399.58 48.451
68 86 -0.0006 -0.0001 100.0 642.24 1579.3 1403.1 48.363
68 87 0.002 9e-05 100.0 641.86 1580.73 1399.94 48.46
68 88 0.0006 8e-05 100.0 642.11 1581.44 1400.99 48.537
68 89 -0.0001 -0.00046 100.0 642.77 1580.63 1400.94 48.436
68 90 -0.0007 0.00015 100.0 642.02 1579.01 1398.75 48.542
68 91 0.0002 4e-05 100.0 642.05 1579.32 1399.46 48.712
68 92 -0.0008 -0.00034 100.0 641.87 1580.64 1400.68 48.647
68 93 -0.0035 -0.00015 100.0 642.47 1577.97 1401.98 48.533
68 94 -0.0019 0.0001 100.0 642.53 1580.03 1399.68 48.601
68 95 0.0015 -0.00018 100.0 641.93 1579.57 1401.08 48.605
68 96 0.0004 -0.00044 100.0 641.78 1580.22 1401.36 48.611
68 97 -0.0002 0.00017 100.0 641.6 1579.14 1400.3 48.767
68 98 0.0013 2e-05 100.0 641.71 1579.63 1401.47 48.647
68 99 0.0016 -4e-05 100.0 642.34 1580.95 1398.23 48.858
69 1 0.0004 0.00011 100.0 641.81 1580.2 1399.74 46.993
69 2 0.0002 -4e-05 100.0 641.78 1577.59 1401.16 46.991
69 3 0.0013 -0.00045 100.0 641.61 1580.07 1398.55 47.148
69 4 -0.0018 9e-05 100.0 642.23 1578.89 1400.1 47.121
69 5 0.0039 0.0001 100.0 641.7 1578.44 1401.64 47.133
69 6 -0.0004 0.00027 100.0 641.9 1580.22 1400.53 47.118
69 7 0.0024 3e-05 100.0 642.09 1579.81 1399.91 47.089
69 8 0.0031 0.00021 100.0 642.05 1579.56 1397.89 47.099
69 9 0.0021 0.00033 100.0 641.68 1581.73 1402.95 47.217
69 10 -0.0012 6e-05 100.0 641.75 1580.61 1398.47 47.182
69 11 0.0011 0.00015 100.0 642.14 1577.85 1399.77 47.13
69 12 -0.0006 0.00018 100.0 642.08 1579.54 1400.75 47.204
69 13 0.0011 0.00042 100.0 641.98 1579.08 1401.68 47.175
69 14 -0.0006 0.00017 100.0 642.18 1578.24 1400.47 47.195
69 15 0.0019 0.00014 100.0 642.3 1582.56 1398.8 47.187
69 16 0.0018 0.00029 100.0 642.21 1580.72 1401.28 47.361
69 17 -0.0002 3e-05 100.0 641.88 1582.08 1397.06 47.091
69 18 -0.0013 6e-05 100.0 642.47 1580.57 1399.42 47.166
69 19 0.0007 6e-05 100.0 642.04 1579.84 1398.96 47.31
69 20 0.0006 -0.00022 100.0 642.31 1582.05 1400.07 47.132
69 21 0.0037 8e-05 100.0 642.14 1579.61 1398.88 47.288
69 22 0.002 -0.00052 100.0 642.26 1580.28 1400.09 47.133
69 23 -0.0027 4e-05 100.0 642.41 1579.85 1399.36 47.054
69 24 0.0008 0.00022 100.0 642.43 1580.45 1399.55 47.277
69 25 -0.0021 -0.00024 100.0 642.19 1580.33 1399.13 47.344
69 26 0.0021 -3e-05 100.0 642.15 1581.31 1400.84 47.305
69 27 0.0001 0.00024 100.0 641.7 1579.93 1397.25 47.353
69 28 -0.0004 0.00024 100.0 642.22 1580.33 1399.14 47.293
69 29 -0.0012 -4e-05 100.0 641.81 1578.34 1400.31 47.368
69 30 -0.0017 -6e-05 100.0 642.31 1579.88 1400.08 47.161
69 31 -0.0035 4e-05 100.0 641.82 1579.74 1402.08 47.329
69 32 -0.0004 7e-05 100.0 642.4 1579.78 1398.43 47.248
69 33 -0.003 0.0 100.0 641.37 1578.56 1401.96 47.614
69 34 0.0021 0.00027 100.0 641.81 1579.79 1399.5 47.299
69 35 0.002 7e-05 100.0 641.93 1580.31 1401.21 47.4
69 36 -0.0012 5e-05 100.0 641.82 1581.37 1401.06 47.52
69 37 -0.0014 -5e-05 100.0 641.96 1579.82 1397.71 47.408
69 38 0.0043 4e-05 100.0 641.74 1581.27 1399.84 47.33
69 39 0.0026 -2e-05 100.0 641.94 1579.21 1400.39 47.502
69 40 -0.002 -0.0 100.0 642.08 1579.88 1399.93 47.453
69 41 0.0004 0.0 100.0 642.09 1580.22 1401.09 47.484
69 42 -0.0001 -6e-05 100.0 642.04 1579.72 1400.7 47.502
69 43 0.0037 -0.0002 100.0 642.05 1578.68 1400.5 47.454
69 44 -0.0005 1e-05 100.0 642.83 1579.01 1401.93 47.399
69 45 -0.0008 -0.00037 100.0 642.13 1578.1 1400.28 47.446
69 46 -0.0027 0.00027 100.0 641.37 1582.58 1400.93 47.581
69 47 -0.0015 0.00016 100.0 641.79 1577.84 1398.7 47.404
69 48 0.0005 0.00043 100.0 641.63 1580.32 1397.24 47.606
69 49 -0.0019 0.00029 100.0 641.7 1580.87 1401.27 47.322
69 50 0.0007 0.00013 100.0 642.5 1580.56 1401.91 47.429
69 51 -0.0002 -0.00013 100.0 642.34 1579.96 1398.65 47.591
69 52 0.0021 0.00012 100.0 642.5 1580.75 1400.87 47.47
69 53 -0.0028 2e-05 100.0 641.37 1578.8 1398.95 47.727
69 54 0.001 -0.00037 100.0 642.59 1581.08 1399.24 47.567
69 55 -0.0014 -0.00019 100.0 642.03 1578.92 1399.7 47.575
69 56 -0.0013 -8e-05 100.0 642.31 1580.61 1399.34 47.639
69 57 0.0015 -0.00028 100.0 641.74 1581.26 1399.7 47.56
69 58 0.0006 7e-05 100.0 642.26 1581.05 1398.2 47.523
69 59 0.0012 1e-05 100.0 642.11 1578.1 1398.61 47.531
69 60 0.0016 3e-05 100.0 641.95 1580.64 1400.88 47.62
69 61 -0.0012 0.00032 100.0 641.83 1578.73 1399.4 47.583
69 62 0.0008 -0.00028 100.0 642.31 1579.68 1399.69 47.528
69 63 0.0026 -0.00012 100.0 641.63 1579.54 1398.64 47.563
69 64 -0.0005 -0.0001 100.0 641.9 1580.97 1402.45 47.415
69 65 -0.0001 1e-05 100.0 642.12 1578.65 1399.63 47.662
69 66 -0.0001 -0.00022 100.0 641.72 1580.41 1399.93 47.659
69 67 0.0015 -0.00038 100.0 641.72 1581.94 1398.23 47.748
69 68 -0.0 0.00028 100.0 641.83 1577.29 1401.09 47.468
69 69 -0.0008 -0.00024 100.0 642.07 1579.68 1398.69 47.687
69 70 -0.0008 6e-05 100.0 641.91 1579.88 1404.24 47.753
69 71 0.0046 -0.00017 100.0 642.35 1580.29 1399.59 47.719
69 72 -0.001 0.0002 100.0 642.27 1579.02 1401.15 47.715
69 73 -0.0 0.00018 100.0 641.97 1578.8 1399.41 47.842
69 74 -0.0004 3e-05 100.0 642.16 1580.42 1401.27 47.787
69 75 0.0024 -0.00015 100.0 641.87 1581.21 1401.49 47.768
69 76 -0.0 -4e-05 100.0 642.33 1581.8 1397.74 47.81
69 77 -0.0009 -0.00026 100.0 641.34 1578.74 1402.15 47.945
69 78 -0.0029 4e-05 100.0 641.57 1581.23 1397.66 47.947
69 79 0.0033 6e-05 100.0 642.08 1582.16 1399.77 47.721
69 80 -0.0007 0.00038 100.0 641.29 1580.76 1400.72 47.912
69 81 0.0002 0.00027 100.0 641.52 1580.94 1397.86 47.777
69 82 -0.0024 0.00016 100.0 641.93 1579.58 1401.9 47.886
69 83 -0.001 -0.00013 100.0 642.16 1579.71 1399.76 48.066
69 84 -0.0049 0.00033 100.0 642.2 1581.93 1397.07 47.869
69 85 0.004 0.0001 100.0 642.03 1580.6 1399.72 47.873
69 86 0.0034 2e-05 100.0 641.89 1579.83 1398.83 47.833
69 87 -0.0015 -0.00022 100.0 642.12 1581.73 1401.59 47.771
69 88 0.0026 -0.00021 100.0 641.51 1580.45 1399.15 48.041
69 89 0.0009 7e-05 100.0 642.19 1580.95 1402.04 47.828
69 90 -0.0054 0.00017 100.0 641.59 1578.94 1398.07 48.023
69 91 0.0001 0.00034 100.0 642.17 1580.46 1400.13 48.071
69 92 0.0013 8e-05 100.0 641.82 1581.33 1401.84 48.094
69 93 -0.0022 -0.00028 100.0 641.56 1578.12 1401.17 47.984
69 94 0.0017 -8e-05 100.0 641.86 1580.45 1400.68 47.751
69 95 0.0006 -0.0004 100.0 642.25 1580.56 1399.12 47.98
69 96 0.0002 -9e-05 100.0 641.81 1581.82 1398.53 47.979
69 97 -0.0039 0.00013 100.0 642.11 1579.5 1402.78 47.934
69 98 0.0005 0.0002 100.0 641.98 1580.36 1401.5 47.991
69 99 -0.0008 -0.00022 100.0 641.69 1579.89 1401.73 48.015
70 1 -0.0004 0.0 100.0 642.1 1579.07 1399.65 47.087
70 2 0.0033 0.00034 100.0 641.88 1580.84 1399.2 47.114
70 3 0.0011 -0.00013 100.0 641.63 1581.17 1400.39 46.989
70 4 -0.0002 -0.00025 100.0 641.9 1580.37 1398.13 47.086
70 5 0.0015 -0.0003 100.0 641.97 1580.61 1400.89 47.072
70 6 -0.0007 7e-05 100.0 641.81 1579.31 1400.4 47.275
70 7 0.0019 -9e-05 100.0 641.77 1579.78 1399.77 47.228
70 8 -0.0014 0.00032 100.0 641.69 1578.91 1397.97 47.148
70 9 0.0006 0.00037 100.0 642.38 1578.86 1397.08 47.292
70 10 -0.0002 -0.00042 100.0 642.03 1578.12 1400.04 47.199
70 11 0.001 -0.00013 100.0 641.66 1578.1 1398.91 47.169
70 12 0.0031 -0.00014 100.0 641.89 1580.39 1400.75 47.412
70 13 0.0008 0.00031 100.0 641.72 1582.07 1398.44 47.367
70 14 -0.0038 -0.0003 100.0 642.18 1578.81 1403.49 47.228
70 15 0.0023 5e-05 100.0 641.67 1580.63 1402.7 47.26
70 16 0.0004 -0.00015 100.0 641.82 1580.47 1399.69 47.398
70 17 -0.0015 0.00011 100.0 642.01 1580.0 1399.11 47.301
70 18 -0.0004 -0.00027 100.0 642.56 1581.66 1398.21 47.492
70 19 0.0025 0.00028 100.0 642.66 1581.78 1399.06 47.287
70 20 0.006 0.00032 100.0 642.26 1579.41 1400.57 47.304
70 21 0.0011 0.00014 100.0 642.43 1577.69 1400.76 47.508
70 22 -0.0006 -0.00018 100.0 642.11 1581.03 1396.52 47.495
70 23 0.0002 -0.00023 100.0 642.41 1579.27 1398.37 47.637
70 24 0.0003 0.00033 100.0 641.9 1580.7 1400.47 47.573
70 25 -0.002 -0.00028 100.0 641.87 1579.65 1398.85 47.647
70 26 -0.0001 0.00023 100.0 641.78 1580.38 1399.55 47.758
70 27 0.001 0.00018 100.0 641.72 1579.32 1401.29 47.687
70 28 0.0006 -0.00028 100.0 641.58 1580.61 1400.38 47.671
70 29 -0.0001 0.00019 100.0 641.72 1580.48 1400.65 47.655
70 30 -0.0015 0.0002 100.0 642.11 1580.81 1399.19 47.893
70 31 -0.0002 -0.00027 100.0 642.21 1582.06 1400.98 47.681
70 32 0.0007 6e-05 100.0 642.3 1579.79 1401.53 47.81
70 33 0.0012 -0.0 100.0 641.56 1579.49 1399.35 47.787
70 34 -0.0012 3e-05 100.0 642.08 1579.39 1398.78 47.952
70 35 0.0005 -0.00016 100.0 641.68 1581.21 1400.23 47.831
70 36 -0.0014 -5e-05 100.0 641.95 1577.57 1401.17 47.789
70 37 -0.0031 -0.00045 100.0 641.93 1578.6 1402.26 47.96
70 38 0.0006 -0.00011 100.0 641.56 1581.5 1400.57 48.03
70 39 -0.0015 0.0001 100.0 641.89 1578.95 1401.81 47.885
70 40 -0.0003 -9e-05 100.0 641.74 1580.45 1398.66 48.093
70 41 -0.0022 -0.00025 100.0 642.05 1578.54 1401.39 47.947
70 42 -0.0033 0.0002 100.0 641.89 1580.43 1400.13 48.016
70 43 0.0004 -0.00027 100.0 642.07 1582.64 1401.93 48.039
70 44 -0.0023 9e-05 100.0 642.35 1579.52 1399.75 47.956
70 45 -0.0002 0.00018 100.0 642.46 1579.46 1400.97 48.23
70 46 -0.0007 4e-05 100.0 641.75 1581.58 1400.15 48.141
70 47 0.0048 -0.0002 100.0 642.12 1579.76 1398.81 48.092
70 48 -0.0027 0.00041 100.0 642.02 1578.77 1399.49 48.226
70 49 0.0026 0.00012 100.0 641.95 1582.33 1398.76 48.189
70 50 0.0001 -0.00012 100.0 641.89 1580.52 1400.05 48.042
70 51 -0.001 1e-05 100.0 641.91 1582.35 1398.64 48.194
70 52 -0.0023 -0.00033 100.0 642.13 1578.45 1398.37 48.143
70 53 -0.0003 -1e-05 100.0 642.16 1581.11 1401.25 48.441
70 54 -0.0026 -9e-05 100.0 642.49 1578.49 1403.78 48.441
70 55 0.0008 0.00021 100.0 642.05 1582.36 1401.52 48.372
70 56 -0.0017 0.00025 100.0 641.8 1580.58 1400.1 48.424
70 57 0.0021 0.0001 100.0 641.66 1578.84 1400.8 48.408
70 58 -0.0004 -2e-05 100.0 641.76 1580.11 1399.5 48.487
70 59 -0.0016 0.00018 100.0 642.23 1578.79 1398.05 48.397
70 60 -0.0008 -5e-05 100.0 641.47 1580.72 1399.93 48.522
70 61 -0.0007 0.00015 100.0 642.05 1578.48 1399.47 48.38
70 62 0.0011 0.00025 100.0 642.21 1578.57 1399.84 48.542
70 63 0.0006 -0.00022 100.0 641.75 1580.61 1402.42 48.449
70 64 -0.0022 0.00022 100.0 642.04 1580.43 1399.67 48.478
70 65 -0.0014 0.00027 100.0 642.16 1577.87 1401.8 48.577
70 66 -0.0012 0.00033 100.0 641.57 1580.29 1402.48 48.698
70 67 0.0037 0.00014 100.0 642.4 1580.19 1399.81 48.7
70 68 0.0024 -3e-05 100.0 642.13 1579.32 1400.16 48.663
70 69 -0.0029 -0.00024 100.0 641.71 1580.09 1398.79 48.624
70 70 -0.0012 -0.00012 100.0 641.96 1580.07 1398.55 48.854
70 71 0.0004 0.00018 100.0 641.5 1581.31 1399.98 48.733
70 72 0.0006 0.00021 100.0 641.83 1580.73 1400.89 48.87
70 73 0.0001 0.00016 100.0 642.22 1581.64 1400.04 48.891
70 74 0.0012 -0.00031 100.0 642.14 1579.33 1396.58 48.818
70 75 -0.004 6e-05 100.0 642.25 1581.0 1401.76 48.79
70 76 0.0 0.00017 100.0 642.3 1581.77 1398.04 48.859
70 77 -0.0021 3e-05 100.0 642.52 1579.52 1399.55 48.876
70 78 -0.0032 0.00022 100.0 641.93 1581.52 1397.9 48.633
70 79 0.0021 -0.00016 100.0 641.59 1582.08 1400.65 49.085
70 80 -0.0008 -0.0003 100.0 641.92 1579.63 1400.72 49.133
70 81 0.0048 -0.00018 100.0 641.9 1579.08 1401.86 49.022
70 82 0.0019 0.00024 100.0 641.88 1582.75 1400.74 49.054
70 83 -0.0017 -0.00014 100.0 641.94 1581.82 1401.17 49.072
70 84 -0.0014 3e-05 100.0 642.35 1581.77 1403.23 49.044
70 85 0.0026 -0.0001 100.0 641.95 1581.12 1399.93 49.068
70 86 0.0002 0.00038 100.0 641.87 1577.8 1398.47 49.207
70 87 -0.001 1e-05 100.0 641.95 1580.59 1399.1 49.112
70 88 0.0013 0.00027 100.0 641.47 1579.22 1400.92 49.139
70 89 -0.0003 -0.00012 100.0 641.73 1579.11 1398.95 49.333
70 90 -0.002 0.0001 100.0 641.74 1580.94 1398.58 49.215
70 91 0.0038 0.00015 100.0 641.93 1581.04 1401.2 49.329
70 92 -0.0003 -0.00014 100.0 642.02 1581.68 1402.13 49.453
70 93 0.0024 0.00013 100.0 642.12 1578.62 1399.32 49.255
70 94 -0.0012 -0.0003 100.0 641.6 1582.59 1401.77 49.096
70 95 -0.0032 -6e-05 100.0 642.15 1582.37 1402.87 49.231
70 96 -0.0017 0.0001 100.0 642.04 1578.4 1399.18 49.295
70 97 0.0042 9e-05 100.0 641.89 1580.61 1402.46 49.354
70 98 -0.0032 0.00024 100.0 642.39 1581.4 1401.32 49.422
70 99 -0.005 -3e-05 100.0 641.73 1579.19 1400.87 49.491
71 1 0.0003 -0.00017 100.0 641.56 1581.26 1396.81 46.966
71 2 -0.0022 0.0002 100.0 642.01 1577.45 1400.82 47.221
71 3 0.0001 -0.00012 100.0 642.44 1580.22 1401.23 47.096
71 4 0.0017 -0.00019 100.0 641.63 1579.96 1399.15 47.153
71 5 -0.0008 -0.00027 100.0 642.01 1581.79 1399.2 47.017
71 6 0.0035 -0.00033 100.0 642.12 1580.04 1400.07 46.971
71 7 -0.0014 6e-05 100.0 642.35 1579.61 1400.59 47.312
71 8 -0.0012 -8e-05 100.0 641.81 1579.72 1398.86 47.307
71 9 -0.0046 -3e-05 100.0 641.92 1580.07 1399.4 46.994
71 10 -0.0009 0.00026 100.0 642.57 1580.03 1401.4 47.11
71 11 0.0043 -0.00012 100.0 642.15 1581.01 1401.04 47.032
71 12 -0.0003 0.0 100.0 642.35 1580.06 1402.76 47.279
71 13 -0.0002 0.00035 100.0 641.62 1580.91 1400.91 47.149
71 14 0.0013 -7e-05 100.0 641.48 1582.28 1401.52 47.117
71 15 0.0005 0.00018 100.0 641.62 1579.73 1398.64 47.207
71 16 -0.0005 0.00014 100.0 642.22 1580.24 1401.03 47.079
71 17 -0.0032 0.00031 100.0 641.5 1578.26 1399.25 47.126
71 18 0.0071 0.00059 100.0 642.28 1580.94 1400.01 47.199
71 19 0.0028 -0.00051 100.0 641.73 1581.72 1397.38 47.358
71 20 0.0003 8e-05 100.0 642.36 1580.46 1397.78 47.198
71 21 -0.0003 0.0003 100.0 641.88 1581.03 1401.72 47.262
71 22 -0.0012 -0.00015 100.0 641.85 1581.63 1401.98 47.237
71 23 0.0026 0.00043 100.0 641.97 1580.0 1399.62 47.441
71 24 0.0013 -0.00016 100.0 642.73 1579.33 1399.58 47.283
71 25 -0.0006 8e-05 100.0 641.84 1578.15 1397.39 47.353
71 26 -0.0019 5e-05 100.0 642.05 1580.22 1399.75 47.163
71 27 -0.0025 -5e-05 100.0 642.29 1578.45 1400.17 47.296
71 28 0.0029 0.00024 100.0 641.72 1580.0 1399.15 47.212
71 29 -0.0006 0.00042 100.0 642.24 1580.16 1401.96 47.414
71 30 -0.0033 4e-05 100.0 641.66 1578.33 1398.17 47.251
71 31 0.0017 -7e-05 100.0 642.01 1578.34 1399.3 47.442
71 32 -0.0002 0.0001 100.0 641.55 1579.49 1398.95 47.288
71 33 0.0038 -0.00015 100.0 642.06 1580.57 1398.16 47.351
71 34 0.0033 -5e-05 100.0 641.66 1580.13 1400.22 47.443
71 35 0.001 -0.00053 100.0 642.09 1582.22 1397.33 47.532
71 36 -0.0006 0.00011 100.0 642.31 1581.73 1401.11 47.408
71 37 0.0021 0.00018 100.0 642.02 1581.15 1399.36 47.677
71 38 -0.0001 0.00025 100.0 642.23 1580.99 1401.11 47.376
71 39 -0.0019 5e-05 100.0 642.0 1580.13 1401.76 47.355
71 40 0.0025 9e-05 100.0 642.03 1580.47 1398.08 47.411
71 41 -0.0019 -0.00016 100.0 641.9 1581.79 1400.62 47.386
71 42 0.0016 -6e-05 100.0 642.22 1580.44 1399.56 47.545
71 43 0.0003 1e-05 100.0 642.48 1580.59 1398.82 47.409
71 44 -0.0 -0.00032 100.0 642.07 1578.89 1401.31 47.471
71 45 0.0021 -2e-05 100.0 641.82 1576.41 1399.77 47.495
71 46 -0.0026 0.00019 100.0 642.0 1579.45 1398.9 47.6
71 47 -0.0018 3e-05 100.0 641.92 1577.57 1400.71 47.613
71 48 0.0032 -7e-05 100.0 642.03 1579.84 1396.39 47.398
71 49 -0.0023 -3e-05 100.0 642.16 1579.94 1400.55 47.537
71 50 -0.0007 -0.00042 100.0 641.93 1581.73 1397.74 47.384
71 51 -0.0043 -0.00025 100.0 642.14 1580.46 1399.1 47.587
71 52 -0.0021 0.00026 100.0 642.26 1579.89 1400.24 47.723
71 53 0.0025 -0.00019 100.0 642.13 1578.41 1399.73 47.537
71 54 0.0019 -6e-05 100.0 641.68 1578.92 1399.99 47.696
71 55 -0.0007 0.00025 100.0 642.34 1579.07 1397.71 47.694
71 56 0.0045 0.00021 100.0 642.3 1579.68 1402.63 47.563
71 57 0.001 -0.00014 100.0 641.28 1580.07 1401.36 47.491
71 58 0.0017 0.00052 100.0 642.28 1582.23 1398.99 47.518
71 59 0.0027 -8e-05 100.0 641.95 1580.67 1399.57 47.659
71 60 0.0007 -0.00033 100.0 641.57 1579.72 1398.49 47.687
71 61 0.0011 -0.00031 100.0 641.74 1582.14 1402.06 47.799
71 62 -0.0003 -0.00013 100.0 641.73 1579.07 1402.37 47.65
71 63 0.0002 8e-05 100.0 641.84 1580.64 1397.56 47.65
71 64 0.0024 -0.00012 100.0 641.57 1579.94 1402.16 47.562
71 65 0.0017 -0.00012 100.0 641.9 1579.61 1400.14 47.888
71 66 0.002 -0.00027 100.0 641.63 1580.42 1401.4 47.719
71 67 0.0 0.00011 100.0 642.37 1580.28 1400.05 47.732
71 68 0.0026 -0.00018 100.0 641.83 1581.06 1398.2 47.81
71 69 0.0015 -1e-05 100.0 641.95 1579.43 1402.04 47.848
71 70 0.0002 0.00028 100.0 642.29 1579.03 1396.61 47.979
71 71 -0.0002 5e-05 100.0 642.47 1579.28 1399.82 47.877
71 72 0.0013 -7e-05 100.0 642.49 1582.21 1402.5 47.905
71 73 -0.0009 0.00017 100.0 642.2 1580.16 1398.63 47.862
71 74 -0.0003 -9e-05 100.0 642.01 1579.91 1398.66 47.826
71 75 0.0022 -0.00028 100.0 641.68 1579.88 1400.93 47.793
71 76 -0.0038 -0.00032 100.0 642.09 1578.65 1399.39 48.034
71 77 0.0 7e-05 100.0 641.79 1580.64 1399.83 48.057
71 78 0.0009 -0.00014 100.0 642.4 1579.88 1399.24 47.688
71 79 -0.0021 7e-05 100.0 641.95 1580.85 1399.68 47.929
71 80 0.0007 -0.00017 100.0 641.45 1580.24 1399.19 47.893
71 81 0.0009 0.00016 100.0 642.35 1581.01 1399.99 47.811
71 82 0.0012 1e-05 100.0 641.64 1580.36 1401.5 47.942
71 83 -0.0026 0.00022 100.0 641.93 1581.25 1402.02 48.011
71 84 -0.001 -4e-05 100.0 642.16 1581.18 1399.03 48.189
71 85 -0.0026 4e-05 100.0 641.61 1579.79 1401.25 47.937
71 86 -0.0007 0.00021 100.0 641.91 1580.6 1400.6 48.004
71 87 -0.0004 0.00024 100.0 642.47 1579.92 1399.52 48.056
71 88 0.0007 -1e-05 100.0 641.97 1582.35 1397.98 47.997
71 89 0.001 0.00017 100.0 641.71 1579.2 1399.39 47.998
71 90 -0.0029 0.00017 100.0 641.64 1580.66 1400.95 47.857
71 91 -0.0006 -5e-05 100.0 642.22 1578.98 1397.91 48.045
71 92 -0.0017 -8e-05 100.0 641.88 1582.03 1397.45 48.026
71 93 0.001 -0.00035 100.0 642.21 1581.04 1401.61 48.072
71 94 -0.0016 -6e-05 100.0 642.34 1581.3 1400.95 47.914
71 95 -0.001 0.00026 100.0 641.69 1580.31 1403.23 48.052
71 96 0.0025 0.00029 100.0 641.54 1581.18 1399.67 48.015
71 97 0.0021 -0.00031 100.0 642.4 1578.95 1398.66 48.087
71 98 0.002 -0.00022 100.0 642.37 1581.58 1399.35 48.127
71 99 0.0037 -0.00038 100.0 642.07 1580.45 1398.43 48.071
72 1 0.0007 -0.00029 100.0 642.4 1579.11 1400.15 46.85
72 2 -0.0006 -1e-05 100.0 642.47 1579.92 1395.95 46.942
72 3 0.0004 0.0001 100.0 641.4 1579.96 1398.75 47.096
72 4 -0.0008 0.00015 100.0 642.42 1582.63 1398.3 47.138
72 5 -0.0028 4e-05 100.0 641.18 1579.77 1401.85 47.11
72 6 -0.0008 -0.0003 100.0 642.26 1580.29 1399.15 46.957
72 7 0.0044 0.00031 100.0 641.76 1580.6 1398.56 47.273
72 8 0.0041 -3e-05 100.0 642.66 1579.24 1398.67 47.404
72 9 -0.0039 0.00016 100.0 641.81 1579.27 1401.24 47.305
72 10 0.0005 0.00014 100.0 641.84 1580.03 1400.27 47.299
72 11 0.0039 -0.00037 100.0 642.81 1579.75 1399.8 47.189
72 12 -0.0025 -7e-05 100.0 642.03 1579.36 1398.32 47.489
72 13 0.0027 0.00053 100.0 642.19 1580.32 1399.23 47.348
72 14 0.0032 -7e-05 100.0 641.89 1580.6 1400.85 47.494
72 15 0.0014 0.00037 100.0 642.34 1580.49 1398.34 47.273
72 16 -0.0001 0.00023 100.0 641.73 1580.04 1401.02 47.324
72 17 -0.0007 -0.00027 100.0 642.3 1579.14 1398.16 47.444
72 18 -0.0021 -6e-05 100.0 641.39 1579.46 1399.57 47.484
72 19 0.0011 -0.0 100.0 642.38 1578.75 1400.54 47.468
72 20 -0.0006 0.00042 100.0 641.66 1582.28 1400.11 47.442
72 21 -0.0027 -2e-05 100.0 642.76 1578.3 1399.64 47.539
72 22 -0.0002 -0.00015 100.0 641.86 1580.06 1399.39 47.529
72 23 -0.0017 -0.00015 100.0 641.67 1580.25 1398.21 47.71
72 24 -0.002 -0.00021 100.0 642.05 1578.67 1399.38 47.577
72 25 0.0024 9e-05 100.0 641.58 1580.09 1402.55 47.729
72 26 -0.0003 0.0002 100.0 642.22 1580.44 1402.13 47.638
72 27 0.0002 0.00015 100.0 642.57 1579.81 1397.57 47.632
72 28 0.0009 -0.00028 100.0 641.7 1577.91 1400.75 47.852
72 29 -0.0009 2e-05 100.0 641.91 1580.99 1399.38 47.681
72 30 -0.0022 -0.00021 100.0 642.57 1581.12 1398.95 47.6
72 31 0.0011 0.00012 100.0 641.7 1579.7 1397.46 47.822
72 32 0.0016 -0.00023 100.0 642.06 1580.95 1400.25 47.769
72 33 -0.0002 -0.00011 100.0 642.06 1581.44 1400.05 47.85
72 34 -0.0004 -7e-05 100.0 641.29 1580.61 1399.97 47.986
72 35 0.0007 -0.00019 100.0 642.14 1579.05 1400.2 47.856
72 36 -0.0016 3e-05 100.0 642.11 1579.04 1398.22 47.936
72 37 0.0013 -0.0002 100.0 642.42 1579.56 1398.67 47.903
72 38 0.0019 0.00018 100.0 641.77 1576.4 1400.85 47.856
72 39 -0.0002 -9e-05 100.0 642.45 1579.6 1401.66 48.148
72 40 0.0015 -0.00015 100.0 641.92 1580.39 1402.37 47.909
72 41 -0.0005 9e-05 100.0 642.17 1581.08 1401.84 47.905
72 42 0.001 -2e-05 100.0 641.59 1580.33 1401.36 48.119
72 43 0.0014 -1e-05 100.0 642.58 1580.01 1399.72 48.319
72 44 0.002 -0.0003 100.0 641.62 1579.71 1401.03 48.21
72 45 0.0011 5e-05 100.0 641.5 1578.95 1398.08 48.012
72 46 -0.0039 0.00014 100.0 642.01 1581.43 1398.44 48.117
72 47 -0.0017 -0.00048 100.0 641.69 1580.66 1397.05 48.117
72 48 0.0036 0.00013 100.0 642.47 1579.31 1398.81 48.207
72 49 -0.0003 5e-05 100.0 642.05 1580.27 1402.17 48.444
72 50 0.0018 -0.00024 100.0 642.52 1580.47 1399.84 47.988
72 51 0.0005 0.00013 100.0 642.17 1580.05 1400.67 48.2
72 52 -0.0012 -6e-05 100.0 642.38 1579.42 1400.09 48.148
72 53 -0.0012 7e-05 100.0 642.22 1581.08 1400.65 48.327
72 54 -0.0041 0.00024 100.0 642.02 1580.64 1398.09 48.353
72 55 0.0007 -4e-05 100.0 642.12 1578.96 1401.89 48.34
72 56 0.0006 4e-05 100.0 641.48 1580.45 1402.23 48.407
72 57 0.0007 5e-05 100.0 642.32 1581.48 1399.35 48.371
72 58 0.0024 -0.00022 100.0 641.77 1581.37 1400.85 48.467
72 59 0.0017 -9e-05 100.0 642.62 1581.38 1398.78 48.346
72 60 0.003 0.00025 100.0 641.37 1579.97 1402.34 48.307
72 61 0.002 -0.00022 100.0 642.1 1581.38 1396.98 48.584
72 62 0.0013 0.00011 100.0 642.21 1581.11 1399.09 48.434
72 63 -0.0005 3e-05 100.0 642.05 1582.5 1399.58 48.519
72 64 -0.0017 0.00039 100.0 642.24 1581.76 1399.63 48.557
72 65 0.0032 0.00029 100.0 641.49 1582.23 1401.69 48.612
72 66 -0.001 2e-05 100.0 641.69 1579.05 1399.26 48.889
72 67 0.0023 -0.00012 100.0 641.64 1578.95 1399.56 48.6
72 68 -0.0012 -0.00018 100.0 641.6 1576.16 1399.8 48.754
72 69 -0.0027 -0.00043 100.0 641.79 1578.82 1398.65 48.598
72 70 -0.0004 -3e-05 100.0 642.74 1579.92 1402.29 48.502
72 71 0.0006 -0.00039 100.0 642.19 1578.5 1399.43 48.778
72 72 0.0002 0.00017 100.0 642.32 1577.48 1398.68 48.902
72 73 -0.0004 0.00011 100.0 641.81 1582.81 1399.93 48.949
72 74 -0.002 -0.00017 100.0 642.08 1582.4 1400.37 48.852
72 75 0.0001 0.00012 100.0 642.21 1578.13 1397.59 48.993
72 76 0.001 0.0002 100.0 641.5 1578.65 1402.47 48.802
72 77 0.0008 0.00022 100.0 641.81 1579.55 1399.75 49.011
72 78 -0.0004 0.00024 100.0 642.24 1580.99 1402.89 49.106
72 79 0.0007 7e-05 100.0 642.18 1579.74 1397.91 49.002
72 80 -0.001 -0.00027 100.0 641.97 1578.94 1398.69 48.911
72 81 -0.0008 0.00024 100.0 642.21 1581.75 1403.11 48.935
72 82 -0.001 -0.0001 100.0 641.93 1580.48 1401.65 49.051
72 83 -0.0012 6e-05 100.0 641.81 1581.44 1398.85 49.001
72 84 -0.0003 -0.00039 100.0 641.88 1582.02 1399.05 49.09
72 85 -0.0018 -2e-05 100.0 641.6 1578.9 1397.07 49.061
72 86 -0.0001 -2e-05 100.0 641.88 1579.61 1399.24 49.092
72 87 0.0012 -1e-05 100.0 641.94 1579.48 1401.17 49.168
72 88 0.0003 -0.00018 100.0 642.02 1579.81 1399.9 49.285
72 89 0.0021 -0.00033 100.0 642.08 1581.0 1398.5 49.003
72 90 0.0005 0.00024 100.0 642.51 1580.43 1399.55 49.159
72 91 -0.0012 0.00034 100.0 642.4 1579.41 1401.06 49.095
72 92 0.0024 2e-05 100.0 641.6 1580.56 1401.95 49.261
72 93 -0.0058 -0.0002 100.0 641.87 1580.71 1400.54 49.37
72 94 0.0024 7e-05 100.0 642.05 1579.97 1400.13 49.334
72 95 -0.0031 0.00028 100.0 642.58 1577.71 1401.44 49.105
72 96 0.0008 0.00012 100.0 642.12 1577.62 1401.09 49.335
72 97 -0.0009 0.00024 100.0 642.05 1579.75 1398.78 49.482
72 98 -0.0006 0.00012 100.0 641.45 1578.81 1400.91 49.328
72 99 -0.0034 0.00011 100.0 641.11 1580.32 1401.51 49.236
73 1 0.0038 -0.00011 100.0 642.06 1579.68 1401.23 47.107
73 2 0.0023 0.00028 100.0 641.7 1580.19 1399.77 47.024
73 3 0.0009 0.0 100.0 642.31 1579.15 1398.57 47.128
73 4 -0.0015 -0.00019 100.0 641.42 1580.74 1400.9 47.266
73 5 -0.0007 -0.00013 100.0 641.51 1581.75 1404.05 47.048
73 6 0.0064 -0.00014 100.0 641.67 1579.29 1401.81 46.968
73 7 0.0002 -9e-05 100.0 641.65 1580.54 1400.52 47.025
73 8 -0.0004 -0.00014 100.0 642.23 1580.87 1400.56 47.268
73 9 0.0007 -6e-05 100.0 642.13 1580.68 1397.65 47.2
73 10 0.001 -6e-05 100.0 642.22 1580.21 1403.53 47.077
73 11 0.0007 -0.00021 100.0 641.65 1581.48 1400.47 47.17
73 12 -0.0012 -0.00016 100.0 641.72 1579.34 1400.19 47.276
73 13 0.001 -0.0001 100.0 642.3 1581.07 1401.06 47.209
73 14 -0.0002 -0.00014 100.0 641.48 1580.52 1401.26 47.343
73 15 0.0009 8e-05 100.0 641.77 1580.62 1401.42 47.243
73 16 0.0006 0.00018 100.0 642.26 1579.07 1397.69 47.34
73 17 0.003 0.00027 100.0 642.02 1581.35 1399.83 47.122
73 18 -0.0023 -0.00027 100.0 641.89 1579.58 1400.2 47.278
73 19 -0.0004 -4e-05 100.0 641.99 1582.45 1397.01 47.086
73 20 -0.0011 -0.00013 100.0 642.38 1578.93 1397.08 47.314
73 21 -0.0007 -0.00021 100.0 642.07 1578.58 1399.88 47.123
73 22 0.0006 3e-05 100.0 641.92 1580.07 1400.88 47.452
73 23 0.0016 -3e-05 100.0 641.67 1580.19 1398.56 47.297
73 24 -0.0003 0.00018 100.0 641.7 1578.63 1402.52 47.46
73 25 0.0046 4e-05 100.0 641.92 1581.56 1397.65 47.271
73 26 -0.0014 5e-05 100.0 642.11 1581.33 1398.76 47.347
73 27 0.0003 -0.00014 100.0 641.94 1580.48 1401.28 47.491
73 28 -0.001 5e-05 100.0 642.53 1580.4 1401.86 47.459
73 29 0.0023 0.00034 100.0 642.45 1581.47 1398.32 47.557
73 30 -0.0007 -0.00024 100.0 641.73 1579.97 1400.27 47.437
73 31 -0.0029 -0.00031 100.0 641.74 1579.39 1400.16 47.658
73 32 0.0028 0.00016 100.0 642.25 1580.23 1396.91 47.484
73 33 0.0018 6e-05 100.0 642.05 1580.81 1403.49 47.563
73 34 -0.001 0.00011 100.0 642.05 1580.93 1399.83 47.438
73 35 -0.0009 -1e-05 100.0 642.26 1579.48 1396.82 47.478
73 36 -0.0011 -7e-05 100.0 642.13 1578.45 1400.18 47.648
73 37 -0.002 1e-05 100.0 641.98 1583.76 1402.78 47.51
73 38 -0.0014 0.00023 100.0 642.04 1581.1 1399.81 47.595
73 39 0.0015 -0.00014 100.0 642.06 1578.22 1398.46 47.519
73 40 0.0011 -0.00031 100.0 641.78 1579.0 1398.11 47.471
73 41 -0.0014 -0.00024 100.0 642.04 1579.59 1399.39 47.617
73 42 0.0022 0.00012 100.0 642.2 1579.48 1400.25 47.628
73 43 -0.0032 -9e-05 100.0 642.13 1581.26 1399.13 47.581
73 44 -0.0026 7e-05 100.0 642.18 1579.38 1396.95 47.744
73 45 -0.0013 -0.00047 100.0 641.99 1581.58 1398.41 47.941
73 46 0.004 0.00036 100.0 641.73 1580.72 1399.25 47.795
73 47 -0.0027 0.00029 100.0 642.18 1579.11 1400.97 47.544
73 48 0.0014 -0.0 100.0 641.58 1579.78 1400.24 47.894
73 49 -0.0001 0.00023 100.0 641.98 1580.73 1397.95 47.886
73 50 -0.0002 0.00023 100.0 642.05 1579.88 1402.05 47.965
73 51 0.002 0.00034 100.0 642.01 1578.67 1398.13 47.83
73 52 -0.0048 0.0002 100.0 641.95 1581.23 1400.51 47.867
73 53 0.0001 0.00018 100.0 642.0 1579.47 1399.04 47.74
73 54 -0.0001 -0.0001 100.0 642.42 1581.84 1402.29 47.893
73 55 0.0006 -0.00047 100.0 642.34 1581.28 1396.11 47.903
73 56 -0.0013 -0.0 100.0 641.84 1579.0 1401.27 47.921
73 57 0.0013 1e-05 100.0 642.02 1581.15 1398.68 47.846
73 58 -0.0003 4e-05 100.0 641.89 1580.93 1401.01 47.96
73 59 0.0017 0.00042 100.0 642.16 1579.63 1401.75 48.047
73 60 -0.0005 -0.00027 100.0 642.21 1581.38 1401.51 47.832
73 61 -0.0025 0.00016 100.0 641.86 1579.65 1403.1 48.159
73 62 0.0019 0.00022 100.0 641.77 1580.2 1401.01 47.946
73 63 -0.0004 -0.00073 100.0 641.66 1579.59 1400.52 47.967
73 64 0.0015 -0.0003 100.0 641.93 1581.03 1398.64 47.872
73 65 -0.0031 0.00015 100.0 642.08 1580.56 1398.49 48.097
73 66 0.0007 0.00012 100.0 641.77 1581.67 1400.25 47.935
73 67 -0.0006 7e-05 100.0 641.99 1578.92 1404.03 48.163
73 68 -0.0015 8e-05 100.0 641.84 1579.49 1402.23 48.165
73 69 -0.0003 -0.00042 100.0 641.94 1579.89 1401.44 48.227
73 70 -0.001 -9e-05 100.0 641.71 1580.26 1398.02 48.304
73 71 0.0018 -0.0 100.0 641.74 1582.38 1400.04 48.187
73 72 -0.0011 0.0001 100.0 641.37 1579.15 1399.22 48.286
73 73 0.0006 -0.00045 100.0 641.98 1579.94 1403.66 48.262
73 74 -0.0018 0.00018 100.0 642.17 1581.39 1400.9 48.296
73 75 0.0018 0.00021 100.0 642.31 1581.86 1399.82 48.246
73 76 0.0005 0.00017 100.0 642.59 1581.25 1399.12 48.268
73 77 -0.0004 -0.0002 100.0 642.19 1580.35 1401.9 48.461
73 78 0.0014 -0.00013 100.0 641.89 1583.26 1400.38 48.356
73 79 -0.0026 -5e-05 100.0 641.99 1579.85 1399.85 48.428
73 80 0.0005 -0.00045 100.0 641.54 1581.23 1399.6 48.373
73 81 -0.0018 -3e-05 100.0 641.69 1579.58 1397.65 48.357
73 82 -0.0002 -9e-05 100.0 642.27 1577.76 1399.92 48.324
73 83 -0.0018 -0.0002 100.0 642.33 1582.46 1397.43 48.276
73 84 0.0 -6e-05 100.0 642.38 1580.63 1399.77 48.356
73 85 0.0 -4e-05 100.0 642.26 1580.71 1396.71 48.474
73 86 0.0019 0.00025 100.0 642.07 1580.67 1399.26 48.516
73 87 0.0021 5e-05 100.0 641.61 1580.91 1399.74 48.271
73 88 -0.0014 0.0002 100.0 641.78 1580.41 1400.51 48.519
73 89 0.002 -0.00022 100.0 642.06 1578.45 1398.47 48.277
73 90 0.0013 -0.00016 100.0 642.17 1578.67 1401.53 48.369
73 91 -0.001 -9e-05 100.0 641.42 1580.57 1398.13 48.598
73 92 -0.002 -0.00021 100.0 641.85 1579.91 1399.34 48.644
73 93 -0.0004 0.00015 100.0 641.99 1580.92 1399.64 48.563
73 94 0.0001 -0.00013 100.0 641.57 1581.02 1398.98 48.512
73 95 0.0026 0.00021 100.0 641.43 1580.41 1394.91 48.468
73 96 0.0008 3e-05 100.0 642.48 1582.47 1399.59 48.491
73 97 0.0016 -1e-05 100.0 641.58 1579.73 1401.38 48.75
73 98 -0.0001 1e-05 100.0 642.07 1580.14 1401.05 48.754
73 99 0.0038 -0.00027 100.0 642.88 1579.43 1401.09 48.553
74 1 -0.001 -9e-05 100.0 641.73 1579.1 1399.93 47.196
74 2 0.0008 7e-05 100.0 642.04 1579.06 1399.41 47.236
74 3 -0.0013 0.00026 100.0 641.51 1579.94 1399.88 46.993
74 4 -0.0023 -0.0001 100.0 642.04 1579.57 1402.6 47.125
74 5 -0.0014 9e-05 100.0 642.09 1580.79 1398.0 47.039
74 6 0.0006 0.00012 100.0 641.88 1580.21 1398.53 47.034
74 7 -0.0006 0.00035 100.0 642.43 1580.87 1399.94 47.121
74 8 0.0045 5e-05 100.0 641.92 1579.51 1400.6 47.068
74 9 0.0034 0.00013 100.0 642.06 1578.42 1399.72 47.119
74 10 -0.0036 7e-05 100.0 642.3 1579.15 1402.87 47.291
74 11 0.0025 -0.00043 100.0 641.49 1581.12 1398.96 46.979
74 12 0.0036 0.0001 100.0 641.64 1579.61 1402.32 47.193
74 13 0.0013 0.00034 100.0 641.64 1580.19 1398.79 47.059
74 14 0.0001 0.0 100.0 641.73 1578.58 1399.62 47.137
74 15 0.0002 -1e-05 100.0 642.12 1579.93 1400.06 47.342
74 16 0.0011 1e-05 100.0 641.64 1580.17 1399.25 47.201
74 17 -0.0044 0.00029 100.0 642.3 1578.31 1402.65 47.287
74 18 -0.0003 4e-05 100.0 641.84 1578.23 1399.1 47.322
74 19 -0.0007 -4e-05 100.0 642.02 1580.38 1400.53 47.464
74 20 0.0007 -0.00022 100.0 642.19 1578.9 1399.24 47.325
74 21 -0.0011 0.00015 100.0 641.84 1580.61 1402.06 47.364
74 22 -0.0003 0.00026 100.0 641.88 1580.01 1401.95 47.39
74 23 -0.0006 -7e-05 100.0 641.58 1579.82 1397.76 47.374
74 24 -0.0008 -0.00029 100.0 642.48 1580.1 1401.82 47.585
74 25 0.0019 -0.00034 100.0 642.11 1578.87 1398.66 47.473
74 26 -0.0017 -0.00023 100.0 641.91 1580.67 1401.48 47.492
74 27 -0.0019 0.00018 100.0 641.98 1580.39 1401.37 47.6
74 28 0.0015 1e-05 100.0 642.44 1581.74 1400.1 47.534
74 29 -0.0003 0.00026 100.0 641.66 1579.73 1397.31 47.502
74 30 -0.0018 0.00016 100.0 642.03 1579.76 1399.19 47.582
74 31 0.0001 4e-05 100.0 641.53 1581.09 1400.31 47.367
74 32 -0.0001 0.00035 100.0 642.02 1580.35 1403.09 47.738
74 33 0.0035 -0.00012 100.0 641.65 1579.2 1400.88 47.343
74 34 0.0017 7e-05 100.0 642.67 1581.88 1399.39 47.669
74 35 -0.0028 -0.00035 100.0 642.13 1579.43 1400.19 47.522
74 36 0.0001 0.00013 100.0 642.1 1578.65 1400.79 47.576
74 37 0.0004 0.00047 100.0 642.4 1580.72 1399.56 47.716
74 38 -0.0024 0.00034 100.0 642.02 1579.82 1399.1 47.737
74 39 -0.0009 -0.00016 100.0 641.62 1579.85 1401.91 47.703
74 40 0.0009 -0.00022 100.0 642.2 1579.47 1399.1 47.707
74 41 0.0011 0.00023 100.0 641.96 1580.89 1399.36 47.635
74 42 -0.0004 -0.00011 100.0 642.97 1581.7 1400.41 47.655
74 43 0.0002 3e-05 100.0 642.06 1578.27 1397.43 47.888
74 44 -0.0007 0.00014 100.0 641.55 1577.64 1398.86 47.647
74 45 0.002 -0.00028 100.0 642.32 1580.73 1400.77 47.743
74 46 0.001 -0.00038 100.0 642.72 1577.71 1399.55 47.719
74 47 0.0004 -0.00012 100.0 642.6 1580.2 1399.14 47.714
74 48 -0.0006 -3e-05 100.0 641.7 1579.37 1397.76 47.977
74 49 -0.0038 -0.00015 100.0 641.69 1580.58 1400.13 47.942
74 50 -0.0086 -0.00038 100.0 642.5 1580.65 1400.22 47.763
74 51 -0.0001 3e-05 100.0 642.23 1579.11 1400.04 47.929
74 52 -0.0024 -0.00016 100.0 642.24 1581.33 1398.56 47.836
74 53 0.0007 5e-05 100.0 642.11 1580.95 1401.46 47.895
74 54 -0.0003 -3e-05 100.0 642.0 1580.71 1400.48 48.072
74 55 0.0008 -0.0001 100.0 641.97 1579.58 1398.89 48.056
74 56 -0.0021 -0.00017 100.0 642.05 1579.49 1397.91 47.974
74 57 -0.0008 -0.00012 100.0 642.14 1582.56 1399.23 47.857
74 58 -0.0019 4e-05 100.0 642.13 1579.98 1398.18 48.06
74 59 0.0006 5e-05 100.0 642.0 1580.8 1398.17 48.013
74 60 0.0049 0.00011 100.0 641.82 1580.83 1398.29 47.912
74 61 -0.0007 0.00029 100.0 641.92 1580.95 1399.38 48.019
74 62 0.0012 0.00034 100.0 642.04 1579.09 1400.39 47.994
74 63 -0.0 0.0001 100.0 641.57 1579.68 1399.07 47.964
74 64 0.0007 -0.00019 100.0 641.86 1577.35 1399.64 48.301
74 65 -0.0002 0.00011 100.0 642.04 1580.31 1401.19 48.115
74 66 0.0 -7e-05 100.0 641.71 1579.59 1398.49 47.928
74 67 -0.0012 0.00015 100.0 642.27 1580.1 1398.37 48.08
74 68 0.0029 0.0003 100.0 642.36 1581.02 1399.42 48.162
74 69 -0.0016 -0.00019 100.0 642.01 1579.34 1399.61 47.98
74 70 0.0025 1e-05 100.0 641.65 1580.11 1397.98 48.266
74 71 0.003 -0.00018 100.0 642.06 1579.7 1400.1 48.267
74 72 -0.0004 0.00017 100.0 641.76 1578.55 1401.45 47.954
74 73 0.0004 0.00022 100.0 642.0 1580.2 1402.22 48.229
74 74 0.0026 -0.00019 100.0 641.95 1579.91 1399.43 48.347
74 75 0.0023 0.00013 100.0 641.92 1578.62 1399.11 48.187
74 76 0.0028 0.00017 100.0 642.24 1582.5 1400.47 48.234
74 77 -0.0052 -0.00017 100.0 642.06 1580.63 1398.88 48.264
74 78 -0.0024 0.00011 100.0 641.77 1577.95 1401.32 48.094
74 79 0.0008 0.00016 100.0 642.21 1577.76 1401.68 48.403
74 80 -0.003 -1e-05 100.0 642.24 1578.58 1400.98 48.526
74 81 -0.0009 -4e-05 100.0 642.0 1578.19 1397.91 48.31
74 82 -0.0008 -0.00028 100.0 642.44 1580.51 1400.59 48.334
74 83 0.0025 0.00011 100.0 642.54 1580.27 1401.67 48.393
74 84 0.0007 -0.00028 100.0 641.7 1579.75 1399.46 48.433
74 85 -0.0016 -5e-05 100.0 642.12 1579.16 1398.63 48.374
74 86 0.0008 -0.00037 100.0 641.78 1581.14 1400.49 48.206
74 87 0.0019 -0.00012 100.0 641.97 1580.56 1401.67 48.42
74 88 -0.0004 0.00027 100.0 642.42 1579.57 1398.38 48.422
74 89 0.0006 0.00019 100.0 641.87 1578.96 1401.43 48.404
74 90 0.0001 0.0001 100.0 641.55 1579.09 1399.35 48.668
74 91 0.0006 -0.00043 100.0 641.79 1581.15 1400.82 48.479
74 92 -0.0013 -0.00018 100.0 642.06 1579.81 1398.77 48.666
74 93 -0.0023 0.00015 100.0 641.75 1578.08 1399.91 48.362
74 94 -0.0002 -0.00017 100.0 642.36 1581.0 1398.4 48.412
74 95 0.0002 0.0003 100.0 642.54 1581.42 1398.97 48.653
74 96 -0.0001 -0.00024 100.0 642.3 1580.78 1400.11 48.665
74 97 -0.0002 4e-05 100.0 641.73 1579.58 1400.15 48.552
74 98 0.0008 -0.00011 100.0 641.88 1580.89 1401.71 48.712
74 99 0.0014 0.00031 100.0 642.14 1580.74 1402.3 48.757
75 1 0.0002 0.00024 100.0 641.7 1582.27 1401.95 47.124
75 2 0.0003 0.00026 100.0 641.61 1579.02 1400.43 47.084
75 3 -0.0036 -0.00028 100.0 641.62 1579.35 1401.11 47.057
75 4 0.0 -3e-05 100.0 642.28 1579.74 1400.69 46.998
75 5 0.0023 -0.00015 100.0 642.25 1578.49 1399.65 46.979
75 6 -0.0007 -0.00025 100.0 641.36 1580.8 1401.1 46.898
75 7 -0.0034 -0.00023 100.0 642.35 1578.48 1401.59 47.047
75 8 0.0031 4e-05 100.0 642.28 1581.77 1401.49 47.082
75 9 0.0012 0.00028 100.0 642.36 1581.64 1401.4 47.018
75 10 0.0018 -3e-05 100.0 641.99 1580.87 1400.72 47.123
75 11 0.0025 -0.00024 100.0 642.26 1580.26 1398.87 47.188
75 12 0.0 0.00031 100.0 642.05 1576.99 1402.31 47.011
75 13 0.0009 -9e-05 100.0 641.95 1581.62 1398.41 47.296
75 14 0.0019 4e-05 100.0 642.26 1579.81 1400.82 47.194
75 15 -0.0037 0.0003 100.0 641.96 1581.99 1401.72 47.387
75 16 0.0028 -8e-05 100.0 642.03 1580.44 1400.74 47.249
75 17 0.0025 -4e-05 100.0 641.67 1577.89 1400.89 47.309
75 18 0.0026 1e-05 100.0 641.55 1580.52 1399.98 46.933
75 19 -0.0002 1e-05 100.0 642.09 1581.22 1402.03 47.094
75 20 -0.0002 0.0 100.0 641.78 1580.88 1399.65 47.255
75 21 0.0029 9e-05 100.0 642.57 1579.44 1399.37 47.199
75 22 -0.0013 0.00013 100.0 641.69 1580.3 1401.22 47.272
75 23 0.0003 9e-05 100.0 641.81 1581.22 1401.71 47.184
75 24 -0.002 -8e-05 100.0 641.88 1580.42 1399.42 47.345
75 25 0.0015 0.00014 100.0 642.13 1579.07 1397.9 47.109
75 26 0.0008 0.00021 100.0 642.21 1579.03 1399.44 47.198
75 27 0.0003 0.00024 100.0 641.82 1581.18 1400.92 47.201
75 28 -0.0016 0.00025 100.0 642.11 1579.29 1400.75 47.443
75 29 0.0004 0.00015 100.0 641.94 1578.99 1400.27 47.187
75 30 -0.0028 0.00028 100.0 642.01 1579.31 1399.57 47.278
75 31 -0.0009 -0.0 100.0 642.49 1579.85 1397.15 47.266
75 32 -0.0018 -8e-05 100.0 642.2 1580.21 1399.49 47.29
75 33 0.0011 -0.00018 100.0 642.26 1579.19 1401.51 47.353
75 34 0.0009 -9e-05 100.0 642.11 1578.72 1397.96 47.326
75 35 -0.002 -0.00027 100.0 642.52 1580.57 1401.43 47.462
75 36 0.0004 -3e-05 100.0 641.61 1580.37 1398.82 47.305
75 37 0.0003 -0.00035 100.0 642.1 1579.52 1397.95 47.392
75 38 0.0007 -0.00013 100.0 642.16 1581.01 1398.55 47.462
75 39 -0.0003 -0.00033 100.0 641.7 1579.9 1397.93 47.361
75 40 -0.0026 -0.00016 100.0 642.05 1580.01 1401.01 47.53
75 41 0.0006 0.0001 100.0 642.05 1579.14 1400.97 47.417
75 42 -0.001 -5e-05 100.0 641.8 1579.91 1397.21 47.412
75 43 0.0026 -6e-05 100.0 642.15 1579.1 1398.84 47.444
75 44 -0.0006 -0.0001 100.0 642.24 1579.9 1399.77 47.402
75 45 0.0008 0.00028 100.0 641.45 1579.57 1400.81 47.413
75 46 0.001 6e-05 100.0 642.12 1580.03 1399.32 47.492
75 47 0.0002 1e-05 100.0 641.74 1579.94 1401.73 47.379
75 48 -0.001 0.0002 100.0 642.14 1580.3 1399.94 47.468
75 49 0.0015 -0.00013 100.0 642.47 1580.19 1400.08 47.392
75 50 -0.0014 -0.00037 100.0 642.03 1580.49 1398.97 47.501
75 51 0.0001 0.0001 100.0 641.85 1579.2 1399.83 47.407
75 52 0.0001 0.00019 100.0 642.2 1580.83 1400.41 47.518
75 53 -0.0036 -0.0001 100.0 641.56 1579.79 1397.29 47.539
75 54 -0.0014 0.0001 100.0 641.87 1577.87 1401.16 47.466
75 55 0.0003 6e-05 100.0 641.85 1580.52 1399.48 47.42
75 56 -0.0015 0.00016 100.0 642.14 1578.87 1398.33 47.354
75 57 0.0005 -6e-05 100.0 642.2 1580.41 1400.11 47.346
75 58 0.0016 0.0001 100.0 641.87 1578.05 1399.88 47.583
75 59 -0.0016 -9e-05 100.0 641.92 1579.81 1399.65 47.705
75 60 0.0013 -0.00012 100.0 641.31 1579.3 1400.04 47.428
75 61 0.0019 -0.00014 100.0 642.31 1578.4 1399.76 47.485
75 62 -0.0002 0.00013 100.0 642.51 1580.96 1401.25 47.397
75 63 -0.0007 6e-05 100.0 641.87 1581.14 1397.91 47.31
75 64 -0.0008 -0.00017 100.0 642.0 1580.46 1400.45 47.489
75 65 0.0007 0.00018 100.0 642.1 1580.35 1400.17 47.616
75 66 -0.0022 -4e-05 100.0 642.03 1579.37 1402.08 47.616
75 67 0.0001 -4e-05 100.0 641.45 1580.42 1399.7 47.543
75 68 -0.0005 0.00012 100.0 642.26 1578.68 1402.65 47.679
75 69 0.0016 -5e-05 100.0 642.03 1580.67 1401.98 47.63
75 70 -0.0007 0.00027 100.0 641.83 1580.86 1400.88 47.613
75 71 -0.0004 0.00052 100.0 642.55 1579.05 1399.85 47.737
75 72 0.0001 0.0001 100.0 642.38 1581.24 1399.87 47.64
75 73 -0.0023 5e-05 100.0 641.95 1579.39 1401.4 47.773
75 74 0.0024 -4e-05 100.0 642.13 1579.32 1398.5 47.762
75 75 0.005 -0.00011 100.0 642.34 1580.96 1398.42 47.575
75 76 -0.0029 0.00041 100.0 642.6 1581.07 1400.39 47.753
75 77 -0.0006 -0.00011 100.0 641.58 1581.85 1400.09 47.77
75 78 0.0068 0.0001 100.0 642.24 1579.41 1400.19 47.709
75 79 0.0024 0.00034 100.0 641.71 1578.37 1402.2 47.797
75 80 0.0021 -0.00014 100.0 642.38 1576.93 1400.81 47.702
75 81 0.0032 -9e-05 100.0 641.95 1579.9 1399.61 47.824
75 82 0.0013 -0.00015 100.0 641.74 1579.56 1400.29 47.67
75 83 -0.0002 1e-05 100.0 642.18 1578.88 1400.09 47.774
75 84 0.0001 0.00027 100.0 641.96 1580.04 1402.8 47.692
75 85 0.0004 -2e-05 100.0 641.6 1579.65 1402.12 47.895
75 86 -0.0047 1e-05 100.0 642.32 1579.96 1399.58 47.838
75 87 0.0003 -6e-05 100.0 641.7 1579.75 1399.37 47.734
75 88 0.0036 0.00021 100.0 642.05 1581.53 1399.2 47.825
75 89 0.0035 0.00022 100.0 642.08 1579.66 1399.19 47.938
75 90 0.0017 0.00029 100.0 642.29 1579.01 1400.49 47.698
75 91 0.0016 -0.0 100.0 641.96 1580.05 1401.6 47.831
75 92 -0.0011 -5e-05 100.0 641.27 1580.27 1398.23 47.63
75 93 -0.0048 -8e-05 100.0 642.04 1580.86 1400.76 48.033
75 94 -0.0005 -0.0002 100.0 642.52 1577.82 1399.37 47.712
75 95 0.0005 8e-05 100.0 641.99 1580.2 1400.75 47.853
75 96 -0.0013 2e-05 100.0 641.51 1580.84 1398.43 47.963
75 97 -0.0008 -0.00014 100.0 642.16 1578.87 1402.45 47.902
75 98 0.0012 -0.00017 100.0 641.59 1578.32 1400.47 47.742
75 99 -0.0019 -3e-05 100.0 641.94 1580.12 1400.39 47.764
76 1 -0.0027 0.00013 100.0 642.15 1578.84 1400.92 47.012
76 2 -0.0003 0.00013 100.0 641.57 1580.83 1398.66 47.033
76 3 0.0028 -0.00029 100.0 641.84 1581.35 1396.9 46.947
76 4 0.0001 -9e-05 100.0 642.08 1580.72 1400.45 46.988
76 5 -0.0047 0.0002 100.0 642.23 1581.41 1399.37 47.229
76 6 -0.0012 1e-05 100.0 642.05 1579.32 1399.48 47.123
76 7 -0.0032 -2e-05 100.0 642.23 1582.44 1399.1 46.988
76 8 -0.0036 -0.00025 100.0 642.14 1581.92 1401.22 47.148
76 9 0.0019 -0.00013 100.0 641.86 1581.82 1398.59 47.171
76 10 0.0005 0.00038 100.0 641.75 1580.67 1401.61 47.172
76 11 0.0001 0.00013 100.0 642.03 1581.02 1398.58 47.088
76 12 -0.0026 -0.00014 100.0 642.34 1578.96 1400.43 47.267
76 13 0.0009 0.0001 100.0 642.34 1580.63 1400.06 47.172
76 14 -0.0016 0.00012 100.0 641.83 1578.85 1399.67 47.241
76 15 0.0 -0.00029 100.0 642.17 1577.83 1399.05 47.371
76 16 -0.0024 -2e-05 100.0 642.14 1581.69 1402.73 47.236
76 17 0.0012 0.00027 100.0 641.79 1580.12 1399.88 47.237
76 18 0.0018 8e-05 100.0 641.85 1578.77 1403.06 47.275
76 19 0.0005 -0.00025 100.0 642.48 1579.81 1397.43 47.26
76 20 0.0017 -0.0001 100.0 642.4 1577.99 1398.65 47.318
76 21 -0.0051 8e-05 100.0 642.13 1581.07 1399.03 47.347
76 22 0.0014 -0.00035 100.0 642.28 1579.95 1399.56 47.163
76 23 -0.001 0.00031 100.0 642.13 1580.3 1399.27 47.315
76 24 0.001 0.00011 100.0 641.8 1581.62 1401.13 47.44
76 25 0.0005 -2e-05 100.0 642.45 1581.14 1400.37 47.249
76 26 0.0002 8e-05 100.0 642.16 1579.05 1400.23 47.321
76 27 0.0009 2e-05 100.0 642.12 1580.83 1397.09 47.487
76 28 -0.0015 -0.00011 100.0 641.84 1581.38 1400.38 47.445
76 29 0.002 0.0001 100.0 641.97 1579.99 1399.7 47.512
76 30 -0.0043 -0.00015 100.0 641.71 1580.01 1399.04 47.318
76 31 -0.0015 0.00016 100.0 641.88 1580.86 1396.65 47.423
76 32 -0.0005 -0.00014 100.0 641.64 1579.18 1400.67 47.399
76 33 -0.0026 0.00023 100.0 642.11 1578.48 1400.14 47.528
76 34 -0.0003 -0.00012 100.0 641.91 1581.28 1398.87 47.618
76 35 0.0003 0.00025 100.0 642.02 1580.0 1399.86 47.507
76 36 0.0027 0.00012 100.0 642.58 1579.58 1399.88 47.323
76 37 -0.0025 8e-05 100.0 642.37 1579.8 1401.38 47.592
76 38 -0.0006 -7e-05 100.0 642.34 1580.85 1400.31 47.609
76 39 0.0005 0.00016 100.0 641.61 1582.09 1401.5 47.535
76 40 -0.0014 -0.00031 100.0 641.7 1580.76 1401.9 47.657
76 41 -0.0013 -0.0 100.0 641.97 1578.54 1399.74 47.48
76 42 0.0006 -0.00017 100.0 641.99 1580.72 1398.56 47.56
76 43 0.0025 -1e-05 100.0 641.98 1580.43 1400.28 47.625
76 44 -0.0002 -0.00026 100.0 642.28 1580.4 1401.33 47.577
76 45 -0.0019 -8e-05 100.0 641.82 1578.61 1401.08 47.879
76 46 -0.0002 -0.00018 100.0 641.96 1579.56 1402.38 47.682
76 47 0.0004 1e-05 100.0 641.78 1579.87 1398.64 47.781
76 48 -0.0021 -0.00013 100.0 642.05 1580.98 1401.05 47.695
76 49 -0.0033 -8e-05 100.0 641.77 1580.59 1401.26 47.805
76 50 0.0022 -0.00014 100.0 641.96 1579.51 1401.25 47.809
76 51 -0.0007 -6e-05 100.0 641.46 1578.19 1399.32 47.919
76 52 0.0014 1e-05 100.0 641.78 1579.74 1399.12 47.703
76 53 -0.0025 -0.0002 100.0 641.98 1581.34 1399.27 47.749
76 54 0.0015 -0.00018 100.0 642.14 1581.06 1402.47 47.762
76 55 -0.0046 0.00042 100.0 641.35 1579.63 1399.09 47.78
76 56 0.0038 1e-05 100.0 641.37 1579.67 1402.48 47.777
76 57 0.0017 -0.00022 100.0 642.37 1579.82 1400.69 47.839
76 58 0.0019 0.00014 100.0 641.74 1579.24 1400.15 47.997
76 59 -0.0016 -0.00012 100.0 642.09 1581.29 1400.01 47.853
76 60 -0.0002 0.00017 100.0 641.76 1578.12 1399.54 47.964
76 61 0.0002 -0.00043 100.0 642.1 1581.38 1398.77 47.742
76 62 0.0013 -5e-05 100.0 642.24 1579.98 1398.01 47.989
76 63 -0.0026 -0.00038 100.0 642.23 1581.4 1402.01 47.638
76 64 0.0014 -7e-05 100.0 642.16 1578.87 1397.61 47.89
76 65 -0.0007 -9e-05 100.0 642.0 1579.8 1399.9 48.008
76 66 0.0037 8e-05 100.0 642.15 1581.5 1399.25 47.85
76 67 0.0011 0.00021 100.0 642.2 1581.17 1399.32 48.001
76 68 -0.0007 -0.00018 100.0 642.0 1579.08 1399.26 47.951
76 69 -0.0012 0.00017 100.0 642.1 1580.51 1398.79 47.998
76 70 0.0015 -0.00053 100.0 642.25 1579.12 1400.57 47.957
76 71 -0.0017 7e-05 100.0 642.39 1579.63 1400.52 48.12
76 72 0.0025 -0.00028 100.0 641.34 1579.4 1401.2 48.294
76 73 -0.0029 -5e-05 100.0 641.83 1579.22 1399.83 47.998
76 74 -0.0021 0.00019 100.0 641.98 1579.15 1399.75 47.983
76 75 0.0 0.00016 100.0 642.0 1579.83 1400.01 48.059
76 76 -0.0001 -0.00021 100.0 641.78 1580.05 1399.08 48.077
76 77 0.0017 -0.00015 100.0 641.77 1581.44 1399.91 48.225
76 78 0.0022 -0.00026 100.0 641.51 1583.0 1399.1 47.938
76 79 -0.0014 7e-05 100.0 642.1 1583.4 1399.52 48.167
76 80 0.001 2e-05 100.0 642.12 1579.94 1398.87 48.071
76 81 -0.0027 0.0001 100.0 642.5 1579.4 1399.38 48.254
76 82 -0.0009 0.0002 100.0 642.1 1581.4 1398.97 48.128
76 83 -0.0014 -0.0002 100.0 642.18 1579.53 1397.85 48.278
76 84 0.001 -6e-05 100.0 642.09 1579.28 1399.36 48.28
76 85 0.0008 -0.0003 100.0 642.59 1579.34 1401.0 48.178
76 86 0.0008 -0.00012 100.0 642.25 1579.84 1397.8 48.183
76 87 -0.0005 -0.00022 100.0 642.81 1580.46 1400.92 48.309
76 88 -0.0007 0.00024 100.0 641.82 1579.72 1402.69 48.383
76 89 0.0018 0.00025 100.0 641.83 1580.41 1398.93 48.334
76 90 0.0059 0.0005 100.0 642.4 1580.19 1401.37 48.314
76 91 0.0008 -0.00015 100.0 642.09 1578.74 1401.2 48.306
76 92 -0.0009 -1e-05 100.0 641.92 1579.37 1400.6 48.457
76 93 -0.0019 -2e-05 100.0 641.82 1580.81 1399.12 48.528
76 94 -0.0008 -0.0003 100.0 642.23 1580.55 1399.21 48.636
76 95 0.0042 6e-05 100.0 642.08 1580.22 1400.31 48.562
76 96 -0.0031 -4e-05 100.0 642.54 1579.84 1397.46 48.377
76 97 -0.0016 0.00022 100.0 642.25 1578.9 1399.66 48.44
76 98 -0.0014 4e-05 100.0 642.59 1580.42 1402.8 48.554
76 99 0.0022 0.00017 100.0 642.17 1580.34 1396.32 48.334
77 1 0.0 -0.00028 100.0 641.77 1582.0 1398.27 46.871
77 2 0.0029 -0.00011 100.0 642.17 1580.87 1400.7 47.074
77 3 -0.0003 0.0001 100.0 641.82 1578.38 1400.12 46.954
77 4 -0.0038 -0.0 100.0 642.0 1581.46 1400.86 46.918
77 5 0.0002 6e-05 100.0 642.0 1579.54 1402.61 47.027
77 6 -0.0008 0.00028 100.0 642.14 1579.74 1401.16 47.115
77 7 0.0017 2e-05 100.0 641.95 1581.01 1400.74 47.19
77 8 0.0029 0.00012 100.0 642.04 1579.4 1401.47 47.136
77 9 -0.0026 4e-05 100.0 642.34 1579.68 1401.25 47.322
77 10 -0.0008 0.00018 100.0 641.97 1578.27 1401.64 47.082
77 11 -0.0 0.0003 100.0 641.45 1579.42 1399.2 47.212
77 12 0.001 -2e-05 100.0 641.93 1578.49 1398.88 47.407
77 13 0.0001 -8e-05 100.0 641.85 1581.57 1400.44 47.102
77 14 0.0011 0.0 100.0 642.16 1580.17 1401.16 47.234
77 15 0.0 -4e-05 100.0 641.82 1579.94 1402.01 47.338
77 16 -0.0016 5e-05 100.0 641.65 1580.27 1402.54 47.341
77 17 -0.0022 0.00014 100.0 641.99 1579.92 1401.07 47.337
77 18 -0.0017 3e-05 100.0 641.47 1580.46 1400.17 47.367
77 19 -0.0023 -0.0002 100.0 641.79 1580.04 1397.47 47.248
77 20 0.0003 2e-05 100.0 642.13 1578.93 1398.58 47.408
77 21 -0.0008 0.0002 100.0 642.55 1580.22 1399.74 47.35
77 22 -0.0 0.00013 100.0 641.48 1579.17 1399.33 47.494
77 23 -0.0014 -0.00027 100.0 641.98 1582.04 1400.04 47.353
77 24 0.0001 -0.0001 100.0 641.68 1579.53 1400.81 47.431
77 25 -0.0018 -8e-05 100.0 642.25 1579.58 1400.16 47.321
77 26 0.0006 -0.00014 100.0 641.6 1578.91 1399.98 47.462
77 27 0.0 -0.00013 100.0 641.89 1580.94 1398.59 47.419
77 28 0.0031 -0.00027 100.0 641.85 1580.79 1401.52 47.672
77 29 -0.0065 2e-05 100.0 642.35 1581.2 1399.07 47.44
77 30 0.0032 -7e-05 100.0 641.75 1580.22 1400.47 47.448
77 31 0.0001 -8e-05 100.0 642.28 1580.45 1399.46 47.522
77 32 -0.0031 -0.00021 100.0 642.51 1579.13 1400.63 47.709
77 33 0.0018 -0.00029 100.0 641.98 1578.67 1400.01 47.716
77 34 0.0035 0.00019 100.0 642.17 1580.71 1400.0 47.854
77 35 0.0029 8e-05 100.0 642.23 1579.12 1399.58 47.663
77 36 0.0033 0.0001 100.0 642.35 1580.66 1398.78 47.786
77 37 -0.0008 0.00021 100.0 642.02 1581.33 1402.87 47.798
77 38 0.002 0.00012 100.0 641.4 1578.32 1400.64 47.763
77 39 -0.0003 0.00033 100.0 642.78 1580.63 1399.6 47.856
77 40 -0.0029 0.0003 100.0 642.37 1580.02 1398.75 47.672
77 41 0.0002 -0.00027 100.0 642.02 1578.83 1402.95 47.734
77 42 0.0024 7e-05 100.0 642.42 1578.83 1399.46 47.796
77 43 0.0019 5e-05 100.0 642.07 1579.82 1400.08 47.737
77 44 -0.0043 -5e-05 100.0 641.96 1581.29 1398.92 47.87
77 45 -0.0 -0.00026 100.0 641.88 1579.37 1399.45 47.937
77 46 0.001 -0.00039 100.0 641.2 1580.65 1400.47 47.985
77 47 -0.0024 -0.00034 100.0 641.84 1581.92 1400.54 47.969
77 48 0.0002 -7e-05 100.0 642.24 1581.38 1400.27 47.898
77 49 -0.0011 0.0002 100.0 642.36 1579.58 1400.99 47.977
77 50 0.0015 9e-05 100.0 642.29 1582.26 1396.13 48.057
77 51 0.0018 0.00017 100.0 642.07 1580.29 1400.5 48.064
77 52 0.0036 -0.00025 100.0 641.94 1580.02 1399.38 48.037
77 53 0.0025 -7e-05 100.0 642.22 1579.36 1400.44 48.134
77 54 0.0003 -0.00025 100.0 642.34 1579.15 1398.34 48.21
77 55 0.0008 0.00014 100.0 641.85 1582.61 1399.33 47.809
77 56 -0.0002 0.00016 100.0 641.9 1581.47 1400.06 48.115
77 57 -0.0003 0.00017 100.0 641.62 1578.05 1400.85 48.036
77 58 -0.0005 0.00024 100.0 641.59 1579.57 1401.35 48.164
77 59 -0.0008 -0.00028 100.0 642.22 1577.86 1399.66 48.134
77 60 0.0003 0.00016 100.0 641.81 1579.11 1401.95 48.31
77 61 -0.0021 5e-05 100.0 641.76 1582.5 1401.28 48.049
77 62 0.0005 -0.00022 100.0 642.42 1577.28 1400.41 48.139
77 63 -0.0003 -0.00017 100.0 642.11 1577.87 1398.08 48.232
77 64 0.0006 0.00016 100.0 641.99 1578.91 1399.96 48.233
77 65 0.0002 1e-05 100.0 641.81 1580.71 1397.78 48.174
77 66 -0.0009 3e-05 100.0 641.85 1580.4 1399.68 48.06
77 67 0.001 -0.00024 100.0 642.16 1579.09 1397.81 48.438
77 68 0.0001 -0.0001 100.0 642.06 1581.38 1401.93 48.306
77 69 0.0004 -0.0001 100.0 642.59 1579.65 1401.02 48.259
77 70 0.0029 -9e-05 100.0 641.59 1581.35 1399.82 48.345
77 71 0.0008 2e-05 100.0 641.66 1579.63 1398.14 48.389
77 72 0.0007 -0.00023 100.0 641.56 1581.46 1398.53 48.586
77 73 0.0035 -0.00043 100.0 641.25 1579.2 1400.16 48.479
77 74 -0.0009 9e-05 100.0 641.84 1577.7 1398.31 48.479
77 75 -0.0004 0.00032 100.0 641.61 1577.8 1400.63 48.508
77 76 0.0009 9e-05 100.0 642.34 1580.65 1401.23 48.484
77 77 -0.002 -6e-05 100.0 641.93 1579.2 1401.91 48.31
77 78 0.0005 -0.00011 100.0 642.09 1580.2 1401.66 48.639
77 79 0.0022 -4e-05 100.0 642.15 1579.08 1399.64 48.449
77 80 0.0034 -0.00011 100.0 641.92 1579.7 1398.51 48.554
77 81 0.0001 3e-05 100.0 641.69 1580.66 1400.25 48.697
77 82 -0.0023 -0.00026 100.0 641.93 1579.79 1400.87 48.68
77 83 0.0031 -0.00011 100.0 641.4 1577.98 1402.71 48.677
77 84 0.0013 0.00016 100.0 642.31 1580.57 1399.88 48.779
77 85 -0.0038 0.0001 100.0 641.54 1582.44 1403.6 48.763
77 86 0.0016 5e-05 100.0 642.3 1581.22 1397.84 48.923
77 87 -0.0008 -3e-05 100.0 641.69 1578.71 1399.79 48.817
77 88 -0.0028 0.0001 100.0 641.94 1579.2 1399.93 48.711
77 89 0.0024 7e-05 100.0 641.62 1581.59 1398.76 48.805
77 90 0.0038 0.00021 100.0 642.05 1580.68 1401.48 48.899
77 91 -0.0014 -0.00014 100.0 641.6 1577.1 1399.8 48.863
77 92 0.0001 1e-05 100.0 642.2 1579.25 1401.34 48.83
77 93 0.0036 -1e-05 100.0 642.05 1579.94 1400.79 49.046
77 94 -0.0011 0.00034 100.0 641.97 1579.88 1399.26 48.922
77 95 0.0025 -0.00024 100.0 641.54 1580.15 1401.53 48.843
77 96 -0.0025 0.00037 100.0 642.62 1579.18 1399.74 49.03
77 97 -0.002 -1e-05 100.0 641.88 1580.94 1398.97 48.789
77 98 0.0008 0.00018 100.0 641.92 1579.75 1398.33 49.197
77 99 0.0009 0.00041 100.0 642.16 1579.28 1397.16 48.918
78 1 0.003 -0.0001 100.0 641.97 1578.29 1400.07 47.148
78 2 0.0003 -9e-05 100.0 641.68 1579.88 1400.58 47.058
78 3 -0.0012 0.00039 100.0 642.2 1580.88 1399.56 47.096
78 4 -0.0013 9e-05 100.0 641.92 1578.23 1398.6 47.083
78 5 -0.0015 5e-05 100.0 642.0 1578.28 1402.11 47.051
78 6 -0.002 6e-05 100.0 641.9 1579.05 1400.44 47.051
78 7 0.0007 -9e-05 100.0 642.19 1580.87 1399.52 47.11
78 8 -0.0015 0.00041 100.0 641.89 1579.76 1399.3 47.271
78 9 -0.0011 2e-05 100.0 642.02 1579.43 1401.67 47.205
78 10 0.0011 -6e-05 100.0 641.71 1580.65 1400.43 47.394
78 11 -0.0016 -6e-05 100.0 642.07 1579.45 1396.5 47.132
78 12 0.0043 0.00025 100.0 642.05 1579.09 1399.93 47.101
78 13 -0.0021 0.00026 100.0 642.54 1579.91 1399.91 47.285
78 14 0.0047 -2e-05 100.0 642.27 1581.71 1395.89 47.439
78 15 0.0003 -0.00038 100.0 642.52 1580.93 1399.49 47.496
78 16 0.0014 -0.00031 100.0 641.23 1579.64 1402.31 47.371
78 17 0.0012 -0.00021 100.0 641.82 1580.09 1401.31 47.161
78 18 0.0015 0.00019 100.0 642.22 1580.59 1403.72 47.375
78 19 -0.0008 -0.0002 100.0 642.26 1579.34 1401.86 47.518
78 20 0.0013 4e-05 100.0 642.37 1580.74 1401.59 47.258
78 21 -0.001 0.00011 100.0 642.18 1579.28 1398.06 47.397
78 22 -0.0012 0.00018 100.0 642.64 1580.53 1400.18 47.317
78 23 0.001 -0.00023 100.0 642.09 1579.48 1400.18 47.278
78 24 -0.0008 0.00039 100.0 641.72 1581.06 1400.56 47.25
78 25 0.0007 -0.00014 100.0 642.31 1579.13 1401.55 47.563
78 26 0.0019 -1e-05 100.0 641.69 1579.14 1398.28 47.441
78 27 0.0003 -0.00029 100.0 642.16 1580.0 1401.58 47.375
78 28 -0.0031 -2e-05 100.0 641.65 1580.68 1401.63 47.437
78 29 0.0021 0.00011 100.0 641.53 1579.48 1400.0 47.619
78 30 -0.0013 -0.00056 100.0 642.18 1579.55 1402.47 47.596
78 31 0.0003 0.00024 100.0 641.96 1579.6 1399.2 47.359
78 32 0.0014 2e-05 100.0 642.19 1578.7 1399.22 47.601
78 33 -0.0011 -0.00016 100.0 642.18 1580.2 1402.37 47.621
78 34 0.0005 -7e-05 100.0 642.22 1579.32 1401.9 47.414
78 35 0.0012 5e-05 100.0 642.25 1579.94 1400.4 47.503
78 36 0.0013 0.00015 100.0 642.16 1580.98 1400.54 47.541
78 37 -0.0001 0.00014 100.0 641.87 1582.67 1401.99 47.603
78 38 0.0006 0.00022 100.0 641.82 1578.5 1400.43 47.566
78 39 0.0033 0.0003 100.0 642.32 1580.78 1403.69 47.656
78 40 0.001 -0.00016 100.0 641.73 1580.35 1403.37 47.779
78 41 0.0015 -0.00016 100.0 641.7 1578.97 1400.62 47.746
78 42 -0.0006 2e-05 100.0 641.57 1579.84 1397.08 47.674
78 43 -0.0003 6e-05 100.0 641.7 1579.93 1399.71 47.572
78 44 -0.0037 -5e-05 100.0 642.21 1579.62 1399.11 47.597
78 45 -0.0001 -0.00022 100.0 642.04 1580.2 1399.49 47.833
78 46 -0.0032 0.0001 100.0 641.85 1578.65 1401.13 47.799
78 47 -0.0012 -0.00024 100.0 641.84 1581.24 1399.18 47.875
78 48 -0.0 0.00025 100.0 641.71 1579.05 1399.9 47.833
78 49 -0.0001 -0.00011 100.0 642.17 1579.82 1399.39 47.944
78 50 0.0019 -0.00028 100.0 641.98 1578.95 1398.77 47.799
78 51 -0.0023 1e-05 100.0 642.38 1579.53 1402.06 47.782
78 52 0.001 -0.00014 100.0 641.73 1582.01 1399.41 47.981
78 53 0.0017 -0.00019 100.0 642.09 1582.52 1401.77 48.07
78 54 -0.0018 -3e-05 100.0 641.9 1580.03 1400.22 47.947
78 55 0.0016 0.0001 100.0 641.7 1580.96 1400.33 47.946
78 56 -0.0032 9e-05 100.0 641.75 1581.98 1401.18 47.802
78 57 0.0004 -0.00025 100.0 641.37 1581.99 1400.11 47.907
78 58 0.0032 -0.0002 100.0 641.52 1581.7 1397.54 47.892
78 59 -0.0018 -6e-05 100.0 641.98 1579.18 1400.15 47.902
78 60 0.0021 5e-05 100.0 642.26 1580.62 1400.37 47.967
78 61 0.0003 0.0002 100.0 641.96 1579.14 1398.93 48.078
78 62 -0.0008 4e-05 100.0 642.17 1578.67 1400.78 48.134
78 63 0.002 -0.0001 100.0 641.65 1580.19 1400.35 48.15
78 64 -0.0011 -3e-05 100.0 642.05 1579.38 1399.2 48.106
78 65 -0.0006 -0.0 100.0 641.97 1580.59 1400.05 48.304
78 66 -0.002 0.00021 100.0 641.98 1579.81 1399.65 48.224
78 67 -0.0004 -0.00015 100.0 642.44 1580.29 1402.11 48.119
78 68 0.0029 -0.0002 100.0 641.83 1581.54 1400.87 48.286
78 69 -0.0 0.00019 100.0 641.78 1577.12 1401.34 48.295
78 70 -0.001 -2e-05 100.0 642.01 1581.8 1400.18 48.225
78 71 -0.0001 -8e-05 100.0 641.15 1580.59 1402.04 48.249
78 72 -0.0008 -0.00021 100.0 642.52 1580.56 1400.32 48.29
78 73 0.0023 -5e-05 100.0 642.01 1577.68 1398.91 48.271
78 74 0.0021 -0.00015 100.0 642.48 1578.93 1399.29 48.04
78 75 -0.0002 -0.00024 100.0 642.07 1580.96 1399.3 48.106
78 76 0.002 0.00033 100.0 641.9 1580.78 1400.15 48.221
78 77 -0.0002 -0.00032 100.0 641.52 1579.66 1401.32 48.427
78 78 -0.0007 0.00024 100.0 641.32 1579.67 1398.97 48.3
78 79 0.0023 7e-05 100.0 641.78 1578.63 1401.61 48.239
78 80 0.0001 -7e-05 100.0 641.64 1580.24 1398.32 48.421
78 81 0.0011 0.00046 100.0 642.01 1580.81 1402.66 48.348
78 82 -0.0003 6e-05 100.0 642.54 1580.52 1400.36 48.445
78 83 0.0014 0.00012 100.0 641.57 1580.84 1397.77 48.485
78 84 -0.0021 -0.00023 100.0 641.74 1578.82 1401.66 48.602
78 85 0.0011 -2e-05 100.0 641.99 1580.19 1400.81 48.498
78 86 0.0015 0.00021 100.0 641.98 1580.04 1397.92 48.499
78 87 0.0017 1e-05 100.0 642.17 1578.81 1397.88 48.575
78 88 -0.0002 -0.00038 100.0 642.06 1580.31 1400.97 48.546
78 89 0.0018 0.00022 100.0 642.17 1578.45 1398.25 48.615
78 90 0.0003 -0.00015 100.0 642.13 1579.74 1400.11 48.297
78 91 -0.0017 -0.00017 100.0 641.79 1580.9 1401.45 48.646
78 92 0.0006 0.00013 100.0 642.45 1579.29 1399.4 48.61
78 93 -0.0064 0.00037 100.0 642.01 1579.63 1400.5 48.669
78 94 0.0047 0.00015 100.0 642.05 1582.52 1398.89 48.615
78 95 -0.0024 0.00022 100.0 642.19 1578.99 1397.53 48.695
78 96 0.0001 0.00012 100.0 641.5 1579.9 1400.86 48.574
78 97 0.0015 6e-05 100.0 642.17 1579.82 1399.18 48.801
78 98 -0.0008 0.00023 100.0 642.39 1580.31 1400.98 48.617
78 99 0.0005 -0.00011 100.0 642.5 1577.67 1397.94 48.562
79 1 0.0002 -8e-05 100.0 642.1 1579.94 1401.33 46.932
79 2 -0.0007 8e-05 100.0 641.45 1576.9 1397.62 47.097
79 3 -0.0038 0.00052 100.0 642.0 1579.57 1400.21 46.763
79 4 -0.0026 -0.0003 100.0 641.63 1580.16 1402.24 47.043
79 5 0.0016 -0.00028 100.0 641.99 1580.85 1402.21 47.038
79 6 0.0025 0.00011 100.0 641.76 1580.93 1400.91 46.953
79 7 -0.0013 0.00024 100.0 641.94 1578.25 1400.94 47.007
79 8 -0.0004 -8e-05 100.0 642.58 1580.5 1400.6 47.14
79 9 -0.0033 7e-05 100.0 642.3 1578.38 1400.09 47.064
79 10 0.0013 3e-05 100.0 642.15 1579.11 1399.61 47.054
79 11 -0.0007 -8e-05 100.0 641.86 1579.32 1401.86 47.264
79 12 0.0027 -3e-05 100.0 641.95 1579.63 1398.96 47.158
79 13 -0.0003 -0.00017 100.0 641.91 1580.43 1402.19 47.073
79 14 -0.0025 -1e-05 100.0 642.04 1579.87 1400.11 47.331
79 15 0.0025 1e-05 100.0 642.37 1579.57 1400.28 47.225
79 16 0.0021 -0.00053 100.0 642.13 1579.2 1398.63 47.231
79 17 -0.0014 0.00055 100.0 641.58 1581.27 1402.05 47.102
79 18 -0.0006 9e-05 100.0 642.06 1581.8 1399.04 47.317
79 19 0.0009 -7e-05 100.0 641.61 1578.87 1399.7 47.12
79 20 0.0033 0.00017 100.0 642.14 1581.53 1399.01 47.035
79 21 -0.0049 -0.00015 100.0 641.81 1579.62 1399.72 47.103
79 22 -0.0009 9e-05 100.0 642.57 1580.27 1398.8 47.163
79 23 -0.0028 -0.00022 100.0 641.82 1579.34 1400.72 47.191
79 24 0.0021 5e-05 100.0 641.67 1579.01 1401.35 47.146
79 25 0.0006 -0.00013 100.0 641.8 1577.5 1400.22 47.27
79 26 0.0024 -0.00016 100.0 641.62 1580.2 1400.12 47.151
79 27 0.0025 -0.00022 100.0 642.01 1579.34 1401.26 47.24
79 28 0.0007 0.00013 100.0 642.4 1580.39 1400.18 47.233
79 29 -0.0005 0.0 100.0 642.06 1580.01 1402.02 47.327
79 30 0.0005 -0.00015 100.0 642.1 1579.92 1400.95 47.453
79 31 -0.0019 -8e-05 100.0 641.76 1582.19 1400.36 47.333
79 32 0.0019 -0.0001 100.0 641.67 1583.26 1397.82 47.394
79 33 -0.0028 0.00011 100.0 642.16 1579.46 1402.39 47.247
79 34 0.0005 0.00022 100.0 642.09 1580.62 1397.4 47.31
79 35 0.0038 0.00013 100.0 641.89 1578.3 1400.76 47.395
79 36 0.0017 -0.00032 100.0 642.28 1579.53 1400.14 47.474
79 37 -0.0011 1e-05 100.0 642.38 1579.94 1401.22 47.433
79 38 -0.0014 0.00039 100.0 642.14 1579.87 1397.49 47.35
79 39 0.0018 0.00026 100.0 641.37 1581.45 1398.27 47.444
79 40 -0.0023 -0.00012 100.0 641.7 1579.14 1400.94 47.408
79 41 -0.0066 -0.00016 100.0 641.8 1581.7 1398.44 47.459
79 42 -0.0001 0.00035 100.0 642.26 1579.51 1399.58 47.449
79 43 -0.0042 -0.00028 100.0 641.85 1582.46 1400.02 47.465
79 44 0.0024 3e-05 100.0 641.47 1580.6 1398.83 47.493
79 45 -0.0016 0.0001 100.0 642.27 1581.64 1398.08 47.284
79 46 0.0 8e-05 100.0 642.71 1581.07 1403.6 47.525
79 47 -0.0051 -0.00013 100.0 641.84 1580.18 1399.13 47.41
79 48 0.0007 0.00033 100.0 642.02 1580.09 1398.85 47.585
79 49 0.0021 -0.0003 100.0 642.11 1578.98 1402.65 47.627
79 50 0.0018 7e-05 100.0 641.57 1579.41 1401.35 47.321
79 51 -0.001 0.00044 100.0 642.71 1580.04 1399.87 47.493
79 52 -0.0002 -0.0003 100.0 641.69 1578.62 1397.48 47.589
79 53 -0.0029 -0.0002 100.0 642.32 1581.07 1402.24 47.41
79 54 0.0013 -2e-05 100.0 642.49 1580.08 1402.73 47.474
79 55 0.0 0.00039 100.0 641.48 1577.53 1400.39 47.604
79 56 0.0022 -0.00013 100.0 642.11 1580.83 1400.51 47.419
79 57 -0.0024 -0.00013 100.0 642.17 1581.4 1399.23 47.65
79 58 0.0 -0.00024 100.0 641.83 1579.6 1398.63 47.47
79 59 -0.0008 -0.00016 100.0 641.85 1579.85 1400.59 47.579
79 60 -0.0003 -0.00034 100.0 642.31 1581.53 1399.23 47.531
79 61 -0.003 -0.00018 100.0 641.56 1579.41 1401.62 47.588
79 62 0.0036 -0.0002 100.0 641.5 1581.04 1400.42 47.527
79 63 0.003 3e-05 100.0 642.28 1579.57 1399.3 47.449
79 64 0.0013 1e-05 100.0 641.81 1579.13 1399.45 47.727
79 65 -0.0008 -0.00028 100.0 641.22 1577.74 1396.77 47.693
79 66 -0.0022 0.00031 100.0 641.99 1580.26 1398.37 47.825
79 67 0.0006 -5e-05 100.0 642.12 1577.56 1399.36 47.844
79 68 -0.0001 0.00024 100.0 642.55 1579.0 1397.99 47.464
79 69 -0.0006 -9e-05 100.0 641.61 1578.22 1396.71 47.737
79 70 -0.0015 8e-05 100.0 641.79 1581.17 1400.98 47.747
79 71 -0.0007 0.00016 100.0 641.71 1579.74 1399.65 47.839
79 72 0.0007 -0.00026 100.0 642.12 1580.43 1399.16 47.804
79 73 0.0008 -0.00034 100.0 642.41 1581.15 1400.61 47.974
79 74 0.0016 -0.00019 100.0 641.66 1580.07 1399.58 47.61
79 75 0.001 -0.00025 100.0 641.75 1579.5 1401.34 47.848
79 76 -0.0008 -0.00023 100.0 642.03 1577.43 1398.74 47.862
79 77 0.0014 0.00033 100.0 641.89 1580.55 1400.31 47.9
79 78 0.0006 -0.00053 100.0 642.52 1580.84 1400.2 47.843
79 79 0.0007 -0.00026 100.0 641.96 1580.53 1399.96 47.74
79 80 -0.0016 2e-05 100.0 641.65 1581.89 1398.1 47.637
79 81 0.0034 -0.00034 100.0 641.74 1580.81 1399.34 47.646
79 82 -0.0012 0.00016 100.0 641.87 1579.99 1398.16 47.781
79 83 0.0012 0.00015 100.0 641.68 1582.5 1400.07 47.798
79 84 0.0007 -3e-05 100.0 641.76 1580.24 1398.95 47.828
79 85 -0.0005 0.00015 100.0 641.66 1580.86 1400.92 47.948
79 86 -0.0012 -0.00012 100.0 642.2 1580.72 1400.08 47.897
79 87 0.0022 -4e-05 100.0 642.25 1580.76 1401.51 47.843
79 88 0.001 -0.00015 100.0 641.97 1579.41 1400.5 48.071
79 89 -0.0005 0.00011 100.0 641.87 1580.17 1401.19 47.869
79 90 0.0008 9e-05 100.0 642.27 1579.46 1399.29 47.756
79 91 0.001 -0.00016 100.0 641.73 1579.42 1400.14 47.893
79 92 -0.0052 -6e-05 100.0 642.08 1579.9 1400.22 47.851
79 93 -0.0031 8e-05 100.0 641.82 1580.58 1398.19 48.01
79 94 -0.0013 -0.00015 100.0 641.9 1581.02 1399.53 47.929
79 95 -0.0059 0.00018 100.0 642.14 1579.63 1401.71 47.849
79 96 0.0015 5e-05 100.0 641.97 1578.45 1397.51 47.99
79 97 -0.0007 -4e-05 100.0 641.97 1581.02 1399.12 47.987
79 98 -0.0029 0.00014 100.0 642.4 1578.49 1397.07 47.953
79 99 0.0011 0.00016 100.0 641.52 1580.12 1399.51 47.974
80 1 -0.0025 7e-05 100.0 642.18 1581.18 1398.09 46.83
80 2 -0.0004 -2e-05 100.0 641.74 1580.1 1397.15 47.203
80 3 0.0002 0.00042 100.0 641.79 1580.82 1398.84 47.195
80 4 0.0006 9e-05 100.0 642.59 1580.48 1399.68 47.243
80 5 0.0021 0.00024 100.0 641.79 1579.1 1399.11 47.119
80 6 -0.0003 0.0003 100.0 642.13 1579.05 1399.28 47.414
80 7 0.0012 -0.00014 100.0 641.6 1579.93 1397.79 47.185
80 8 -0.0014 -3e-05 100.0 641.44 1580.91 1401.81 47.067
80 9 0.0027 -0.00053 100.0 641.93 1579.02 1398.35 47.096
80 10 -0.0007 -0.00016 100.0 642.08 1581.98 1399.65 47.21
80 11 -0.0019 -0.0002 100.0 641.79 1578.65 1398.89 47.211
80 12 -0.0024 -0.00042 100.0 641.94 1580.66 1400.22 47.2
80 13 0.0017 0.00022 100.0 642.23 1580.89 1401.48 47.102
80 14 -0.0013 -0.00013 100.0 642.54 1580.35 1403.0 47.264
80 15 -0.0002 -0.00012 100.0 641.99 1579.61 1400.81 47.22
80 16 0.003 9e-05 100.0 642.37 1580.38 1397.49 47.216
80 17 -0.0021 0.00048 100.0 642.28 1581.18 1398.62 47.336
80 18 -0.0007 0.00019 100.0 642.11 1581.96 1399.33 47.218
80 19 -0.0007 0.00024 100.0 642.15 1579.9 1399.21 47.325
80 20 0.0006 7e-05 100.0 642.13 1578.84 1403.06 47.29
80 21 -0.0012 -0.00016 100.0 641.86 1581.43 1397.73 47.428
80 22 -0.0025 1e-05 100.0 641.84 1579.94 1398.37 47.163
80 23 -0.0013 2e-05 100.0 641.92 1578.48 1399.41 47.359
80 24 0.0011 0.00015 100.0 641.99 1578.43 1397.9 47.328
80 25 -0.0004 -0.0001 100.0 642.01 1579.46 1401.65 47.36
80 26 0.0013 0.00016 100.0 641.77 1580.19 1398.43 47.512
80 27 0.0018 -4e-05 100.0 641.57 1580.35 1402.91 47.303
80 28 -0.0013 -5e-05 100.0 641.64 1580.86 1401.38 47.362
80 29 -0.0023 -0.00018 100.0 642.54 1580.08 1398.53 47.468
80 30 -0.0017 7e-05 100.0 642.15 1579.59 1395.61 47.606
80 31 -0.002 0.0 100.0 642.1 1578.38 1400.27 47.531
80 32 0.0028 -7e-05 100.0 642.32 1580.4 1399.79 47.435
80 33 -0.0013 0.0001 100.0 642.32 1580.3 1399.52 47.386
80 34 -0.0017 0.0 100.0 641.77 1580.68 1400.38 47.625
80 35 0.0003 -0.00035 100.0 642.37 1579.22 1402.26 47.505
80 36 0.0003 -0.00015 100.0 641.94 1581.6 1401.85 47.358
80 37 0.0019 0.00013 100.0 642.06 1581.3 1400.85 47.549
80 38 -0.0024 0.0 100.0 641.32 1578.93 1398.34 47.701
80 39 -0.001 0.00013 100.0 641.72 1579.88 1397.59 47.478
80 40 -0.0022 9e-05 100.0 642.24 1579.03 1400.41 47.517
80 41 0.0017 2e-05 100.0 642.14 1579.35 1400.83 47.625
80 42 0.0012 0.00031 100.0 641.93 1578.48 1400.3 47.623
80 43 0.0024 -0.00014 100.0 641.71 1580.25 1399.8 47.818
80 44 -0.0039 -0.00018 100.0 641.7 1579.87 1398.67 47.791
80 45 -0.0029 0.00023 100.0 642.43 1578.7 1399.09 47.693
80 46 -0.0029 -0.00019 100.0 641.9 1579.58 1397.07 47.689
80 47 -0.0036 -6e-05 100.0 641.25 1580.65 1400.51 47.813
80 48 0.0007 -5e-05 100.0 641.68 1579.34 1404.14 47.883
80 49 -0.0045 -0.0002 100.0 642.11 1580.82 1396.77 47.735
80 50 -0.0001 -0.00017 100.0 642.02 1577.96 1399.69 47.784
80 51 -0.0023 0.00019 100.0 641.78 1580.56 1400.01 47.761
80 52 0.0001 -0.00024 100.0 641.49 1579.71 1399.62 47.694
80 53 -0.0042 -9e-05 100.0 642.51 1579.97 1400.47 47.936
80 54 -0.0029 -0.0001 100.0 641.74 1579.21 1399.16 47.793
80 55 0.002 -0.00017 100.0 642.24 1580.4 1400.5 47.775
80 56 -0.0014 0.00019 100.0 642.32 1578.92 1396.96 47.922
80 57 -0.0021 -0.0003 100.0 641.86 1579.06 1399.71 47.815
80 58 -0.0023 -0.00015 100.0 641.92 1581.34 1400.1 47.883
80 59 -0.0016 0.0001 100.0 641.87 1578.69 1400.12 48.014
80 60 -0.0053 8e-05 100.0 641.66 1582.14 1399.82 47.995
80 61 -0.0002 0.0001 100.0 642.31 1580.07 1399.78 47.715
80 62 0.001 0.00014 100.0 641.97 1580.04 1395.55 47.934
80 63 -0.0002 -0.00015 100.0 642.09 1581.81 1399.81 48.043
80 64 -0.0003 -4e-05 100.0 642.11 1579.24 1396.99 47.823
80 65 0.0007 0.00023 100.0 642.02 1578.02 1401.36 48.007
80 66 -0.0029 3e-05 100.0 642.1 1577.66 1398.62 47.991
80 67 -0.0028 0.00031 100.0 641.84 1579.89 1399.26 47.952
80 68 0.0 0.00029 100.0 642.47 1578.66 1399.31 48.09
80 69 0.0022 1e-05 100.0 641.84 1579.02 1399.86 48.259
80 70 0.0012 0.00027 100.0 642.33 1581.13 1401.48 48.142
80 71 0.0022 -7e-05 100.0 642.67 1581.27 1399.76 48.013
80 72 0.0018 -9e-05 100.0 642.18 1581.03 1399.31 48.198
80 73 0.0017 -6e-05 100.0 641.99 1577.81 1398.89 48.24
80 74 -0.0005 -0.00024 100.0 641.64 1580.84 1399.93 48.304
80 75 -0.0007 0.00021 100.0 641.7 1579.24 1399.79 48.219
80 76 -0.0011 0.0002 100.0 641.95 1579.56 1399.99 47.955
80 77 -0.0025 -9e-05 100.0 642.04 1581.07 1400.08 48.205
80 78 0.004 7e-05 100.0 641.51 1579.15 1399.9 48.234
80 79 -0.0008 -0.00025 100.0 642.51 1580.71 1401.09 48.278
80 80 -0.0014 -0.00031 100.0 642.55 1581.82 1400.99 48.304
80 81 -0.003 -3e-05 100.0 642.07 1579.43 1401.5 48.212
80 82 0.0017 -0.00032 100.0 642.3 1580.65 1398.75 48.234
80 83 -0.0002 -8e-05 100.0 641.73 1577.62 1399.83 48.148
80 84 -0.0024 -0.00012 100.0 641.78 1578.44 1398.8 48.396
80 85 0.0021 -0.00014 100.0 641.47 1579.59 1401.44 48.418
80 86 0.0009 0.00056 100.0 641.68 1579.73 1398.24 48.595
80 87 0.0022 0.00015 100.0 642.25 1579.27 1399.75 48.574
80 88 -0.003 5e-05 100.0 642.04 1581.27 1401.96 48.414
80 89 0.0026 -7e-05 100.0 641.84 1581.53 1399.57 48.48
80 90 -0.0009 -5e-05 100.0 642.07 1582.0 1401.11 48.464
80 91 0.0027 0.00026 100.0 642.01 1578.87 1399.88 48.426
80 92 -0.0025 7e-05 100.0 641.48 1579.29 1397.33 48.314
80 93 -0.001 0.0002 100.0 641.48 1581.4 1399.37 48.482
80 94 -0.0009 -5e-05 100.0 641.99 1579.41 1400.85 48.543
80 95 -0.001 0.00019 100.0 642.34 1581.86 1400.32 48.4
80 96 -0.0026 -1e-05 100.0 641.87 1581.38 1399.36 48.593
80 97 0.0024 5e-05 100.0 642.03 1578.59 1399.4 48.658
80 98 -0.0028 0.00019 100.0 641.96 1581.3 1401.52 48.564
80 99 0.0009 -0.00022 100.0 642.48 1579.92 1401.7 48.633
81 1 0.0042 -0.0001 100.0 642.24 1579.22 1400.43 47.113
81 2 0.0005 -4e-05 100.0 641.67 1579.32 1401.22 47.094
81 3 -0.0017 0.0001 100.0 641.72 1579.82 1400.74 47.202
81 4 -0.0054 0.0002 100.0 641.97 1579.18 1399.53 47.15
81 5 -0.0009 0.00011 100.0 641.95 1578.0 1401.66 47.079
81 6 0.0015 6e-05 100.0 641.52 1581.52 1401.62 47.062
81 7 0.0003 -0.00022 100.0 642.26 1582.65 1400.17 46.954
81 8 -0.0001 9e-05 100.0 641.89 1581.78 1402.02 46.877
81 9 -0.0005 -6e-05 100.0 642.03 1579.37 1400.08 46.973
81 10 -0.0025 -2e-05 100.0 642.59 1579.8 1402.13 47.205
81 11 -0.0016 9e-05 100.0 641.91 1580.86 1401.68 46.987
81 12 -0.0014 -0.00017 100.0 642.33 1580.31 1399.12 47.25
81 13 0.0004 -0.00037 100.0 641.75 1580.81 1400.34 47.134
81 14 -0.0004 8e-05 100.0 641.86 1582.6 1398.08 47.151
81 15 -0.0012 0.00043 100.0 642.58 1582.34 1398.71 47.061
81 16 0.0044 1e-05 100.0 641.89 1580.52 1397.92 47.309
81 17 0.0038 -0.00011 100.0 641.72 1578.64 1400.68 47.238
81 18 -0.0005 0.00017 100.0 642.09 1581.96 1399.04 47.092
81 19 0.0 0.00018 100.0 641.91 1581.32 1400.79 47.295
81 20 0.0028 1e-05 100.0 641.69 1581.78 1400.52 47.288
81 21 0.0009 -1e-05 100.0 642.12 1580.66 1402.29 47.247
81 22 0.0025 0.00018 100.0 642.13 1583.55 1400.44 47.333
81 23 -0.0008 -0.00027 100.0 641.78 1579.47 1397.75 47.038
81 24 -0.0024 -0.00011 100.0 642.07 1582.3 1397.96 47.143
81 25 0.0006 9e-05 100.0 641.54 1579.16 1398.81 47.249
81 26 -0.002 0.00031 100.0 641.89 1579.15 1400.08 47.259
81 27 0.0013 0.00034 100.0 641.8 1581.04 1399.4 47.135
81 28 0.0009 0.00024 100.0 641.64 1578.61 1399.72 47.379
81 29 0.003 -2e-05 100.0 641.85 1579.7 1399.59 47.228
81 30 0.0025 0.00037 100.0 642.27 1581.91 1399.95 47.332
81 31 0.0 0.00013 100.0 641.83 1582.62 1401.68 47.316
81 32 -0.0014 -0.00033 100.0 642.33 1577.84 1401.61 47.234
81 33 -0.0025 -0.0001 100.0 641.86 1580.85 1397.92 47.148
81 34 0.0014 -8e-05 100.0 642.28 1580.17 1401.48 47.44
81 35 0.0003 0.00024 100.0 641.61 1580.58 1398.25 47.461
81 36 0.0043 0.00013 100.0 642.0 1580.27 1400.99 47.402
81 37 -0.0049 -9e-05 100.0 641.94 1578.92 1398.14 47.341
81 38 -0.0042 -7e-05 100.0 642.03 1579.39 1398.37 47.261
81 39 0.0029 0.0 100.0 642.21 1580.31 1399.66 47.237
81 40 0.0001 -0.00027 100.0 642.21 1579.38 1399.23 47.461
81 41 -0.0022 0.00031 100.0 642.05 1579.76 1403.13 47.612
81 42 -0.0007 0.0002 100.0 642.34 1579.79 1400.08 47.525
81 43 -0.0007 0.00029 100.0 641.83 1579.38 1399.98 47.493
81 44 0.0014 -0.00042 100.0 642.24 1580.28 1398.76 47.546
81 45 -0.0002 -0.0 100.0 641.76 1578.93 1399.3 47.493
81 46 -0.0025 6e-05 100.0 641.95 1579.88 1397.91 47.565
81 47 0.0008 -0.00017 100.0 641.92 1581.12 1397.89 47.56
81 48 0.0007 -6e-05 100.0 641.77 1579.9 1400.66 47.414
81 49 -0.0012 -8e-05 100.0 642.51 1579.86 1400.14 47.581
81 50 0.0018 -9e-05 100.0 642.38 1579.76 1400.74 47.653
81 51 -0.0007 0.0003 100.0 642.21 1581.08 1401.12 47.408
81 52 0.0004 -6e-05 100.0 641.66 1578.08 1399.55 47.578
81 53 0.0005 0.0002 100.0 642.12 1578.83 1396.59 47.759
81 54 -0.0007 -0.0002 100.0 641.94 1582.07 1397.96 47.757
81 55 0.0035 -7e-05 100.0 641.61 1580.48 1398.14 47.66
81 56 0.0017 0.00013 100.0 641.46 1578.21 1398.84 47.629
81 57 -0.0016 -0.00011 100.0 641.55 1580.61 1399.16 47.711
81 58 0.0013 0.00036 100.0 642.2 1581.35 1400.78 47.601
81 59 -0.0017 -9e-05 100.0 641.94 1580.7 1402.56 47.693
81 60 -0.0025 -8e-05 100.0 641.91 1580.92 1401.93 47.779
81 61 0.0016 0.00026 100.0 641.96 1577.58 1399.24 47.765
81 62 0.0029 0.00015 100.0 642.15 1579.56 1401.35 47.66
81 63 0.0016 7e-05 100.0 642.13 1581.14 1400.04 47.654
81 64 0.0009 -3e-05 100.0 642.21 1579.4 1402.11 47.818
81 65 -0.0054 0.00015 100.0 642.07 1582.2 1395.91 47.551
81 66 -0.0017 0.00031 100.0 642.2 1579.37 1396.79 47.721
81 67 0.0022 -5e-05 100.0 641.87 1576.84 1397.29 47.663
81 68 -0.0011 -0.00017 100.0 641.77 1578.24 1399.61 47.817
81 69 0.0036 9e-05 100.0 641.96 1579.41 1398.6 47.648
81 70 -0.0021 -0.00031 100.0 641.98 1580.8 1400.8 47.755
81 71 0.0004 0.00018 100.0 642.54 1579.47 1400.89 47.523
81 72 -0.0032 -0.00017 100.0 641.6 1578.76 1399.47 47.754
81 73 0.0017 -5e-05 100.0 641.9 1579.4 1400.18 47.651
81 74 -0.0003 7e-05 100.0 641.39 1580.19 1399.0 47.631
81 75 -0.0023 -0.0003 100.0 641.48 1578.79 1399.87 47.937
81 76 0.0022 -0.00014 100.0 641.69 1578.43 1398.28 47.934
81 77 0.0016 -0.00016 100.0 641.75 1579.94 1401.34 47.675
81 78 -0.0046 -9e-05 100.0 642.63 1581.19 1399.62 47.771
81 79 0.0001 -0.00015 100.0 641.74 1578.84 1399.65 47.702
81 80 0.0012 -0.00015 100.0 641.95 1579.4 1397.15 47.717
81 81 -0.0026 6e-05 100.0 641.93 1579.98 1400.22 47.829
81 82 -0.0019 0.00026 100.0 642.33 1580.98 1401.98 47.832
81 83 -0.0022 0.00019 100.0 642.21 1580.81 1400.69 47.886
81 84 -0.0029 0.00017 100.0 641.56 1579.42 1398.18 47.922
81 85 0.0013 0.00022 100.0 641.6 1582.37 1399.33 47.75
81 86 -0.0004 0.00014 100.0 642.04 1579.96 1400.81 47.986
81 87 0.0 9e-05 100.0 641.96 1582.26 1399.28 47.893
81 88 0.0005 0.00023 100.0 642.09 1578.5 1400.24 47.979
81 89 0.0007 0.00023 100.0 642.36 1578.8 1398.51 48.014
81 90 -0.0002 -9e-05 100.0 641.78 1578.08 1400.54 47.931
81 91 0.0044 -9e-05 100.0 641.97 1580.0 1401.35 48.052
81 92 -0.0007 -6e-05 100.0 641.7 1580.57 1398.36 47.884
81 93 -0.0024 3e-05 100.0 642.36 1578.16 1402.38 48.138
81 94 -0.0003 5e-05 100.0 641.88 1578.82 1402.51 47.909
81 95 -0.0002 0.00019 100.0 641.58 1579.47 1400.78 47.896
81 96 0.0019 0.00011 100.0 642.0 1580.64 1400.15 48.026
81 97 0.0035 -0.00011 100.0 642.21 1581.63 1401.24 48.116
81 98 0.0019 0.00034 100.0 641.59 1581.14 1400.08 48.119
81 99 -0.0006 0.00013 100.0 641.88 1578.69 1400.8 48.126
82 1 0.0036 -3e-05 100.0 642.15 1580.15 1398.78 46.987
82 2 -0.0004 -4e-05 100.0 642.28 1579.99 1399.74 46.796
82 3 0.0035 0.00017 100.0 642.14 1580.31 1399.61 47.199
82 4 -0.0007 7e-05 100.0 642.08 1581.2 1400.59 47.142
82 5 0.0011 0.00033 100.0 642.06 1581.52 1401.79 47.264
82 6 0.0002 0.00035 100.0 641.45 1582.07 1399.03 46.848
82 7 0.0001 0.0003 100.0 642.51 1579.53 1400.92 47.096
82 8 -0.0013 -0.00014 100.0 641.71 1579.44 1399.37 47.061
82 9 -0.0012 -0.00041 100.0 642.42 1580.47 1399.03 47.21
82 10 -0.0012 -2e-05 100.0 641.8 1581.77 1397.93 47.147
82 11 -0.0029 0.00016 100.0 642.54 1578.36 1399.55 47.166
82 12 -0.0003 -0.00019 100.0 641.97 1579.79 1400.17 47.066
82 13 -0.0021 0.00048 100.0 641.76 1580.98 1400.09 47.15
82 14 0.0016 0.00022 100.0 642.73 1579.59 1398.75 47.318
82 15 -0.0013 -0.00027 100.0 641.37 1578.82 1400.63 47.183
82 16 0.0006 0.00011 100.0 641.03 1579.28 1399.36 47.148
82 17 0.0001 -0.00018 100.0 642.27 1579.8 1397.82 47.222
82 18 -0.0026 -6e-05 100.0 642.17 1578.3 1401.02 47.06
82 19 -0.0003 0.00027 100.0 642.34 1580.71 1398.76 47.15
82 20 0.0004 -2e-05 100.0 641.59 1581.58 1401.86 47.367
82 21 0.0009 9e-05 100.0 641.62 1580.41 1399.74 47.173
82 22 0.0008 0.00032 100.0 642.36 1580.66 1396.79 47.491
82 23 -0.002 0.0003 100.0 642.66 1580.65 1400.44 47.207
82 24 0.0012 0.0 100.0 641.83 1577.74 1401.34 47.178
82 25 -0.0034 -4e-05 100.0 642.19 1579.56 1398.82 47.346
82 26 0.0021 -0.0002 100.0 642.05 1579.81 1399.4 47.152
82 27 -0.0018 8e-05 100.0 641.93 1579.11 1400.18 47.108
82 28 -0.0024 -0.00019 100.0 641.7 1580.74 1399.93 47.207
82 29 -0.0018 0.00013 100.0 641.66 1579.65 1399.62 47.278
82 30 0.0011 1e-05 100.0 642.37 1579.74 1399.01 47.224
82 31 0.0001 -2e-05 100.0 641.4 1580.62 1399.22 47.413
82 32 0.0003 -0.00029 100.0 641.44 1581.94 1401.06 47.482
82 33 0.0012 -0.00029 100.0 641.83 1580.76 1399.99 47.191
82 34 -0.0007 -7e-05 100.0 642.33 1581.74 1398.12 47.374
82 35 0.0008 6e-05 100.0 642.27 1583.45 1398.33 47.317
82 36 -0.0029 -0.00021 100.0 642.4 1580.45 1396.8 47.423
82 37 -0.0032 -0.00042 100.0 641.96 1579.74 1397.26 47.327
82 38 -0.0038 -0.0002 100.0 642.3 1579.68 1398.57 47.257
82 39 -0.0035 -0.00016 100.0 642.14 1579.7 1399.6 47.484
82 40 -0.0009 -5e-05 100.0 641.8 1581.95 1401.81 47.49
82 41 0.0003 -0.0 100.0 642.25 1580.08 1400.28 47.668
82 42 -0.0003 0.00016 100.0 641.88 1578.28 1401.09 47.349
82 43 -0.001 -8e-05 100.0 642.43 1581.56 1397.64 47.34
82 44 -0.0034 0.00015 100.0 641.92 1580.67 1399.3 47.334
82 45 -0.0016 -0.00024 100.0 641.79 1582.02 1400.59 47.41
82 46 0.0008 0.00012 100.0 642.27 1579.39 1398.11 47.596
82 47 -0.001 5e-05 100.0 641.67 1580.03 1400.69 47.473
82 48 -0.0001 0.00034 100.0 642.34 1579.5 1398.29 47.557
82 49 -0.0004 -5e-05 100.0 641.31 1579.87 1399.43 47.356
82 50 -0.0011 -0.00016 100.0 641.99 1580.98 1396.28 47.644
82 51 -0.0003 2e-05 100.0 642.03 1579.88 1399.3 47.325
82 52 -0.0014 -0.00027 100.0 642.19 1580.39 1403.46 47.666
82 53 -0.0011 0.00012 100.0 642.56 1579.24 1402.07 47.693
82 54 -0.002 4e-05 100.0 641.81 1582.22 1402.94 47.651
82 55 0.0013 2e-05 100.0 641.44 1580.03 1397.52 47.689
82 56 -0.0001 0.00024 100.0 641.53 1579.28 1400.78 47.571
82 57 -0.0019 -0.00025 100.0 642.33 1579.35 1400.44 47.732
82 58 -0.0005 -4e-05 100.0 641.64 1578.45 1400.16 47.748
82 59 0.002 -0.00016 100.0 641.7 1580.59 1400.13 47.871
82 60 -0.0 0.00027 100.0 642.03 1578.28 1397.29 47.629
82 61 0.0016 0.00053 100.0 641.94 1581.38 1399.78 47.627
82 62 -0.0002 0.00015 100.0 641.95 1580.48 1402.24 47.616
82 63 0.0061 -0.00031 100.0 641.98 1579.5 1399.09 47.719
82 64 -0.0017 -0.00021 100.0 642.07 1580.24 1400.64 47.55
82 65 -0.001 -0.0003 100.0 642.27 1578.78 1400.23 47.677
82 66 -0.0001 -0.00027 100.0 642.27 1579.28 1401.87 47.589
82 67 -0.0026 -9e-05 100.0 641.76 1579.55 1401.7 47.775
82 68 -0.0005 0.00013 100.0 641.64 1579.43 1398.71 47.63
82 69 0.0037 -8e-05 100.0 641.56 1580.77 1398.86 47.674
82 70 0.0006 -2e-05 100.0 641.31 1578.61 1396.58 47.747
82 71 0.0002 0.00012 100.0 642.24 1581.15 1399.66 47.834
82 72 0.001 7e-05 100.0 641.72 1581.85 1397.29 47.702
82 73 0.0007 -1e-05 100.0 641.8 1579.57 1400.33 47.68
82 74 0.0021 0.0 100.0 642.2 1580.74 1402.3 47.823
82 75 0.0003 -0.00041 100.0 642.13 1580.2 1398.7 47.879
82 76 0.0013 0.00037 100.0 642.11 1579.81 1399.37 47.933
82 77 0.001 8e-05 100.0 642.57 1580.94 1398.79 47.874
82 78 -0.0006 5e-05 100.0 641.88 1579.49 1400.15 47.767
82 79 0.0042 -0.00014 100.0 642.38 1580.66 1398.95 47.901
82 80 -0.0013 -0.00033 100.0 642.18 1583.47 1400.6 47.83
82 81 0.0004 -0.00026 100.0 642.0 1580.65 1397.87 47.709
82 82 -0.0012 0.00022 100.0 642.19 1579.1 1401.97 47.798
82 83 -0.0013 -6e-05 100.0 641.78 1582.96 1400.02 48.128
82 84 -0.0026 4e-05 100.0 642.42 1581.58 1401.96 47.872
82 85 -0.001 -0.00035 100.0 642.3 1579.42 1400.75 47.768
82 86 0.0015 -0.00015 100.0 642.29 1580.17 1396.83 48.023
82 87 -0.0016 -3e-05 100.0 641.85 1579.53 1400.75 47.997
82 88 -0.0023 0.00034 100.0 642.65 1579.91 1401.26 48.007
82 89 0.0022 -0.00013 100.0 641.96 1580.61 1398.83 47.886
82 90 0.0051 8e-05 100.0 642.32 1580.69 1401.06 48.061
82 91 -0.0003 -0.00018 100.0 642.1 1581.53 1403.49 47.999
82 92 -0.0002 -1e-05 100.0 641.59 1580.31 1400.46 48.115
82 93 -0.0002 -6e-05 100.0 641.74 1581.12 1396.94 47.845
82 94 -0.0009 -0.00017 100.0 642.51 1578.76 1400.82 47.822
82 95 -0.002 0.0002 100.0 641.89 1579.78 1398.82 48.008
82 96 -0.0002 -0.00038 100.0 641.98 1578.93 1402.36 48.043
82 97 0.0018 -9e-05 100.0 641.77 1581.09 1401.56 48.081
82 98 0.0002 0.00037 100.0 642.07 1581.07 1398.44 48.053
82 99 -0.0031 -1e-05 100.0 641.99 1583.14 1399.64 48.022
83 1 -0.0004 0.00016 100.0 642.32 1578.82 1400.62 47.176
83 2 0.0012 0.00026 100.0 642.15 1582.29 1396.08 46.955
83 3 -0.0016 -7e-05 100.0 641.78 1579.53 1398.9 46.869
83 4 0.0037 0.00041 100.0 642.45 1581.56 1401.49 47.118
83 5 -0.0001 0.0002 100.0 642.43 1580.51 1399.68 47.058
83 6 -0.0037 7e-05 100.0 642.17 1579.52 1399.27 47.196
83 7 -0.003 -6e-05 100.0 641.69 1580.57 1400.68 47.087
83 8 -0.0001 0.00014 100.0 641.81 1580.02 1400.24 47.207
83 9 0.0017 -2e-05 100.0 642.38 1579.62 1400.79 47.168
83 10 0.0004 -4e-05 100.0 642.04 1579.27 1398.94 47.011
83 11 -0.0021 -2e-05 100.0 641.53 1579.79 1396.61 47.108
83 12 -0.0005 0.00026 100.0 642.16 1580.11 1399.43 47.22
83 13 0.0039 0.00014 100.0 641.78 1581.28 1399.48 46.997
83 14 0.0014 -7e-05 100.0 641.51 1581.27 1398.73 47.231
83 15 -0.0006 -0.00018 100.0 641.67 1577.94 1400.23 47.146
83 16 -0.0012 4e-05 100.0 641.2 1580.63 1399.62 46.964
83 17 -0.0013 -0.00028 100.0 642.08 1579.47 1403.2 47.242
83 18 -0.0003 -0.00017 100.0 641.92 1581.14 1399.21 47.159
83 19 -0.0 -0.00029 100.0 642.04 1579.67 1399.78 47.238
83 20 -0.002 0.00035 100.0 642.33 1580.05 1399.9 47.281
83 21 0.0021 -0.00017 100.0 642.12 1580.98 1401.85 47.322
83 22 0.0013 5e-05 100.0 642.14 1580.24 1401.13 47.151
83 23 -0.001 -0.00037 100.0 642.35 1581.01 1403.1 46.93
83 24 -0.0013 -2e-05 100.0 642.14 1579.47 1402.06 47.18
83 25 -0.0024 7e-05 100.0 642.83 1578.91 1400.88 47.182
83 26 -0.0028 -1e-05 100.0 642.33 1581.09 1400.41 47.119
83 27 0.0019 -0.00027 100.0 642.25 1578.92 1401.73 47.193
83 28 0.0004 0.00022 100.0 641.98 1581.21 1398.97 47.209
83 29 0.0016 -0.00045 100.0 641.44 1579.41 1401.36 47.265
83 30 0.0041 -1e-05 100.0 642.28 1580.65 1400.98 47.268
83 31 0.0017 -0.00015 100.0 641.72 1579.24 1399.5 47.286
83 32 0.0005 0.0002 100.0 641.67 1580.77 1400.83 47.388
83 33 -0.0002 0.00017 100.0 641.86 1578.84 1400.01 47.198
83 34 0.0036 -0.00027 100.0 642.21 1579.76 1400.61 47.319
83 35 0.0011 -0.0002 100.0 642.19 1578.98 1397.93 47.105
83 36 0.0004 -0.00032 100.0 642.05 1579.76 1398.77 47.451
83 37 -0.0029 -2e-05 100.0 641.53 1581.36 1398.61 47.059
83 38 -0.0016 -0.00018 100.0 642.33 1579.04 1398.77 47.536
83 39 0.0046 0.00015 100.0 641.9 1578.66 1398.0 47.376
83 40 -0.0005 4e-05 100.0 642.36 1578.62 1399.79 47.245
83 41 0.0027 0.00021 100.0 642.04 1577.9 1399.43 47.244
83 42 0.0006 8e-05 100.0 641.54 1577.38 1400.93 47.277
83 43 0.0032 -3e-05 100.0 642.05 1580.27 1397.9 47.524
83 44 -0.0019 0.00024 100.0 642.06 1582.4 1403.2 47.282
83 45 0.0026 -0.00035 100.0 642.3 1580.33 1400.92 47.405
83 46 -0.002 -0.00012 100.0 641.65 1579.44 1400.0 47.416
83 47 -0.0015 0.00027 100.0 641.82 1580.61 1401.3 47.248
83 48 0.0012 -0.00034 100.0 642.43 1577.88 1400.47 47.454
83 49 0.0002 0.00028 100.0 641.81 1580.65 1401.39 47.646
83 50 -0.0033 0.00021 100.0 641.67 1580.14 1401.37 47.612
83 51 0.0007 -0.00026 100.0 642.39 1580.53 1402.31 47.592
83 52 -0.0007 4e-05 100.0 641.92 1579.92 1399.86 47.377
83 53 0.0003 0.00022 100.0 642.06 1580.75 1396.71 47.588
83 54 -0.0013 0.00017 100.0 642.34 1580.36 1400.62 47.571
83 55 0.002 0.00011 100.0 642.2 1580.05 1400.02 47.387
83 56 0.0015 2e-05 100.0 641.85 1581.92 1400.5 47.491
83 57 -0.0065 -8e-05 100.0 642.11 1579.29 1400.66 47.401
83 58 -0.0 -0.00011 100.0 641.71 1580.44 1399.37 47.477
83 59 0.0051 -3e-05 100.0 642.16 1580.36 1400.09 47.584
83 60 -0.0017 -6e-05 100.0 641.65 1581.09 1402.45 47.426
83 61 0.0024 -0.00038 100.0 641.96 1577.88 1401.21 47.468
83 62 -0.0003 0.00026 100.0 642.49 1576.32 1396.74 47.688
83 63 0.0026 -2e-05 100.0 642.01 1580.69 1398.79 47.549
83 64 -0.0008 4e-05 100.0 641.76 1580.44 1399.57 47.365
83 65 0.0008 2e-05 100.0 641.63 1581.47 1399.8 47.573
83 66 -0.005 0.00016 100.0 642.27 1580.1 1400.11 47.504
83 67 0.0001 -6e-05 100.0 642.23 1581.97 1401.24 47.536
83 68 -0.0018 -0.00039 100.0 642.15 1580.25 1399.73 47.814
83 69 0.0029 -0.00015 100.0 641.77 1579.77 1399.84 47.722
83 70 -0.0014 5e-05 100.0 642.15 1578.34 1397.78 47.604
83 71 -0.0003 -2e-05 100.0 641.96 1580.78 1398.71 47.598
83 72 0.0016 0.00016 100.0 642.69 1577.41 1401.86 47.512
83 73 0.0001 -5e-05 100.0 642.4 1579.46 1400.59 47.612
83 74 0.0058 0.0001 100.0 641.72 1579.2 1402.37 47.623
83 75 0.0021 0.00031 100.0 642.08 1580.55 1400.82 47.703
83 76 -0.0008 -8e-05 100.0 642.85 1580.17 1400.21 47.539
83 77 -0.0054 -0.00036 100.0 642.19 1580.68 1399.32 47.697
83 78 0.0006 -2e-05 100.0 642.1 1579.5 1398.96 47.645
83 79 -0.0019 0.00013 100.0 641.52 1578.99 1401.4 47.605
83 80 0.0025 -0.00013 100.0 641.76 1579.47 1401.48 47.799
83 81 0.0018 -0.00024 100.0 642.38 1580.7 1400.6 47.507
83 82 0.002 0.00012 100.0 641.91 1580.72 1401.2 47.716
83 83 -0.0007 8e-05 100.0 642.09 1580.44 1399.06 47.71
83 84 -0.0025 -0.00011 100.0 641.8 1578.71 1397.49 47.759
83 85 0.0003 3e-05 100.0 641.92 1578.55 1397.28 47.657
83 86 0.0018 0.00028 100.0 642.24 1580.47 1400.17 47.772
83 87 0.0021 -5e-05 100.0 642.23 1579.25 1400.33 47.651
83 88 0.0024 0.00011 100.0 641.86 1578.86 1398.39 47.631
83 89 0.0023 -2e-05 100.0 641.7 1578.9 1398.92 47.663
83 90 -0.0033 4e-05 100.0 641.99 1579.31 1401.39 47.956
83 91 0.0004 2e-05 100.0 641.35 1579.86 1401.25 47.63
83 92 -0.0021 0.00017 100.0 641.95 1579.83 1400.93 47.5
83 93 0.0016 -0.00027 100.0 641.91 1580.63 1398.22 47.717
83 94 -0.0012 -4e-05 100.0 641.93 1579.82 1395.4 47.842
83 95 -0.001 0.00021 100.0 641.99 1579.22 1401.25 47.939
83 96 0.0018 -4e-05 100.0 641.73 1581.13 1400.9 47.819
83 97 0.0031 0.00013 100.0 642.58 1580.21 1399.4 47.861
83 98 0.0023 0.00021 100.0 642.52 1578.56 1400.79 47.764
83 99 -0.0022 6e-05 100.0 641.63 1580.28 1401.06 47.727
84 1 0.0024 0.00013 100.0 641.55 1580.76 1400.77 46.905
84 2 -0.0003 5e-05 100.0 642.81 1581.22 1398.27 47.036
84 3 0.0015 2e-05 100.0 642.62 1579.65 1399.42 47.175
84 4 0.0037 -4e-05 100.0 642.65 1581.84 1397.88 47.422
84 5 0.0017 0.00013 100.0 642.59 1580.97 1403.42 47.937
84 6 -0.0004 9e-05 100.0 641.63 1579.75 1398.39 48.463
84 7 0.0033 -0.00011 100.0 641.96 1578.37 1399.21 49.069
84 8 -0.0028 0.00011 100.0 642.07 1580.45 1399.79 49.979
84 9 0.0051 -0.0 100.0 642.55 1579.14 1400.6 51.363
84 10 -0.0018 0.00014 100.0 641.55 1581.25 1400.42 52.605
84 11 0.0014 5e-05 100.0 641.79 1578.01 1400.21 54.358
84 12 -0.0031 -0.00015 100.0 641.49 1578.78 1400.33 56.347
84 13 0.0037 0.00028 100.0 642.3 1581.57 1401.09 58.462
84 14 -0.0014 0.00017 100.0 642.23 1579.3 1397.91 61.208
84 15 -0.0017 -0.00015 100.0 642.18 1577.81 1400.79 64.063
84 16 -0.0002 0.00015 100.0 642.65 1578.71 1399.65 67.595
84 17 0.0017 -0.00014 100.0 641.76 1580.35 1400.12 71.104
84 18 0.0032 -2e-05 100.0 642.23 1579.93 1397.48 75.259
84 19 -0.0022 0.00028 100.0 642.76 1582.54 1401.42 79.826
84 20 0.0005 0.00012 100.0 642.04 1579.44 1398.95 84.651
84 21 0.0018 3e-05 100.0 641.98 1579.75 1401.28 90.363
84 22 -0.0004 7e-05 100.0 641.49 1580.79 1401.46 96.13
84 23 0.0009 -0.00024 100.0 642.6 1579.53 1399.87 102.776
84 24 -0.0016 1e-05 100.0 641.6 1579.67 1398.91 109.368
84 25 0.0021 -0.00012 100.0 641.77 1578.06 1400.61 117.048
84 26 -0.0002 0.0003 100.0 642.24 1581.26 1399.31 125.023
84 27 -0.0019 9e-05 100.0 641.66 1577.94 1399.58 133.723
84 28 0.0013 0.00017 100.0 642.08 1579.03 1398.09 142.858
84 29 0.0 -0.00011 100.0 641.91 1579.89 1401.22 152.642
84 30 0.0009 -0.00014 100.0 642.22 1579.65 1399.18 162.804
84 31 0.0011 3e-05 100.0 642.01 1579.44 1402.12 173.812
84 32 -0.0013 -0.00019 100.0 642.02 1581.3 1398.51 185.634
84 33 0.0003 -0.0 100.0 641.54 1580.38 1399.26 197.825
84 34 -0.0007 4e-05 100.0 642.67 1582.42 1401.23 210.785
84 35 0.0006 0.00012 100.0 641.78 1577.66 1399.66 224.333
84 36 -0.0034 -0.0001 100.0 641.79 1579.4 1401.39 238.732
84 37 0.0023 -0.0002 100.0 641.88 1578.18 1401.4 253.79
84 38 -0.0002 6e-05 100.0 642.6 1579.5 1398.54 269.268
84 39 -0.0033 0.00027 100.0 642.04 1579.86 1398.97 286.077
84 40 -0.0001 0.00012 100.0 641.77 1580.49 1398.7 303.512
84 41 -0.0011 0.00034 100.0 641.88 1580.98 1400.02 321.597
84 42 0.0033 0.00034 100.0 642.12 1581.7 1397.45 340.328
84 43 -0.0023 0.00034 100.0 642.09 1579.12 1398.76 360.091
84 44 0.0008 -0.00013 100.0 641.58 1581.25 1401.01 380.637
84 45 0.0015 0.00017 100.0 642.62 1580.46 1399.21 401.979
84 46 -0.0014 -0.00027 100.0 642.02 1580.88 1400.8 424.413
84 47 -0.0002 9e-05 100.0 642.21 1577.08 1400.79 447.374
84 48 -0.002 1e-05 100.0 642.44 1581.24 1397.92 471.224
84 49 -0.0049 -8e-05 100.0 642.32 1578.79 1401.61 496.066
84 50 0.0011 -2e-05 100.0 641.98 1580.03 1401.17 522.032
84 51 -0.0049 -0.00014 100.0 642.04 1580.65 1401.42 548.715
84 52 -0.0008 0.00022 100.0 642.2 1582.09 1397.2 576.151
84 53 -0.0022 -1e-05 100.0 642.11 1580.55 1400.81 604.615
84 54 0.0042 0.00023 100.0 642.33 1578.72 1400.06 634.213
84 55 0.0008 0.00012 100.0 641.91 1580.08 1399.72 664.68
84 56 0.0031 8e-05 100.0 641.86 1580.89 1399.73 696.558
84 57 -0.0016 -0.00037 100.0 641.92 1578.96 1401.3 728.902
84 58 -0.0038 -0.00017 100.0 642.05 1578.53 1398.79 762.347
84 59 0.0007 6e-05 100.0 641.81 1579.87 1403.36 797.193
84 60 -0.0004 -0.00023 100.0 642.07 1582.08 1398.19 832.553
84 61 -0.0028 2e-05 100.0 641.65 1579.16 1398.26 869.498
84 62 0.0006 -0.00018 100.0 642.11 1580.75 1397.48 907.064
84 63 -0.0029 -0.00023 100.0 642.1 1579.69 1401.97 945.964
84 64 0.0024 0.00018 100.0 642.63 1578.87 1399.9 985.926
84 65 0.0021 -3e-05 100.0 641.78 1579.97 1400.04 1027.03
84 66 -0.0004 -1e-05 100.0 641.98 1580.17 1399.81 1069.298
84 67 -0.0036 -5e-05 100.0 641.51 1579.66 1402.53 1112.502
84 68 -0.004 -0.00041 100.0 642.1 1580.61 1400.22 1156.932
84 69 -0.0018 -0.00014 100.0 641.96 1578.03 1396.48 1202.379
84 70 -0.0006 0.00015 100.0 642.0 1580.07 1401.23 1249.475
84 71 0.0013 0.00013 100.0 641.88 1579.31 1399.95 1297.479
84 72 -0.0027 2e-05 100.0 642.09 1578.62 1404.14 1346.812
84 73 0.0004 -0.00016 100.0 642.26 1579.16 1401.83 1397.508
84 74 0.0014 0.00018 100.0 641.89 1579.74 1400.06 1448.918
84 75 -0.002 -0.0 100.0 642.11 1579.68 1401.15 1501.757
84 76 0.0017 0.00011 100.0 642.21 1582.16 1402.32 1555.838
84 77 -0.0003 -0.00019 100.0 641.83 1579.7 1402.12 1611.69
84 78 -0.0015 -2e-05 100.0 641.75 1582.11 1399.84 1668.076
84 79 0.0029 -2e-05 100.0 641.44 1578.93 1397.77 1726.301
84 80 0.0037 -0.00012 100.0 641.95 1578.66 1400.78 1785.6
84 81 -0.0032 -0.00028 100.0 641.97 1579.08 1401.36 1846.376
84 82 -0.0051 0.00014 100.0 641.88 1581.43 1399.82 1908.468
84 83 -0.0015 0.00022 100.0 641.78 1581.32 1401.4 1971.678
84 84 0.0028 8e-05 100.0 642.02 1579.12 1398.63 2036.371
84 85 0.0013 -0.00028 100.0 641.86 1580.6 1399.48 2102.523
84 86 0.0009 0.00012 100.0 641.67 1579.99 1396.67 2169.753
84 87 -0.002 -8e-05 100.0 641.88 1582.23 1399.34 2238.575
84 88 -0.0 -8e-05 100.0 641.66 1580.66 1400.63 2309.134
84 89 0.0019 0.00015 100.0 641.66 1580.48 1397.67 2380.797
84 90 -0.0006 -0.0 100.0 641.93 1580.57 1397.97 2453.782
84 91 -0.0039 0.00023 100.0 642.27 1582.5 1403.61 2528.218
84 92 -0.005 -0.00024 100.0 641.97 1578.82 1400.91 2604.347
84 93 0.001 9e-05 100.0 641.83 1579.62 1397.64 2681.676
84 94 -0.002 1e-05 100.0 642.42 1579.68 1400.33 2760.961
84 95 -0.0006 -0.00065 100.0 642.46 1580.64 1400.83 2841.352
84 96 0.002 -0.0002 100.0 641.86 1578.67 1401.11 2923.315
84 97 0.0014 -7e-05 100.0 641.97 1581.36 1400.66 3006.806
84 98 -0.0007 -0.00015 100.0 642.26 1582.78 1399.19 3091.863
84 99 0.002 0.00024 100.0 642.41 1579.01 1400.58 3178.338
85 1 0.0003 0.0002 100.0 641.83 1577.64 1399.11 47.055
85 2 0.0004 -6e-05 100.0 642.0 1581.35 1400.25 47.186
85 3 0.0017 0.00025 100.0 641.83 1579.34 1398.99 47.006
85 4 -0.002 -7e-05 100.0 641.73 1579.78 1398.69 46.996
85 5 0.0012 8e-05 100.0 642.07 1579.62 1399.21 47.114
85 6 -0.0011 -0.0002 100.0 641.83 1581.6 1398.03 47.125
85 7 0.0025 4e-05 100.0 641.8 1580.11 1400.79 47.126
85 8 -0.0022 -0.00013 100.0 642.13 1577.26 1400.09 47.164
85 9 0.0002 9e-05 100.0 642.29 1577.88 1400.36 47.15
85 10 -0.0001 0.00015 100.0 642.47 1580.35 1400.84 47.403
85 11 0.0027 0.00011 100.0 642.13 1579.2 1400.35 47.201
85 12 -0.0021 -1e-05 100.0 641.13 1580.46 1399.87 47.227
85 13 -0.0005 -7e-05 100.0 642.0 1580.89 1399.68 47.227
85 14 0.0022 0.00017 100.0 642.16 1581.55 1400.79 47.276
85 15 0.0022 0.00026 100.0 641.78 1580.48 1402.34 47.285
85 16 -0.0007 -4e-05 100.0 641.41 1579.42 1400.71 47.103
85 17 -0.0015 -0.00022 100.0 641.82 1578.93 1398.71 47.157
85 18 -0.0003 7e-05 100.0 642.42 1579.86 1398.97 47.084
85 19 -0.0005 0.00034 100.0 641.78 1581.19 1399.11 47.353
85 20 -0.0016 -5e-05 100.0 642.34 1579.2 1399.36 47.565
85 21 -0.0002 -9e-05 100.0 641.44 1578.76 1400.16 47.431
85 22 -0.0017 -4e-05 100.0 641.82 1579.42 1398.0 47.255
85 23 -0.0005 -4e-05 100.0 642.27 1578.74 1399.47 47.46
85 24 0.0001 2e-05 100.0 641.65 1580.57 1399.53 47.404
85 25 0.0002 5e-05 100.0 642.23 1579.46 1400.25 47.388
85 26 -0.0006 0.0001 100.0 641.78 1579.99 1399.94 47.574
85 27 -0.0002 -0.00036 100.0 642.42 1581.73 1399.05 47.368
85 28 -0.001 -2e-05 100.0 642.69 1580.72 1401.03 47.437
85 29 0.0035 5e-05 100.0 641.58 1580.14 1401.13 47.515
85 30 0.0021 -0.00042 100.0 641.96 1580.44 1401.15 47.525
85 31 0.001 -0.00026 100.0 641.64 1578.82 1399.68 47.663
85 32 0.0019 0.00023 100.0 642.09 1580.58 1400.69 47.515
85 33 -0.0027 0.00028 100.0 641.98 1579.05 1399.13 47.603
85 34 0.0022 -8e-05 100.0 642.22 1583.21 1403.34 47.604
85 35 0.0017 0.00015 100.0 642.0 1578.87 1398.63 47.709
85 36 -0.0033 -0.00017 100.0 641.93 1579.47 1398.37 47.769
85 37 -0.0014 -0.00037 100.0 641.66 1579.38 1402.84 47.599
85 38 0.0036 -5e-05 100.0 642.19 1578.94 1401.14 47.698
85 39 0.0011 -0.00019 100.0 642.28 1580.49 1401.36 47.775
85 40 -0.0004 -3e-05 100.0 642.06 1579.72 1397.56 47.494
85 41 -0.0008 0.00016 100.0 642.33 1579.03 1396.9 47.766
85 42 0.0 -0.00057 100.0 641.82 1580.7 1398.35 47.888
85 43 0.0002 0.00036 100.0 642.1 1579.45 1397.89 47.739
85 44 -0.0027 -0.00015 100.0 641.79 1579.71 1402.5 47.707
85 45 0.0035 0.00012 100.0 641.63 1578.97 1402.66 47.876
85 46 0.003 3e-05 100.0 641.82 1580.01 1398.86 47.859
85 47 -0.0004 0.00058 100.0 642.02 1579.24 1400.77 47.829
85 48 -0.0009 0.00031 100.0 642.25 1582.21 1395.82 47.818
85 49 -0.0006 5e-05 100.0 642.36 1580.39 1402.31 47.655
85 50 0.0003 -0.00016 100.0 641.93 1579.07 1399.12 47.781
85 51 -0.0 -0.00022 100.0 642.07 1580.26 1401.11 47.693
85 52 0.0034 -0.00055 100.0 641.9 1578.84 1402.18 48.086
85 53 0.005 -0.00022 100.0 641.94 1580.33 1400.98 47.859
85 54 -0.0056 -0.00029 100.0 641.56 1580.27 1402.49 47.985
85 55 0.0026 0.00011 100.0 642.24 1579.0 1401.23 48.066
85 56 0.0017 -0.00032 100.0 642.1 1579.69 1400.43 48.152
85 57 -0.0038 -0.0001 100.0 641.96 1579.36 1398.3 48.051
85 58 -0.0017 -0.00011 100.0 642.28 1581.36 1398.72 47.982
85 59 0.0009 -9e-05 100.0 641.8 1582.36 1400.19 48.171
85 60 0.0014 -0.00013 100.0 642.13 1579.42 1398.02 48.239
85 61 -0.0001 -0.00024 100.0 641.72 1578.89 1399.08 48.078
85 62 0.0004 -0.00012 100.0 641.78 1579.85 1401.37 48.088
85 63 0.0036 -0.00018 100.0 642.18 1580.84 1400.31 48.127
85 64 0.0042 2e-05 100.0 641.98 1581.22 1400.02 48.202
85 65 0.0009 -0.00039 100.0 641.94 1580.41 1399.08 48.241
85 66 -0.001 -0.00015 100.0 641.79 1582.28 1398.91 48.131
85 67 0.0003 0.00014 100.0 641.9 1579.45 1403.21 48.244
85 68 -0.0025 1e-05 100.0 641.75 1579.31 1398.32 48.262
85 69 0.0025 -0.0001 100.0 641.96 1580.45 1399.75 48.249
85 70 -0.0034 6e-05 100.0 642.23 1576.92 1397.74 48.355
85 71 -0.002 0.00011 100.0 642.31 1578.69 1400.26 48.166
85 72 0.0007 -0.00014 100.0 641.86 1579.17 1398.34 48.261
85 73 -0.0004 0.0003 100.0 642.48 1579.68 1399.38 48.55
85 74 -0.0016 0.00022 100.0 641.41 1581.6 1399.57 48.539
85 75 0.0032 -3e-05 100.0 642.41 1581.14 1400.5 48.355
85 76 -0.0011 2e-05 100.0 642.58 1579.72 1400.26 48.255
85 77 -0.0003 9e-05 100.0 641.67 1578.69 1398.68 48.415
85 78 -0.0048 5e-05 100.0 642.74 1580.22 1399.32 48.53
85 79 0.0007 0.00013 100.0 641.89 1579.21 1399.06 48.402
85 80 0.0024 -0.00019 100.0 642.24 1581.54 1399.86 48.434
85 81 0.0024 -1e-05 100.0 641.89 1580.59 1396.77 48.484
85 82 -0.0008 -0.00042 100.0 641.76 1582.0 1400.52 48.516
85 83 0.0014 -0.00017 100.0 641.3 1580.15 1400.89 48.456
85 84 -0.0012 8e-05 100.0 641.97 1579.34 1397.51 48.445
85 85 0.0003 4e-05 100.0 641.93 1579.38 1403.51 48.481
85 86 0.003 -2e-05 100.0 642.14 1580.12 1397.39 48.487
85 87 -0.0029 0.0001 100.0 641.81 1580.54 1401.0 48.616
85 88 0.0005 -0.00025 100.0 641.69 1582.01 1398.6 48.57
85 89 -0.0008 -9e-05 100.0 642.32 1579.58 1402.16 48.488
85 90 -0.0006 0.00014 100.0 641.85 1580.74 1400.13 48.54
85 91 0.0008 -2e-05 100.0 641.92 1581.83 1397.69 48.689
85 92 0.0005 0.00021 100.0 642.03 1580.32 1397.32 48.703
85 93 -0.0011 -0.0002 100.0 642.3 1579.58 1399.11 48.61
85 94 0.0007 -0.00025 100.0 641.81 1579.34 1398.97 48.695
85 95 0.0005 0.00026 100.0 642.15 1580.61 1398.53 48.765
85 96 -0.0001 -0.00013 100.0 642.05 1578.66 1399.59 48.603
85 97 0.0035 -0.00026 100.0 642.08 1578.79 1400.77 48.667
85 98 0.0019 8e-05 100.0 641.55 1579.43 1401.29 48.626
85 99 0.004 0.00025 100.0 642.38 1579.41 1400.84 48.798
86 1 -0.0004 -0.00018 100.0 641.83 1581.92 1399.35 47.217
86 2 0.0014 -8e-05 100.0 641.94 1580.22 1399.4 46.953
86 3 0.0018 0.0002 100.0 641.94 1579.43 1402.23 46.835
86 4 0.0012 -0.00011 100.0 642.13 1580.52 1401.38 47.126
86 5 -0.0002 -2e-05 100.0 641.43 1578.98 1398.9 46.928
86 6 -0.0005 0.00011 100.0 642.17 1579.11 1402.06 47.257
86 7 0.0003 -0.00018 100.0 642.01 1581.7 1399.12 47.144
86 8 -0.0003 8e-05 100.0 642.12 1580.1 1400.1 47.146
86 9 0.0013 0.00024 100.0 641.64 1579.67 1399.46 47.187
86 10 -0.0018 -0.00025 100.0 642.04 1579.08 1402.79 47.182
86 11 -0.0005 9e-05 100.0 641.85 1580.92 1402.15 47.225
86 12 -0.0011 -0.00013 100.0 642.02 1579.85 1401.44 47.122
86 13 0.0024 -0.00044 100.0 642.2 1579.04 1398.23 47.161
86 14 -0.0013 -0.00046 100.0 642.65 1577.9 1399.34 47.064
86 15 -0.0007 -0.00037 100.0 642.08 1580.91 1401.66 47.108
86 16 -0.0027 -4e-05 100.0 642.41 1581.83 1401.47 47.227
86 17 0.0026 -0.0 100.0 642.12 1577.87 1403.08 47.259
86 18 0.0002 -0.00017 100.0 641.85 1581.48 1398.26 47.263
86 19 -0.0003 -0.00015 100.0 642.35 1579.23 1400.27 47.262
86 20 0.0002 -0.0003 100.0 641.82 1577.83 1399.76 47.216
86 21 0.0008 -0.00028 100.0 641.93 1580.97 1402.59 47.246
86 22 0.0017 -3e-05 100.0 642.02 1579.46 1399.94 47.213
86 23 -0.0017 0.00017 100.0 641.53 1580.65 1397.5 47.564
86 24 -0.0013 0.0 100.0 642.09 1578.51 1399.9 47.127
86 25 -0.0001 -0.00027 100.0 642.32 1580.17 1400.92 47.387
86 26 0.0003 2e-05 100.0 642.45 1578.54 1400.29 47.247
86 27 -0.0045 -0.00015 100.0 641.81 1579.75 1399.49 47.477
86 28 -0.0028 4e-05 100.0 642.61 1581.14 1400.58 47.495
86 29 0.0024 0.00031 100.0 642.7 1577.9 1398.12 47.412
86 30 -0.0013 9e-05 100.0 641.89 1580.69 1403.27 47.45
86 31 0.002 -0.0001 100.0 642.11 1580.93 1399.12 47.41
86 32 -0.001 -0.00045 100.0 641.42 1580.92 1398.67 47.501
86 33 -0.0041 -3e-05 100.0 642.4 1578.12 1400.29 47.436
86 34 0.0052 0.00022 100.0 641.97 1580.94 1399.25 47.558
86 35 0.001 -6e-05 100.0 642.51 1581.67 1399.19 47.507
86 36 0.0029 0.00015 100.0 642.47 1578.22 1400.18 47.592
86 37 0.0025 0.00011 100.0 642.32 1578.39 1400.85 47.556
86 38 -0.0018 0.0001 100.0 641.89 1580.01 1398.77 47.405
86 39 0.003 0.00014 100.0 641.43 1579.42 1398.92 47.706
86 40 0.001 0.0001 100.0 642.27 1581.42 1400.43 47.694
86 41 0.0004 4e-05 100.0 642.0 1580.57 1400.67 47.572
86 42 -0.0018 0.00021 100.0 641.96 1578.54 1400.31 47.654
86 43 0.0024 -4e-05 100.0 641.85 1580.5 1399.98 47.538
86 44 0.0008 0.00026 100.0 641.77 1578.58 1399.21 47.581
86 45 0.0023 0.00026 100.0 641.83 1580.19 1400.04 47.71
86 46 -0.0042 0.0002 100.0 642.42 1578.12 1400.41 47.444
86 47 -0.0033 0.00012 100.0 642.2 1579.65 1401.46 47.618
86 48 0.002 -0.00028 100.0 642.11 1580.62 1401.7 47.708
86 49 0.001 0.00015 100.0 642.11 1579.92 1400.23 47.692
86 50 -0.0003 0.00014 100.0 642.26 1582.36 1399.69 47.751
86 51 0.0009 0.00037 100.0 641.9 1579.45 1400.94 47.707
86 52 -0.0036 -8e-05 100.0 641.7 1580.08 1398.82 47.619
86 53 -0.0016 2e-05 100.0 642.75 1580.65 1398.33 47.952
86 54 -0.0001 9e-05 100.0 642.05 1580.05 1398.16 47.699
86 55 0.0001 -0.00011 100.0 642.28 1580.07 1399.8 47.726
86 56 -0.0002 0.00011 100.0 641.74 1582.87 1403.04 47.818
86 57 0.0014 -0.00016 100.0 642.18 1580.82 1401.13 47.851
86 58 0.0008 0.00015 100.0 641.78 1580.63 1401.4 47.849
86 59 -0.001 9e-05 100.0 642.55 1580.49 1398.62 47.841
86 60 0.0038 -0.00027 100.0 642.12 1580.27 1398.32 47.964
86 61 -0.0012 -0.00016 100.0 641.86 1580.71 1399.4 47.692
86 62 0.0041 -0.00018 100.0 642.1 1581.08 1403.09 48.037
86 63 -0.0053 0.00027 100.0 642.24 1580.13 1398.99 47.899
86 64 0.0003 0.00027 100.0 642.22 1579.97 1399.17 48.073
86 65 -0.0021 0.00012 100.0 641.35 1581.92 1401.02 47.957
86 66 -0.0032 0.00025 100.0 642.06 1578.79 1399.61 47.937
86 67 -0.0015 4e-05 100.0 642.34 1580.74 1399.41 47.844
86 68 0.0016 -0.00031 100.0 642.24 1580.68 1399.76 48.052
86 69 0.0034 0.00011 100.0 642.0 1578.53 1399.48 47.982
86 70 -0.0015 -7e-05 100.0 641.87 1577.98 1402.25 48.065
86 71 0.0012 -7e-05 100.0 642.42 1580.4 1399.8 47.851
86 72 0.0025 -0.00034 100.0 641.65 1578.43 1401.61 47.939
86 73 0.0002 -0.00014 100.0 642.03 1579.22 1398.78 48.008
86 74 -0.0007 0.00023 100.0 641.68 1579.3 1399.59 48.03
86 75 -0.0042 0.00025 100.0 642.28 1576.43 1400.0 47.986
86 76 0.002 0.00017 100.0 641.99 1582.07 1398.8 48.257
86 77 0.0007 0.00043 100.0 642.0 1580.4 1400.31 48.053
86 78 0.0016 0.00017 100.0 642.25 1582.48 1398.36 48.283
86 79 -0.0014 -0.00031 100.0 642.65 1581.94 1400.8 48.055
86 80 0.0007 -0.0004 100.0 642.49 1579.67 1401.73 48.007
86 81 -0.0004 0.00031 100.0 641.71 1581.0 1401.33 48.098
86 82 -0.0007 0.00012 100.0 641.87 1580.65 1398.81 48.246
86 83 -0.0016 -0.00022 100.0 641.57 1580.5 1399.52 48.158
86 84 -0.0005 0.00012 100.0 642.08 1579.72 1400.46 48.147
86 85 0.0025 -0.00019 100.0 641.51 1578.56 1399.21 48.165
86 86 0.0003 -6e-05 100.0 642.12 1578.54 1399.6 48.233
86 87 -0.0 2e-05 100.0 642.16 1580.25 1401.38 48.264
86 88 -0.0004 0.00011 100.0 641.67 1580.7 1399.08 48.25
86 89 0.0004 0.00026 100.0 641.57 1578.31 1398.51 48.28
86 90 0.0022 0.0002 100.0 641.72 1578.88 1400.66 48.201
86 91 0.0009 -0.00027 100.0 641.54 1580.1 1402.22 48.196
86 92 -0.0005 -0.00013 100.0 641.7 1580.4 1399.94 48.27
86 93 0.0025 -0.0002 100.0 642.36 1581.94 1400.62 48.333
86 94 0.0033 -7e-05 100.0 641.71 1579.41 1398.46 48.271
86 95 -0.0005 0.00046 100.0 641.54 1577.59 1402.55 48.304
86 96 0.0003 -1e-05 100.0 641.63 1580.03 1400.11 48.317
86 97 -0.0006 -0.00037 100.0 641.54 1581.4 1402.95 48.195
86 98 -0.001 -0.00017 100.0 641.75 1580.42 1399.21 48.481
86 99 0.0008 -0.00024 100.0 642.14 1580.4 1400.06 48.514
87 1 -0.0008 -0.00033 100.0 642.26 1579.51 1400.61 47.044
87 2 -0.0011 0.00011 100.0 642.34 1578.4 1402.45 47.02
87 3 0.0023 -0.00012 100.0 642.55 1581.93 1398.86 47.216
87 4 -0.0016 0.00032 100.0 641.82 1581.52 1399.3 46.992
87 5 -0.0004 -0.00012 100.0 642.2 1578.87 1399.41 47.094
87 6 -0.0033 -3e-05 100.0 641.73 1579.91 1401.71 47.121
87 7 -0.001 -0.00027 100.0 641.83 1582.34 1402.17 47.103
87 8 0.0002 0.00035 100.0 642.12 1578.61 1398.63 47.325
87 9 -0.0033 0.00013 100.0 642.14 1579.29 1400.71 47.157
87 10 -0.0035 0.00025 100.0 641.75 1575.98 1402.44 47.24
87 11 -0.0022 -1e-05 100.0 642.11 1580.74 1402.48 47.154
87 12 0.005 -4e-05 100.0 641.69 1580.11 1401.26 47.162
87 13 -0.0023 -0.00055 100.0 642.0 1580.2 1400.38 47.273
87 14 -0.0 -0.00014 100.0 642.59 1580.09 1399.8 47.275
87 15 0.0002 -1e-05 100.0 642.01 1580.05 1400.17 47.313
87 16 -0.0044 0.0001 100.0 642.57 1577.97 1399.17 47.458
87 17 0.0004 -1e-05 100.0 642.03 1580.15 1399.14 47.491
87 18 0.0013 7e-05 100.0 642.61 1581.87 1403.4 47.496
87 19 -0.0004 -0.00021 100.0 642.11 1580.41 1401.99 47.408
87 20 0.0001 -0.00018 100.0 641.72 1579.74 1397.41 47.428
87 21 -0.0002 7e-05 100.0 641.89 1577.7 1399.39 47.527
87 22 0.0006 9e-05 100.0 641.76 1579.09 1399.96 47.527
87 23 0.0017 -4e-05 100.0 641.5 1581.16 1401.23 47.591
87 24 -0.0024 0.00014 100.0 642.15 1579.78 1401.43 47.543
87 25 0.0031 6e-05 100.0 642.46 1582.33 1399.71 47.588
87 26 -0.0028 0.0001 100.0 642.12 1578.39 1401.7 47.594
87 27 0.0029 -2e-05 100.0 641.93 1579.99 1400.96 47.331
87 28 -0.0035 -0.0001 100.0 641.87 1580.28 1400.23 47.479
87 29 0.0021 0.00015 100.0 641.94 1580.72 1398.82 47.572
87 30 -0.0024 -0.00034 100.0 641.87 1580.25 1402.27 47.437
87 31 0.0018 0.00015 100.0 641.7 1579.91 1398.91 47.691
87 32 -0.0013 -0.00015 100.0 642.45 1580.08 1400.5 47.629
87 33 0.0005 0.0 100.0 642.03 1580.27 1399.23 47.865
87 34 0.001 -7e-05 100.0 642.5 1580.16 1398.3 47.731
87 35 -0.002 1e-05 100.0 641.79 1581.31 1398.46 47.653
87 36 -0.0026 6e-05 100.0 641.71 1581.1 1399.37 47.743
87 37 -0.0005 -9e-05 100.0 642.14 1580.79 1400.96 47.879
87 38 0.0027 0.00018 100.0 642.0 1578.04 1398.27 47.752
87 39 -0.0027 -6e-05 100.0 642.46 1580.46 1400.04 47.856
87 40 -0.0051 8e-05 100.0 642.17 1582.35 1400.04 47.96
87 41 -0.0021 8e-05 100.0 641.86 1581.07 1402.53 47.639
87 42 0.002 1e-05 100.0 642.03 1579.26 1402.77 48.063
87 43 0.0027 0.00011 100.0 641.89 1579.12 1397.42 47.774
87 44 0.0057 -0.00014 100.0 641.82 1579.45 1398.5 47.877
87 45 0.0021 -7e-05 100.0 641.79 1577.85 1398.15 47.938
87 46 0.0034 0.00018 100.0 642.14 1580.55 1398.96 48.033
87 47 -0.0003 -0.00016 100.0 642.08 1578.35 1401.24 48.061
87 48 0.0003 -3e-05 100.0 642.29 1578.32 1399.4 47.933
87 49 -0.0009 -0.00029 100.0 642.35 1580.74 1400.1 48.098
87 50 0.0021 -9e-05 100.0 641.89 1580.63 1399.8 48.071
87 51 -0.0003 1e-05 100.0 642.13 1580.13 1400.57 48.043
87 52 -0.0012 6e-05 100.0 642.04 1581.48 1399.24 48.091
87 53 0.0019 -0.00013 100.0 642.42 1580.84 1401.28 48.124
87 54 0.0019 -3e-05 100.0 642.2 1580.01 1398.65 48.175
87 55 -0.004 4e-05 100.0 642.17 1581.82 1400.31 48.216
87 56 0.0012 -0.00031 100.0 641.5 1581.77 1396.03 48.235
87 57 0.0007 -7e-05 100.0 642.17 1581.77 1400.78 48.336
87 58 -0.0016 -0.00021 100.0 642.65 1579.42 1400.51 48.077
87 59 0.0006 -1e-05 100.0 642.12 1582.11 1401.51 48.278
87 60 -0.0011 -1e-05 100.0 641.92 1580.31 1398.81 48.328
87 61 -0.0024 -1e-05 100.0 641.96 1580.23 1398.63 48.347
87 62 0.001 0.00018 100.0 642.26 1578.35 1399.41 48.168
87 63 0.0006 0.00013 100.0 642.15 1583.09 1398.42 48.422
87 64 0.0025 9e-05 100.0 641.86 1580.65 1400.71 48.415
87 65 -0.0023 3e-05 100.0 642.24 1579.52 1399.71 48.211
87 66 0.002 -4e-05 100.0 642.32 1578.58 1399.7 48.62
87 67 -0.0004 -5e-05 100.0 641.84 1581.66 1402.26 48.24
87 68 -0.0019 -0.00026 100.0 641.97 1579.31 1397.16 48.236
87 69 0.0049 -0.00038 100.0 642.47 1579.82 1400.39 48.493
87 70 0.0039 0.00017 100.0 642.34 1580.38 1397.56 48.528
87 71 0.0009 0.00012 100.0 641.59 1582.75 1400.88 48.557
87 72 -0.0016 0.0004 100.0 642.03 1579.86 1396.64 48.648
87 73 -0.0005 -6e-05 100.0 641.91 1578.62 1400.76 48.491
87 74 -0.0006 -3e-05 100.0 642.13 1581.77 1397.46 48.515
87 75 -0.0014 0.00023 100.0 642.35 1581.4 1400.34 48.54
87 76 0.0003 -0.00014 100.0 642.29 1582.93 1400.0 48.609
87 77 0.0039 -5e-05 100.0 642.06 1578.49 1398.93 48.762
87 78 0.0011 7e-05 100.0 642.06 1579.36 1399.72 48.572
87 79 0.0037 0.0 100.0 641.82 1577.86 1402.88 48.706
87 80 0.0003 0.0003 100.0 641.99 1579.07 1400.11 48.808
87 81 0.003 0.00028 100.0 642.51 1579.81 1399.15 48.755
87 82 -0.0007 0.00048 100.0 642.1 1580.34 1400.32 48.775
87 83 0.0002 -6e-05 100.0 642.17 1580.23 1396.22 48.749
87 84 -0.0004 -0.0001 100.0 641.69 1582.16 1398.33 48.755
87 85 -0.0018 0.0001 100.0 642.23 1580.53 1399.25 48.726
87 86 -0.001 0.00042 100.0 641.96 1581.72 1402.36 48.897
87 87 0.0001 -0.00038 100.0 641.92 1580.86 1400.52 48.848
87 88 -0.0008 -6e-05 100.0 641.61 1580.01 1399.22 48.737
87 89 -0.0017 -7e-05 100.0 642.23 1579.5 1399.54 49.016
87 90 -0.0001 -8e-05 100.0 642.28 1580.46 1398.39 49.07
87 91 -0.0018 0.00025 100.0 642.24 1581.29 1403.67 48.946
87 92 -0.0006 -0.00014 100.0 641.79 1582.61 1402.64 48.969
87 93 -0.0018 0.00028 100.0 642.38 1577.54 1399.78 48.829
87 94 -0.0006 -0.00013 100.0 641.49 1580.1 1400.4 49.211
87 95 0.0015 0.00017 100.0 641.84 1582.38 1399.01 49.204
87 96 0.0016 -8e-05 100.0 641.47 1578.97 1398.23 49.003
87 97 -0.0027 -4e-05 100.0 642.17 1579.77 1400.13 49.228
87 98 -0.0019 0.00012 100.0 641.88 1579.32 1401.51 49.127
87 99 0.0018 -6e-05 100.0 642.15 1578.55 1400.17 49.244
88 1 -0.0012 -0.00042 100.0 641.73 1580.39 1399.5 46.923
88 2 0.0068 0.00014 100.0 641.91 1580.98 1402.01 47.197
88 3 -0.0003 -0.0002 100.0 641.54 1577.57 1396.42 47.058
88 4 0.0004 -0.00014 100.0 642.43 1580.62 1399.98 46.985
88 5 0.0027 0.0 100.0 641.59 1580.93 1402.66 46.993
88 6 -0.0026 -0.0001 100.0 642.16 1580.21 1400.53 47.145
88 7 -0.0051 -0.0 100.0 641.55 1580.69 1401.05 46.99
88 8 0.0 -8e-05 100.0 641.81 1578.02 1400.09 47.032
88 9 -0.0019 -5e-05 100.0 642.23 1577.76 1401.14 47.155
88 10 0.0019 -1e-05 100.0 641.99 1581.23 1399.62 47.247
88 11 0.0012 0.00017 100.0 642.04 1578.66 1399.23 47.064
88 12 -0.0009 -1e-05 100.0 642.52 1582.17 1398.61 47.008
88 13 -0.0039 6e-05 100.0 642.17 1579.63 1398.1 47.229
88 14 -0.0033 0.00031 100.0 642.0 1580.5 1400.32 47.298
88 15 -0.0026 0.00019 100.0 641.76 1580.56 1398.92 47.045
88 16 0.0005 7e-05 100.0 642.29 1579.56 1399.32 47.145
88 17 0.0005 -0.0004 100.0 641.77 1581.09 1400.5 47.076
88 18 -0.0014 7e-05 100.0 642.11 1579.62 1400.85 47.175
88 19 0.0025 0.0002 100.0 642.27 1579.07 1400.65 47.005
88 20 0.0019 -0.00024 100.0 642.25 1581.79 1400.18 47.208
88 21 -0.0006 -0.00014 100.0 642.45 1579.7 1399.21 47.101
88 22 0.0031 -1e-05 100.0 641.69 1579.32 1400.12 47.165
88 23 0.0016 -3e-05 100.0 642.3 1580.97 1398.81 47.018
88 24 0.0032 0.00019 100.0 642.72 1580.48 1401.15 47.343
88 25 -0.0005 0.0 100.0 641.97 1578.64 1399.58 47.252
88 26 0.0008 0.00019 100.0 641.89 1579.69 1397.91 47.032
88 27 0.0014 -1e-05 100.0 641.63 1579.88 1401.1 47.223
88 28 -0.0015 0.00019 100.0 641.81 1580.89 1399.39 47.272
88 29 -0.0019 -4e-05 100.0 642.02 1580.64 1399.9 47.253
88 30 -0.0016 0.00012 100.0 642.35 1578.67 1402.92 47.099
88 31 -0.0017 -0.00041 100.0 642.08 1579.61 1400.05 47.444
88 32 -0.0013 0.0001 100.0 641.39 1578.36 1400.09 47.324
88 33 0.0014 0.00018 100.0 641.92 1579.27 1402.65 47.433
88 34 0.0015 8e-05 100.0 641.93 1579.55 1398.57 47.365
88 35 -0.0042 -0.00026 100.0 641.44 1581.12 1399.31 47.354
88 36 -0.0002 -9e-05 100.0 641.78 1580.02 1400.69 47.247
88 37 -0.0002 0.00033 100.0 642.05 1581.52 1399.08 47.32
88 38 0.0005 0.00027 100.0 641.89 1578.9 1398.12 47.192
88 39 -0.0004 0.00026 100.0 641.99 1580.61 1400.81 47.532
88 40 -0.0022 -0.00032 100.0 642.33 1579.57 1398.27 47.314
88 41 -0.0016 4e-05 100.0 642.38 1579.14 1398.4 47.465
88 42 0.0013 -0.00022 100.0 642.16 1579.64 1401.63 47.254
88 43 0.0008 -9e-05 100.0 642.06 1579.78 1401.91 47.229
88 44 -0.0016 0.0002 100.0 641.87 1578.39 1399.69 47.532
88 45 0.0009 0.00024 100.0 642.25 1579.69 1397.62 47.259
88 46 0.0015 -0.0004 100.0 641.94 1582.23 1401.8 47.39
88 47 -0.0021 0.00012 100.0 641.94 1580.56 1401.34 47.319
88 48 0.0005 -8e-05 100.0 642.21 1578.68 1401.86 47.28
88 49 0.0006 -5e-05 100.0 641.8 1580.03 1398.5 47.435
88 50 -0.0004 0.00022 100.0 641.99 1578.93 1403.12 47.393
88 51 0.0024 0.00019 100.0 641.32 1580.31 1401.6 47.305
88 52 0.0004 5e-05 100.0 642.17 1579.24 1399.08 47.409
88 53 0.0013 -0.00027 100.0 642.05 1581.37 1398.67 47.385
88 54 0.0002 0.00019 100.0 642.09 1579.92 1400.17 47.278
88 55 0.0004 0.00021 100.0 642.14 1581.66 1401.35 47.508
88 56 0.0008 7e-05 100.0 641.93 1581.58 1399.66 47.435
88 57 -0.0022 -1e-05 100.0 642.54 1579.85 1402.66 47.487
88 58 0.0018 -7e-05 100.0 642.23 1578.37 1400.57 47.455
88 59 -0.0026 2e-05 100.0 641.82 1580.59 1397.62 47.426
88 60 -0.0035 0.00018 100.0 642.08 1580.72 1398.43 47.554
88 61 -0.0 0.00021 100.0 642.15 1577.81 1401.02 47.377
88 62 -0.001 -0.00066 100.0 641.9 1579.34 1400.47 47.592
88 63 0.0025 0.00037 100.0 641.74 1579.36 1400.45 47.493
88 64 -0.0014 -5e-05 100.0 641.82 1581.16 1397.73 47.578
88 65 -0.0005 -0.00017 100.0 642.07 1579.01 1400.37 47.345
88 66 0.0006 0.00011 100.0 641.99 1580.87 1401.04 47.446
88 67 0.0032 0.00013 100.0 641.8 1581.69 1399.02 47.561
88 68 0.0024 -0.00021 100.0 641.61 1580.4 1399.93 47.537
88 69 0.0028 0.00027 100.0 642.44 1579.14 1401.11 47.676
88 70 0.0031 -0.00047 100.0 642.52 1580.08 1399.93 47.684
88 71 0.0012 2e-05 100.0 641.76 1580.05 1400.63 47.558
88 72 -0.0018 -0.0 100.0 642.29 1579.31 1399.48 47.612
88 73 0.0025 -5e-05 100.0 642.39 1580.95 1398.53 47.441
88 74 0.0007 0.00036 100.0 642.11 1578.02 1399.48 47.542
88 75 0.0016 0.0003 100.0 641.64 1579.71 1399.51 47.493
88 76 0.001 8e-05 100.0 641.87 1581.74 1399.88 47.731
88 77 -0.001 -0.00017 100.0 642.26 1580.97 1401.09 47.681
88 78 0.0015 -6e-05 100.0 642.1 1581.05 1399.31 47.719
88 79 -0.0007 -2e-05 100.0 642.35 1581.32 1400.33 47.616
88 80 0.0031 -0.0004 100.0 641.88 1580.39 1399.24 47.676
88 81 -0.0005 9e-05 100.0 642.23 1581.89 1399.1 47.606
88 82 0.0006 0.00031 100.0 642.04 1580.94 1400.44 47.728
88 83 -0.0002 -0.00012 100.0 641.93 1579.64 1399.12 47.669
88 84 0.0016 -0.00021 100.0 642.14 1580.29 1400.6 47.74
88 85 -0.0006 5e-05 100.0 642.48 1579.36 1403.76 47.73
88 86 -0.0005 -0.00017 100.0 641.57 1579.04 1400.99 47.74
88 87 -0.002 -0.00021 100.0 642.09 1579.83 1403.43 47.841
88 88 -0.0028 0.00012 100.0 642.08 1580.54 1398.91 47.688
88 89 -0.001 0.00032 100.0 642.0 1580.1 1401.43 47.691
88 90 -0.0015 5e-05 100.0 641.6 1578.79 1398.42 47.729
88 91 0.0041 8e-05 100.0 641.33 1581.07 1402.12 47.853
88 92 -0.0013 -0.0003 100.0 641.6 1581.07 1400.14 47.583
88 93 0.0026 -0.00018 100.0 642.16 1580.57 1401.45 47.661
88 94 0.0015 -0.00012 100.0 641.78 1579.85 1398.9 47.869
88 95 0.0037 -0.00013 100.0 642.14 1581.37 1400.88 47.85
88 96 0.0017 -0.00013 100.0 642.12 1579.09 1401.44 47.873
88 97 0.0 0.00036 100.0 641.97 1579.18 1400.24 47.635
88 98 -0.0009 -0.00017 100.0 642.18 1578.38 1398.53 47.736
88 99 0.0004 -0.00015 100.0 641.99 1580.99 1398.46 47.862
89 1 0.0012 0.00015 100.0 641.82 1578.65 1400.21 46.838
89 2 0.0018 -0.00012 100.0 642.22 1580.27 1401.05 46.814
89 3 0.0001 -0.0001 100.0 642.1 1581.16 1398.12 46.951
89 4 -0.0018 -0.00027 100.0 641.88 1580.79 1400.87 47.003
89 5 0.0027 -0.00046 100.0 642.24 1581.49 1400.82 47.176
89 6 -0.0027 -0.00013 100.0 641.79 1582.38 1398.2 47.071
89 7 0.0019 0.0005 100.0 641.89 1581.08 1402.22 47.044
89 8 -0.0023 -6e-05 100.0 641.81 1579.87 1401.19 47.238
89 9 0.001 -0.00035 100.0 642.57 1580.04 1400.29 47.189
89 10 0.0024 9e-05 100.0 641.74 1580.93 1399.34 47.102
89 11 -0.0041 -2e-05 100.0 641.83 1579.14 1402.42 47.135
89 12 0.0015 0.00015 100.0 641.32 1581.57 1400.32 47.174
89 13 0.002 0.00055 100.0 642.24 1580.97 1400.59 47.27
89 14 0.0038 0.00013 100.0 642.15 1581.01 1397.69 47.107
89 15 0.0035 0.00021 100.0 641.89 1581.01 1398.32 47.238
89 16 0.0001 2e-05 100.0 642.43 1577.91 1398.49 47.208
89 17 -0.0038 -0.00028 100.0 642.06 1581.5 1397.82 47.279
89 18 0.0008 6e-05 100.0 642.01 1579.84 1400.5 47.118
89 19 0.0008 0.00038 100.0 641.94 1579.42 1401.88 47.11
89 20 0.0008 -0.00012 100.0 641.92 1581.14 1399.3 47.18
89 21 0.0011 9e-05 100.0 641.59 1582.34 1401.21 47.409
89 22 0.0003 -0.00014 100.0 642.22 1579.42 1396.9 47.237
89 23 -0.0013 0.00022 100.0 642.01 1578.35 1402.46 47.335
89 24 -0.0012 6e-05 100.0 642.01 1580.38 1397.0 47.263
89 25 0.0002 -0.00027 100.0 642.02 1581.13 1398.83 47.353
89 26 -0.0016 -0.00027 100.0 642.38 1580.05 1399.33 47.31
89 27 0.0031 -0.00018 100.0 642.64 1579.51 1397.3 47.469
89 28 0.0009 -6e-05 100.0 642.16 1581.36 1399.66 47.424
89 29 0.0002 5e-05 100.0 641.88 1580.45 1398.5 47.2
89 30 -0.0044 -0.0001 100.0 641.72 1580.29 1398.36 47.547
89 31 -0.0013 -0.00016 100.0 642.1 1581.39 1400.16 47.372
89 32 -0.0018 0.0002 100.0 642.21 1578.94 1397.95 47.557
89 33 -0.0008 -1e-05 100.0 642.14 1582.03 1398.81 47.36
89 34 0.0043 -0.0001 100.0 641.79 1580.21 1398.54 47.307
89 35 -0.0042 -7e-05 100.0 641.83 1579.71 1398.92 47.464
89 36 -0.0041 -0.00019 100.0 642.49 1578.73 1397.61 47.676
89 37 0.0012 7e-05 100.0 642.12 1579.5 1401.32 47.454
89 38 0.0011 -0.00011 100.0 642.3 1580.76 1397.81 47.511
89 39 0.0006 -0.00013 100.0 642.2 1582.06 1397.0 47.629
89 40 -0.0043 0.0001 100.0 641.09 1580.52 1400.84 47.764
89 41 0.0002 -0.0 100.0 641.78 1580.49 1398.53 47.363
89 42 0.003 -5e-05 100.0 641.68 1581.11 1395.66 47.632
89 43 0.0025 -0.00031 100.0 642.09 1580.23 1400.0 47.576
89 44 0.0045 0.0 100.0 642.13 1579.56 1401.94 47.51
89 45 -0.0019 -3e-05 100.0 641.74 1577.55 1400.93 47.447
89 46 -0.0018 0.00012 100.0 642.34 1580.07 1399.59 47.604
89 47 -0.0002 -1e-05 100.0 641.62 1579.29 1403.13 47.537
89 48 -0.0009 -4e-05 100.0 642.07 1579.74 1398.55 47.693
89 49 0.0025 6e-05 100.0 641.94 1580.23 1399.2 47.533
89 50 -0.0016 -0.00017 100.0 641.88 1581.47 1399.08 47.612
89 51 0.003 0.0001 100.0 642.07 1580.82 1398.91 47.709
89 52 0.0035 -0.0002 100.0 642.25 1582.28 1400.73 47.674
89 53 0.0025 -9e-05 100.0 642.16 1581.36 1398.01 47.537
89 54 -0.0002 -9e-05 100.0 642.08 1580.56 1400.85 47.804
89 55 -0.0012 -4e-05 100.0 641.92 1579.17 1400.48 47.791
89 56 0.0025 -0.00036 100.0 642.47 1580.13 1397.62 47.718
89 57 -0.0032 -2e-05 100.0 642.01 1579.25 1399.45 47.998
89 58 -0.0023 -0.0002 100.0 641.98 1581.08 1400.46 47.754
89 59 0.0003 3e-05 100.0 642.15 1579.91 1400.83 47.837
89 60 0.0003 3e-05 100.0 642.58 1580.36 1404.62 47.91
89 61 0.0018 0.0001 100.0 641.95 1577.83 1398.36 48.035
89 62 -0.0002 -7e-05 100.0 641.41 1579.54 1401.8 47.76
89 63 -0.0003 0.00022 100.0 641.9 1580.64 1399.71 47.757
89 64 0.0017 0.00027 100.0 642.14 1579.81 1402.46 47.803
89 65 0.0004 -0.00016 100.0 641.85 1581.7 1400.54 47.956
89 66 -0.0012 -0.00015 100.0 641.87 1579.37 1400.45 47.982
89 67 0.0019 -0.00046 100.0 642.31 1581.72 1402.87 47.828
89 68 -0.0017 -0.00015 100.0 641.93 1582.87 1400.59 47.968
89 69 -0.0019 -0.0002 100.0 641.98 1578.12 1396.97 47.775
89 70 0.0008 0.00023 100.0 642.12 1580.01 1399.83 47.971
89 71 -0.0004 -0.00018 100.0 642.1 1580.03 1400.61 47.878
89 72 0.0003 -0.0004 100.0 641.78 1578.81 1401.78 47.977
89 73 0.0005 -0.0 100.0 641.95 1579.24 1400.04 47.675
89 74 0.0012 -0.00013 100.0 642.29 1578.6 1401.83 47.94
89 75 0.0016 -0.00025 100.0 641.89 1581.64 1399.05 48.076
89 76 -0.0006 -0.00039 100.0 642.09 1580.76 1400.74 48.08
89 77 -0.0015 -8e-05 100.0 641.38 1579.68 1401.7 47.926
89 78 -0.0019 0.00013 100.0 642.07 1580.21 1399.37 48.014
89 79 -0.0005 0.00028 100.0 642.24 1578.63 1396.59 48.197
89 80 0.0005 -0.00024 100.0 641.88 1581.93 1401.47 47.902
89 81 -0.0021 0.00064 100.0 641.94 1577.3 1402.17 48.264
89 82 0.0016 4e-05 100.0 642.13 1580.11 1399.6 48.11
89 83 0.0008 7e-05 100.0 641.69 1579.82 1398.24 48.148
89 84 0.002 3e-05 100.0 642.37 1580.96 1403.13 48.174
89 85 -0.0009 6e-05 100.0 641.58 1581.65 1400.86 48.14
89 86 0.0017 0.00026 100.0 641.97 1581.11 1397.68 48.197
89 87 -0.0018 -0.00028 100.0 641.41 1580.56 1401.45 48.086
89 88 -0.0056 2e-05 100.0 642.32 1579.87 1401.96 48.023
89 89 -0.0019 1e-05 100.0 641.72 1580.89 1398.42 48.336
89 90 0.0013 -0.00018 100.0 642.41 1580.01 1402.11 48.178
89 91 -0.0035 0.00011 100.0 641.75 1581.38 1402.19 48.275
89 92 0.0005 -0.0003 100.0 642.27 1579.88 1404.12 48.387
89 93 -0.0028 -0.00033 100.0 642.33 1580.71 1400.31 48.349
89 94 -0.0007 -0.00029 100.0 641.28 1581.84 1400.11 48.197
89 95 -0.0027 8e-05 100.0 642.01 1579.65 1400.2 48.179
89 96 -0.0008 9e-05 100.0 641.91 1580.94 1399.74 48.449
89 97 0.0002 -0.00021 100.0 641.81 1581.3 1397.27 48.288
89 98 0.0013 4e-05 100.0 642.27 1581.53 1400.3 48.53
89 99 -0.0031 -0.0002 100.0 642.53 1580.84 1398.76 48.306
90 1 -0.0002 -5e-05 100.0 642.08 1579.7 1400.0 47.102
90 2 -0.0016 0.00025 100.0 641.85 1578.6 1401.12 47.056
90 3 0.0007 -0.00016 100.0 641.87 1578.88 1399.54 47.01
90 4 -0.0009 8e-05 100.0 641.67 1581.1 1400.17 47.109
90 5 -0.0008 -0.00013 100.0 642.35 1580.44 1401.4 47.205
90 6 0.0001 0.00026 100.0 642.07 1579.65 1401.21 47.125
90 7 0.0027 -0.00013 100.0 641.85 1581.11 1402.48 46.851
90 8 0.0009 -0.0002 100.0 641.46 1578.9 1399.61 47.198
90 9 -0.0016 0.00048 100.0 642.41 1578.59 1398.12 47.066
90 10 -0.0003 3e-05 100.0 641.74 1581.1 1397.25 47.131
90 11 0.0027 -0.00024 100.0 641.57 1581.54 1401.54 47.209
90 12 -0.0008 -0.00027 100.0 641.44 1578.5 1400.27 47.28
90 13 -0.0001 -0.00029 100.0 641.49 1577.92 1400.49 47.352
90 14 -0.0031 0.00022 100.0 642.03 1579.32 1400.0 47.342
90 15 0.0023 -0.00013 100.0 641.93 1580.0 1398.67 47.159
90 16 -0.0001 0.00011 100.0 642.06 1577.59 1400.83 47.087
90 17 -0.0011 0.00017 100.0 641.75 1580.14 1401.49 47.127
90 18 -0.0027 -4e-05 100.0 641.86 1581.06 1400.52 47.13
90 19 0.001 0.00011 100.0 642.16 1578.91 1400.24 47.053
90 20 -0.0019 1e-05 100.0 642.01 1579.16 1399.36 47.123
90 21 -0.0017 0.00014 100.0 641.75 1578.99 1402.39 47.234
90 22 -0.0027 0.00021 100.0 642.09 1580.44 1400.11 47.296
90 23 0.0005 -9e-05 100.0 642.25 1579.97 1400.72 47.16
90 24 -0.0005 5e-05 100.0 641.6 1581.48 1401.65 47.292
90 25 0.0027 -4e-05 100.0 641.75 1579.9 1400.41 47.197
90 26 -0.0001 0.00017 100.0 642.39 1580.61 1397.9 47.232
90 27 -0.0014 -0.00019 100.0 642.06 1577.5 1397.27 47.486
90 28 0.0013 7e-05 100.0 642.56 1580.93 1401.36 47.332
90 29 0.0009 0.0 100.0 642.24 1579.56 1401.24 47.182
90 30 -0.0022 6e-05 100.0 641.98 1579.3 1397.41 47.192
90 31 -0.0043 -0.0002 100.0 642.71 1579.4 1401.29 47.015
90 32 -0.0028 0.00022 100.0 642.13 1579.53 1402.98 47.391
90 33 0.0003 2e-05 100.0 641.75 1577.64 1397.27 47.25
90 34 -0.002 0.00011 100.0 641.94 1579.82 1399.29 47.226
90 35 -0.0005 -0.00013 100.0 642.11 1580.52 1401.13 47.436
90 36 0.0005 -4e-05 100.0 641.83 1579.24 1398.42 47.121
90 37 0.0017 -0.00017 100.0 641.66 1578.17 1401.0 47.372
90 38 0.002 -0.00027 100.0 642.08 1580.7 1397.37 47.302
90 39 0.0003 0.00034 100.0 641.88 1579.48 1400.04 47.206
90 40 -0.0019 -0.00039 100.0 642.32 1578.23 1398.14 47.264
90 41 0.0046 2e-05 100.0 642.37 1581.09 1397.69 47.409
90 42 0.0041 0.00028 100.0 641.96 1579.85 1399.44 47.528
90 43 -0.0043 -0.00021 100.0 641.9 1580.89 1397.2 47.376
90 44 -0.0011 9e-05 100.0 642.32 1578.51 1402.31 47.429
90 45 -0.0019 0.00013 100.0 641.96 1582.17 1399.2 47.346
90 46 0.0035 -8e-05 100.0 641.55 1580.44 1400.81 47.506
90 47 0.001 -0.00023 100.0 642.05 1579.64 1398.89 47.553
90 48 -0.0015 6e-05 100.0 642.18 1582.22 1397.87 47.317
90 49 -0.0006 7e-05 100.0 641.44 1578.97 1400.73 47.38
90 50 0.0027 -0.00028 100.0 642.1 1577.49 1401.17 47.308
90 51 -0.0027 -0.00012 100.0 641.56 1580.11 1400.23 47.396
90 52 0.0036 3e-05 100.0 642.17 1580.23 1401.65 47.57
90 53 -0.0034 0.00016 100.0 641.92 1580.2 1398.94 47.502
90 54 0.0024 -0.00024 100.0 642.02 1580.15 1398.96 47.55
90 55 0.002 -0.00011 100.0 642.18 1580.35 1400.53 47.63
90 56 -0.0013 0.00035 100.0 641.88 1580.56 1397.64 47.576
90 57 -0.001 0.0002 100.0 642.49 1581.37 1399.05 47.64
90 58 0.0024 -0.00031 100.0 642.42 1580.23 1399.9 47.624
90 59 0.0012 2e-05 100.0 641.92 1579.7 1401.99 47.508
90 60 0.0025 -0.00014 100.0 641.66 1580.97 1400.38 47.381
90 61 -0.0011 -0.00041 100.0 641.95 1581.06 1403.09 47.547
90 62 -0.0009 0.00023 100.0 642.12 1577.82 1398.52 47.6
90 63 -0.0025 0.00043 100.0 641.92 1577.64 1400.73 47.457
90 64 0.0022 -0.0004 100.0 642.28 1580.64 1398.7 47.484
90 65 0.0032 -3e-05 100.0 642.21 1579.71 1398.28 47.575
90 66 -0.0006 0.00033 100.0 641.67 1580.11 1399.68 47.531
90 67 0.0002 5e-05 100.0 642.08 1580.82 1397.77 47.759
90 68 0.0023 0.00026 100.0 641.87 1579.05 1400.05 47.583
90 69 -0.0002 -0.00014 100.0 642.32 1578.88 1400.85 47.613
90 70 0.0007 0.00027 100.0 641.86 1579.56 1399.31 47.838
90 71 0.0027 5e-05 100.0 642.14 1580.42 1397.58 47.516
90 72 -0.0003 -0.00014 100.0 641.38 1581.76 1403.09 47.712
90 73 -0.003 0.00031 100.0 641.61 1581.0 1399.95 47.404
90 74 -0.0027 -6e-05 100.0 641.56 1580.05 1400.77 47.591
90 75 0.0011 -0.00021 100.0 641.59 1580.42 1399.52 47.821
90 76 -0.0004 5e-05 100.0 641.71 1577.6 1397.88 47.699
90 77 0.0011 -0.0002 100.0 642.11 1581.87 1399.7 47.806
90 78 -0.0028 7e-05 100.0 641.89 1579.42 1400.11 47.725
90 79 0.0015 -3e-05 100.0 641.79 1580.22 1401.88 47.773
90 80 0.0016 2e-05 100.0 642.45 1580.3 1401.42 47.751
90 81 0.0018 -0.0 100.0 641.7 1580.51 1399.17 47.849
90 82 0.0009 -4e-05 100.0 642.23 1579.5 1400.81 47.824
90 83 0.0009 -0.0006 100.0 641.97 1579.06 1400.43 47.825
90 84 -0.0021 -0.00033 100.0 642.85 1579.0 1400.92 47.987
90 85 0.0035 1e-05 100.0 641.58 1580.64 1401.32 47.71
90 86 -0.0005 -7e-05 100.0 642.12 1580.35 1398.5 47.851
90 87 -0.0013 7e-05 100.0 641.37 1581.26 1399.6 47.833
90 88 -0.0028 -0.00011 100.0 642.05 1581.57 1397.31 47.78
90 89 0.0017 0.0001 100.0 642.24 1579.85 1400.91 47.931
90 90 -0.0008 -3e-05 100.0 642.05 1580.59 1400.74 47.909
90 91 0.0001 -0.0 100.0 641.71 1579.13 1399.61 47.86
90 92 0.0001 0.00013 100.0 642.04 1579.72 1398.98 47.816
90 93 -0.0006 -0.00037 100.0 641.4 1578.81 1401.42 47.913
90 94 0.006 -0.00018 100.0 642.3 1578.58 1398.24 47.958
90 95 0.0021 -0.00027 100.0 642.46 1578.26 1398.63 47.966
90 96 0.0011 4e-05 100.0 641.94 1579.85 1401.64 47.746
90 97 0.0013 4e-05 100.0 641.68 1581.46 1400.21 47.848
90 98 -0.0012 0.00011 100.0 642.03 1580.0 1399.79 47.882
90 99 0.0043 9e-05 100.0 642.07 1581.93 1399.31 47.993
91 1 -0.0002 -0.00013 100.0 642.06 1580.61 1400.1 46.922
91 2 0.0014 -0.00021 100.0 642.36 1578.78 1400.08 46.982
91 3 -0.0001 -0.00017 100.0 642.31 1580.42 1401.69 47.097
91 4 -0.0038 -0.00013 100.0 641.59 1582.85 1399.99 47.052
91 5 0.0011 0.00019 100.0 641.62 1578.45 1399.48 47.064
91 6 -0.0004 -9e-05 100.0 641.82 1576.79 1402.67 47.212
91 7 -0.0025 -0.00022 100.0 641.91 1580.59 1400.37 47.241
91 8 -0.0001 -0.00014 100.0 642.0 1579.25 1399.05 47.112
91 9 0.0027 4e-05 100.0 642.09 1579.37 1400.88 47.24
91 10 0.0013 0.0001 100.0 642.47 1582.0 1401.86 47.023
91 11 -0.0018 -0.0004 100.0 642.03 1578.61 1398.29 47.199
91 12 -0.0005 -0.00015 100.0 642.0 1577.32 1398.57 47.077
91 13 -0.0006 -0.00044 100.0 642.09 1581.15 1398.89 47.185
91 14 0.0045 0.00037 100.0 641.74 1580.41 1399.53 47.294
91 15 -0.0015 -0.00019 100.0 642.13 1580.31 1399.31 47.315
91 16 0.0051 -3e-05 100.0 642.13 1579.71 1396.93 47.205
91 17 -0.0006 8e-05 100.0 641.88 1579.7 1401.39 47.5
91 18 -0.001 0.00037 100.0 641.86 1581.84 1398.19 47.269
91 19 0.0009 1e-05 100.0 641.56 1580.74 1399.95 47.286
91 20 -0.0018 -3e-05 100.0 642.07 1581.52 1399.25 47.225
91 21 0.0033 5e-05 100.0 641.9 1581.48 1400.36 47.332
91 22 -0.0019 -0.00017 100.0 642.65 1580.41 1399.62 47.405
91 23 -0.0055 0.00026 100.0 641.93 1577.52 1399.98 47.344
91 24 0.0003 -2e-05 100.0 642.06 1580.17 1402.01 47.214
91 25 -0.0006 0.00013 100.0 641.84 1579.39 1400.32 47.451
91 26 -0.0031 0.00017 100.0 642.29 1580.56 1400.04 47.348
91 27 -0.0022 -0.00015 100.0 641.86 1581.03 1399.83 47.649
91 28 0.0001 -0.00025 100.0 642.14 1578.25 1398.94 47.459
91 29 -0.0026 -0.00013 100.0 642.52 1579.88 1401.1 47.526
91 30 -0.0012 -0.0004 100.0 641.59 1579.15 1401.71 47.603
91 31 -0.0005 0.00047 100.0 642.52 1581.73 1399.88 47.464
91 32 0.0007 -0.00025 100.0 641.81 1581.27 1398.7 47.443
91 33 -0.0023 -7e-05 100.0 641.87 1579.22 1398.74 47.703
91 34 -0.0001 -0.00015 100.0 641.67 1580.02 1400.13 47.335
91 35 -0.0009 -0.00013 100.0 642.26 1579.88 1399.83 47.739
91 36 -0.0013 0.0003 100.0 642.28 1579.46 1401.92 47.589
91 37 -0.0027 0.00021 100.0 642.2 1582.73 1403.63 47.591
91 38 -0.0026 -0.00024 100.0 642.11 1580.59 1401.29 47.543
91 39 -0.0024 3e-05 100.0 642.17 1580.29 1400.62 47.572
91 40 0.0011 -0.00029 100.0 641.82 1579.85 1397.73 47.605
91 41 0.0021 -0.00021 100.0 642.22 1578.19 1397.9 47.647
91 42 0.0009 -0.00028 100.0 642.13 1578.39 1400.26 47.802
91 43 -0.0003 0.0002 100.0 642.25 1579.9 1400.22 47.728
91 44 -0.006 -0.00017 100.0 641.79 1579.73 1397.65 47.729
91 45 -0.0012 -4e-05 100.0 642.31 1578.03 1398.43 47.908
91 46 0.0011 0.00015 100.0 641.82 1581.23 1398.5 47.669
91 47 0.0013 9e-05 100.0 641.79 1578.66 1397.42 48.029
91 48 -0.0007 -2e-05 100.0 642.1 1580.1 1399.39 47.795
91 49 -0.0 0.00036 100.0 642.27 1578.6 1400.6 48.068
91 50 0.0013 0.00023 100.0 641.97 1579.97 1398.3 47.965
91 51 -0.0027 -0.00022 100.0 642.08 1579.61 1401.32 47.868
91 52 0.0009 3e-05 100.0 641.58 1579.24 1399.58 47.966
91 53 -0.0019 0.00032 100.0 642.17 1579.73 1401.6 47.582
91 54 -0.0023 0.0005 100.0 641.86 1581.51 1403.38 47.789
91 55 0.0025 -0.0001 100.0 642.23 1582.11 1398.45 47.685
91 56 -0.0024 0.00028 100.0 641.59 1579.91 1400.21 47.865
91 57 0.0026 0.00016 100.0 641.99 1580.28 1404.49 47.896
91 58 0.0019 0.00063 100.0 642.11 1580.57 1399.95 47.929
91 59 -0.0013 -0.00014 100.0 642.12 1580.47 1399.64 47.879
91 60 0.0009 0.0001 100.0 642.05 1581.22 1399.58 48.231
91 61 0.0005 0.00011 100.0 642.08 1581.54 1398.33 48.0
91 62 -0.0008 0.00029 100.0 642.29 1580.87 1401.79 48.12
91 63 0.0003 -6e-05 100.0 642.26 1578.43 1400.99 48.07
91 64 -0.0014 4e-05 100.0 642.07 1580.24 1397.86 48.204
91 65 -0.0022 -3e-05 100.0 642.44 1579.65 1398.55 48.023
91 66 -0.0001 -0.00021 100.0 641.72 1578.75 1399.14 48.193
91 67 0.0022 -0.00023 100.0 642.47 1579.98 1399.39 48.137
91 68 -0.0039 4e-05 100.0 642.01 1582.03 1401.88 48.194
91 69 0.0023 -0.00036 100.0 642.34 1578.86 1401.18 48.012
91 70 -0.0024 0.00018 100.0 642.34 1578.74 1401.74 48.322
91 71 0.0004 0.0 100.0 641.57 1581.77 1402.21 48.182
91 72 0.0004 0.00028 100.0 642.17 1580.49 1402.29 48.168
91 73 0.0036 0.00022 100.0 642.24 1580.21 1400.54 48.039
91 74 0.0025 0.00025 100.0 641.74 1577.7 1400.68 48.207
91 75 0.0001 -1e-05 100.0 642.38 1581.52 1401.45 48.218
91 76 0.0005 -0.00012 100.0 642.2 1579.43 1399.46 48.329
91 77 0.002 -1e-05 100.0 641.47 1578.79 1401.12 48.241
91 78 -0.0017 0.00013 100.0 641.33 1580.51 1397.81 48.388
91 79 -0.0036 -8e-05 100.0 641.43 1578.0 1398.99 48.408
91 80 0.0007 -0.00021 100.0 641.53 1582.42 1399.61 48.429
91 81 -0.0026 8e-05 100.0 642.07 1580.31 1400.58 48.464
91 82 0.0001 0.00014 100.0 641.54 1579.68 1399.54 48.447
91 83 0.0005 -0.0004 100.0 641.97 1581.15 1397.93 48.475
91 84 0.0031 2e-05 100.0 642.14 1580.86 1400.44 48.36
91 85 0.0001 -0.00011 100.0 641.32 1578.81 1398.5 48.256
91 86 0.0001 0.00019 100.0 641.83 1579.59 1398.75 48.348
91 87 0.0022 -9e-05 100.0 642.02 1582.48 1400.37 48.395
91 88 0.0031 3e-05 100.0 641.76 1580.72 1401.62 48.594
91 89 0.0014 -0.0 100.0 641.59 1579.91 1401.21 48.467
91 90 -0.0 0.00014 100.0 642.5 1580.82 1399.65 48.548
91 91 -0.0013 0.00026 100.0 642.68 1581.98 1398.46 48.587
91 92 0.002 4e-05 100.0 642.05 1581.95 1400.47 48.466
91 93 0.0027 -0.00051 100.0 641.45 1580.31 1399.2 48.554
91 94 0.0013 -0.00034 100.0 642.42 1582.35 1401.73 48.527
91 95 -0.0006 8e-05 100.0 642.28 1578.45 1399.65 48.488
91 96 0.0011 -0.00036 100.0 641.24 1580.34 1398.98 48.678
91 97 -0.0003 0.0002 100.0 641.79 1579.54 1402.45 48.73
91 98 0.0004 -6e-05 100.0 642.5 1580.41 1400.78 48.642
91 99 0.0011 -0.00019 100.0 641.78 1580.87 1401.44 48.749
92 1 0.0017 -0.00013 100.0 642.31 1578.48 1397.71 47.053
92 2 0.0016 0.00026 100.0 642.51 1578.23 1397.66 47.091
92 3 0.0007 0.00034 100.0 642.24 1579.84 1400.14 47.196
92 4 -0.0011 -6e-05 100.0 641.79 1580.27 1397.66 47.062
92 5 0.0017 -8e-05 100.0 641.52 1578.58 1399.97 47.002
92 6 -0.0017 0.00016 100.0 642.26 1583.2 1399.53 47.057
92 7 -0.0014 0.00017 100.0 641.61 1578.66 1397.95 47.143
92 8 0.0001 -1e-05 100.0 642.05 1578.82 1398.41 47.102
92 9 0.0002 4e-05 100.0 642.42 1578.63 1399.78 47.123
92 10 -0.0014 9e-05 100.0 641.99 1580.23 1400.78 47.09
92 11 0.0007 -0.0002 100.0 642.07 1581.89 1400.32 47.142
92 12 0.0022 0.00027 100.0 642.57 1580.19 1396.9 47.203
92 13 0.0005 0.00023 100.0 641.84 1581.53 1401.8 47.129
92 14 0.0002 0.00016 100.0 642.39 1580.33 1399.54 47.043
92 15 0.0018 0.0002 100.0 642.55 1581.46 1398.24 47.155
92 16 -0.002 7e-05 100.0 641.71 1581.34 1400.39 47.194
92 17 0.0007 0.00016 100.0 641.75 1578.99 1401.09 47.254
92 18 -0.0009 -0.00028 100.0 642.75 1579.58 1401.0 47.156
92 19 -0.0015 1e-05 100.0 641.92 1582.14 1400.66 47.145
92 20 -0.0033 -0.00016 100.0 641.93 1581.25 1400.72 47.076
92 21 -0.0007 -0.00013 100.0 641.79 1580.36 1401.57 47.091
92 22 -0.0006 0.00022 100.0 642.09 1579.38 1399.42 47.265
92 23 -0.0033 -0.00012 100.0 642.55 1580.66 1398.67 47.234
92 24 0.0016 -0.0001 100.0 641.77 1580.02 1398.05 47.035
92 25 -0.0005 -0.00013 100.0 641.72 1580.87 1399.24 47.287
92 26 0.0045 -0.0001 100.0 642.17 1578.35 1403.33 47.2
92 27 0.0016 3e-05 100.0 641.64 1578.03 1402.9 47.323
92 28 -0.0029 0.00023 100.0 641.8 1580.13 1400.37 47.307
92 29 -0.0004 -0.00025 100.0 641.65 1582.03 1401.86 47.195
92 30 -0.0009 0.00029 100.0 642.02 1582.64 1402.02 47.301
92 31 -0.0008 -0.00025 100.0 641.48 1580.71 1401.83 47.392
92 32 -0.0007 0.0004 100.0 642.48 1580.35 1396.85 47.566
92 33 -0.0004 -1e-05 100.0 641.93 1579.45 1402.27 47.411
92 34 -0.0019 0.00027 100.0 642.19 1578.74 1401.01 47.329
92 35 0.0021 -9e-05 100.0 642.1 1576.62 1401.34 47.261
92 36 -0.0 3e-05 100.0 641.6 1580.07 1398.41 47.166
92 37 0.0015 9e-05 100.0 642.45 1581.64 1400.32 47.334
92 38 0.001 -8e-05 100.0 642.06 1581.19 1403.41 47.467
92 39 -0.0006 0.00032 100.0 641.8 1581.0 1400.65 47.286
92 40 -0.0015 -1e-05 100.0 642.05 1579.15 1399.95 47.299
92 41 -0.0017 -5e-05 100.0 641.87 1579.23 1399.12 47.241
92 42 -0.0002 0.00026 100.0 642.22 1580.41 1400.53 47.102
92 43 0.003 0.00019 100.0 641.5 1580.37 1402.92 47.288
92 44 -0.0049 0.0003 100.0 641.89 1579.49 1399.66 47.594
92 45 0.0001 -0.0001 100.0 641.82 1579.79 1398.6 47.374
92 46 0.0027 0.00011 100.0 641.74 1580.05 1399.25 47.335
92 47 -0.0003 0.00024 100.0 642.18 1580.41 1400.11 47.258
92 48 -0.0001 -0.0002 100.0 641.98 1577.99 1400.8 47.286
92 49 -0.0 6e-05 100.0 642.41 1580.13 1397.64 47.423
92 50 -0.0019 -0.00039 100.0 642.67 1578.26 1396.19 47.344
92 51 -0.0024 -0.0 100.0 642.32 1578.07 1398.37 47.516
92 52 -0.0008 2e-05 100.0 642.45 1580.51 1399.49 47.477
92 53 -0.0029 3e-05 100.0 641.96 1580.12 1399.96 47.454
92 54 -0.0001 -0.00013 100.0 642.06 1580.59 1401.77 47.359
92 55 -0.0012 -0.00014 100.0 642.02 1582.36 1397.87 47.539
92 56 0.0017 -0.00021 100.0 642.14 1577.75 1397.31 47.647
92 57 -0.0008 0.00011 100.0 641.94 1582.37 1399.64 47.472
92 58 -0.0027 -0.00031 100.0 642.04 1577.25 1401.21 47.59
92 59 0.0003 0.0003 100.0 642.04 1581.75 1396.94 47.438
92 60 0.0012 2e-05 100.0 642.23 1580.82 1399.15 47.486
92 61 -0.0007 -3e-05 100.0 642.48 1579.79 1402.27 47.472
92 62 0.0008 8e-05 100.0 642.31 1578.96 1400.69 47.489
92 63 -0.0029 -0.00023 100.0 641.94 1583.28 1401.68 47.725
92 64 -0.0009 -5e-05 100.0 641.78 1580.3 1398.96 47.632
92 65 0.0016 4e-05 100.0 641.93 1581.71 1398.54 47.636
92 66 -0.0003 0.00041 100.0 641.82 1579.86 1401.86 47.422
92 67 0.0024 -0.00013 100.0 642.03 1581.59 1398.11 47.522
92 68 0.0004 3e-05 100.0 642.08 1579.03 1403.99 47.539
92 69 0.0007 -0.0002 100.0 641.6 1581.36 1399.59 47.511
92 70 0.0016 0.00012 100.0 641.91 1578.02 1399.57 47.66
92 71 0.0023 -1e-05 100.0 641.99 1580.05 1399.17 47.625
92 72 -0.0007 -6e-05 100.0 642.54 1581.49 1400.15 47.542
92 73 0.0031 0.00017 100.0 642.29 1582.21 1400.86 47.507
92 74 -0.0018 -0.00035 100.0 642.44 1579.73 1400.33 47.465
92 75 0.0006 3e-05 100.0 642.08 1580.15 1401.2 47.558
92 76 -0.0028 7e-05 100.0 642.61 1582.36 1400.4 47.574
92 77 -0.001 0.00018 100.0 641.58 1581.2 1398.72 47.51
92 78 0.0007 0.0003 100.0 642.21 1582.16 1399.2 47.692
92 79 0.0005 -6e-05 100.0 641.96 1581.04 1398.15 47.56
92 80 0.0014 -8e-05 100.0 642.36 1581.1 1400.8 47.57
92 81 -0.001 -0.0002 100.0 641.75 1580.93 1398.64 47.675
92 82 -0.0015 9e-05 100.0 641.92 1580.48 1399.01 47.699
92 83 0.0026 0.0002 100.0 642.85 1580.78 1400.21 47.672
92 84 -0.0007 -0.00036 100.0 642.91 1581.39 1398.33 47.712
92 85 -0.0 -7e-05 100.0 642.9 1581.62 1397.47 47.556
92 86 -0.0014 5e-05 100.0 641.29 1579.24 1399.06 47.976
92 87 -0.0017 8e-05 100.0 641.84 1579.91 1398.57 47.808
92 88 -0.0008 -5e-05 100.0 641.45 1579.13 1399.52 47.785
92 89 0.0013 8e-05 100.0 642.32 1579.91 1404.21 47.485
92 90 -0.0014 0.00038 100.0 641.83 1580.96 1399.59 47.658
92 91 -0.0011 0.00024 100.0 642.24 1579.63 1401.83 47.789
92 92 0.0046 3e-05 100.0 642.49 1581.57 1399.37 47.715
92 93 -0.0008 0.00019 100.0 641.66 1580.85 1400.6 47.941
92 94 0.0011 0.00016 100.0 642.16 1580.48 1400.4 47.907
92 95 0.0012 8e-05 100.0 642.18 1579.47 1401.52 47.86
92 96 -0.0008 -9e-05 100.0 642.3 1577.55 1399.92 47.771
92 97 0.0008 0.00019 100.0 641.69 1579.59 1398.24 47.775
92 98 -0.0013 -6e-05 100.0 642.16 1579.33 1398.34 47.915
92 99 0.0006 -0.0001 100.0 642.73 1580.85 1400.87 47.755
93 1 -0.0031 0.00026 100.0 642.09 1580.92 1399.28 47.12
93 2 -0.0011 0.0003 100.0 641.82 1578.95 1400.46 46.988
93 3 0.0023 -0.00013 100.0 642.12 1579.16 1402.79 47.218
93 4 0.0 0.00059 100.0 642.09 1580.71 1400.22 47.138
93 5 -0.0006 -0.00017 100.0 641.81 1579.54 1402.84 47.179
93 6 -0.0004 0.00018 100.0 641.97 1581.77 1402.5 47.155
93 7 0.0009 -0.00011 100.0 641.78 1582.25 1403.06 47.162
93 8 0.0024 -2e-05 100.0 642.23 1581.72 1400.38 47.102
93 9 0.0019 -0.00046 100.0 642.11 1577.74 1399.46 47.171
93 10 -0.0038 0.00015 100.0 642.0 1578.73 1399.49 47.123
93 11 0.0012 0.00032 100.0 641.58 1580.42 1399.9 47.385
93 12 0.0022 -0.00014 100.0 642.42 1582.19 1397.6 47.185
93 13 -0.0017 0.00018 100.0 641.81 1579.5 1399.23 47.387
93 14 0.001 -0.00013 100.0 642.19 1579.72 1399.8 47.396
93 15 -0.0048 0.00032 100.0 642.32 1580.63 1401.94 47.322
93 16 -0.0006 6e-05 100.0 642.32 1578.22 1399.37 47.487
93 17 0.0016 7e-05 100.0 642.1 1581.57 1402.29 47.596
93 18 0.0005 0.00014 100.0 641.57 1580.91 1402.49 47.566
93 19 -0.0035 0.00016 100.0 641.92 1583.76 1398.37 47.568
93 20 -0.0024 -0.00013 100.0 642.08 1580.45 1400.82 47.426
93 21 0.0011 -7e-05 100.0 641.86 1579.96 1399.25 47.624
93 22 0.0024 -0.00023 100.0 641.78 1578.34 1398.27 47.693
93 23 -0.0002 -0.00061 100.0 642.24 1582.21 1403.28 47.417
93 24 0.0007 0.00025 100.0 642.38 1578.79 1399.22 47.558
93 25 0.0017 0.00021 100.0 642.34 1580.92 1399.7 47.504
93 26 0.0 9e-05 100.0 642.47 1578.71 1400.81 47.792
93 27 0.0006 0.0002 100.0 642.07 1580.06 1399.15 47.655
93 28 -0.0013 -7e-05 100.0 641.86 1580.33 1400.65 47.655
93 29 0.0012 0.00015 100.0 642.12 1579.68 1402.16 47.585
93 30 -0.0005 0.00024 100.0 642.28 1578.13 1400.07 47.738
93 31 -0.0001 7e-05 100.0 642.09 1581.63 1399.96 47.618
93 32 0.0001 0.00017 100.0 642.14 1581.42 1400.59 47.749
93 33 0.0009 8e-05 100.0 641.83 1582.37 1399.24 47.947
93 34 -0.0012 0.00012 100.0 641.53 1578.6 1399.51 47.857
93 35 -0.0021 -6e-05 100.0 641.4 1578.69 1399.28 47.961
93 36 0.0026 0.00054 100.0 642.16 1583.32 1398.79 47.778
93 37 -0.0015 -0.00036 100.0 642.66 1579.0 1401.92 47.82
93 38 0.0027 0.00022 100.0 642.17 1579.95 1397.58 48.014
93 39 0.0021 0.00051 100.0 642.08 1580.7 1398.34 47.751
93 40 0.0017 -0.00026 100.0 642.53 1581.12 1398.34 48.064
93 41 -0.0005 -2e-05 100.0 641.93 1579.58 1398.82 47.928
93 42 0.0019 -0.00039 100.0 642.13 1581.19 1399.65 48.131
93 43 -0.0047 -8e-05 100.0 642.3 1579.29 1400.16 47.898
93 44 -0.0005 0.00018 100.0 641.8 1580.15 1400.15 47.925
93 45 -0.0016 -0.00028 100.0 641.92 1578.57 1401.82 48.029
93 46 0.002 -0.0002 100.0 642.06 1579.89 1399.66 47.976
93 47 -0.0015 -0.00045 100.0 642.03 1580.49 1400.17 48.17
93 48 -0.003 5e-05 100.0 642.0 1580.15 1399.95 48.226
93 49 -0.0002 -3e-05 100.0 641.98 1582.06 1400.18 48.172
93 50 0.0015 0.0001 100.0 642.04 1580.32 1399.01 48.085
93 51 -0.001 0.00032 100.0 642.25 1579.54 1401.2 48.205
93 52 -0.0023 -2e-05 100.0 641.95 1578.96 1400.82 48.182
93 53 -0.0011 0.00014 100.0 642.16 1580.71 1400.19 48.126
93 54 0.0011 0.00046 100.0 641.78 1580.83 1400.82 48.194
93 55 0.0008 0.00028 100.0 641.88 1579.83 1396.85 48.329
93 56 -0.0016 -0.00029 100.0 642.39 1578.84 1398.83 48.301
93 57 0.0016 -0.0001 100.0 642.15 1580.75 1398.91 48.505
93 58 -0.0022 -3e-05 100.0 642.32 1578.98 1398.5 48.337
93 59 -0.0009 1e-05 100.0 641.92 1578.44 1399.06 48.613
93 60 0.002 -0.0002 100.0 641.37 1578.53 1398.05 48.467
93 61 0.0023 0.00026 100.0 642.14 1579.39 1396.36 48.483
93 62 0.0016 -0.0003 100.0 641.79 1582.15 1398.93 48.477
93 63 -0.0007 -8e-05 100.0 641.61 1580.45 1400.01 48.548
93 64 -0.0025 -0.00015 100.0 641.97 1580.47 1404.27 48.635
93 65 -0.0053 -6e-05 100.0 641.49 1582.29 1399.37 48.385
93 66 -0.0008 0.00017 100.0 641.69 1579.47 1400.24 48.525
93 67 -0.0024 2e-05 100.0 642.0 1579.77 1398.15 48.592
93 68 0.0005 1e-05 100.0 642.18 1579.6 1398.84 48.546
93 69 0.0003 5e-05 100.0 641.45 1580.69 1398.89 48.48
93 70 -0.0002 0.0003 100.0 642.49 1578.63 1399.78 48.79
93 71 0.0017 -7e-05 100.0 642.43 1580.68 1399.18 48.549
93 72 -0.0016 0.00012 100.0 642.04 1579.68 1399.27 48.556
93 73 -0.0012 -8e-05 100.0 641.86 1579.27 1399.31 48.74
93 74 -0.0035 4e-05 100.0 641.89 1580.18 1399.42 48.838
93 75 0.0018 -8e-05 100.0 642.2 1581.99 1399.01 48.717
93 76 0.0001 -0.00052 100.0 642.11 1577.64 1397.41 48.782
93 77 0.0022 -9e-05 100.0 642.4 1580.42 1399.8 48.945
93 78 0.0025 -0.00019 100.0 641.96 1579.01 1401.94 48.823
93 79 0.0003 -0.00021 100.0 641.9 1581.44 1399.47 48.809
93 80 0.0025 -1e-05 100.0 641.65 1579.51 1397.44 49.06
93 81 -0.0016 -0.00013 100.0 641.71 1581.26 1400.59 49.11
93 82 0.0001 -8e-05 100.0 641.99 1579.18 1402.62 49.011
93 83 0.0015 0.00029 100.0 641.84 1577.43 1400.0 48.871
93 84 -0.0041 -2e-05 100.0 642.14 1579.58 1397.31 48.962
93 85 -0.0054 -0.00015 100.0 641.92 1579.49 1397.36 48.825
93 86 0.0007 1e-05 100.0 642.07 1579.1 1398.77 49.198
93 87 -0.0003 -0.00046 100.0 642.52 1581.3 1401.6 49.14
93 88 0.0028 2e-05 100.0 642.13 1579.28 1402.4 48.882
93 89 -0.0015 -3e-05 100.0 641.71 1581.89 1400.19 49.07
93 90 -0.0027 9e-05 100.0 642.53 1580.21 1400.02 49.119
93 91 0.0001 -0.00015 100.0 642.16 1580.06 1399.48 49.175
93 92 -0.0004 0.00012 100.0 642.39 1581.06 1399.56 49.21
93 93 -0.0018 -3e-05 100.0 642.0 1579.33 1398.67 49.255
93 94 -0.0014 -5e-05 100.0 641.48 1580.88 1398.4 49.276
93 95 -0.0008 0.00027 100.0 642.45 1579.44 1401.62 49.304
93 96 -0.0004 -0.0002 100.0 641.55 1579.14 1400.01 49.283
93 97 -0.0022 0.00038 100.0 642.24 1577.23 1400.76 49.181
93 98 0.0044 0.0002 100.0 641.37 1579.49 1401.52 49.135
93 99 -0.0008 -5e-05 100.0 641.71 1579.08 1399.01 49.376
94 1 0.0022 2e-05 100.0 642.11 1578.68 1398.12 47.025
94 2 0.003 4e-05 100.0 641.57 1580.92 1400.0 47.003
94 3 0.0004 0.00019 100.0 641.81 1581.9 1401.49 47.002
94 4 -0.0022 0.00012 100.0 641.46 1581.13 1401.05 47.07
94 5 -0.0002 -0.00032 100.0 641.87 1580.18 1400.15 46.962
94 6 0.0014 3e-05 100.0 642.5 1580.32 1399.73 47.06
94 7 -0.0004 -2e-05 100.0 642.27 1580.31 1400.61 47.022
94 8 -0.0012 0.00021 100.0 641.85 1582.78 1399.11 47.153
94 9 0.0007 -0.00011 100.0 642.18 1581.82 1400.61 47.08
94 10 -0.0015 -5e-05 100.0 641.54 1579.14 1399.29 47.007
94 11 0.0014 -0.00018 100.0 642.25 1578.43 1401.48 47.054
94 12 -0.0026 -8e-05 100.0 642.17 1580.67 1398.81 46.983
94 13 0.0036 -8e-05 100.0 642.16 1579.24 1400.3 46.798
94 14 -0.0011 0.00011 100.0 641.92 1579.47 1402.29 47.196
94 15 -0.0011 -9e-05 100.0 642.13 1580.75 1400.78 47.169
94 16 0.0021 -0.00039 100.0 641.44 1580.44 1399.14 47.174
94 17 0.0 5e-05 100.0 642.08 1580.19 1401.98 47.203
94 18 -0.0032 0.00035 100.0 642.04 1579.69 1399.59 47.043
94 19 -0.0029 0.00031 100.0 641.91 1578.22 1397.83 47.079
94 20 -0.0017 -9e-05 100.0 641.83 1579.52 1398.89 47.023
94 21 -0.0039 -0.0004 100.0 642.28 1581.87 1401.88 47.069
94 22 0.0 0.00021 100.0 642.16 1579.37 1403.6 47.045
94 23 -0.0034 -3e-05 100.0 641.7 1578.99 1402.32 47.32
94 24 -0.0025 -0.00018 100.0 642.14 1579.52 1399.34 47.29
94 25 -0.0009 -0.00022 100.0 642.06 1579.26 1400.93 47.393
94 26 0.0012 -0.00011 100.0 641.58 1581.91 1400.94 47.181
94 27 0.0016 8e-05 100.0 641.85 1578.3 1401.35 47.242
94 28 -0.0017 -0.00019 100.0 641.73 1580.4 1398.54 47.26
94 29 -0.0 0.00012 100.0 641.77 1580.88 1398.48 47.201
94 30 0.0014 -0.0002 100.0 642.11 1577.72 1399.66 47.397
94 31 0.0024 1e-05 100.0 642.39 1580.6 1401.43 47.418
94 32 0.005 -8e-05 100.0 641.65 1580.87 1400.59 47.382
94 33 -0.0008 -2e-05 100.0 642.29 1579.87 1397.28 47.431
94 34 0.0015 0.00019 100.0 642.08 1580.04 1401.24 47.408
94 35 0.001 0.00022 100.0 642.29 1581.56 1404.01 47.236
94 36 0.0006 7e-05 100.0 642.19 1581.31 1397.57 47.377
94 37 -0.0004 6e-05 100.0 641.54 1579.44 1400.47 47.279
94 38 -0.0027 0.00016 100.0 642.05 1580.41 1398.11 47.256
94 39 -0.0018 0.00031 100.0 641.69 1579.5 1400.71 47.371
94 40 0.0042 -9e-05 100.0 642.25 1580.21 1400.91 47.423
94 41 -0.0016 -8e-05 100.0 642.63 1581.56 1399.74 47.338
94 42 0.0006 0.00012 100.0 642.03 1581.26 1400.36 47.589
94 43 0.0011 0.00022 100.0 641.92 1581.9 1399.68 47.383
94 44 0.0026 0.00045 100.0 642.23 1578.04 1400.35 47.461
94 45 -0.0041 -0.00023 100.0 642.08 1580.71 1401.09 47.53
94 46 0.001 -0.00031 100.0 641.98 1579.55 1400.58 47.437
94 47 -0.0011 0.00029 100.0 641.88 1580.68 1399.69 47.294
94 48 0.0019 -0.00019 100.0 641.95 1582.17 1400.15 47.508
94 49 -0.0003 5e-05 100.0 641.76 1580.64 1399.81 47.31
94 50 0.0033 -9e-05 100.0 642.37 1579.33 1397.87 47.475
94 51 0.0017 -6e-05 100.0 642.12 1581.76 1399.07 47.589
94 52 -0.0022 -9e-05 100.0 642.5 1579.1 1398.81 47.411
94 53 -0.0001 -0.00029 100.0 641.95 1580.47 1397.63 47.503
94 54 -0.0025 -9e-05 100.0 641.93 1579.96 1400.54 47.452
94 55 0.0003 -0.00032 100.0 641.98 1579.77 1397.11 47.734
94 56 -0.0028 -0.00016 100.0 642.13 1580.52 1397.58 47.266
94 57 0.003 3e-05 100.0 642.08 1580.69 1401.84 47.718
94 58 -0.0011 -0.00059 100.0 642.01 1577.63 1400.43 47.578
94 59 -0.0015 -0.00026 100.0 641.85 1581.1 1399.76 47.464
94 60 -0.0029 5e-05 100.0 642.04 1580.66 1401.22 47.528
94 61 -0.0006 2e-05 100.0 641.92 1580.24 1402.56 47.543
94 62 -0.0013 0.00035 100.0 641.67 1578.61 1397.6 47.469
94 63 -0.0022 -7e-05 100.0 641.9 1578.3 1399.66 47.499
94 64 0.0035 2e-05 100.0 641.96 1581.33 1402.67 47.553
94 65 -0.002 -0.0004 100.0 642.03 1580.92 1398.97 47.614
94 66 -0.0013 0.0003 100.0 642.07 1579.01 1402.41 47.695
94 67 -0.0026 1e-05 100.0 642.05 1580.53 1399.2 47.528
94 68 -0.0046 -6e-05 100.0 641.52 1577.82 1400.28 47.547
94 69 -0.0053 -1e-05 100.0 641.55 1578.38 1400.47 47.709
94 70 -0.0014 2e-05 100.0 642.43 1581.91 1400.49 47.594
94 71 0.0015 -0.00026 100.0 642.21 1577.17 1397.78 47.739
94 72 -0.001 -0.00028 100.0 642.24 1580.71 1400.71 47.694
94 73 0.0026 1e-05 100.0 641.42 1580.13 1399.14 47.85
94 74 0.0013 2e-05 100.0 641.86 1581.06 1401.59 47.592
94 75 -0.003 -0.00034 100.0 641.78 1580.55 1401.51 47.591
94 76 -0.0011 0.00025 100.0 642.07 1580.19 1400.79 47.677
94 77 -0.0014 3e-05 100.0 642.16 1579.38 1395.8 47.858
94 78 -0.0022 -0.00034 100.0 641.89 1579.86 1402.52 47.779
94 79 0.0016 0.00031 100.0 642.28 1578.38 1399.46 47.485
94 80 -0.0002 -0.00028 100.0 641.7 1580.41 1398.4 47.739
94 81 -0.0009 0.00014 100.0 642.67 1581.28 1398.98 47.659
94 82 -0.0016 5e-05 100.0 642.36 1578.11 1399.89 47.711
94 83 -0.0023 -2e-05 100.0 642.01 1580.51 1400.41 47.774
94 84 0.0033 -0.00039 100.0 641.98 1582.64 1400.04 47.76
94 85 0.0019 0.00011 100.0 641.92 1581.85 1396.71 47.722
94 86 -0.0014 0.00018 100.0 641.94 1580.19 1399.92 47.844
94 87 -0.0009 -0.00034 100.0 641.76 1580.49 1399.68 47.807
94 88 0.0054 -0.00031 100.0 641.83 1580.36 1399.42 47.756
94 89 -0.0012 -0.00024 100.0 641.84 1580.44 1399.51 47.693
94 90 0.0031 3e-05 100.0 642.82 1578.73 1400.86 47.87
94 91 0.0023 -3e-05 100.0 641.98 1582.15 1401.2 47.87
94 92 0.0023 0.00011 100.0 641.98 1580.93 1399.39 47.913
94 93 -0.0006 -5e-05 100.0 642.26 1579.62 1398.15 47.808
94 94 0.0016 -7e-05 100.0 642.15 1580.51 1399.98 47.748
94 95 0.0002 0.0004 100.0 641.81 1579.0 1399.45 47.724
94 96 -0.0013 5e-05 100.0 642.27 1578.8 1400.69 47.728
94 97 0.002 1e-05 100.0 641.56 1580.37 1400.53 48.054
94 98 0.0012 3e-05 100.0 642.36 1580.76 1400.55 48.245
94 99 0.0007 8e-05 100.0 641.54 1580.7 1400.86 47.924
95 1 -0.002 -8e-05 100.0 642.1 1581.48 1402.2 47.029
95 2 0.0016 0.00038 100.0 642.17 1579.24 1400.09 47.135
95 3 0.0023 -0.00027 100.0 641.46 1581.02 1399.06 47.296
95 4 -0.0015 -0.00034 100.0 641.95 1580.8 1399.44 47.012
95 5 -0.0019 -0.00015 100.0 642.2 1581.79 1398.44 47.034
95 6 -0.0041 -0.0001 100.0 642.06 1579.63 1397.63 47.109
95 7 0.0002 0.00028 100.0 642.0 1582.02 1397.72 47.194
95 8 -0.001 -0.00013 100.0 641.62 1576.75 1399.52 47.131
95 9 -0.0003 0.00014 100.0 642.54 1578.35 1398.56 47.211
95 10 -0.0 0.00031 100.0 642.17 1578.27 1400.07 47.163
95 11 -0.0018 0.00044 100.0 642.03 1578.86 1396.5 47.335
95 12 -0.0026 9e-05 100.0 641.73 1580.15 1401.9 47.06
95 13 -0.0025 0.00022 100.0 641.63 1579.29 1399.93 47.183
95 14 -0.0004 0.00017 100.0 641.79 1580.93 1397.71 47.427
95 15 0.0002 1e-05 100.0 642.04 1581.44 1398.9 47.373
95 16 -0.0024 0.00018 100.0 642.18 1578.45 1401.02 47.364
95 17 -0.0001 -0.00027 100.0 641.85 1578.87 1402.49 47.517
95 18 -0.0047 -1e-05 100.0 641.74 1581.45 1398.48 47.27
95 19 -0.0009 8e-05 100.0 642.17 1576.75 1399.72 47.412
95 20 0.0007 0.00014 100.0 642.05 1580.22 1401.7 47.204
95 21 0.0015 -0.00019 100.0 641.97 1581.56 1399.25 47.299
95 22 0.0023 0.00041 100.0 641.51 1579.89 1398.73 47.419
95 23 -0.0002 0.0003 100.0 641.63 1581.1 1398.84 47.289
95 24 0.002 -0.00013 100.0 641.61 1582.31 1401.0 47.636
95 25 0.0009 0.00016 100.0 641.48 1578.5 1401.02 47.425
95 26 0.0018 0.00016 100.0 641.99 1579.15 1399.57 47.546
95 27 -0.0007 -0.00033 100.0 641.72 1579.42 1397.97 47.568
95 28 0.0015 -0.00033 100.0 641.8 1579.98 1398.83 47.529
95 29 -0.0007 2e-05 100.0 641.92 1580.32 1399.38 47.424
95 30 -0.0027 0.00025 100.0 641.87 1580.23 1401.47 47.653
95 31 0.0006 0.00027 100.0 641.75 1580.62 1397.7 47.743
95 32 0.0004 0.00049 100.0 641.77 1580.43 1399.48 47.539
95 33 -0.0026 -0.00014 100.0 641.53 1579.21 1400.28 47.622
95 34 -0.0025 5e-05 100.0 642.49 1579.53 1399.45 47.802
95 35 -0.0009 -9e-05 100.0 641.89 1579.6 1400.74 47.943
95 36 -0.0003 -0.00022 100.0 641.61 1578.7 1400.97 47.862
95 37 -0.003 0.00021 100.0 641.9 1580.21 1399.58 47.773
95 38 -0.0061 9e-05 100.0 641.72 1581.93 1399.84 47.934
95 39 -0.0014 0.00013 100.0 641.85 1580.85 1400.71 47.564
95 40 -0.0023 -0.00016 100.0 641.82 1579.59 1400.3 47.895
95 41 0.0037 -0.00019 100.0 642.69 1580.73 1400.4 47.925
95 42 0.0016 0.00019 100.0 642.25 1579.0 1397.54 47.853
95 43 0.0005 0.00022 100.0 642.26 1580.11 1400.21 47.949
95 44 -0.0021 0.00028 100.0 642.03 1580.4 1400.67 47.913
95 45 0.0011 6e-05 100.0 642.02 1578.87 1399.7 47.839
95 46 0.0029 0.0004 100.0 641.79 1580.31 1401.62 47.872
95 47 -0.0029 0.00017 100.0 641.77 1579.86 1399.74 47.875
95 48 -0.0005 0.00015 100.0 641.81 1580.52 1398.21 47.888
95 49 -0.0067 0.00025 100.0 642.22 1581.18 1399.87 47.991
95 50 -0.0 0.00031 100.0 642.24 1581.64 1397.26 48.001
95 51 -0.0025 0.00018 100.0 642.29 1578.69 1400.72 48.005
95 52 0.0034 -0.00012 100.0 642.43 1581.76 1399.09 48.001
95 53 -0.001 -0.00011 100.0 641.99 1579.49 1401.2 48.134
95 54 -0.001 -4e-05 100.0 642.27 1580.28 1399.46 48.087
95 55 -0.0017 -0.00012 100.0 641.68 1579.21 1401.18 48.161
95 56 0.0014 -0.00015 100.0 641.76 1579.45 1400.2 48.124
95 57 -0.004 0.00022 100.0 642.34 1579.22 1398.88 48.065
95 58 -0.0022 0.00012 100.0 641.99 1580.23 1400.0 48.304
95 59 -0.0019 9e-05 100.0 642.0 1580.86 1398.69 48.324
95 60 -0.0009 0.0001 100.0 641.82 1579.78 1400.79 48.36
95 61 -0.0021 7e-05 100.0 642.13 1579.72 1397.6 48.132
95 62 0.0019 -3e-05 100.0 641.61 1581.22 1400.62 48.383
95 63 0.0029 0.00011 100.0 642.55 1580.23 1398.53 48.33
95 64 -0.0018 -7e-05 100.0 642.54 1581.69 1400.72 48.312
95 65 0.0021 4e-05 100.0 641.99 1579.43 1399.71 48.327
95 66 -0.0022 -2e-05 100.0 642.2 1580.67 1399.95 48.281
95 67 0.0031 -5e-05 100.0 642.26 1579.14 1399.59 48.347
95 68 -0.0008 4e-05 100.0 642.55 1578.93 1401.97 48.365
95 69 -0.0004 -0.00016 100.0 641.93 1578.87 1399.01 48.417
95 70 0.0034 -2e-05 100.0 641.77 1578.92 1397.63 48.408
95 71 -0.0012 0.00014 100.0 641.71 1579.35 1397.21 48.361
95 72 0.0001 0.00024 100.0 642.19 1581.1 1400.97 48.384
95 73 -0.0006 0.00023 100.0 641.79 1578.96 1399.34 48.581
95 74 0.0022 4e-05 100.0 642.04 1580.21 1398.36 48.569
95 75 -0.0051 -0.00023 100.0 641.49 1578.47 1400.11 48.404
95 76 -0.0002 0.00019 100.0 641.87 1577.87 1399.05 48.577
95 77 0.0025 0.00025 100.0 642.13 1580.86 1397.49 48.595
95 78 0.0008 -9e-05 100.0 641.1 1581.6 1395.87 48.508
95 79 -0.0004 -0.00029 100.0 641.87 1580.16 1396.78 48.529
95 80 0.0036 -0.00018 100.0 642.05 1581.05 1398.9 48.559
95 81 -0.001 -7e-05 100.0 642.31 1579.7 1400.27 48.543
95 82 0.002 -9e-05 100.0 642.38 1580.17 1400.64 48.685
95 83 0.0022 -0.00038 100.0 641.69 1578.94 1398.43 48.572
95 84 -0.0018 -0.00011 100.0 641.63 1582.15 1400.6 48.749
95 85 -0.0014 -6e-05 100.0 642.19 1580.4 1399.98 48.702
95 86 0.0029 -7e-05 100.0 642.64 1581.32 1398.57 48.864
95 87 0.0028 0.00051 100.0 641.62 1580.14 1398.82 48.751
95 88 -0.0012 6e-05 100.0 642.14 1579.63 1400.18 48.77
95 89 0.0054 -0.00013 100.0 642.09 1580.9 1399.45 48.831
95 90 -0.0007 -0.00015 100.0 641.25 1580.91 1395.71 48.744
95 91 -0.0015 0.0004 100.0 642.02 1582.12 1401.09 48.687
95 92 -0.0024 0.00042 100.0 642.33 1577.91 1399.65 48.778
95 93 0.0043 6e-05 100.0 641.69 1580.56 1399.63 48.802
95 94 -0.0017 -0.00012 100.0 642.22 1579.73 1400.36 48.898
95 95 -0.0017 -0.00019 100.0 642.12 1579.2 1401.17 48.82
95 96 -0.0031 0.00024 100.0 642.04 1581.03 1398.23 48.955
95 97 -0.0 8e-05 100.0 642.25 1577.18 1400.85 48.816
95 98 0.0022 0.00025 100.0 642.28 1580.56 1401.25 49.048
95 99 -0.0014 -0.00023 100.0 641.72 1579.7 1399.85 49.044
96 1 0.0006 -0.00023 100.0 642.09 1579.2 1400.06 47.103
96 2 0.0015 1e-05 100.0 641.91 1579.81 1397.61 46.941
96 3 0.0003 0.00039 100.0 641.79 1578.78 1400.02 47.006
96 4 0.0002 -0.00025 100.0 641.84 1578.85 1398.1 47.247
96 5 -0.0032 -2e-05 100.0 641.78 1579.27 1398.89 46.913
96 6 0.0036 -0.00029 100.0 642.4 1578.51 1400.79 47.051
96 7 0.0019 2e-05 100.0 641.62 1580.54 1400.61 46.963
96 8 -0.0008 -4e-05 100.0 642.16 1581.51 1400.23 47.262
96 9 0.0005 0.00056 100.0 642.24 1580.88 1401.49 47.23
96 10 -0.0035 -0.00059 100.0 642.03 1579.46 1400.75 47.08
96 11 -0.0033 -0.00014 100.0 642.18 1581.23 1398.11 47.048
96 12 -0.0008 -0.00027 100.0 642.07 1580.15 1402.2 47.049
96 13 0.0019 -9e-05 100.0 641.71 1578.86 1402.55 47.164
96 14 -0.0041 -0.00017 100.0 642.25 1580.47 1398.98 47.326
96 15 0.0027 -9e-05 100.0 641.64 1580.15 1396.94 47.105
96 16 -0.0013 8e-05 100.0 642.22 1578.52 1397.39 47.238
96 17 -0.0016 -5e-05 100.0 642.35 1580.47 1400.7 47.188
96 18 -0.0004 7e-05 100.0 642.19 1580.9 1399.65 47.162
96 19 -0.0026 -0.00016 100.0 641.48 1578.89 1398.68 47.388
96 20 -0.0018 -0.00053 100.0 642.28 1580.28 1400.32 47.243
96 21 0.0002 0.00028 100.0 642.4 1581.15 1399.86 47.253
96 22 -0.001 -6e-05 100.0 641.86 1577.84 1400.7 47.156
96 23 -0.0007 0.00017 100.0 641.77 1580.6 1400.82 47.304
96 24 -0.0007 7e-05 100.0 642.21 1579.26 1400.88 47.236
96 25 0.0001 0.00011 100.0 641.88 1579.49 1399.68 47.292
96 26 0.0024 0.00017 100.0 641.1 1581.03 1400.6 47.29
96 27 0.0015 -0.00016 100.0 641.65 1582.17 1401.92 47.235
96 28 -0.0015 0.00054 100.0 641.87 1581.03 1396.39 47.157
96 29 -0.0006 -0.00036 100.0 642.01 1579.97 1402.59 47.262
96 30 0.0015 -7e-05 100.0 641.68 1578.21 1402.29 47.411
96 31 -0.0002 -0.00013 100.0 642.29 1579.18 1400.29 47.433
96 32 -0.0037 4e-05 100.0 642.23 1578.88 1401.23 47.333
96 33 -0.0017 -0.00011 100.0 642.47 1578.07 1399.64 47.265
96 34 0.0012 -0.00032 100.0 642.05 1580.27 1397.41 47.235
96 35 -0.0016 -0.00013 100.0 642.53 1578.97 1399.55 47.362
96 36 -0.0015 0.00022 100.0 642.48 1579.96 1401.79 47.4
96 37 -0.0015 -0.0003 100.0 642.37 1580.88 1400.95 47.546
96 38 -0.0011 0.00022 100.0 641.76 1579.15 1397.77 47.456
96 39 0.0007 4e-05 100.0 641.6 1578.84 1397.3 47.496
96 40 0.0019 -0.00022 100.0 641.87 1580.79 1399.56 47.438
96 41 0.0035 -0.00014 100.0 642.13 1580.79 1399.51 47.508
96 42 0.0016 0.00038 100.0 642.13 1581.37 1402.18 47.659
96 43 0.0022 -0.00017 100.0 642.22 1580.57 1400.58 47.536
96 44 -0.0004 -0.00026 100.0 642.15 1579.13 1401.45 47.436
96 45 0.001 -0.00026 100.0 642.29 1578.75 1398.56 47.401
96 46 0.0033 -0.00039 100.0 641.38 1580.57 1399.86 47.528
96 47 -0.0035 8e-05 100.0 642.16 1579.94 1399.25 47.417
96 48 -0.0008 -1e-05 100.0 641.78 1580.09 1400.53 47.719
96 49 0.0011 9e-05 100.0 641.58 1581.8 1399.82 47.399
96 50 -0.0017 -9e-05 100.0 641.61 1579.26 1400.33 47.417
96 51 -0.002 -0.0002 100.0 641.99 1580.09 1399.99 47.322
96 52 0.0036 0.00018 100.0 641.87 1579.15 1402.12 47.424
96 53 -0.0003 -0.00021 100.0 641.9 1578.99 1400.1 47.553
96 54 0.0021 0.00011 100.0 641.42 1578.78 1400.6 47.475
96 55 0.0008 -0.00013 100.0 641.5 1578.56 1400.66 47.514
96 56 -0.0024 -0.00023 100.0 642.58 1577.89 1400.02 47.534
96 57 -0.0039 0.0001 100.0 642.51 1580.74 1402.34 47.626
96 58 0.0003 -8e-05 100.0 641.93 1581.0 1403.87 47.685
96 59 0.0022 -9e-05 100.0 642.33 1579.68 1399.17 47.719
96 60 -0.0017 0.00011 100.0 642.09 1579.78 1400.03 47.61
96 61 0.0013 0.00022 100.0 642.46 1580.14 1401.54 47.585
96 62 -0.0016 -0.00023 100.0 641.64 1578.92 1398.54 47.591
96 63 0.002 -0.00031 100.0 642.22 1578.45 1398.99 47.635
96 64 -0.0026 6e-05 100.0 642.18 1582.5 1396.46 47.656
96 65 -0.0033 -8e-05 100.0 641.18 1579.47 1398.64 47.629
96 66 -0.0018 2e-05 100.0 641.74 1581.56 1402.8 47.544
96 67 -0.0005 -4e-05 100.0 641.75 1578.84 1400.95 47.75
96 68 0.0002 0.00019 100.0 641.69 1580.08 1399.35 47.58
96 69 0.0026 -0.00014 100.0 641.8 1581.09 1399.95 47.723
96 70 -0.0 0.00016 100.0 641.9 1580.13 1400.35 47.706
96 71 -0.0011 -0.00026 100.0 642.73 1583.13 1398.94 47.769
96 72 0.0002 -0.00035 100.0 641.87 1580.3 1398.19 47.9
96 73 0.0011 4e-05 100.0 642.55 1580.84 1398.58 47.868
96 74 -0.0002 0.00026 100.0 642.25 1578.71 1401.74 47.898
96 75 -0.0014 0.0001 100.0 642.16 1579.65 1400.14 47.613
96 76 -0.0006 0.00014 100.0 641.53 1579.1 1398.89 47.686
96 77 -0.0007 0.00031 100.0 642.24 1580.7 1401.51 47.696
96 78 -0.0002 -0.00022 100.0 642.27 1582.01 1401.81 47.77
96 79 0.0013 0.00016 100.0 641.7 1579.18 1399.95 47.715
96 80 -0.0005 6e-05 100.0 642.27 1579.85 1400.98 47.917
96 81 -0.0005 0.00012 100.0 641.99 1579.59 1397.33 47.808
96 82 -0.0032 0.00014 100.0 642.15 1578.85 1399.25 47.936
96 83 0.0005 0.00036 100.0 642.11 1580.54 1398.67 47.762
96 84 -0.0002 0.00019 100.0 642.33 1580.32 1400.46 47.827
96 85 0.0011 0.00015 100.0 642.18 1581.12 1401.52 47.856
96 86 0.0007 0.00022 100.0 641.87 1580.4 1400.51 47.885
96 87 0.0021 -4e-05 100.0 641.59 1577.56 1400.28 47.896
96 88 0.0032 -8e-05 100.0 642.05 1582.89 1399.87 48.09
96 89 0.0029 -3e-05 100.0 642.18 1580.43 1400.53 48.02
96 90 -0.0005 -0.0001 100.0 642.82 1580.67 1401.88 47.936
96 91 -0.0035 -0.00038 100.0 642.07 1579.78 1397.5 48.012
96 92 -0.0038 -0.00012 100.0 641.68 1577.93 1398.7 47.979
96 93 0.0013 -0.00025 100.0 642.15 1580.2 1399.28 47.888
96 94 0.0046 7e-05 100.0 641.76 1579.93 1396.9 47.916
96 95 0.0022 -6e-05 100.0 641.39 1580.26 1399.66 48.013
96 96 -0.0035 -0.00045 100.0 641.98 1581.66 1397.64 47.949
96 97 0.0019 -0.00029 100.0 642.29 1578.55 1397.87 48.103
96 98 0.0025 9e-05 100.0 641.84 1583.9 1399.75 47.976
96 99 -0.001 0.00011 100.0 641.83 1580.09 1400.13 47.968
97 1 -0.0026 -7e-05 100.0 642.15 1578.73 1398.41 46.973
97 2 0.0019 0.00018 100.0 641.67 1580.0 1400.01 46.993
97 3 0.0011 -0.0002 100.0 642.09 1577.64 1400.85 46.827
97 4 -0.0005 0.00015 100.0 641.69 1579.84 1400.12 47.07
97 5 -0.0034 -0.0002 100.0 642.15 1578.52 1396.84 46.967
97 6 0.0036 -0.0003 100.0 642.16 1579.73 1396.86 47.119
97 7 0.0004 0.00014 100.0 641.88 1580.48 1401.98 47.099
97 8 0.0011 -9e-05 100.0 642.3 1578.04 1395.87 47.379
97 9 0.0042 -0.0 100.0 641.24 1581.4 1399.85 47.161
97 10 -0.0006 -0.00012 100.0 641.89 1579.45 1400.44 47.143
97 11 0.0 -4e-05 100.0 641.83 1580.48 1397.64 47.136
97 12 -0.0016 -6e-05 100.0 641.63 1576.92 1400.15 46.884
97 13 -0.0015 -0.00029 100.0 642.0 1580.35 1399.27 47.25
97 14 0.0025 -3e-05 100.0 642.46 1581.41 1398.22 47.198
97 15 -0.0034 -0.00025 100.0 642.12 1580.38 1400.51 47.282
97 16 -0.001 0.00025 100.0 641.89 1580.14 1399.31 47.081
97 17 0.0026 -5e-05 100.0 642.18 1579.13 1400.63 47.288
97 18 0.0007 0.00013 100.0 642.58 1581.17 1400.93 47.296
97 19 0.0049 0.00055 100.0 641.63 1581.6 1400.13 47.213
97 20 -0.0001 1e-05 100.0 642.06 1579.48 1398.57 47.155
97 21 0.0017 0.00029 100.0 641.66 1576.43 1398.25 47.058
97 22 -0.0009 -0.00014 100.0 641.6 1581.47 1398.72 47.001
97 23 -0.0004 0.00018 100.0 642.5 1580.09 1399.34 47.298
97 24 -0.0013 -0.00028 100.0 641.92 1579.95 1398.92 47.268
97 25 -0.0002 -0.00012 100.0 641.32 1580.33 1399.96 47.339
97 26 0.0004 -0.00014 100.0 642.53 1580.09 1400.24 47.204
97 27 0.0023 -0.00013 100.0 642.16 1578.99 1399.86 47.186
97 28 -0.0014 -0.00011 100.0 641.92 1580.6 1400.22 47.241
97 29 -0.0013 0.0001 100.0 641.78 1577.89 1400.27 47.197
97 30 0.0003 -2e-05 100.0 641.89 1579.45 1398.02 47.278
97 31 0.0022 1e-05 100.0 641.41 1579.75 1399.8 47.216
97 32 -0.0005 0.00017 100.0 641.81 1579.68 1398.49 47.407
97 33 -0.0005 -0.00014 100.0 642.07 1578.39 1397.89 47.382
97 34 0.0003 7e-05 100.0 642.14 1580.41 1399.14 47.372
97 35 -0.0012 -0.00013 100.0 641.93 1580.36 1398.36 47.28
97 36 -0.0015 0.00018 100.0 641.84 1580.03 1400.97 47.422
97 37 -0.0008 0.00011 100.0 641.36 1580.43 1401.55 47.429
97 38 0.0007 6e-05 100.0 641.52 1579.49 1398.54 47.209
97 39 0.0004 0.00011 100.0 642.24 1579.28 1400.07 47.527
97 40 0.0001 -0.0001 100.0 641.86 1581.25 1400.59 47.15
97 41 0.0001 -8e-05 100.0 642.01 1578.91 1400.4 47.355
97 42 0.0006 0.00011 100.0 641.63 1581.33 1400.74 47.336
97 43 0.0002 -0.00021 100.0 642.51 1576.82 1401.33 47.11
97 44 -0.003 -0.00021 100.0 642.15 1579.4 1401.8 47.406
97 45 0.0017 -6e-05 100.0 641.57 1580.2 1402.41 47.278
97 46 0.0006 -0.00016 100.0 642.31 1579.19 1399.56 47.552
97 47 0.0007 7e-05 100.0 642.22 1581.16 1398.47 47.323
97 48 -0.0006 6e-05 100.0 642.1 1580.62 1400.85 47.321
97 49 -0.0017 -0.00022 100.0 642.02 1581.04 1398.53 47.458
97 50 -0.0005 -0.00044 100.0 641.99 1579.23 1401.87 47.546
97 51 -0.0009 -0.0001 100.0 642.02 1580.42 1398.95 47.392
97 52 0.0003 -4e-05 100.0 642.39 1579.08 1402.07 47.528
97 53 -0.0023 7e-05 100.0 641.7 1578.93 1398.44 47.444
97 54 -0.0021 -0.00029 100.0 641.76 1579.61 1401.41 47.691
97 55 -0.0014 0.00016 100.0 642.0 1579.18 1397.95 47.296
97 56 -0.0002 0.00012 100.0 642.23 1580.45 1400.12 47.455
97 57 -0.0033 -0.00023 100.0 642.03 1577.58 1399.41 47.534
97 58 -0.0015 -0.0001 100.0 641.93 1581.88 1400.96 47.614
97 59 -0.0033 -0.00014 100.0 642.14 1581.05 1396.6 47.586
97 60 0.0009 -0.00022 100.0 642.21 1576.49 1398.55 47.598
97 61 -0.0004 9e-05 100.0 642.12 1579.32 1400.01 47.568
97 62 0.001 -0.00018 100.0 641.44 1580.61 1399.88 47.529
97 63 0.0029 -3e-05 100.0 641.83 1581.03 1400.94 47.535
97 64 -0.0027 -0.00011 100.0 641.67 1581.05 1401.92 47.446
97 65 -0.0019 0.00028 100.0 642.59 1580.42 1398.63 47.469
97 66 -0.0029 -0.00015 100.0 642.0 1579.44 1399.34 47.654
97 67 -0.0015 0.00027 100.0 641.95 1579.86 1401.38 47.553
97 68 0.0014 -0.00012 100.0 642.1 1581.21 1400.76 47.596
97 69 0.0014 -0.00017 100.0 642.21 1580.88 1400.23 47.602
97 70 -0.0041 0.00028 100.0 642.27 1579.99 1400.25 47.695
97 71 0.0008 0.00029 100.0 642.17 1580.39 1400.68 47.672
97 72 -0.0004 7e-05 100.0 642.33 1581.5 1399.32 47.895
97 73 -0.0007 9e-05 100.0 642.11 1578.84 1399.37 47.71
97 74 0.0024 -0.00016 100.0 641.94 1579.68 1400.94 47.633
97 75 0.0028 -5e-05 100.0 641.73 1580.78 1398.1 47.75
97 76 -0.0001 3e-05 100.0 642.03 1581.63 1399.01 47.705
97 77 0.0014 2e-05 100.0 641.77 1577.44 1398.28 47.79
97 78 -0.0002 0.00026 100.0 641.75 1580.08 1400.76 47.694
97 79 0.0006 -5e-05 100.0 641.96 1580.83 1400.1 47.795
97 80 -0.0006 -0.00021 100.0 641.55 1579.04 1401.77 47.737
97 81 0.0018 0.0 100.0 641.91 1580.64 1399.23 47.894
97 82 -0.0024 -0.00036 100.0 642.62 1579.3 1399.53 47.57
97 83 0.0008 0.00012 100.0 642.06 1577.68 1399.43 47.856
97 84 0.0005 0.00016 100.0 641.85 1579.19 1399.44 47.667
97 85 -0.0003 -9e-05 100.0 642.08 1579.77 1398.24 47.788
97 86 -0.0014 -0.00017 100.0 642.01 1578.12 1399.3 47.704
97 87 -0.002 0.00022 100.0 642.04 1580.56 1400.64 47.84
97 88 -0.0021 0.00019 100.0 642.34 1579.54 1398.09 47.743
97 89 0.0033 3e-05 100.0 641.78 1580.26 1401.46 47.855
97 90 -0.0022 0.00013 100.0 641.95 1580.02 1400.86 47.841
97 91 0.0026 -0.00017 100.0 641.78 1579.12 1402.85 47.779
97 92 -0.0044 -2e-05 100.0 642.07 1582.08 1399.34 47.854
97 93 0.0022 0.00013 100.0 642.14 1581.03 1401.72 47.809
97 94 0.0009 -0.00013 100.0 641.59 1579.69 1400.01 47.95
97 95 -0.0 -0.00014 100.0 641.89 1580.52 1394.97 47.787
97 96 0.0003 0.00028 100.0 642.1 1580.17 1400.31 47.777
97 97 -0.003 0.00054 100.0 641.58 1579.41 1399.45 47.99
97 98 -0.0015 0.00014 100.0 641.64 1581.28 1400.2 47.891
97 99 -0.0033 -0.00024 100.0 642.21 1580.66 1398.94 47.982
98 1 0.0022 0.0001 100.0 641.7 1579.77 1400.2 47.193
98 2 0.0006 -3e-05 100.0 642.7 1581.93 1400.59 47.045
98 3 -0.0015 -1e-05 100.0 641.89 1579.11 1402.09 47.111
98 4 -0.0018 -8e-05 100.0 641.98 1580.24 1400.01 47.013
98 5 0.0011 -0.00012 100.0 642.07 1580.47 1401.36 47.13
98 6 0.0009 -0.00011 100.0 642.09 1578.1 1397.49 47.11
98 7 0.003 -5e-05 100.0 642.08 1580.02 1399.91 47.044
98 8 0.0035 3e-05 100.0 641.82 1581.24 1400.5 47.129
98 9 -0.0002 -0.00018 100.0 641.99 1581.89 1400.55 47.147
98 10 -0.0008 -0.00021 100.0 642.03 1579.64 1395.26 46.908
98 11 0.002 0.00046 100.0 641.98 1581.48 1400.68 47.308
98 12 -0.0007 -0.00029 100.0 642.96 1580.75 1401.83 47.236
98 13 -0.0007 -0.00013 100.0 642.27 1579.42 1399.49 46.917
98 14 -0.003 0.00012 100.0 641.74 1580.59 1400.73 47.346
98 15 0.0012 -0.00018 100.0 641.97 1579.54 1400.08 47.078
98 16 -0.0007 0.00018 100.0 641.51 1578.69 1401.14 47.147
98 17 -0.003 -0.00011 100.0 641.77 1581.32 1400.34 47.123
98 18 0.0024 -0.00024 100.0 641.95 1581.46 1398.06 47.317
98 19 0.002 9e-05 100.0 642.28 1580.16 1400.86 47.269
98 20 0.0026 0.00012 100.0 641.93 1578.99 1398.18 47.226
98 21 -0.001 0.00013 100.0 642.18 1579.57 1398.25 47.414
98 22 -0.0006 5e-05 100.0 642.4 1579.57 1398.19 47.211
98 23 0.0023 -2e-05 100.0 642.03 1579.25 1402.13 47.466
98 24 0.0003 -2e-05 100.0 641.83 1580.87 1401.87 47.146
98 25 0.0027 0.00019 100.0 642.22 1578.78 1399.18 47.27
98 26 0.0015 0.00021 100.0 641.8 1578.5 1402.22 47.483
98 27 0.0006 5e-05 100.0 642.56 1580.85 1400.31 47.422
98 28 -0.0005 -0.00018 100.0 642.38 1581.91 1397.0 47.518
98 29 0.0007 -7e-05 100.0 641.78 1580.75 1403.02 47.561
98 30 -0.0048 -1e-05 100.0 641.6 1578.23 1400.87 47.409
98 31 0.0019 4e-05 100.0 642.59 1580.66 1399.6 47.387
98 32 0.0009 0.00022 100.0 642.09 1580.21 1400.15 47.304
98 33 -0.0009 7e-05 100.0 641.62 1578.2 1399.45 47.462
98 34 0.0001 0.00022 100.0 642.47 1579.24 1397.36 47.571
98 35 0.0046 0.00013 100.0 642.02 1579.81 1402.38 47.407
98 36 0.0008 0.0001 100.0 641.58 1579.5 1401.33 47.532
98 37 -0.0033 -2e-05 100.0 641.36 1582.35 1399.78 47.305
98 38 -0.0068 0.00015 100.0 641.65 1579.11 1397.85 47.345
98 39 -0.0001 0.00028 100.0 642.29 1580.04 1397.27 47.443
98 40 -0.0023 -0.0001 100.0 641.78 1578.27 1399.13 47.504
98 41 -0.0007 -0.00025 100.0 641.63 1580.72 1400.22 47.308
98 42 -0.0024 0.00011 100.0 642.65 1578.51 1401.29 47.704
98 43 -0.002 0.00012 100.0 641.81 1580.23 1400.58 47.311
98 44 0.0004 -9e-05 100.0 641.56 1578.64 1402.47 47.557
98 45 0.0003 -0.00014 100.0 641.83 1580.23 1400.58 47.426
98 46 -0.0004 2e-05 100.0 641.97 1579.95 1398.68 47.401
98 47 -0.0032 -0.00021 100.0 642.25 1577.06 1400.69 47.637
98 48 0.003 -0.00027 100.0 641.63 1581.05 1399.11 47.725
98 49 -0.0005 -0.00018 100.0 641.15 1580.11 1397.51 47.621
98 50 -0.0067 0.00015 100.0 641.86 1582.0 1398.49 47.823
98 51 0.0018 0.00044 100.0 642.33 1579.83 1400.9 47.533
98 52 0.001 0.00041 100.0 642.06 1581.04 1401.14 47.775
98 53 -0.0006 7e-05 100.0 642.05 1579.3 1404.15 47.658
98 54 0.0024 0.00016 100.0 641.88 1581.22 1399.81 47.598
98 55 0.0 6e-05 100.0 641.73 1580.36 1400.45 47.696
98 56 -0.0009 -1e-05 100.0 642.2 1580.51 1398.85 47.649
98 57 0.0012 -0.00023 100.0 641.77 1581.25 1401.34 47.686
98 58 -0.0002 -0.00058 100.0 642.1 1579.85 1401.25 47.93
98 59 0.0017 5e-05 100.0 642.33 1580.46 1397.21 47.784
98 60 0.0018 9e-05 100.0 641.54 1579.33 1398.35 47.805
98 61 0.0018 -0.00018 100.0 641.78 1579.62 1400.43 47.721
98 62 0.0008 -0.00016 100.0 641.89 1576.47 1399.2 47.833
98 63 0.0024 1e-05 100.0 642.21 1581.38 1398.41 47.844
98 64 -0.0025 5e-05 100.0 641.93 1579.64 1399.19 47.665
98 65 0.0031 -5e-05 100.0 641.83 1578.85 1397.25 47.829
98 66 0.0004 -0.00034 100.0 642.33 1581.25 1401.01 47.927
98 67 0.002 0.00017 100.0 641.66 1581.79 1399.56 48.018
98 68 0.0001 3e-05 100.0 642.11 1579.79 1400.07 47.91
98 69 -0.0003 0.0 100.0 641.6 1579.5 1400.64 47.873
98 70 -0.0031 -4e-05 100.0 642.17 1580.75 1396.51 47.839
98 71 0.0012 -4e-05 100.0 642.09 1579.83 1401.25 47.962
98 72 -0.0014 1e-05 100.0 641.61 1580.12 1400.84 47.911
98 73 -0.0007 6e-05 100.0 642.26 1579.63 1398.71 47.972
98 74 0.0001 7e-05 100.0 641.54 1579.59 1398.46 47.974
98 75 -0.001 9e-05 100.0 642.38 1580.6 1399.38 48.066
98 76 0.0017 9e-05 100.0 641.64 1582.86 1400.64 48.053
98 77 -0.0024 0.00035 100.0 641.87 1579.07 1397.47 47.885
98 78 0.003 -4e-05 100.0 642.26 1579.32 1398.93 47.98
98 79 -0.0044 0.00023 100.0 642.08 1580.76 1399.2 47.993
98 80 0.0032 -7e-05 100.0 641.74 1579.81 1401.99 48.071
98 81 0.0036 0.00012 100.0 642.0 1579.12 1399.21 48.19
98 82 0.0009 0.00028 100.0 642.31 1581.28 1399.38 47.959
98 83 -0.0025 0.00023 100.0 641.46 1579.19 1397.36 47.95
98 84 0.0007 -0.00043 100.0 641.98 1580.87 1401.78 47.995
98 85 -0.0013 2e-05 100.0 642.23 1580.2 1400.82 48.087
98 86 0.0032 -7e-05 100.0 642.43 1579.23 1399.01 48.171
98 87 -0.0005 0.00016 100.0 642.08 1579.99 1402.91 48.14
98 88 -0.0047 -6e-05 100.0 642.56 1579.01 1400.93 48.089
98 89 -0.0021 5e-05 100.0 641.56 1579.55 1404.8 48.199
98 90 -0.0016 -9e-05 100.0 641.68 1580.51 1399.67 48.01
98 91 -0.0011 -9e-05 100.0 641.93 1580.69 1397.38 48.28
98 92 0.0022 -0.00012 100.0 641.96 1579.63 1401.09 48.108
98 93 -0.0006 0.00031 100.0 641.78 1580.15 1398.0 48.315
98 94 0.0002 -9e-05 100.0 641.92 1577.6 1399.9 48.222
98 95 0.0023 -0.00021 100.0 641.97 1580.04 1399.73 48.187
98 96 0.0004 -1e-05 100.0 641.92 1580.64 1401.6 48.388
98 97 -0.0007 -0.00017 100.0 641.42 1576.82 1401.13 48.261
98 98 0.0023 4e-05 100.0 641.95 1578.45 1401.42 48.281
98 99 -0.0009 0.00016 100.0 642.0 1580.14 1400.52 48.288
99 1 0.0001 -7e-05 100.0 642.01 1580.4 1400.97 47.15
99 2 0.0003 -0.0001 100.0 642.39 1577.1 1401.12 47.065
99 3 -0.0038 0.0001 100.0 641.64 1579.52 1401.97 47.157
99 4 0.0018 -0.00013 100.0 642.33 1580.48 1398.56 47.238
99 5 -0.0002 -1e-05 100.0 641.98 1578.52 1401.94 47.102
99 6 0.0059 -6e-05 100.0 641.79 1580.74 1400.96 47.08
99 7 0.0007 0.00031 100.0 642.33 1581.01 1399.57 47.123
99 8 -0.0013 0.00025 100.0 641.78 1580.51 1398.99 47.07
99 9 0.0023 -0.00026 100.0 641.98 1579.07 1400.55 47.254
99 10 -0.0014 0.00015 100.0 642.2 1579.33 1398.79 47.114
99 11 -0.0012 -0.00018 100.0 642.12 1579.49 1398.78 47.332
99 12 -0.0003 0.00034 100.0 642.01 1580.89 1400.06 47.244
99 13 0.0019 -0.00024 100.0 642.19 1580.63 1400.8 46.959
99 14 0.0004 -0.00019 100.0 642.12 1579.52 1400.94 47.426
99 15 -0.0029 8e-05 100.0 641.61 1579.14 1400.59 47.152
99 16 0.0023 -0.00018 100.0 642.62 1580.43 1396.9 47.409
99 17 0.0 -0.00018 100.0 641.94 1580.66 1399.59 47.305
99 18 -0.0007 5e-05 100.0 642.06 1578.17 1398.93 47.308
99 19 -0.0005 8e-05 100.0 641.9 1578.52 1399.38 47.422
99 20 -0.0007 -3e-05 100.0 641.73 1578.55 1400.23 47.392
99 21 0.0001 0.00029 100.0 641.87 1579.27 1400.75 47.448
99 22 -0.0012 0.0001 100.0 642.47 1579.66 1400.77 47.489
99 23 0.0021 5e-05 100.0 641.63 1578.82 1403.08 47.312
99 24 0.0002 0.00018 100.0 641.83 1579.27 1401.01 47.525
99 25 0.0003 8e-05 100.0 642.12 1579.06 1398.82 47.646
99 26 -0.0022 -6e-05 100.0 641.63 1580.27 1401.13 47.594
99 27 -0.0032 7e-05 100.0 642.29 1582.4 1401.97 47.542
99 28 -0.0024 -0.00027 100.0 642.52 1579.31 1399.81 47.716
99 29 -0.0025 3e-05 100.0 642.44 1580.03 1400.07 47.691
99 30 -0.0007 4e-05 100.0 641.86 1582.05 1399.34 47.653
99 31 0.0038 -0.00056 100.0 641.77 1577.85 1399.17 47.378
99 32 0.0002 3e-05 100.0 642.41 1579.81 1400.66 47.589
99 33 0.002 0.00012 100.0 641.03 1579.97 1401.65 47.744
99 34 0.0036 0.0002 100.0 642.05 1581.03 1397.71 47.792
99 35 0.0015 0.00039 100.0 642.09 1579.37 1400.69 48.011
99 36 -0.0012 -0.00011 100.0 641.88 1581.27 1399.65 47.82
99 37 0.0009 0.00027 100.0 641.79 1580.51 1399.99 47.671
99 38 0.0015 0.00049 100.0 641.92 1578.63 1399.34 48.136
99 39 0.0025 0.00016 100.0 642.14 1579.73 1400.23 47.936
99 40 0.0037 -0.00017 100.0 642.08 1579.56 1401.78 47.938
99 41 0.0019 -0.00031 100.0 641.89 1581.03 1399.36 47.888
99 42 0.0022 -3e-05 100.0 642.04 1578.88 1399.79 47.984
99 43 -0.0057 -0.00028 100.0 642.43 1578.91 1400.39 48.056
99 44 -0.0054 -0.00014 100.0 641.84 1580.35 1397.73 48.113
99 45 -0.0015 -7e-05 100.0 641.89 1581.76 1396.92 48.004
99 46 0.0024 -0.00028 100.0 642.3 1579.93 1401.19 48.071
99 47 0.0008 -0.0003 100.0 641.94 1580.06 1400.22 48.222
99 48 -0.0014 0.00017 100.0 641.85 1580.73 1401.93 47.976
99 49 -0.0018 2e-05 100.0 642.1 1579.28 1400.21 48.135
99 50 0.0022 -0.00037 100.0 641.88 1580.3 1400.55 48.267
99 51 -0.0019 4e-05 100.0 641.67 1578.58 1399.03 48.274
99 52 -0.0031 8e-05 100.0 642.17 1577.43 1401.6 48.13
99 53 -0.0009 -0.00024 100.0 641.87 1578.95 1396.81 48.17
99 54 0.001 -0.00024 100.0 641.87 1579.66 1400.13 48.132
99 55 -0.0041 7e-05 100.0 642.23 1579.61 1402.95 48.159
99 56 -0.0034 -0.00034 100.0 641.77 1579.34 1402.01 48.24
99 57 0.0017 6e-05 100.0 642.51 1579.12 1401.63 48.407
99 58 -0.0011 -0.00032 100.0 641.89 1581.09 1401.0 48.387
99 59 0.0008 9e-05 100.0 641.68 1579.93 1400.72 48.314
99 60 -0.001 -4e-05 100.0 641.99 1579.92 1401.85 48.435
99 61 -0.0027 -3e-05 100.0 641.84 1579.64 1401.79 48.223
99 62 0.0005 -0.00015 100.0 642.19 1579.44 1400.91 48.448
99 63 -0.0009 -0.00013 100.0 642.63 1579.35 1397.46 48.375
99 64 0.0003 0.00015 100.0 641.99 1580.23 1396.97 48.393
99 65 -0.0001 -0.00023 100.0 641.6 1578.76 1399.22 48.437
99 66 -0.0017 -0.00016 100.0 641.92 1580.13 1397.75 48.513
99 67 0.0015 0.00021 100.0 642.29 1579.79 1397.59 48.732
99 68 0.001 -0.00024 100.0 641.82 1579.02 1400.85 48.585
99 69 0.002 -0.0 100.0 641.64 1581.98 1400.23 48.532
99 70 -0.0004 -0.0004 100.0 641.87 1581.59 1400.27 48.68
99 71 -0.0017 0.00034 100.0 642.12 1581.36 1399.34 48.715
99 72 -0.0007 -6e-05 100.0 641.72 1581.71 1401.26 48.547
99 73 0.0014 0.0001 100.0 642.23 1580.95 1400.82 48.697
99 74 -0.003 -0.00025 100.0 642.1 1579.54 1403.21 48.501
99 75 -0.0012 8e-05 100.0 641.63 1583.04 1400.83 48.78
99 76 -0.0009 0.0002 100.0 641.8 1578.46 1398.31 48.815
99 77 -0.0003 9e-05 100.0 642.66 1578.98 1398.2 48.878
99 78 -0.0008 0.00031 100.0 642.11 1580.25 1399.18 48.886
99 79 -0.002 6e-05 100.0 642.07 1581.39 1398.48 48.745
99 80 -0.0013 0.00023 100.0 641.91 1580.54 1397.53 48.931
99 81 0.0023 5e-05 100.0 642.62 1579.84 1402.41 48.727
99 82 -0.0012 -0.00017 100.0 642.57 1578.72 1399.83 48.961
99 83 0.0016 -4e-05 100.0 642.12 1580.43 1400.54 49.073
99 84 -0.0003 6e-05 100.0 641.97 1580.0 1399.43 49.09
99 85 -0.0003 -0.00038 100.0 641.75 1579.72 1399.5 49.001
99 86 -0.0022 0.00012 100.0 641.94 1580.38 1400.74 49.101
99 87 0.0018 0.0001 100.0 642.09 1577.8 1396.62 48.946
99 88 0.0001 -0.0001 100.0 641.97 1578.02 1399.87 49.054
99 89 -0.0026 8e-05 100.0 641.68 1578.13 1400.14 49.076
99 90 -0.0008 6e-05 100.0 642.29 1580.29 1404.41 49.15
99 91 -0.0018 -5e-05 100.0 642.28 1580.08 1397.22 49.076
99 92 -0.0008 0.00018 100.0 642.13 1578.18 1399.53 49.035
99 93 0.0042 0.00019 100.0 642.22 1580.36 1398.12 49.161
99 94 0.0011 -0.00021 100.0 641.65 1581.33 1401.19 49.112
99 95 0.0026 0.00038 100.0 642.36 1580.58 1398.74 49.17
99 96 0.003 6e-05 100.0 641.77 1581.68 1402.31 49.208
99 97 0.0002 -1e-05 100.0 642.25 1579.51 1399.3 49.23
99 98 -0.0028 2e-05 100.0 641.66 1579.67 1398.95 49.255
99 99 0.0014 2e-05 100.0 642.21 1580.12 1399.84 49.35
100 1 -0.0012 -0.00019 100.0 642.18 1580.34 1399.99 47.104
100 2 -0.0053 1e-05 100.0 642.12 1580.17 1397.98 47.145
100 3 -0.0009 -0.00021 100.0 642.1 1582.34 1400.5 47.225
100 4 -0.0006 0.00013 100.0 641.99 1581.29 1400.21 48.008
100 5 -0.0027 -0.0003 100.0 642.09 1580.23 1397.51 49.391
100 6 -0.0015 -0.00037 100.0 641.75 1579.4 1398.73 51.099
100 7 0.0009 9e-05 100.0 642.21 1580.08 1400.55 53.907
100 8 0.0009 -0.00024 100.0 642.36 1581.89 1397.11 57.829
100 9 0.0004 0.00033 100.0 642.02 1580.33 1400.18 63.051
100 10 0.0015 -0.00022 100.0 642.48 1579.77 1396.81 69.729
100 11 -0.0018 0.00013 100.0 641.98 1580.0 1400.97 78.021
100 12 0.0012 -8e-05 100.0 642.78 1578.09 1400.19 88.488
100 13 -0.003 0.00012 100.0 642.4 1581.01 1398.8 101.141
100 14 0.0032 0.00031 100.0 642.17 1579.84 1401.29 116.416
100 15 0.0009 5e-05 100.0 642.75 1580.79 1397.86 134.241
100 16 -0.0012 -0.00011 100.0 641.94 1580.84 1401.06 155.27
100 17 -0.0004 0.00022 100.0 641.95 1581.06 1401.8 179.471
100 18 -0.0003 0.00017 100.0 642.04 1582.24 1400.49 207.387
100 19 0.0005 -0.00026 100.0 641.93 1580.31 1401.08 238.883
100 20 0.0028 6e-05 100.0 641.87 1580.29 1398.05 274.718
100 21 0.0015 -3e-05 100.0 641.95 1578.27 1400.14 315.064
100 22 0.0008 0.00017 100.0 641.98 1580.84 1399.83 360.099
100 23 0.0001 -0.00042 100.0 642.19 1581.27 1403.29 409.869
100 24 -0.0008 1e-05 100.0 641.73 1581.54 1403.3 465.121
100 25 -0.0019 -7e-05 100.0 642.2 1580.16 1399.62 526.01
100 26 -0.0023 0.00012 100.0 641.74 1578.48 1398.47 593.067
100 27 -0.0022 0.0002 100.0 641.98 1578.69 1398.42 666.303
100 28 -0.0014 -0.00029 100.0 641.78 1578.8 1397.98 746.225
100 29 -0.0005 -4e-05 100.0 641.79 1579.06 1401.86 832.961
100 30 0.0001 0.00012 100.0 641.59 1579.42 1397.68 927.162
100 31 -0.0025 0.00015 100.0 642.26 1580.37 1400.05 1028.425
100 32 -0.0008 -4e-05 100.0 641.88 1579.62 1400.03 1138.414
100 33 0.0029 -0.00021 100.0 641.98 1580.35 1403.05 1256.214
100 34 0.0004 -8e-05 100.0 642.41 1581.79 1399.06 1382.786
100 35 -0.0007 -0.00013 100.0 642.53 1580.17 1397.42 1518.109
100 36 0.0032 0.00019 100.0 641.76 1579.51 1399.44 1663.1
100 37 0.0041 -0.00025 100.0 642.07 1580.26 1400.11 1817.499
100 38 -0.004 0.00015 100.0 642.13 1581.68 1400.28 1981.743
100 39 0.0004 -0.00013 100.0 641.61 1578.83 1397.59 2156.913
100 40 0.0031 0.00014 100.0 642.71 1579.36 1400.08 2342.674
100 41 0.002 0.00017 100.0 641.79 1581.26 1400.74 2539.944
100 42 0.0014 6e-05 100.0 642.85 1577.29 1398.7 2748.155
100 43 -0.0003 0.00028 100.0 642.21 1578.99 1401.26 2968.632
100 44 0.0001 -6e-05 100.0 642.14 1580.76 1401.36 3201.264
100 45 0.0008 0.00037 100.0 642.15 1577.72 1400.46 3446.562
100 46 -0.0 -0.00027 100.0 642.06 1580.19 1398.34 3704.975
100 47 0.0028 -0.00022 100.0 642.18 1580.52 1399.04 3976.983
100 48 0.0009 -0.00018 100.0 641.65 1579.78 1401.91 4262.572
100 49 0.0044 -0.00011 100.0 641.89 1579.0 1400.41 4562.425
100 50 -0.0034 9e-05 100.0 642.0 1580.39 1400.39 4877.204
100 51 0.0001 -6e-05 100.0 642.06 1580.2 1397.7 5206.328
100 52 0.0017 -5e-05 100.0 641.96 1579.29 1400.11 5551.541
100 53 -0.0034 -0.00018 100.0 642.19 1582.72 1399.71 5912.369
100 54 0.0 -0.00015 100.0 642.45 1578.87 1399.93 6289.489
100 55 0.0019 0.0001 100.0 642.35 1580.41 1399.37 6683.285
100 56 -0.002 -0.00027 100.0 642.29 1580.44 1397.51 7093.851
100 57 0.0016 -8e-05 100.0 641.79 1580.75 1403.26 7522.236
100 58 -0.0016 0.00011 100.0 641.91 1578.77 1398.28 7968.189
100 59 -0.0039 -0.00034 100.0 641.93 1580.56 1401.09 8432.653
100 60 0.0036 -0.0001 100.0 641.67 1581.03 1399.3 8915.843
100 61 0.0018 -3e-05 100.0 641.8 1580.59 1400.76 9418.247
100 62 0.0015 0.00025 100.0 642.09 1579.23 1399.05 9940.262
100 63 0.001 -0.00017 100.0 642.23 1578.22 1399.07 10481.957
100 64 -0.0026 0.0 100.0 642.18 1578.58 1400.98 11044.596
100 65 -0.0023 4e-05 100.0 642.21 1579.9 1399.48 11627.797
100 66 0.0015 -0.0001 100.0 642.62 1579.45 1401.27 12232.365
100 67 0.0009 0.0001 100.0 641.76 1580.31 1399.68 12858.686
100 68 -0.0007 -0.00012 100.0 642.0 1579.85 1398.37 13507.085
100 69 -0.0025 0.00024 100.0 641.76 1579.69 1400.08 14178.187
100 70 -0.0005 -0.00022 100.0 641.97 1578.54 1399.68 14872.604
100 71 -0.0 0.00015 100.0 642.23 1579.61 1401.33 15590.199
100 72 -0.003 -0.00027 100.0 642.14 1581.42 1400.15 16332.138
100 73 0.0011 3e-05 100.0 642.22 1579.52 1400.31 17098.181
100 74 -0.0054 1e-05 100.0 641.64 1582.12 1400.49 17889.081
100 75 -0.0005 -0.00033 100.0 642.08 1580.05 1397.26 18705.892
100 76 0.0028 -0.00026 100.0 641.56 1582.09 1401.09 19547.787
100 77 0.0004 6e-05 100.0 641.7 1578.92 1400.7 20416.381
100 78 -0.0005 -0.00033 100.0 642.04 1580.42 1398.99 21311.407
100 79 0.0016 -0.00017 100.0 642.6 1580.25 1399.46 22233.667
100 80 -0.0028 0.00017 100.0 642.33 1578.68 1399.26 23183.89
100 81 0.0008 8e-05 100.0 642.35 1581.01 1399.61 24162.01
100 82 -0.0021 9e-05 100.0 642.44 1578.69 1397.19 25168.756
100 83 -0.0002 -0.00014 100.0 641.83 1579.67 1398.75 26204.472
100 84 0.0023 2e-05 100.0 642.4 1580.87 1400.05 27269.869
100 85 -0.0008 3e-05 100.0 641.48 1580.31 1398.06 28365.0
100 86 0.0002 -0.00025 100.0 642.14 1581.26 1398.67 29490.652
100 87 0.0041 -0.0001 100.0 642.09 1580.86 1397.74 30647.342
100 88 0.003 -0.00033 100.0 641.84 1579.66 1402.28 31835.636
100 89 0.0023 0.00017 100.0 642.89 1579.48 1400.63 33055.639
100 90 -0.0021 -0.0002 100.0 642.1 1582.1 1400.04 34307.9
100 91 0.0011 -0.00031 100.0 642.2 1583.47 1399.57 35593.541
100 92 0.0001 -5e-05 100.0 641.85 1580.53 1399.87 36912.154
100 93 0.0027 -0.00016 100.0 641.91 1578.38 1397.76 38264.952
100 94 -0.0018 0.00031 100.0 642.36 1579.68 1401.32 39651.926
100 95 0.0005 -0.00064 100.0 641.99 1579.8 1401.15 41073.825
100 96 -0.0008 0.00032 100.0 642.1 1578.84 1399.24 42530.961
100 97 0.0017 0.00013 100.0 642.1 1578.6 1398.97 44024.119
100 98 0.0055 -8e-05 100.0 642.42 1578.97 1400.54 45553.317
100 99 -0.0004 -6e-05 100.0 641.83 1580.21 1402.14 47119.723
