die_id,lot_id,chamber_temp_c,stress_voltage_v,etch_rate_nm_min,leakage_current_0h_ua,standby_current_0h_ma,v_threshold_0h_v,leakage_current_24h_ua,standby_current_24h_ma,v_threshold_24h_v,leakage_current_96h_ua,leakage_current_168h_ua,standby_current_168h_ma,v_threshold_168h_v,sensor_channel_1,sensor_channel_2,sensor_channel_3,defect_type,is_defect_168h
LOT_001_DIE_00000,LOT_001,124.31,3.583,484.66,10.617,2.615,0.7209,10.857,2.643,0.7187,12.153,13.18,2.693,0.7147,104.37,45.02,1.221,PASS,0
LOT_002_DIE_00001,LOT_002,123.73,3.619,496.26,16.554,2.383,0.7217,16.938,2.39,0.7184,18.005,18.521,2.436,0.7132,101.48,45.63,1.278,PASS,0
LOT_003_DIE_00002,LOT_003,125.27,3.634,494.32,11.711,2.657,0.7562,12.104,2.668,0.754,12.709,13.24,2.733,0.7474,96.14,47.2,1.231,PASS,0
LOT_004_DIE_00003,LOT_004,125.02,3.658,497.7,15.379,2.594,0.7208,15.658,2.619,0.7181,16.775,17.399,2.642,0.7145,93.77,45.43,1.281,PASS,0
LOT_005_DIE_00004,LOT_005,125.28,3.568,526.88,9.197,2.631,0.7319,9.525,2.665,0.728,10.06,10.919,2.686,0.7238,104.94,45.58,1.264,PASS,0
LOT_006_DIE_00005,LOT_006,124.07,3.591,485.12,9.224,2.847,0.7073,9.635,2.851,0.7048,10.791,11.385,2.876,0.7007,96.74,50.36,1.301,PASS,0
LOT_007_DIE_00006,LOT_007,125.02,3.618,506.9,7.716,2.433,0.6603,7.967,2.47,0.6576,8.855,9.122,2.451,0.6504,109.22,43.17,1.148,PASS,0
LOT_008_DIE_00007,LOT_008,125.53,3.631,500.95,13.92,2.014,0.6764,14.447,2.021,0.6718,14.798,15.161,2.066,0.6655,102.31,45.5,1.202,PASS,0
LOT_009_DIE_00008,LOT_009,125.78,3.605,470.18,41.794,4.184,0.6565,53.674,5.357,0.6093,78.471,111.289,6.508,0.5682,112.53,35.53,1.318,LATENT_CONTEXTUAL_OUTLIER,1
LOT_010_DIE_00009,LOT_010,126.14,3.658,486.7,13.632,2.406,0.7127,14.104,2.418,0.7115,14.663,15.1,2.479,0.7016,104.65,43.69,1.326,PASS,0
LOT_011_DIE_00010,LOT_011,125.39,3.595,492.56,8.813,2.377,0.7347,9.113,2.385,0.7305,10.024,10.976,2.44,0.7267,99.26,42.94,1.224,PASS,0
LOT_012_DIE_00011,LOT_012,125.74,3.654,482.12,15.034,2.584,0.7094,15.553,2.599,0.707,16.741,17.13,2.665,0.702,103.85,46.23,1.257,PASS,0
LOT_013_DIE_00012,LOT_013,125.83,3.584,519.43,13.851,2.515,0.7181,14.421,2.54,0.7137,15.189,16.19,2.549,0.7084,97.0,39.69,1.208,PASS,0
LOT_014_DIE_00013,LOT_014,122.7,3.614,518.04,10.647,2.611,0.7236,11.178,2.63,0.7206,11.919,12.177,2.639,0.7149,95.49,44.73,1.246,PASS,0
LOT_015_DIE_00014,LOT_015,125.01,3.602,500.84,9.983,2.34,0.6947,10.562,2.365,0.691,10.971,11.427,2.415,0.6861,100.34,50.15,1.39,PASS,0
LOT_016_DIE_00015,LOT_016,123.78,3.589,529.75,10.404,2.435,0.7074,10.556,2.469,0.7035,11.283,11.881,2.442,0.7004,103.98,44.3,1.117,PASS,0
LOT_017_DIE_00016,LOT_017,122.52,3.596,499.1,10.894,2.555,0.6744,11.248,2.564,0.6714,12.171,12.615,2.615,0.6674,94.01,49.91,1.253,PASS,0
LOT_018_DIE_00017,LOT_018,125.62,3.648,495.98,42.662,3.614,0.6886,59.919,4.279,0.6458,93.074,152.06,5.373,0.5969,118.26,34.08,1.117,LATENT_CONTEXTUAL_OUTLIER,1
LOT_019_DIE_00018,LOT_019,124.07,3.623,527.6,11.319,2.511,0.6713,11.753,2.519,0.6705,12.455,12.528,2.605,0.6602,105.34,46.78,1.227,PASS,0
LOT_020_DIE_00019,LOT_020,124.99,3.534,506.54,9.936,2.469,0.705,10.291,2.491,0.7002,11.166,11.916,2.536,0.7005,95.93,49.62,1.271,PASS,0
LOT_021_DIE_00020,LOT_021,125.02,3.565,510.32,12.804,2.241,0.745,13.668,2.241,0.7434,14.478,14.822,2.296,0.7371,107.53,43.73,1.151,PASS,0
LOT_022_DIE_00021,LOT_022,125.7,3.62,523.47,9.722,2.434,0.6988,10.26,2.441,0.6961,11.289,11.785,2.5,0.6873,107.55,40.35,1.33,PASS,0
LOT_023_DIE_00022,LOT_023,124.1,3.602,495.14,8.228,2.22,0.6689,8.799,2.251,0.6642,9.429,10.55,2.29,0.6619,99.81,45.22,1.174,PASS,0
LOT_024_DIE_00023,LOT_024,127.71,3.563,516.15,10.753,2.114,0.7231,11.444,2.154,0.7194,12.6,13.069,2.15,0.7185,95.32,42.81,1.266,PASS,0
LOT_025_DIE_00024,LOT_025,126.45,3.627,482.82,11.043,2.451,0.7154,11.248,2.466,0.7128,12.429,12.81,2.486,0.7105,106.59,44.47,1.174,PASS,0
LOT_026_DIE_00025,LOT_026,124.92,3.632,505.49,13.417,2.433,0.725,13.857,2.457,0.7232,14.692,15.489,2.502,0.7183,91.85,45.27,1.34,PASS,0
LOT_027_DIE_00026,LOT_027,123.73,3.555,499.09,7.195,2.415,0.7432,7.72,2.429,0.7391,8.88,9.053,2.479,0.7347,99.91,44.25,1.193,PASS,0
LOT_028_DIE_00027,LOT_028,124.01,3.637,515.07,12.79,2.683,0.6518,13.095,2.697,0.6463,13.938,14.628,2.696,0.6435,100.31,40.77,1.178,PASS,0
LOT_029_DIE_00028,LOT_029,126.64,3.631,483.58,13.173,2.579,0.7054,13.338,2.61,0.7029,14.469,15.318,2.616,0.6955,100.19,41.66,1.24,PASS,0
LOT_030_DIE_00029,LOT_030,127.04,3.604,492.49,10.276,2.593,0.6689,10.453,2.61,0.6657,11.469,12.249,2.653,0.6583,87.11,43.6,1.275,PASS,0
LOT_031_DIE_00030,LOT_031,123.92,3.564,487.63,13.255,2.485,0.7663,13.91,2.508,0.7619,14.505,14.861,2.515,0.758,107.5,44.68,1.294,PASS,0
LOT_032_DIE_00031,LOT_032,124.94,3.555,491.86,7.21,2.543,0.7132,7.523,2.552,0.7123,8.29,8.643,2.557,0.7037,96.71,46.66,1.331,PASS,0
LOT_033_DIE_00032,LOT_033,125.83,3.651,492.84,9.702,2.506,0.7,9.953,2.533,0.6973,10.799,11.257,2.558,0.6945,103.08,44.51,1.173,PASS,0
LOT_034_DIE_00033,LOT_034,126.63,3.492,506.98,16.269,2.635,0.6536,16.85,2.655,0.6532,17.977,18.368,2.647,0.6453,103.65,44.45,1.33,PASS,0
LOT_035_DIE_00034,LOT_035,124.47,3.553,543.69,13.956,2.398,0.6758,14.392,2.412,0.6711,15.375,15.848,2.446,0.6663,98.75,42.62,1.228,PASS,0
LOT_036_DIE_00035,LOT_036,124.22,3.632,495.67,13.714,2.537,0.7134,14.146,2.557,0.7093,14.965,15.56,2.576,0.7063,92.5,46.58,1.446,PASS,0
LOT_037_DIE_00036,LOT_037,122.8,3.727,523.11,9.29,2.163,0.7106,9.71,2.166,0.7077,10.383,11.22,2.218,0.7045,100.18,49.66,1.316,PASS,0
LOT_038_DIE_00037,LOT_038,125.49,3.626,519.14,8.788,2.404,0.7111,9.047,2.415,0.7078,9.81,10.607,2.451,0.7032,101.72,43.04,1.201,PASS,0
LOT_039_DIE_00038,LOT_039,125.78,3.524,491.71,11.756,2.441,0.7232,12.163,2.458,0.7205,13.129,13.877,2.477,0.7163,109.23,43.53,1.403,PASS,0
LOT_040_DIE_00039,LOT_040,122.95,3.655,530.24,10.515,2.483,0.69,10.798,2.515,0.6875,11.897,12.833,2.545,0.6829,95.35,43.05,1.301,PASS,0
LOT_041_DIE_00040,LOT_041,125.6,3.669,543.65,6.788,2.437,0.6799,7.465,2.432,0.6764,8.191,8.975,2.517,0.6712,105.77,41.37,1.407,PASS,0
LOT_042_DIE_00041,LOT_042,124.86,3.553,480.7,13.376,2.682,0.7339,14.032,2.711,0.7312,14.773,14.859,2.73,0.7236,94.46,47.3,1.294,PASS,0
LOT_043_DIE_00042,LOT_043,125.42,3.605,516.91,12.381,3.253,0.731,27.288,3.667,0.713,47.613,87.631,4.247,0.6662,123.68,37.49,1.198,THERMAL_VOLTAGE_STRESS_FAILURE,1
LOT_044_DIE_00043,LOT_044,124.42,3.559,486.74,15.162,2.669,0.7582,15.484,2.68,0.7544,16.123,16.855,2.709,0.7497,90.68,42.75,1.125,PASS,0
LOT_045_DIE_00044,LOT_045,127.4,3.643,491.01,9.577,2.633,0.736,9.714,2.667,0.7317,10.408,11.267,2.692,0.7275,102.72,44.07,1.312,PASS,0
LOT_046_DIE_00045,LOT_046,121.58,3.554,484.67,13.074,2.487,0.7217,13.399,2.518,0.7194,13.789,14.048,2.495,0.7132,95.81,46.3,1.318,PASS,0
LOT_047_DIE_00046,LOT_047,126.47,3.615,508.68,11.422,2.536,0.7075,11.629,2.555,0.7045,12.881,13.433,2.6,0.6996,104.99,37.76,1.417,PASS,0
LOT_048_DIE_00047,LOT_048,124.83,3.562,506.55,11.95,2.402,0.7217,12.353,2.428,0.7197,13.164,14.208,2.472,0.7131,94.62,46.67,1.163,PASS,0
LOT_049_DIE_00048,LOT_049,126.96,3.612,474.52,11.78,2.549,0.6863,12.269,2.585,0.6829,12.917,13.951,2.623,0.6808,99.25,45.31,1.236,PASS,0
LOT_050_DIE_00049,LOT_050,125.02,3.549,474.71,8.119,2.733,0.6632,8.532,2.74,0.6608,9.436,10.058,2.805,0.6521,97.73,44.95,1.157,PASS,0
LOT_001_DIE_00050,LOT_001,123.16,3.641,505.65,12.198,2.585,0.7471,12.803,2.612,0.7438,13.518,14.059,2.62,0.7397,100.9,48.48,1.323,PASS,0
LOT_002_DIE_00051,LOT_002,123.12,3.576,489.59,14.465,2.476,0.712,14.982,2.515,0.7087,15.873,16.25,2.554,0.7041,106.03,45.96,1.227,PASS,0
LOT_003_DIE_00052,LOT_003,125.48,3.544,510.07,11.572,2.396,0.7256,12.19,2.413,0.7213,12.873,13.515,2.429,0.7133,99.07,44.68,1.254,PASS,0
LOT_004_DIE_00053,LOT_004,124.82,3.539,503.02,13.957,2.247,0.7384,14.299,2.271,0.7362,14.588,15.085,2.317,0.7282,94.5,43.22,1.203,PASS,0
LOT_005_DIE_00054,LOT_005,124.76,3.609,500.74,9.517,2.625,0.686,9.951,2.657,0.6842,11.228,11.709,2.661,0.6781,100.85,41.47,1.241,PASS,0
LOT_006_DIE_00055,LOT_006,123.92,3.653,477.83,8.476,2.289,0.7364,9.015,2.31,0.7322,9.453,10.093,2.328,0.7277,96.48,44.4,1.257,PASS,0
LOT_007_DIE_00056,LOT_007,125.85,3.556,474.89,8.839,2.874,0.6852,9.478,2.895,0.6823,10.407,10.857,2.929,0.6766,102.68,42.75,1.252,PASS,0
LOT_008_DIE_00057,LOT_008,124.99,3.591,512.2,16.931,2.455,0.682,17.449,2.45,0.6789,17.861,18.653,2.515,0.6739,101.42,43.02,1.293,PASS,0
LOT_009_DIE_00058,LOT_009,123.46,3.591,504.06,12.434,2.449,0.6735,12.622,2.466,0.6703,13.275,14.322,2.508,0.6631,93.17,44.44,1.156,PASS,0
LOT_010_DIE_00059,LOT_010,122.84,3.635,490.7,12.823,2.474,0.6936,13.483,2.502,0.6914,14.002,14.516,2.504,0.6857,105.84,42.84,1.066,PASS,0
LOT_011_DIE_00060,LOT_011,124.47,3.659,489.5,7.406,2.656,0.6942,8.14,2.683,0.6917,9.358,9.72,2.721,0.6856,102.3,43.31,1.411,PASS,0
LOT_012_DIE_00061,LOT_012,125.16,3.609,481.9,47.873,3.07,0.66,60.445,4.264,0.6109,103.973,165.234,5.796,0.5461,115.15,34.88,1.264,LATENT_CONTEXTUAL_OUTLIER,1
LOT_013_DIE_00062,LOT_013,125.29,3.592,516.01,13.741,2.586,0.7251,14.327,2.605,0.7232,14.989,15.516,2.637,0.7154,104.3,39.68,1.161,PASS,0
LOT_014_DIE_00063,LOT_014,124.56,3.608,517.45,9.094,2.5,0.7126,9.418,2.523,0.7113,9.838,10.795,2.524,0.7041,108.65,45.75,1.276,PASS,0
LOT_015_DIE_00064,LOT_015,124.18,3.599,510.7,8.774,2.359,0.719,8.993,2.386,0.7146,10.002,10.474,2.405,0.709,98.22,46.53,1.27,PASS,0
LOT_016_DIE_00065,LOT_016,124.76,3.644,506.28,9.86,2.678,0.6978,10.489,2.714,0.6921,11.272,12.115,2.745,0.6882,94.64,45.01,1.375,PASS,0
LOT_017_DIE_00066,LOT_017,123.5,3.582,508.57,9.656,2.438,0.6668,9.754,2.459,0.6627,10.666,11.368,2.503,0.6608,95.04,45.96,1.335,PASS,0
LOT_018_DIE_00067,LOT_018,126.02,3.622,482.53,8.905,2.555,0.7335,9.403,2.569,0.7319,10.28,10.85,2.588,0.7266,101.52,41.56,1.307,PASS,0
LOT_019_DIE_00068,LOT_019,127.01,3.617,517.68,10.516,2.579,0.6741,10.516,2.572,0.6719,11.429,12.224,2.62,0.6658,95.23,42.62,1.164,PASS,0
LOT_020_DIE_00069,LOT_020,122.68,3.571,496.73,11.289,2.805,0.7195,11.612,2.823,0.7164,12.593,13.04,2.834,0.7112,99.48,50.89,1.183,PASS,0
LOT_021_DIE_00070,LOT_021,125.73,3.612,510.98,11.283,2.475,0.7334,12.074,2.505,0.7327,12.891,13.596,2.499,0.7243,99.0,44.65,1.24,PASS,0
LOT_022_DIE_00071,LOT_022,126.34,3.638,508.95,8.693,2.378,0.6599,9.038,2.399,0.6559,10.226,11.072,2.408,0.651,98.66,43.26,1.189,PASS,0
LOT_023_DIE_00072,LOT_023,123.18,3.568,471.42,9.071,2.469,0.66,9.506,2.502,0.6577,10.236,10.094,2.496,0.6509,101.9,42.2,1.313,PASS,0
LOT_024_DIE_00073,LOT_024,124.67,3.702,486.23,10.405,2.452,0.7407,11.031,2.482,0.7383,11.718,12.368,2.481,0.7327,96.98,45.69,1.208,PASS,0
LOT_025_DIE_00074,LOT_025,123.49,3.55,479.03,11.537,2.61,0.7058,11.832,2.631,0.7027,12.246,12.643,2.648,0.6945,109.72,40.94,1.314,PASS,0
LOT_026_DIE_00075,LOT_026,125.74,3.58,500.06,12.403,2.576,0.7368,12.791,2.59,0.735,13.851,14.222,2.622,0.7282,93.43,43.55,1.174,PASS,0
LOT_027_DIE_00076,LOT_027,124.64,3.596,526.84,9.448,2.455,0.7321,9.677,2.483,0.7286,10.267,11.035,2.545,0.7222,91.5,46.32,1.31,PASS,0
LOT_028_DIE_00077,LOT_028,123.94,3.586,522.37,12.267,2.838,0.6769,12.668,2.842,0.6744,13.7,14.813,2.863,0.6673,94.4,44.73,1.171,PASS,0
LOT_029_DIE_00078,LOT_029,124.44,3.597,486.62,12.883,2.68,0.6893,13.318,2.707,0.687,14.027,14.06,2.748,0.6818,92.93,38.52,1.205,PASS,0
LOT_030_DIE_00079,LOT_030,127.73,3.699,493.4,9.723,2.518,0.6797,10.339,2.514,0.6781,10.933,11.389,2.557,0.67,99.68,43.52,1.368,PASS,0
LOT_031_DIE_00080,LOT_031,124.15,3.553,505.05,10.872,2.654,0.7421,11.454,2.671,0.7385,12.322,13.194,2.691,0.7336,105.67,42.97,1.393,PASS,0
LOT_032_DIE_00081,LOT_032,123.72,3.609,498.02,7.815,2.501,0.7242,8.002,2.523,0.7195,8.982,9.564,2.502,0.7131,105.24,44.16,1.191,PASS,0
LOT_033_DIE_00082,LOT_033,124.8,3.61,495.31,7.718,2.301,0.7327,7.978,2.317,0.7295,8.658,9.311,2.362,0.7295,101.14,39.71,1.352,PASS,0
LOT_034_DIE_00083,LOT_034,124.4,3.649,494.62,16.439,2.805,0.6842,17.008,2.808,0.6827,17.456,17.681,2.833,0.6763,100.63,44.96,1.181,PASS,0
LOT_035_DIE_00084,LOT_035,125.11,3.599,521.69,13.27,2.518,0.7085,13.523,2.549,0.706,14.0,14.885,2.609,0.7003,101.62,44.11,1.3,PASS,0
LOT_036_DIE_00085,LOT_036,124.22,3.558,480.92,13.397,2.716,0.6891,13.905,2.741,0.6853,15.072,16.323,2.754,0.6853,100.09,46.63,1.267,PASS,0
LOT_037_DIE_00086,LOT_037,124.58,3.597,481.51,13.416,2.644,0.755,13.703,2.661,0.7513,14.488,15.371,2.65,0.7504,94.88,43.01,1.162,PASS,0
LOT_038_DIE_00087,LOT_038,123.98,3.635,516.01,11.89,2.79,0.7067,21.222,3.233,0.6796,44.107,74.349,4.99,0.6492,118.58,38.05,1.202,LATENT_DRIFT_RUNAWAY,1
LOT_039_DIE_00088,LOT_039,126.43,3.628,498.06,14.084,2.496,0.72,14.449,2.509,0.7177,15.115,15.754,2.54,0.7158,104.69,40.98,1.189,PASS,0
LOT_040_DIE_00089,LOT_040,126.05,3.575,517.32,11.939,2.458,0.7178,12.091,2.477,0.7148,13.017,13.494,2.532,0.7115,93.55,43.38,1.265,PASS,0
LOT_041_DIE_00090,LOT_041,125.97,3.561,523.26,9.468,2.659,0.7286,9.854,2.674,0.7256,10.412,10.739,2.701,0.7216,99.95,44.18,1.262,PASS,0
LOT_042_DIE_00091,LOT_042,123.97,3.645,487.34,10.632,2.609,0.7155,11.213,2.623,0.7126,11.964,12.757,2.674,0.7076,95.92,45.48,1.255,PASS,0
LOT_043_DIE_00092,LOT_043,125.11,3.608,493.71,7.8,2.592,0.7437,8.2,2.608,0.7407,9.173,9.434,2.596,0.7368,107.26,45.82,1.274,PASS,0
LOT_044_DIE_00093,LOT_044,124.56,3.684,489.3,14.765,2.646,0.7377,15.107,2.661,0.7334,16.077,16.778,2.668,0.7266,92.94,40.64,1.26,PASS,0
LOT_045_DIE_00094,LOT_045,124.73,3.56,465.77,9.618,2.862,0.738,10.014,2.879,0.735,10.918,11.381,2.934,0.7286,102.96,44.11,1.204,PASS,0
LOT_046_DIE_00095,LOT_046,126.18,3.57,459.86,14.474,2.954,0.7372,26.772,3.474,0.709,56.347,95.007,5.103,0.6548,111.9,43.02,1.264,LATENT_DRIFT_RUNAWAY,1
LOT_047_DIE_00096,LOT_047,124.47,3.685,508.71,11.246,2.797,0.7013,11.726,2.825,0.6969,12.182,12.675,2.848,0.6925,101.51,49.36,1.263,PASS,0
LOT_048_DIE_00097,LOT_048,124.54,3.6,507.84,9.668,2.392,0.6952,10.216,2.419,0.692,11.186,11.979,2.439,0.6898,95.81,46.01,1.251,PASS,0
LOT_049_DIE_00098,LOT_049,125.22,3.57,485.16,11.818,2.842,0.6897,12.236,2.847,0.6866,13.344,13.615,2.882,0.6829,102.63,44.7,1.243,PASS,0
LOT_050_DIE_00099,LOT_050,125.48,3.571,501.62,9.008,2.268,0.6949,9.362,2.3,0.6916,10.057,11.098,2.345,0.6864,97.21,41.36,1.53,PASS,0
LOT_001_DIE_00100,LOT_001,123.24,3.571,483.68,8.558,2.437,0.7568,8.572,2.468,0.7541,9.67,10.597,2.495,0.7506,90.88,43.1,1.235,PASS,0
LOT_002_DIE_00101,LOT_002,125.21,3.657,500.11,12.907,2.532,0.7136,13.191,2.548,0.7105,13.761,14.641,2.596,0.7063,105.29,43.8,1.016,PASS,0
LOT_003_DIE_00102,LOT_003,126.5,3.615,490.78,15.647,2.678,0.7262,32.183,2.946,0.7132,51.743,77.367,3.448,0.6713,120.67,34.34,1.154,THERMAL_VOLTAGE_STRESS_FAILURE,1
LOT_004_DIE_00103,LOT_004,124.44,3.618,508.18,11.959,2.41,0.755,12.602,2.44,0.7519,12.967,13.739,2.471,0.7462,95.01,44.04,1.27,PASS,0
LOT_005_DIE_00104,LOT_005,122.23,3.606,527.12,10.226,2.622,0.7148,10.935,2.652,0.7122,11.932,12.407,2.683,0.7094,100.44,39.02,1.244,PASS,0
LOT_006_DIE_00105,LOT_006,125.83,3.634,487.03,9.027,2.272,0.73,9.579,2.298,0.7265,10.289,10.63,2.309,0.7206,105.49,43.8,1.181,PASS,0
LOT_007_DIE_00106,LOT_007,125.45,3.632,489.92,9.29,2.667,0.7143,9.689,2.68,0.7123,10.25,11.013,2.686,0.7039,104.66,49.53,1.197,PASS,0
LOT_008_DIE_00107,LOT_008,124.81,3.578,511.82,14.663,2.668,0.7135,15.014,2.674,0.7109,15.785,16.249,2.698,0.7048,95.38,47.23,1.333,PASS,0
LOT_009_DIE_00108,LOT_009,123.67,3.534,480.87,11.372,2.238,0.6808,12.075,2.245,0.6777,13.003,13.616,2.292,0.6724,105.07,41.06,1.324,PASS,0
LOT_010_DIE_00109,LOT_010,126.22,3.611,488.59,13.362,2.559,0.6796,14.012,2.59,0.6769,14.671,15.09,2.619,0.6705,94.9,44.94,1.236,PASS,0
LOT_011_DIE_00110,LOT_011,125.38,3.608,475.54,7.646,2.752,0.6959,7.964,2.771,0.6914,9.038,10.16,2.782,0.6872,98.5,49.04,1.33,PASS,0
LOT_012_DIE_00111,LOT_012,125.6,3.619,487.21,15.799,2.572,0.6777,16.148,2.601,0.6755,16.855,17.803,2.618,0.6676,103.61,44.42,1.366,PASS,0
LOT_013_DIE_00112,LOT_013,126.0,3.559,501.03,11.366,2.581,0.7325,11.853,2.583,0.7302,12.391,13.167,2.63,0.724,97.54,46.36,1.167,PASS,0
LOT_014_DIE_00113,LOT_014,125.68,3.639,509.01,8.739,2.337,0.689,9.584,2.37,0.6874,10.103,10.773,2.398,0.6799,88.9,44.43,1.182,PASS,0
LOT_015_DIE_00114,LOT_015,123.32,3.601,509.51,10.326,2.526,0.6993,10.64,2.562,0.6974,11.73,11.881,2.587,0.6934,102.12,43.05,1.227,PASS,0
LOT_016_DIE_00115,LOT_016,127.91,3.617,501.08,8.606,2.653,0.7439,8.794,2.654,0.739,9.777,9.94,2.714,0.7412,100.43,42.69,1.27,PASS,0
LOT_017_DIE_00116,LOT_017,125.52,3.568,507.42,8.63,2.48,0.6911,8.685,2.503,0.6882,9.21,10.254,2.549,0.6853,101.69,39.79,1.235,PASS,0
LOT_018_DIE_00117,LOT_018,123.42,3.592,479.46,11.572,2.686,0.7213,11.841,2.706,0.7174,12.303,12.612,2.74,0.7109,94.05,43.44,1.235,PASS,0
LOT_019_DIE_00118,LOT_019,127.11,3.589,528.6,12.188,2.469,0.7161,12.711,2.504,0.7117,13.712,14.171,2.531,0.7104,102.64,45.38,1.241,PASS,0
LOT_020_DIE_00119,LOT_020,125.24,3.612,518.57,11.285,2.529,0.7533,11.54,2.553,0.7485,12.146,12.748,2.566,0.7475,104.51,42.73,1.372,PASS,0
LOT_021_DIE_00120,LOT_021,126.33,3.624,521.56,10.996,2.515,0.7255,11.235,2.546,0.7234,11.863,12.303,2.579,0.7206,103.8,42.63,1.365,PASS,0
LOT_022_DIE_00121,LOT_022,125.42,3.537,516.8,8.691,2.602,0.6874,8.93,2.629,0.6841,9.861,10.578,2.621,0.6779,99.33,45.83,1.365,PASS,0
LOT_023_DIE_00122,LOT_023,123.56,3.628,506.07,10.773,2.661,0.7106,11.402,2.684,0.706,12.604,13.507,2.701,0.7053,102.8,41.32,1.261,PASS,0
LOT_024_DIE_00123,LOT_024,125.75,3.635,478.48,10.689,2.793,0.7213,11.052,2.828,0.7164,11.957,12.642,2.87,0.7148,95.6,49.97,1.208,PASS,0
LOT_025_DIE_00124,LOT_025,125.63,3.653,497.58,11.848,2.353,0.7683,11.962,2.37,0.767,12.944,13.731,2.418,0.7638,101.31,45.83,1.314,PASS,0
LOT_026_DIE_00125,LOT_026,125.76,3.568,506.04,12.661,2.538,0.736,13.094,2.563,0.7336,13.85,14.405,2.573,0.7284,98.79,44.85,1.288,PASS,0
LOT_027_DIE_00126,LOT_027,124.26,3.642,502.57,8.477,2.443,0.7176,9.198,2.451,0.715,10.007,10.784,2.485,0.7134,94.68,42.09,1.251,PASS,0
LOT_028_DIE_00127,LOT_028,124.89,3.529,513.62,10.618,2.637,0.6762,11.014,2.651,0.6715,11.471,12.627,2.704,0.6672,104.23,44.88,1.138,PASS,0
LOT_029_DIE_00128,LOT_029,121.01,3.541,476.03,13.524,2.459,0.7173,13.612,2.459,0.7148,14.676,14.935,2.484,0.71,104.32,42.77,1.282,PASS,0
LOT_030_DIE_00129,LOT_030,124.29,3.567,494.35,7.688,2.418,0.6995,7.87,2.44,0.6952,8.642,8.875,2.463,0.6891,103.41,46.02,1.225,PASS,0
LOT_031_DIE_00130,LOT_031,125.36,3.615,510.24,13.124,2.479,0.714,13.5,2.496,0.7102,14.141,14.628,2.514,0.7062,93.93,49.85,1.138,PASS,0
LOT_032_DIE_00131,LOT_032,124.37,3.656,485.03,9.668,2.521,0.6854,10.165,2.543,0.6819,11.899,12.048,2.606,0.678,101.65,41.21,1.31,PASS,0
LOT_033_DIE_00132,LOT_033,126.47,3.581,499.09,7.724,2.549,0.6932,8.174,2.558,0.6894,8.914,9.607,2.595,0.6821,100.98,46.74,1.133,PASS,0
LOT_034_DIE_00133,LOT_034,126.04,3.582,484.61,15.779,2.631,0.7059,16.124,2.649,0.7045,16.662,17.612,2.672,0.6966,85.04,44.53,1.12,PASS,0
LOT_035_DIE_00134,LOT_035,125.99,3.633,526.37,15.006,2.585,0.7091,15.415,2.594,0.7079,15.807,16.287,2.647,0.7034,90.58,45.57,1.387,PASS,0
LOT_036_DIE_00135,LOT_036,122.71,3.597,479.24,16.058,2.637,0.7011,16.501,2.648,0.6976,17.368,18.117,2.712,0.6916,100.47,42.17,1.443,PASS,0
LOT_037_DIE_00136,LOT_037,125.18,3.573,504.99,12.618,2.238,0.7325,12.906,2.263,0.7299,13.861,14.129,2.282,0.7276,105.14,46.07,1.285,PASS,0
LOT_038_DIE_00137,LOT_038,123.46,3.544,502.28,9.91,2.272,0.6758,10.277,2.298,0.6716,11.0,11.388,2.345,0.6715,100.17,38.78,1.197,PASS,0
LOT_039_DIE_00138,LOT_039,125.19,3.602,511.78,13.446,2.48,0.7226,13.861,2.491,0.7195,14.802,15.073,2.517,0.719,106.9,43.84,1.227,PASS,0
LOT_040_DIE_00139,LOT_040,127.08,3.566,513.32,11.327,2.32,0.7024,11.792,2.336,0.6995,12.525,12.548,2.376,0.6909,108.51,45.51,1.381,PASS,0
LOT_041_DIE_00140,LOT_041,126.95,3.58,515.51,9.05,2.523,0.706,9.602,2.554,0.7023,10.083,10.992,2.563,0.6933,99.57,48.77,1.195,PASS,0
LOT_042_DIE_00141,LOT_042,126.25,3.623,488.78,12.069,2.394,0.7356,12.717,2.425,0.7334,13.666,13.996,2.455,0.7267,93.95,45.97,1.27,PASS,0
LOT_043_DIE_00142,LOT_043,123.99,3.591,488.56,8.656,2.444,0.718,8.911,2.463,0.715,9.755,10.178,2.492,0.7104,97.48,45.86,1.244,PASS,0
LOT_044_DIE_00143,LOT_044,126.14,3.559,496.77,13.999,2.627,0.6818,14.497,2.641,0.6783,15.302,15.369,2.663,0.674,98.13,42.4,1.119,PASS,0
LOT_045_DIE_00144,LOT_045,125.3,3.553,497.48,10.612,2.474,0.7237,10.99,2.481,0.719,11.492,12.398,2.507,0.7147,103.05,43.83,1.136,PASS,0
LOT_046_DIE_00145,LOT_046,126.17,3.621,491.26,13.3,2.334,0.7047,13.73,2.368,0.7029,14.497,15.119,2.421,0.6975,90.6,46.78,1.099,PASS,0
LOT_047_DIE_00146,LOT_047,126.11,3.622,519.08,10.582,2.6,0.7005,10.887,2.616,0.698,12.267,12.966,2.683,0.6893,96.17,46.82,1.167,PASS,0
LOT_048_DIE_00147,LOT_048,126.64,3.628,502.94,10.465,2.373,0.7244,11.053,2.393,0.7218,11.115,11.679,2.461,0.719,104.69,45.03,1.479,PASS,0
LOT_049_DIE_00148,LOT_049,125.24,3.568,488.34,11.598,2.34,0.6773,11.781,2.37,0.6724,12.681,13.371,2.393,0.667,94.31,48.03,1.389,PASS,0
LOT_050_DIE_00149,LOT_050,123.91,3.647,497.8,14.238,2.851,0.6829,28.695,3.189,0.6679,48.357,90.879,4.334,0.6392,115.62,39.31,1.215,THERMAL_VOLTAGE_STRESS_FAILURE,1
LOT_001_DIE_00150,LOT_001,126.43,3.583,457.18,9.734,2.472,0.7087,9.947,2.473,0.706,11.0,11.739,2.556,0.6992,92.11,46.18,1.224,PASS,0
LOT_002_DIE_00151,LOT_002,126.6,3.605,503.74,15.952,2.61,0.7253,16.035,2.623,0.7216,17.063,17.462,2.623,0.7169,96.25,44.89,1.244,PASS,0
LOT_003_DIE_00152,LOT_003,124.8,3.53,494.36,15.028,2.259,0.7219,15.49,2.279,0.7185,16.176,16.961,2.31,0.7125,94.05,47.72,1.315,PASS,0
LOT_004_DIE_00153,LOT_004,122.47,3.631,482.75,13.357,2.422,0.7216,13.786,2.432,0.7186,14.354,15.26,2.502,0.7106,96.75,46.03,1.208,PASS,0
LOT_005_DIE_00154,LOT_005,124.41,3.56,516.95,8.567,2.61,0.7231,8.788,2.631,0.7205,9.661,10.211,2.657,0.7159,94.54,45.72,1.335,PASS,0
LOT_006_DIE_00155,LOT_006,125.2,3.62,513.59,8.639,2.204,0.7138,9.194,2.234,0.7115,10.027,10.342,2.234,0.707,99.29,48.52,1.282,PASS,0
LOT_007_DIE_00156,LOT_007,124.41,3.634,492.86,6.02,2.631,0.6809,6.478,2.649,0.6792,7.393,7.775,2.672,0.6719,99.71,46.83,1.226,PASS,0
LOT_008_DIE_00157,LOT_008,124.96,3.596,511.43,13.855,2.494,0.6856,14.065,2.518,0.6822,14.705,15.713,2.547,0.6752,91.68,48.55,1.222,PASS,0
LOT_009_DIE_00158,LOT_009,125.69,3.591,489.03,12.168,2.436,0.6857,12.622,2.449,0.6835,13.48,14.662,2.487,0.6759,103.57,44.8,1.313,PASS,0
LOT_010_DIE_00159,LOT_010,126.34,3.606,479.41,14.056,2.319,0.7167,14.408,2.357,0.7147,15.14,15.656,2.37,0.7078,102.02,41.63,1.224,PASS,0
LOT_011_DIE_00160,LOT_011,124.1,3.68,481.68,9.294,2.564,0.7212,9.677,2.607,0.7184,10.443,11.429,2.602,0.7116,101.53,46.96,1.407,PASS,0
LOT_012_DIE_00161,LOT_012,124.46,3.573,487.49,16.365,2.595,0.7039,17.105,2.605,0.7011,17.312,17.793,2.666,0.6977,103.72,41.95,1.201,PASS,0
LOT_013_DIE_00162,LOT_013,123.8,3.593,500.49,13.837,2.484,0.7475,14.206,2.491,0.7449,14.588,15.033,2.497,0.7407,98.99,45.8,1.228,PASS,0
LOT_014_DIE_00163,LOT_014,124.27,3.608,501.98,8.478,2.707,0.696,8.775,2.713,0.6921,9.088,9.995,2.723,0.6863,95.86,42.07,1.219,PASS,0
LOT_015_DIE_00164,LOT_015,124.52,3.555,485.15,11.245,2.752,0.7053,11.449,2.78,0.7013,12.076,12.664,2.827,0.7005,95.68,41.97,1.392,PASS,0
LOT_016_DIE_00165,LOT_016,125.59,3.607,516.28,8.284,2.601,0.7178,8.499,2.617,0.7149,9.304,9.604,2.665,0.7103,106.06,46.2,1.234,PASS,0
LOT_017_DIE_00166,LOT_017,124.11,3.582,503.11,10.04,2.573,0.7093,10.543,2.583,0.7067,11.258,11.676,2.598,0.698,105.59,43.14,1.282,PASS,0
LOT_018_DIE_00167,LOT_018,123.91,3.589,492.09,11.185,2.876,0.7398,11.712,2.899,0.7364,12.467,12.957,2.918,0.7321,99.93,44.67,1.27,PASS,0
LOT_019_DIE_00168,LOT_019,124.32,3.638,508.66,10.166,2.527,0.7035,10.848,2.533,0.6994,11.694,11.834,2.587,0.6964,98.85,40.16,1.189,PASS,0
LOT_020_DIE_00169,LOT_020,122.12,3.569,497.34,8.171,2.635,0.7315,8.555,2.664,0.7289,9.38,9.943,2.704,0.7228,99.29,41.85,1.196,PASS,0
LOT_021_DIE_00170,LOT_021,124.84,3.495,498.33,12.433,2.664,0.6899,12.622,2.688,0.686,13.488,13.526,2.738,0.6803,105.66,44.83,1.26,PASS,0
LOT_022_DIE_00171,LOT_022,123.87,3.633,510.23,9.923,2.635,0.6975,10.528,2.663,0.6955,11.034,11.467,2.688,0.69,98.71,44.05,1.183,PASS,0
LOT_023_DIE_00172,LOT_023,126.12,3.596,484.51,11.134,2.667,0.6833,11.457,2.694,0.6792,12.294,12.961,2.73,0.679,97.92,46.62,1.341,PASS,0
LOT_024_DIE_00173,LOT_024,125.13,3.546,486.0,9.815,2.483,0.7197,9.886,2.507,0.7167,11.027,11.745,2.558,0.7114,101.17,46.11,1.173,PASS,0
LOT_025_DIE_00174,LOT_025,123.56,3.596,476.21,44.757,3.877,0.6776,52.85,4.735,0.6345,96.189,162.44,6.965,0.5412,119.66,31.42,1.289,LATENT_CONTEXTUAL_OUTLIER,1
LOT_026_DIE_00175,LOT_026,123.96,3.601,477.4,14.262,2.622,0.7088,14.651,2.633,0.7057,15.181,15.511,2.664,0.7011,99.78,45.46,1.196,PASS,0
LOT_027_DIE_00176,LOT_027,126.41,3.585,509.41,9.719,2.629,0.7075,9.939,2.635,0.7032,10.747,11.07,2.67,0.6972,105.92,49.18,1.171,PASS,0
LOT_028_DIE_00177,LOT_028,126.69,3.594,500.1,10.947,2.574,0.7039,11.141,2.59,0.701,11.654,12.341,2.61,0.6963,98.14,43.18,1.276,PASS,0
LOT_029_DIE_00178,LOT_029,126.98,3.662,504.42,11.571,2.436,0.6978,11.938,2.469,0.6955,13.057,13.415,2.498,0.6868,99.28,46.97,1.274,PASS,0
LOT_030_DIE_00179,LOT_030,124.88,3.512,498.81,8.518,2.627,0.6973,9.015,2.639,0.6963,9.619,10.467,2.705,0.6879,108.35,42.64,1.379,PASS,0
LOT_031_DIE_00180,LOT_031,124.61,3.555,501.58,12.559,2.743,0.722,12.938,2.762,0.7173,13.324,13.509,2.794,0.7121,103.76,42.03,1.265,PASS,0
LOT_032_DIE_00181,LOT_032,126.46,3.627,504.16,10.229,2.614,0.7183,10.526,2.647,0.7166,11.38,12.012,2.672,0.7078,102.69,46.07,1.228,PASS,0
LOT_033_DIE_00182,LOT_033,123.47,3.613,503.18,6.97,2.578,0.7093,7.188,2.602,0.7054,8.076,8.597,2.635,0.701,112.42,48.13,1.158,PASS,0
LOT_034_DIE_00183,LOT_034,125.42,3.614,494.37,15.081,2.529,0.6914,15.52,2.554,0.6895,16.893,17.673,2.642,0.6857,109.62,43.06,1.115,PASS,0
LOT_035_DIE_00184,LOT_035,124.43,3.622,515.77,14.76,2.623,0.7164,15.172,2.643,0.714,16.272,16.595,2.674,0.7089,99.5,41.01,1.189,PASS,0
LOT_036_DIE_00185,LOT_036,124.85,3.58,499.26,13.794,2.289,0.6847,14.002,2.308,0.6823,14.573,15.652,2.329,0.6769,96.61,44.2,1.188,PASS,0
LOT_037_DIE_00186,LOT_037,124.69,3.611,510.91,8.902,2.649,0.7128,9.754,2.685,0.71,10.044,10.321,2.717,0.7049,100.96,47.86,1.175,PASS,0
LOT_038_DIE_00187,LOT_038,125.04,3.596,512.05,11.779,2.536,0.7141,24.823,3.156,0.6967,51.832,81.994,4.676,0.6559,113.57,32.97,1.188,LATENT_DRIFT_RUNAWAY,1
LOT_039_DIE_00188,LOT_039,124.54,3.558,501.19,11.576,2.257,0.7283,12.316,2.275,0.7249,12.941,13.25,2.289,0.7203,101.45,43.43,1.019,PASS,0
LOT_040_DIE_00189,LOT_040,124.81,3.564,506.37,11.692,2.6,0.7114,12.122,2.61,0.7098,12.75,13.146,2.616,0.7021,108.33,41.79,1.32,PASS,0
LOT_041_DIE_00190,LOT_041,123.66,3.599,510.42,7.653,2.368,0.6658,7.961,2.391,0.661,8.894,9.914,2.385,0.6576,100.26,45.38,1.093,PASS,0
LOT_042_DIE_00191,LOT_042,122.39,3.579,507.93,11.844,2.604,0.7215,12.146,2.605,0.7177,13.371,13.68,2.65,0.7141,87.25,46.11,1.33,PASS,0
LOT_043_DIE_00192,LOT_043,125.06,3.547,497.93,7.468,2.203,0.7181,7.879,2.217,0.7159,8.289,8.674,2.29,0.7076,98.15,42.58,1.262,PASS,0
LOT_044_DIE_00193,LOT_044,126.67,3.613,501.0,14.434,2.49,0.7361,15.035,2.511,0.7333,15.35,15.818,2.538,0.727,89.25,42.94,1.357,PASS,0
LOT_045_DIE_00194,LOT_045,124.9,3.644,483.66,11.636,2.38,0.7073,12.223,2.412,0.7041,13.144,14.098,2.455,0.6992,98.36,44.81,1.238,PASS,0
LOT_046_DIE_00195,LOT_046,124.36,3.589,473.05,13.064,2.547,0.7148,13.447,2.565,0.7104,14.259,15.09,2.577,0.7056,97.65,48.04,1.254,PASS,0
LOT_047_DIE_00196,LOT_047,126.17,3.652,500.78,10.762,2.617,0.71,11.109,2.653,0.7074,12.04,12.752,2.679,0.7015,102.48,46.8,1.224,PASS,0
LOT_048_DIE_00197,LOT_048,124.35,3.57,497.05,11.176,2.562,0.6966,11.516,2.598,0.6935,12.715,13.606,2.624,0.6893,99.97,43.2,1.128,PASS,0
LOT_049_DIE_00198,LOT_049,124.6,3.651,486.0,11.668,2.387,0.6868,12.017,2.399,0.6845,12.584,12.981,2.455,0.6772,105.11,40.45,1.209,PASS,0
LOT_050_DIE_00199,LOT_050,123.4,3.568,482.58,9.248,2.336,0.6939,9.439,2.343,0.6916,10.179,11.129,2.408,0.6837,91.0,49.48,1.262,PASS,0
LOT_001_DIE_00200,LOT_001,127.13,3.616,476.87,10.517,2.229,0.7314,10.773,2.25,0.7265,11.318,11.765,2.242,0.7244,103.98,43.67,1.244,PASS,0
LOT_002_DIE_00201,LOT_002,124.06,3.635,499.34,15.578,2.5,0.7433,15.84,2.511,0.7405,16.529,16.929,2.602,0.7311,99.09,46.93,1.354,PASS,0
LOT_003_DIE_00202,LOT_003,123.45,3.622,501.76,12.851,2.454,0.7216,13.479,2.444,0.7179,14.429,14.565,2.509,0.7164,94.74,46.88,1.279,PASS,0
LOT_004_DIE_00203,LOT_004,123.02,3.611,507.94,13.187,2.295,0.74,13.824,2.319,0.7371,14.889,15.412,2.315,0.7324,105.23,44.15,1.238,PASS,0
LOT_005_DIE_00204,LOT_005,124.15,3.612,516.26,9.47,2.559,0.725,10.551,2.579,0.7227,10.688,11.079,2.633,0.7156,111.22,49.35,1.312,PASS,0
LOT_006_DIE_00205,LOT_006,125.77,3.616,486.0,7.571,2.48,0.7438,8.085,2.49,0.741,8.888,9.388,2.54,0.7344,103.32,47.46,1.162,PASS,0
LOT_007_DIE_00206,LOT_007,125.75,3.654,496.66,7.435,2.306,0.6676,7.575,2.336,0.6635,8.476,9.205,2.397,0.6598,96.83,43.25,1.305,PASS,0
LOT_008_DIE_00207,LOT_008,124.97,3.575,516.87,13.159,2.568,0.6875,13.157,2.597,0.6846,14.448,14.936,2.612,0.68,102.37,45.23,1.14,PASS,0
LOT_009_DIE_00208,LOT_009,126.0,3.526,513.14,15.385,2.473,0.6688,16.049,2.489,0.6657,17.025,17.571,2.518,0.6634,100.17,40.38,1.18,PASS,0
LOT_010_DIE_00209,LOT_010,124.98,3.591,472.44,13.819,2.365,0.6885,14.227,2.388,0.6861,14.606,14.698,2.418,0.6791,103.06,41.66,1.163,PASS,0
LOT_011_DIE_00210,LOT_011,123.6,3.642,482.55,8.024,2.623,0.7057,8.572,2.634,0.7029,9.471,10.084,2.699,0.6975,103.09,43.98,1.231,PASS,0
LOT_012_DIE_00211,LOT_012,125.57,3.494,491.8,15.202,2.689,0.7094,15.435,2.717,0.7066,15.612,16.51,2.727,0.7014,101.81,42.16,1.122,PASS,0
LOT_013_DIE_00212,LOT_013,125.71,3.635,520.54,13.595,2.557,0.7141,14.066,2.575,0.7115,14.509,14.803,2.597,0.7043,100.7,42.57,1.409,PASS,0
LOT_014_DIE_00213,LOT_014,125.76,3.57,506.03,10.085,2.446,0.7103,10.353,2.467,0.7078,10.946,11.348,2.493,0.6986,100.65,45.65,1.292,PASS,0
LOT_015_DIE_00214,LOT_015,123.72,3.593,512.4,8.791,2.737,0.707,9.147,2.759,0.7047,9.718,10.082,2.812,0.6975,99.27,44.82,1.311,PASS,0
LOT_016_DIE_00215,LOT_016,124.7,3.596,526.54,9.111,2.456,0.6985,9.752,2.461,0.6961,10.939,11.701,2.505,0.6905,92.47,45.99,1.331,PASS,0
LOT_017_DIE_00216,LOT_017,124.04,3.589,501.59,13.724,2.873,0.6876,26.287,3.296,0.6773,43.039,78.936,4.695,0.6386,116.19,35.55,1.164,THERMAL_VOLTAGE_STRESS_FAILURE,1
LOT_018_DIE_00217,LOT_018,126.55,3.578,493.56,12.182,2.507,0.7322,12.475,2.53,0.7293,13.119,13.314,2.557,0.7235,101.9,44.67,1.273,PASS,0
LOT_019_DIE_00218,LOT_019,125.64,3.567,519.34,10.179,2.599,0.6992,10.591,2.631,0.6961,11.432,11.6,2.654,0.6926,103.13,46.0,1.415,PASS,0
LOT_020_DIE_00219,LOT_020,125.3,3.565,491.17,10.231,2.527,0.7377,10.395,2.551,0.7346,11.271,12.232,2.572,0.7307,97.26,44.75,1.217,PASS,0
LOT_021_DIE_00220,LOT_021,122.86,3.646,510.77,11.331,2.522,0.7246,11.639,2.529,0.723,12.982,13.646,2.56,0.7144,103.4,45.34,1.282,PASS,0
LOT_022_DIE_00221,LOT_022,125.26,3.625,539.76,9.413,2.507,0.6868,9.852,2.521,0.6833,10.437,10.679,2.572,0.6781,93.98,42.68,1.249,PASS,0
LOT_023_DIE_00222,LOT_023,123.37,3.587,494.54,8.587,2.61,0.6527,9.066,2.631,0.6497,9.827,10.808,2.687,0.6451,96.99,42.85,1.262,PASS,0
LOT_024_DIE_00223,LOT_024,122.91,3.663,489.98,10.514,2.494,0.6832,10.829,2.5,0.6801,11.535,11.793,2.546,0.675,94.63,46.5,1.234,PASS,0
LOT_025_DIE_00224,LOT_025,125.3,3.66,502.27,10.4,2.551,0.7241,10.952,2.574,0.7211,11.529,12.391,2.594,0.7156,100.21,49.47,1.167,PASS,0
LOT_026_DIE_00225,LOT_026,125.75,3.633,496.96,11.805,2.464,0.7527,12.474,2.48,0.7516,12.803,13.241,2.477,0.7431,93.03,43.51,1.232,PASS,0
LOT_027_DIE_00226,LOT_027,124.55,3.599,512.44,8.268,2.555,0.7281,8.78,2.558,0.7249,8.993,9.518,2.619,0.718,113.46,47.07,1.156,PASS,0
LOT_028_DIE_00227,LOT_028,122.92,3.58,513.12,11.268,2.411,0.6288,11.914,2.431,0.626,12.77,13.586,2.453,0.6228,103.62,42.8,1.037,PASS,0
LOT_029_DIE_00228,LOT_029,125.01,3.605,471.59,11.751,2.589,0.6902,11.999,2.605,0.6873,12.923,13.819,2.678,0.6875,105.99,48.11,1.349,PASS,0
LOT_030_DIE_00229,LOT_030,124.79,3.623,513.46,9.663,2.549,0.7077,9.97,2.562,0.7047,10.708,10.585,2.582,0.6996,95.4,48.62,1.254,PASS,0
LOT_031_DIE_00230,LOT_031,124.79,3.607,525.14,13.57,2.547,0.7312,14.063,2.558,0.727,14.524,15.33,2.561,0.7219,99.33,43.08,1.404,PASS,0
LOT_032_DIE_00231,LOT_032,124.21,3.631,492.72,7.501,2.393,0.7045,7.934,2.411,0.7025,8.766,9.422,2.429,0.6959,98.8,47.57,1.164,PASS,0
LOT_033_DIE_00232,LOT_033,126.1,3.617,479.51,6.071,2.206,0.6846,6.47,2.247,0.6809,7.623,8.048,2.257,0.672,109.01,45.53,1.298,PASS,0
LOT_034_DIE_00233,LOT_034,125.13,3.642,507.13,19.939,2.628,0.7082,32.124,2.998,0.6973,53.114,91.984,4.191,0.6476,105.47,38.07,1.317,THERMAL_VOLTAGE_STRESS_FAILURE,1
LOT_035_DIE_00234,LOT_035,125.41,3.589,505.55,13.403,2.606,0.699,13.795,2.622,0.6963,15.047,15.384,2.63,0.6895,101.45,42.05,1.232,PASS,0
LOT_036_DIE_00235,LOT_036,124.07,3.636,508.81,14.442,2.732,0.7008,15.043,2.772,0.6995,15.954,16.755,2.773,0.6918,100.91,46.57,1.228,PASS,0
LOT_037_DIE_00236,LOT_037,123.33,3.668,499.6,9.727,2.633,0.707,9.92,2.654,0.7029,10.933,11.416,2.685,0.6981,100.41,43.8,1.453,PASS,0
LOT_038_DIE_00237,LOT_038,125.77,3.6,495.78,6.364,2.612,0.7415,6.742,2.616,0.7388,7.341,7.68,2.675,0.7336,100.69,46.3,1.284,PASS,0
LOT_039_DIE_00238,LOT_039,123.1,3.602,499.34,13.654,2.396,0.7233,14.038,2.422,0.7193,14.715,15.799,2.449,0.7156,95.74,46.3,1.208,PASS,0
LOT_040_DIE_00239,LOT_040,124.95,3.53,520.07,10.048,2.325,0.7085,10.095,2.338,0.7029,11.18,11.778,2.403,0.7025,95.0,39.85,1.337,PASS,0
LOT_041_DIE_00240,LOT_041,124.85,3.601,520.68,8.317,2.47,0.6927,8.919,2.47,0.6901,9.657,9.868,2.555,0.686,97.86,47.57,1.223,PASS,0
LOT_042_DIE_00241,LOT_042,124.3,3.586,492.71,11.26,2.65,0.7594,11.361,2.682,0.7562,12.668,13.188,2.701,0.7498,103.21,45.08,1.064,PASS,0
LOT_043_DIE_00242,LOT_043,124.73,3.563,529.25,7.056,2.436,0.7319,7.331,2.465,0.7271,8.514,8.785,2.481,0.7233,104.19,44.75,1.183,PASS,0
LOT_044_DIE_00243,LOT_044,124.97,3.658,489.03,14.952,2.632,0.7107,15.359,2.658,0.7081,16.38,17.01,2.668,0.7058,91.37,40.06,1.19,PASS,0
LOT_045_DIE_00244,LOT_045,125.33,3.617,503.3,8.868,2.664,0.718,8.911,2.691,0.7137,10.324,10.719,2.728,0.7109,100.39,43.4,1.303,PASS,0
LOT_046_DIE_00245,LOT_046,125.33,3.654,489.7,14.135,2.668,0.7018,14.658,2.671,0.6995,15.627,16.31,2.681,0.6897,101.29,42.95,1.236,PASS,0
LOT_047_DIE_00246,LOT_047,124.09,3.561,501.66,11.603,2.379,0.7142,12.051,2.397,0.7127,12.734,13.3,2.44,0.7057,99.95,43.71,1.267,PASS,0
LOT_048_DIE_00247,LOT_048,123.07,3.572,481.95,12.27,2.684,0.7029,12.474,2.694,0.7002,13.219,14.092,2.72,0.694,104.57,44.37,1.154,PASS,0
LOT_049_DIE_00248,LOT_049,124.6,3.667,479.31,9.14,2.2,0.682,9.533,2.224,0.6789,10.735,11.253,2.268,0.6773,100.57,45.15,1.176,PASS,0
LOT_050_DIE_00249,LOT_050,124.72,3.587,466.9,9.388,2.863,0.7054,20.071,3.093,0.6948,45.215,85.312,4.102,0.6732,118.76,39.05,1.165,THERMAL_VOLTAGE_STRESS_FAILURE,1
LOT_001_DIE_00250,LOT_001,125.06,3.63,476.72,8.781,2.35,0.7355,9.288,2.361,0.7327,9.467,10.538,2.434,0.7242,97.52,47.2,1.047,PASS,0
LOT_002_DIE_00251,LOT_002,125.23,3.521,493.64,15.732,2.742,0.7268,15.881,2.748,0.7224,16.728,17.235,2.781,0.7175,97.66,43.28,1.379,PASS,0
LOT_003_DIE_00252,LOT_003,124.4,3.552,482.94,11.588,2.486,0.7647,11.898,2.507,0.7624,12.677,13.78,2.539,0.7524,100.69,48.52,1.41,PASS,0
LOT_004_DIE_00253,LOT_004,124.75,3.653,506.78,11.396,2.687,0.7465,11.843,2.715,0.7437,12.513,13.284,2.765,0.7398,110.07,46.59,1.132,PASS,0
LOT_005_DIE_00254,LOT_005,124.05,3.615,525.32,7.602,2.506,0.7147,7.914,2.527,0.7123,9.033,9.472,2.572,0.71,96.66,46.89,1.33,PASS,0
LOT_006_DIE_00255,LOT_006,124.9,3.534,483.09,9.252,2.148,0.7614,9.545,2.159,0.7586,10.239,10.682,2.218,0.7526,101.94,42.93,1.394,PASS,0
LOT_007_DIE_00256,LOT_007,125.09,3.587,476.25,7.836,2.677,0.6905,8.166,2.71,0.6885,8.605,8.747,2.744,0.6814,95.39,48.88,1.33,PASS,0
LOT_008_DIE_00257,LOT_008,124.45,3.554,518.24,15.958,2.619,0.6882,16.489,2.63,0.6841,17.209,18.153,2.654,0.6806,96.44,50.29,1.217,PASS,0
LOT_009_DIE_00258,LOT_009,125.77,3.585,489.2,13.438,2.602,0.6768,13.971,2.635,0.674,14.36,15.022,2.646,0.6723,98.35,44.93,1.21,PASS,0
LOT_010_DIE_00259,LOT_010,122.94,3.521,476.96,11.289,2.409,0.7001,11.771,2.428,0.6971,12.243,12.788,2.422,0.6929,108.15,44.71,1.204,PASS,0
LOT_011_DIE_00260,LOT_011,124.93,3.636,486.75,6.618,2.632,0.6944,6.803,2.673,0.6916,7.832,8.308,2.665,0.6851,94.48,41.99,1.272,PASS,0
LOT_012_DIE_00261,LOT_012,124.54,3.616,500.32,14.963,2.474,0.6957,15.263,2.5,0.6934,15.986,17.119,2.556,0.6874,97.12,45.23,1.366,PASS,0
LOT_013_DIE_00262,LOT_013,126.72,3.567,517.3,15.072,2.304,0.7178,15.352,2.328,0.7135,15.639,16.426,2.336,0.7078,110.24,42.16,1.174,PASS,0
LOT_014_DIE_00263,LOT_014,125.39,3.619,509.63,8.741,2.659,0.6935,9.281,2.673,0.6885,9.794,10.198,2.706,0.6895,101.66,44.51,1.274,PASS,0
LOT_015_DIE_00264,LOT_015,124.46,3.606,506.54,8.222,2.389,0.6712,8.726,2.417,0.6669,9.393,10.118,2.382,0.6641,102.21,45.11,1.373,PASS,0
LOT_016_DIE_00265,LOT_016,122.23,3.625,510.62,12.034,2.723,0.724,12.129,2.749,0.7213,12.949,12.912,2.755,0.715,97.47,42.64,1.348,PASS,0
LOT_017_DIE_00266,LOT_017,124.74,3.547,528.41,9.317,2.662,0.6831,9.935,2.694,0.6809,10.383,10.463,2.696,0.6713,100.38,46.56,1.273,PASS,0
LOT_018_DIE_00267,LOT_018,124.88,3.607,481.87,12.738,2.53,0.7088,13.489,2.535,0.7049,14.383,14.847,2.577,0.7012,107.52,44.19,1.175,PASS,0
LOT_019_DIE_00268,LOT_019,125.32,3.585,520.69,9.236,2.748,0.6931,9.461,2.776,0.6889,10.215,10.983,2.827,0.6809,94.85,44.48,1.273,PASS,0
LOT_020_DIE_00269,LOT_020,123.89,3.612,516.35,10.272,2.42,0.7475,10.621,2.43,0.7438,11.603,12.117,2.446,0.7404,101.59,43.39,1.099,PASS,0
LOT_021_DIE_00270,LOT_021,125.22,3.558,503.37,11.799,2.343,0.7387,11.978,2.363,0.7337,12.939,13.621,2.43,0.7282,97.99,45.53,1.278,PASS,0
LOT_022_DIE_00271,LOT_022,123.51,3.631,521.79,7.535,2.66,0.6765,8.017,2.685,0.6768,8.758,10.138,2.669,0.6686,103.97,46.02,1.176,PASS,0
LOT_023_DIE_00272,LOT_023,124.27,3.56,513.68,10.702,2.338,0.683,10.938,2.375,0.6798,11.602,12.215,2.382,0.6776,100.54,45.4,1.378,PASS,0
LOT_024_DIE_00273,LOT_024,124.63,3.623,488.96,9.804,2.576,0.7225,10.343,2.595,0.7185,11.178,12.082,2.621,0.7156,101.7,45.85,1.164,PASS,0
LOT_025_DIE_00274,LOT_025,126.23,3.668,496.16,10.886,2.503,0.7165,11.306,2.513,0.7127,12.215,13.223,2.535,0.7075,100.86,38.58,1.199,PASS,0
LOT_026_DIE_00275,LOT_026,125.82,3.62,493.81,11.968,2.538,0.7232,12.193,2.537,0.7204,13.378,14.093,2.575,0.7131,103.66,43.81,1.119,PASS,0
LOT_027_DIE_00276,LOT_027,124.37,3.59,515.04,8.764,2.04,0.732,9.262,2.067,0.7294,9.925,10.655,2.059,0.7245,105.84,45.0,1.117,PASS,0
LOT_028_DIE_00277,LOT_028,125.25,3.538,516.9,13.086,2.543,0.6856,13.486,2.55,0.6836,13.876,14.314,2.583,0.6761,94.83,47.65,1.137,PASS,0
LOT_029_DIE_00278,LOT_029,124.46,3.692,478.18,11.265,2.708,0.7157,11.802,2.727,0.7108,12.224,12.947,2.766,0.7054,103.82,42.81,1.178,PASS,0
LOT_030_DIE_00279,LOT_030,124.35,3.622,497.89,8.612,2.534,0.6933,9.022,2.559,0.689,9.936,10.585,2.583,0.6828,95.73,48.21,1.167,PASS,0
LOT_031_DIE_00280,LOT_031,126.77,3.563,494.45,11.576,2.513,0.7469,12.055,2.535,0.745,13.034,13.286,2.577,0.7404,100.84,47.37,1.291,PASS,0
LOT_032_DIE_00281,LOT_032,125.62,3.613,483.14,9.505,2.471,0.7286,9.868,2.48,0.7267,10.62,11.146,2.536,0.7195,103.75,45.05,1.102,PASS,0
LOT_033_DIE_00282,LOT_033,125.24,3.659,505.8,8.509,2.757,0.6883,8.759,2.792,0.6845,9.936,10.737,2.787,0.6798,97.2,45.74,1.255,PASS,0
LOT_034_DIE_00283,LOT_034,124.41,3.576,504.59,14.57,2.467,0.6736,14.722,2.493,0.6722,15.371,15.895,2.507,0.6653,108.43,43.41,1.36,PASS,0
LOT_035_DIE_00284,LOT_035,124.8,3.595,522.22,15.734,2.447,0.7093,16.571,2.473,0.7047,17.479,17.752,2.502,0.702,113.54,47.02,1.27,PASS,0
LOT_036_DIE_00285,LOT_036,125.11,3.588,493.29,13.855,2.382,0.6998,14.27,2.407,0.6964,14.843,15.477,2.455,0.692,106.71,46.76,1.308,PASS,0
LOT_037_DIE_00286,LOT_037,124.87,3.636,486.93,8.877,2.344,0.7399,9.326,2.385,0.7369,9.813,10.082,2.397,0.7308,109.85,43.67,1.17,PASS,0
LOT_038_DIE_00287,LOT_038,123.16,3.602,491.59,8.139,2.591,0.7453,8.281,2.583,0.7436,9.42,9.746,2.671,0.7349,102.29,49.35,1.229,PASS,0
LOT_039_DIE_00288,LOT_039,123.44,3.561,492.05,15.308,2.554,0.7316,15.841,2.56,0.7291,16.549,17.064,2.622,0.7227,103.37,43.75,1.16,PASS,0
LOT_040_DIE_00289,LOT_040,125.05,3.669,509.01,10.845,2.644,0.6801,11.489,2.652,0.6776,12.42,12.65,2.709,0.6753,92.66,44.14,1.141,PASS,0
LOT_041_DIE_00290,LOT_041,122.84,3.601,509.4,8.535,2.928,0.6763,9.309,2.947,0.6726,10.093,10.66,2.971,0.6687,91.48,42.77,1.306,PASS,0
LOT_042_DIE_00291,LOT_042,125.91,3.596,487.97,12.502,2.41,0.7408,13.096,2.449,0.7385,14.267,14.917,2.434,0.738,99.75,44.69,1.332,PASS,0
LOT_043_DIE_00292,LOT_043,123.28,3.569,502.33,8.59,2.429,0.7247,8.968,2.446,0.7225,9.577,10.108,2.456,0.7155,101.15,43.74,1.296,PASS,0
LOT_044_DIE_00293,LOT_044,125.6,3.632,484.29,12.549,2.584,0.727,13.099,2.602,0.7244,14.056,14.718,2.628,0.7191,90.71,43.71,1.088,PASS,0
LOT_045_DIE_00294,LOT_045,124.76,3.64,478.62,10.261,2.38,0.7293,10.907,2.405,0.7262,11.251,11.892,2.451,0.7234,101.36,43.4,1.263,PASS,0
LOT_046_DIE_00295,LOT_046,124.5,3.621,456.96,10.661,2.381,0.7002,11.282,2.392,0.6965,11.644,12.403,2.407,0.6876,101.75,45.68,1.283,PASS,0
LOT_047_DIE_00296,LOT_047,125.63,3.606,517.96,10.133,2.402,0.7155,10.46,2.416,0.7117,11.841,12.348,2.433,0.7078,94.48,43.77,1.14,PASS,0
LOT_048_DIE_00297,LOT_048,126.37,3.593,489.95,12.42,2.478,0.7158,12.577,2.491,0.7135,13.644,14.338,2.524,0.7088,106.18,43.46,1.29,PASS,0
LOT_049_DIE_00298,LOT_049,125.36,3.501,490.98,11.29,2.583,0.6718,11.541,2.606,0.6703,12.304,12.562,2.63,0.6622,97.04,48.42,1.244,PASS,0
LOT_050_DIE_00299,LOT_050,125.61,3.659,501.28,9.609,2.442,0.6863,9.965,2.474,0.6841,11.106,11.44,2.519,0.6774,100.11,43.72,1.391,PASS,0
LOT_001_DIE_00300,LOT_001,127.32,3.584,484.47,11.732,2.269,0.7258,12.342,2.287,0.7218,13.012,13.85,2.355,0.7169,103.83,42.13,1.257,PASS,0
LOT_002_DIE_00301,LOT_002,124.92,3.6,524.26,15.573,2.772,0.7054,15.353,2.795,0.7023,16.176,16.793,2.8,0.6963,96.65,42.1,1.251,PASS,0
LOT_003_DIE_00302,LOT_003,125.31,3.55,480.51,12.307,2.554,0.7262,12.486,2.579,0.7217,13.58,14.399,2.633,0.7192,96.06,48.43,1.275,PASS,0
LOT_004_DIE_00303,LOT_004,124.2,3.612,501.98,11.557,2.562,0.7221,11.824,2.585,0.7203,12.866,12.742,2.598,0.7148,98.27,49.26,1.165,PASS,0
LOT_005_DIE_00304,LOT_005,126.68,3.596,511.65,9.813,2.587,0.7024,10.307,2.603,0.7002,11.308,11.643,2.655,0.6945,106.75,44.79,1.161,PASS,0
LOT_006_DIE_00305,LOT_006,124.98,3.56,494.46,7.745,2.56,0.7479,8.139,2.577,0.7447,9.041,9.633,2.608,0.7381,101.7,45.87,1.255,PASS,0
LOT_007_DIE_00306,LOT_007,125.16,3.599,492.39,6.434,2.513,0.6887,6.704,2.54,0.6851,7.599,7.829,2.582,0.68,95.34,46.71,1.347,PASS,0
LOT_008_DIE_00307,LOT_008,126.23,3.589,497.66,14.277,2.345,0.6684,14.502,2.36,0.6664,15.898,16.674,2.407,0.6596,97.69,47.54,1.244,PASS,0
LOT_009_DIE_00308,LOT_009,126.17,3.658,498.17,12.454,2.512,0.6804,12.994,2.532,0.6781,13.947,15.014,2.523,0.6677,93.6,42.1,1.195,PASS,0
LOT_010_DIE_00309,LOT_010,125.17,3.676,489.98,11.667,2.654,0.7085,12.179,2.667,0.7049,13.02,13.311,2.677,0.7022,97.94,47.48,1.271,PASS,0
LOT_011_DIE_00310,LOT_011,125.3,3.515,494.76,7.789,2.607,0.711,7.953,2.622,0.7103,8.701,9.66,2.685,0.7038,97.17,42.37,1.322,PASS,0
LOT_012_DIE_00311,LOT_012,126.45,3.533,489.43,12.959,2.585,0.6841,13.164,2.608,0.6804,14.168,14.611,2.64,0.6754,105.46,46.96,1.424,PASS,0
LOT_013_DIE_00312,LOT_013,125.62,3.588,510.87,14.321,2.515,0.7336,14.728,2.538,0.7286,15.463,16.154,2.561,0.7306,101.93,43.67,1.218,PASS,0
LOT_014_DIE_00313,LOT_014,125.84,3.557,510.12,12.029,2.659,0.7046,12.437,2.689,0.7009,13.041,13.661,2.707,0.6946,94.87,43.91,1.366,PASS,0
LOT_015_DIE_00314,LOT_015,124.94,3.599,495.5,9.668,2.784,0.7206,9.848,2.79,0.7193,10.117,11.119,2.823,0.7143,102.53,46.32,1.204,PASS,0
LOT_016_DIE_00315,LOT_016,124.78,3.601,516.44,7.557,2.362,0.7248,7.865,2.387,0.7219,8.78,9.63,2.403,0.7173,96.81,42.81,1.345,PASS,0
LOT_017_DIE_00316,LOT_017,123.47,3.579,507.74,9.268,2.452,0.694,9.521,2.474,0.6896,10.252,10.748,2.515,0.683,103.5,46.37,1.247,PASS,0
LOT_018_DIE_00317,LOT_018,126.26,3.599,479.15,11.167,2.345,0.716,11.357,2.374,0.7128,12.227,12.955,2.397,0.7047,102.19,46.22,1.149,PASS,0
LOT_019_DIE_00318,LOT_019,124.03,3.536,513.69,11.137,2.643,0.6941,11.798,2.673,0.6911,12.092,12.304,2.719,0.6906,91.58,49.04,1.347,PASS,0
LOT_020_DIE_00319,LOT_020,125.82,3.56,501.56,8.857,2.093,0.7358,9.415,2.113,0.7322,10.331,10.532,2.144,0.7309,94.56,45.73,1.316,PASS,0
LOT_021_DIE_00320,LOT_021,124.75,3.664,503.25,14.35,2.348,0.7396,14.571,2.363,0.7366,15.417,15.917,2.394,0.73,106.36,46.9,1.163,PASS,0
LOT_022_DIE_00321,LOT_022,125.79,3.673,516.35,9.554,2.607,0.7093,10.304,2.628,0.7062,11.103,11.816,2.634,0.7,102.14,45.02,1.237,PASS,0
LOT_023_DIE_00322,LOT_023,122.83,3.592,482.75,9.117,2.425,0.6661,9.319,2.459,0.6625,10.309,11.114,2.495,0.6564,97.42,41.78,1.207,PASS,0
LOT_024_DIE_00323,LOT_024,126.87,3.606,482.53,9.501,2.375,0.7184,10.075,2.404,0.7153,10.725,11.52,2.426,0.7114,96.67,48.04,1.204,PASS,0
LOT_025_DIE_00324,LOT_025,126.19,3.535,467.39,11.032,2.49,0.7263,11.476,2.533,0.7231,11.931,12.552,2.54,0.7191,95.42,43.96,1.377,PASS,0
LOT_026_DIE_00325,LOT_026,125.39,3.605,482.0,13.958,2.36,0.7121,14.446,2.381,0.7095,14.964,15.83,2.395,0.7019,98.79,42.36,1.305,PASS,0
LOT_027_DIE_00326,LOT_027,122.25,3.574,513.98,10.204,2.669,0.7096,10.339,2.695,0.7059,10.916,11.206,2.715,0.7015,94.17,44.97,1.241,PASS,0
LOT_028_DIE_00327,LOT_028,125.96,3.674,500.79,11.518,2.358,0.694,11.906,2.383,0.6905,12.676,13.604,2.403,0.6888,94.15,45.51,1.283,PASS,0
LOT_029_DIE_00328,LOT_029,124.49,3.517,487.0,9.83,2.295,0.6955,10.101,2.318,0.6928,10.932,11.25,2.332,0.6875,102.54,39.5,1.281,PASS,0
LOT_030_DIE_00329,LOT_030,125.92,3.591,489.18,8.082,2.535,0.688,8.5,2.549,0.6847,9.21,9.888,2.585,0.6757,108.08,43.59,1.237,PASS,0
LOT_031_DIE_00330,LOT_031,124.73,3.559,511.05,11.867,2.393,0.7227,12.31,2.419,0.7202,13.223,13.874,2.429,0.7178,100.28,43.93,1.199,PASS,0
LOT_032_DIE_00331,LOT_032,123.63,3.621,477.45,9.582,2.52,0.7273,10.093,2.526,0.7242,11.372,11.34,2.589,0.7161,106.82,47.65,1.139,PASS,0
LOT_033_DIE_00332,LOT_033,124.11,3.59,499.96,6.543,2.707,0.7125,7.079,2.728,0.7076,8.509,8.563,2.769,0.7008,104.14,42.28,1.265,PASS,0
LOT_034_DIE_00333,LOT_034,126.37,3.555,490.22,15.073,2.431,0.6827,15.446,2.457,0.6794,16.344,16.96,2.509,0.6714,95.3,45.2,1.252,PASS,0
LOT_035_DIE_00334,LOT_035,126.3,3.564,514.54,15.291,2.266,0.6989,15.467,2.299,0.6978,16.945,17.186,2.279,0.6944,100.85,44.94,1.233,PASS,0
LOT_036_DIE_00335,LOT_036,125.56,3.562,479.25,13.858,2.539,0.7095,13.927,2.568,0.7056,14.876,15.118,2.596,0.7019,101.53,43.13,1.291,PASS,0
LOT_037_DIE_00336,LOT_037,125.95,3.641,509.31,10.965,2.617,0.7486,11.251,2.647,0.7453,11.974,12.747,2.672,0.7424,100.65,48.88,1.208,PASS,0
LOT_038_DIE_00337,LOT_038,123.68,3.588,521.74,6.529,2.492,0.7322,6.936,2.522,0.7272,8.353,8.769,2.51,0.7235,108.56,46.92,1.404,PASS,0
LOT_039_DIE_00338,LOT_039,125.43,3.621,479.39,12.658,2.716,0.7247,13.007,2.736,0.721,13.847,14.617,2.775,0.7189,105.6,46.18,1.139,PASS,0
LOT_040_DIE_00339,LOT_040,126.24,3.574,508.43,11.466,2.267,0.6915,11.784,2.269,0.6885,12.134,12.957,2.309,0.6847,105.07,50.58,1.304,PASS,0
LOT_041_DIE_00340,LOT_041,125.17,3.584,514.37,10.645,2.596,0.6763,25.583,3.229,0.6542,53.153,99.082,4.51,0.616,108.96,39.47,1.232,LATENT_DRIFT_RUNAWAY,1
LOT_042_DIE_00341,LOT_042,125.04,3.643,478.64,11.063,2.566,0.7259,11.322,2.579,0.7215,12.287,12.058,2.633,0.7211,103.56,47.15,1.205,PASS,0
LOT_043_DIE_00342,LOT_043,129.27,3.61,483.57,7.888,2.384,0.7365,8.251,2.393,0.7343,8.927,9.344,2.433,0.7284,98.88,45.64,1.112,PASS,0
LOT_044_DIE_00343,LOT_044,126.88,3.572,489.12,14.863,2.591,0.7245,15.14,2.602,0.7218,16.276,16.506,2.63,0.715,96.55,47.82,1.312,PASS,0
LOT_045_DIE_00344,LOT_045,125.04,3.605,491.73,10.954,2.565,0.733,11.563,2.601,0.7277,12.226,13.188,2.593,0.7211,100.43,42.96,1.151,PASS,0
LOT_046_DIE_00345,LOT_046,125.66,3.574,491.91,12.579,2.274,0.6996,13.211,2.284,0.6957,14.333,14.606,2.374,0.6941,101.37,44.16,1.279,PASS,0
LOT_047_DIE_00346,LOT_047,123.6,3.54,505.05,11.315,2.448,0.697,11.432,2.473,0.6923,12.457,13.538,2.477,0.6891,101.29,42.59,1.12,PASS,0
LOT_048_DIE_00347,LOT_048,123.21,3.613,494.54,12.698,2.518,0.7339,12.861,2.541,0.7317,13.946,14.328,2.548,0.7262,110.46,47.38,1.278,PASS,0
LOT_049_DIE_00348,LOT_049,124.95,3.661,501.41,12.808,2.424,0.6834,13.107,2.446,0.6817,14.44,14.996,2.46,0.6764,107.83,45.19,1.163,PASS,0
LOT_050_DIE_00349,LOT_050,125.45,3.586,488.52,9.171,2.382,0.6892,9.555,2.403,0.6864,10.071,11.027,2.447,0.6823,110.28,44.78,1.236,PASS,0
LOT_001_DIE_00350,LOT_001,126.63,3.551,498.6,11.438,2.463,0.7346,11.456,2.475,0.732,12.133,13.1,2.554,0.7261,98.97,47.44,1.292,PASS,0
LOT_002_DIE_00351,LOT_002,124.24,3.679,487.91,11.955,2.632,0.7117,12.394,2.662,0.7092,13.417,13.652,2.689,0.7048,99.11,48.69,1.171,PASS,0
LOT_003_DIE_00352,LOT_003,124.48,3.611,493.94,9.692,2.291,0.7505,9.943,2.316,0.7472,11.138,11.532,2.349,0.7426,100.32,45.24,1.21,PASS,0
LOT_004_DIE_00353,LOT_004,126.09,3.578,493.31,11.158,2.298,0.7465,11.668,2.31,0.743,12.259,12.746,2.365,0.7396,96.43,45.15,1.228,PASS,0
LOT_005_DIE_00354,LOT_005,124.17,3.607,525.74,8.305,2.287,0.6889,8.973,2.306,0.6856,9.515,9.629,2.316,0.6836,102.48,48.16,1.328,PASS,0
LOT_006_DIE_00355,LOT_006,126.42,3.592,470.27,35.059,3.767,0.6647,50.254,4.787,0.6431,75.882,116.534,6.609,0.5945,109.39,37.13,1.368,LATENT_CONTEXTUAL_OUTLIER,1
LOT_007_DIE_00356,LOT_007,124.23,3.659,489.07,6.686,2.177,0.6848,6.96,2.183,0.6807,8.108,8.664,2.254,0.6755,100.85,42.88,1.299,PASS,0
LOT_008_DIE_00357,LOT_008,124.79,3.573,503.48,15.767,2.643,0.6664,16.02,2.659,0.664,16.85,16.947,2.712,0.6584,100.06,44.2,1.174,PASS,0
LOT_009_DIE_00358,LOT_009,125.2,3.66,476.02,12.7,2.38,0.6751,13.046,2.392,0.6694,13.869,14.936,2.439,0.6704,103.52,49.63,1.217,PASS,0
LOT_010_DIE_00359,LOT_010,124.6,3.555,489.12,13.01,2.502,0.688,13.337,2.501,0.6848,14.483,14.836,2.544,0.6817,105.75,41.19,1.274,PASS,0
LOT_011_DIE_00360,LOT_011,126.65,3.606,484.86,8.925,2.634,0.7129,9.118,2.649,0.71,9.886,10.692,2.644,0.7043,81.99,43.25,1.18,PASS,0
LOT_012_DIE_00361,LOT_012,126.13,3.63,504.43,14.455,2.404,0.7026,14.635,2.419,0.6998,16.045,16.832,2.47,0.6913,103.26,44.51,1.294,PASS,0
LOT_013_DIE_00362,LOT_013,126.89,3.598,509.92,12.712,2.55,0.7097,13.123,2.573,0.7054,14.276,14.586,2.623,0.7023,100.06,49.09,1.135,PASS,0
LOT_014_DIE_00363,LOT_014,126.89,3.565,513.01,10.347,2.466,0.7037,10.658,2.471,0.701,11.762,12.114,2.481,0.6941,98.59,46.6,1.401,PASS,0
LOT_015_DIE_00364,LOT_015,125.88,3.656,505.56,9.689,2.622,0.686,9.979,2.643,0.6839,11.514,11.979,2.646,0.6754,99.85,51.5,1.112,PASS,0
LOT_016_DIE_00365,LOT_016,123.83,3.67,523.07,8.193,2.551,0.717,8.58,2.575,0.7129,9.247,9.939,2.566,0.7046,99.82,40.23,1.305,PASS,0
LOT_017_DIE_00366,LOT_017,125.09,3.648,498.74,9.832,2.522,0.6609,10.152,2.535,0.6587,10.638,11.523,2.561,0.6521,99.11,45.39,1.218,PASS,0
LOT_018_DIE_00367,LOT_018,124.37,3.62,497.95,10.496,2.646,0.7421,11.021,2.661,0.7382,11.82,12.108,2.689,0.7325,110.97,40.8,1.21,PASS,0
LOT_019_DIE_00368,LOT_019,126.91,3.659,506.79,11.063,2.402,0.6796,11.58,2.419,0.6762,12.808,13.451,2.435,0.674,100.74,41.46,1.199,PASS,0
LOT_020_DIE_00369,LOT_020,126.53,3.568,509.21,11.424,2.572,0.7175,11.75,2.619,0.715,13.221,14.236,2.632,0.7089,93.19,41.46,1.354,PASS,0
LOT_021_DIE_00370,LOT_021,125.7,3.589,513.96,13.499,2.321,0.7111,13.696,2.335,0.7068,14.294,14.933,2.361,0.7061,99.64,45.21,1.228,PASS,0
LOT_022_DIE_00371,LOT_022,125.54,3.612,518.89,9.21,2.506,0.6605,9.578,2.524,0.6583,10.142,10.917,2.571,0.6519,91.27,44.04,1.21,PASS,0
LOT_023_DIE_00372,LOT_023,125.73,3.654,490.97,11.699,2.472,0.6931,11.777,2.516,0.6886,12.36,12.847,2.527,0.688,104.03,47.44,1.251,PASS,0
LOT_024_DIE_00373,LOT_024,125.61,3.646,475.8,9.819,2.4,0.7276,10.308,2.424,0.7227,11.112,11.56,2.45,0.7166,96.51,44.0,1.165,PASS,0
LOT_025_DIE_00374,LOT_025,124.51,3.645,505.09,11.941,2.402,0.7148,12.372,2.425,0.7127,13.586,14.012,2.417,0.7086,95.8,45.55,1.222,PASS,0
LOT_026_DIE_00375,LOT_026,125.55,3.588,493.46,40.049,3.856,0.6663,49.922,4.431,0.6331,73.064,122.334,6.369,0.5435,109.98,35.42,1.235,LATENT_CONTEXTUAL_OUTLIER,1
LOT_027_DIE_00376,LOT_027,124.92,3.649,511.8,7.839,1.986,0.6987,8.011,2.009,0.6967,7.967,8.854,2.014,0.6898,99.39,41.95,1.079,PASS,0
LOT_028_DIE_00377,LOT_028,124.52,3.599,513.05,9.756,2.662,0.681,10.403,2.687,0.6806,10.997,11.073,2.687,0.6763,98.8,50.01,1.268,PASS,0
LOT_029_DIE_00378,LOT_029,126.99,3.589,488.48,11.031,2.3,0.7083,11.251,2.331,0.704,12.363,12.969,2.281,0.6994,105.14,42.61,1.187,PASS,0
LOT_030_DIE_00379,LOT_030,125.4,3.637,520.72,7.91,2.289,0.7138,8.102,2.294,0.7091,9.185,9.682,2.338,0.7063,95.9,39.72,1.256,PASS,0
LOT_031_DIE_00380,LOT_031,123.69,3.601,492.65,12.565,2.578,0.7285,12.871,2.606,0.7262,13.304,14.191,2.59,0.7197,102.65,44.93,1.395,PASS,0
LOT_032_DIE_00381,LOT_032,124.31,3.604,501.61,11.361,2.598,0.7187,24.305,3.165,0.6889,54.492,83.715,4.921,0.6322,120.38,35.78,1.268,LATENT_DRIFT_RUNAWAY,1
LOT_033_DIE_00382,LOT_033,126.77,3.634,475.99,7.705,2.629,0.6898,8.133,2.639,0.685,8.912,9.574,2.67,0.6843,98.16,48.45,1.199,PASS,0
LOT_034_DIE_00383,LOT_034,125.93,3.619,475.24,15.607,2.273,0.6635,15.881,2.286,0.6595,17.021,17.46,2.322,0.6545,92.9,45.37,1.327,PASS,0
LOT_035_DIE_00384,LOT_035,124.07,3.64,502.67,16.139,2.602,0.7059,16.403,2.616,0.7027,17.132,18.058,2.64,0.7018,100.27,46.15,1.23,PASS,0
LOT_036_DIE_00385,LOT_036,124.74,3.58,494.43,14.547,2.403,0.6876,15.351,2.42,0.6844,16.083,16.196,2.452,0.6829,109.44,42.13,1.13,PASS,0
LOT_037_DIE_00386,LOT_037,126.94,3.648,496.79,9.421,2.512,0.7273,9.813,2.538,0.7243,10.658,11.431,2.567,0.7221,99.2,40.56,1.187,PASS,0
LOT_038_DIE_00387,LOT_038,125.79,3.65,500.33,8.215,2.656,0.7278,8.532,2.669,0.7234,9.189,9.453,2.676,0.7174,103.18,44.1,1.154,PASS,0
LOT_039_DIE_00388,LOT_039,123.81,3.61,483.58,12.513,2.318,0.7274,12.886,2.339,0.7247,13.614,14.465,2.367,0.7206,104.38,44.8,1.249,PASS,0
LOT_040_DIE_00389,LOT_040,122.53,3.636,527.37,10.536,2.272,0.7112,10.746,2.293,0.7068,11.929,12.381,2.302,0.701,96.81,46.62,1.254,PASS,0
LOT_041_DIE_00390,LOT_041,124.11,3.631,527.9,9.285,2.628,0.6863,9.628,2.644,0.6829,10.69,11.435,2.654,0.6806,108.76,43.88,1.339,PASS,0
LOT_042_DIE_00391,LOT_042,125.28,3.639,483.59,11.627,2.575,0.7293,11.874,2.584,0.7275,13.014,14.03,2.595,0.7213,97.01,45.52,1.368,PASS,0
LOT_043_DIE_00392,LOT_043,123.98,3.525,507.77,10.52,2.801,0.7652,20.861,3.094,0.7527,40.838,72.678,3.786,0.7259,116.99,34.84,1.203,THERMAL_VOLTAGE_STRESS_FAILURE,1
LOT_044_DIE_00393,LOT_044,124.69,3.68,487.22,13.244,2.563,0.7091,14.051,2.575,0.7044,15.192,15.485,2.613,0.7031,101.56,44.64,1.282,PASS,0
LOT_045_DIE_00394,LOT_045,124.82,3.63,502.08,8.321,2.455,0.7336,8.613,2.481,0.731,9.758,10.427,2.52,0.7263,100.5,51.7,1.219,PASS,0
LOT_046_DIE_00395,LOT_046,123.03,3.568,490.18,13.199,2.564,0.7125,13.704,2.592,0.7098,14.463,14.543,2.612,0.7082,99.85,40.96,1.149,PASS,0
LOT_047_DIE_00396,LOT_047,124.99,3.639,492.28,10.59,2.239,0.7161,11.134,2.264,0.7121,12.168,12.995,2.291,0.7044,88.2,47.17,1.176,PASS,0
LOT_048_DIE_00397,LOT_048,125.87,3.568,517.69,11.036,2.59,0.707,11.338,2.611,0.7049,12.014,12.433,2.629,0.6999,100.9,43.52,1.282,PASS,0
LOT_049_DIE_00398,LOT_049,124.79,3.596,492.83,11.347,2.678,0.668,11.797,2.691,0.6638,12.336,12.711,2.703,0.6597,98.61,44.4,1.27,PASS,0
LOT_050_DIE_00399,LOT_050,125.47,3.601,486.92,9.275,2.342,0.6911,9.831,2.365,0.6866,10.515,11.193,2.368,0.68,93.46,47.23,1.174,PASS,0
LOT_001_DIE_00400,LOT_001,123.86,3.64,481.14,8.448,2.369,0.7509,8.921,2.376,0.7463,9.389,10.488,2.394,0.7438,90.18,42.32,1.138,PASS,0
LOT_002_DIE_00401,LOT_002,123.46,3.625,477.4,15.115,2.72,0.7134,15.493,2.746,0.7116,16.483,16.797,2.806,0.7041,90.68,43.25,1.337,PASS,0
LOT_003_DIE_00402,LOT_003,123.97,3.566,494.04,13.68,2.573,0.7251,14.249,2.605,0.7224,14.852,15.109,2.666,0.7192,106.53,48.23,1.216,PASS,0
LOT_004_DIE_00403,LOT_004,123.91,3.605,504.25,11.099,2.491,0.7615,11.378,2.507,0.7582,11.966,13.427,2.552,0.7555,98.63,43.58,1.203,PASS,0
LOT_005_DIE_00404,LOT_005,124.88,3.648,507.57,10.121,2.45,0.7333,10.676,2.45,0.7317,11.544,12.413,2.511,0.7278,95.41,44.84,1.348,PASS,0
LOT_006_DIE_00405,LOT_006,124.94,3.523,495.94,10.418,2.716,0.7381,10.54,2.736,0.7347,10.867,11.475,2.741,0.7314,100.29,45.57,1.197,PASS,0
LOT_007_DIE_00406,LOT_007,124.99,3.589,487.31,8.112,2.387,0.6728,8.379,2.424,0.6687,9.158,9.809,2.436,0.6663,91.69,44.21,1.158,PASS,0
LOT_008_DIE_00407,LOT_008,123.72,3.665,514.73,14.345,2.471,0.7018,14.902,2.487,0.6991,15.285,15.484,2.516,0.6915,102.73,49.07,1.182,PASS,0
LOT_009_DIE_00408,LOT_009,125.24,3.558,496.9,11.494,2.53,0.6758,11.908,2.538,0.6723,12.965,13.258,2.613,0.6674,100.16,42.18,1.261,PASS,0
LOT_010_DIE_00409,LOT_010,124.76,3.588,480.43,14.074,2.67,0.6979,14.181,2.691,0.6955,15.139,15.714,2.744,0.6894,98.69,46.94,1.139,PASS,0
LOT_011_DIE_00410,LOT_011,124.62,3.621,472.47,7.648,2.733,0.7025,8.08,2.747,0.6992,9.323,9.596,2.827,0.6976,95.38,42.03,1.302,PASS,0
LOT_012_DIE_00411,LOT_012,123.79,3.571,465.94,15.585,2.71,0.6923,16.216,2.727,0.6901,17.047,17.768,2.702,0.6863,98.23,47.76,1.319,PASS,0
LOT_013_DIE_00412,LOT_013,123.24,3.594,522.99,13.93,2.477,0.7301,14.41,2.496,0.728,14.681,15.239,2.528,0.7221,102.87,46.07,1.215,PASS,0
LOT_014_DIE_00413,LOT_014,126.72,3.548,525.89,11.164,2.503,0.7154,11.618,2.52,0.7126,12.628,12.836,2.546,0.7098,98.58,45.53,1.192,PASS,0
LOT_015_DIE_00414,LOT_015,125.74,3.622,510.35,8.332,2.271,0.691,8.555,2.295,0.6871,9.714,9.906,2.315,0.6811,102.66,46.84,1.096,PASS,0
LOT_016_DIE_00415,LOT_016,123.29,3.567,506.94,8.65,2.344,0.7035,9.23,2.383,0.702,9.775,10.276,2.362,0.695,99.09,42.05,1.287,PASS,0
LOT_017_DIE_00416,LOT_017,126.0,3.628,513.35,7.821,2.673,0.695,8.216,2.691,0.6925,8.864,9.667,2.713,0.6876,101.72,42.74,1.237,PASS,0
LOT_018_DIE_00417,LOT_018,123.71,3.637,495.68,11.112,2.265,0.7157,11.636,2.289,0.7132,12.403,12.371,2.272,0.7038,104.97,42.16,1.306,PASS,0
LOT_019_DIE_00418,LOT_019,124.88,3.612,526.37,8.931,2.524,0.6979,9.426,2.539,0.6953,10.361,11.112,2.6,0.6923,92.9,45.22,1.332,PASS,0
LOT_020_DIE_00419,LOT_020,125.88,3.647,507.12,9.55,2.414,0.738,10.107,2.427,0.7344,10.916,11.364,2.477,0.7297,99.16,41.18,1.239,PASS,0
LOT_021_DIE_00420,LOT_021,123.98,3.557,507.22,13.4,2.237,0.7108,13.917,2.27,0.7088,14.503,15.17,2.284,0.7046,101.87,48.12,1.301,PASS,0
LOT_022_DIE_00421,LOT_022,123.81,3.615,510.4,9.876,2.575,0.6953,10.275,2.574,0.6935,11.216,11.925,2.636,0.6836,95.07,45.79,1.34,PASS,0
LOT_023_DIE_00422,LOT_023,127.05,3.557,491.17,9.963,2.591,0.6693,10.065,2.615,0.6666,10.741,11.329,2.643,0.6634,103.26,44.23,1.327,PASS,0
LOT_024_DIE_00423,LOT_024,124.79,3.598,475.68,12.099,2.63,0.7043,12.551,2.649,0.7,12.786,14.18,2.663,0.6955,98.65,44.5,1.435,PASS,0
LOT_025_DIE_00424,LOT_025,124.43,3.632,487.55,11.371,2.58,0.737,11.915,2.594,0.7322,12.89,13.372,2.611,0.7306,96.24,49.25,1.316,PASS,0
LOT_026_DIE_00425,LOT_026,122.66,3.577,494.07,13.882,2.516,0.7292,14.124,2.546,0.7255,15.068,15.585,2.607,0.7226,103.83,45.45,1.107,PASS,0
LOT_027_DIE_00426,LOT_027,123.45,3.656,510.98,7.467,2.332,0.7291,7.625,2.358,0.7277,8.396,8.859,2.392,0.7195,101.47,45.41,1.354,PASS,0
LOT_028_DIE_00427,LOT_028,125.19,3.599,518.17,13.299,2.469,0.6701,13.733,2.488,0.6661,14.617,14.797,2.535,0.6608,95.5,44.97,1.293,PASS,0
LOT_029_DIE_00428,LOT_029,127.24,3.584,490.75,12.137,2.38,0.6971,12.636,2.406,0.6917,13.472,13.737,2.397,0.6899,103.29,45.16,1.399,PASS,0
LOT_030_DIE_00429,LOT_030,123.95,3.657,488.37,7.386,2.573,0.6882,7.763,2.59,0.6864,8.208,9.031,2.597,0.6769,98.22,43.81,1.259,PASS,0
LOT_031_DIE_00430,LOT_031,125.23,3.643,504.62,12.825,2.738,0.7285,12.989,2.759,0.7256,13.191,13.471,2.763,0.7221,101.89,45.29,1.262,PASS,0
LOT_032_DIE_00431,LOT_032,124.01,3.655,471.28,10.031,2.721,0.6566,10.414,2.74,0.6535,11.601,12.01,2.748,0.6484,89.97,46.46,1.306,PASS,0
LOT_033_DIE_00432,LOT_033,125.56,3.568,487.59,8.322,2.442,0.6881,8.614,2.46,0.6848,9.493,10.172,2.497,0.6811,105.17,46.15,1.355,PASS,0
LOT_034_DIE_00433,LOT_034,122.9,3.587,470.0,12.615,2.256,0.6932,13.122,2.284,0.6896,13.722,14.447,2.303,0.6831,104.9,43.33,1.138,PASS,0
LOT_035_DIE_00434,LOT_035,124.24,3.596,516.04,13.276,2.433,0.7164,13.7,2.454,0.7134,14.519,15.233,2.485,0.7077,95.17,43.32,1.233,PASS,0
LOT_036_DIE_00435,LOT_036,125.76,3.569,501.48,13.068,2.549,0.6923,13.33,2.559,0.69,14.3,14.815,2.59,0.6873,106.08,48.42,1.113,PASS,0
LOT_037_DIE_00436,LOT_037,124.06,3.575,501.01,9.761,2.193,0.7399,10.268,2.2,0.7369,10.923,11.156,2.253,0.7303,98.06,38.51,1.243,PASS,0
LOT_038_DIE_00437,LOT_038,125.73,3.585,523.56,8.4,2.249,0.7304,9.05,2.265,0.7267,9.888,10.269,2.316,0.724,110.3,48.16,1.329,PASS,0
LOT_039_DIE_00438,LOT_039,125.02,3.624,491.88,13.105,2.304,0.7252,13.77,2.334,0.7219,14.531,15.274,2.379,0.718,107.83,48.92,1.226,PASS,0
LOT_040_DIE_00439,LOT_040,124.14,3.638,528.08,9.624,2.527,0.722,9.774,2.548,0.718,10.751,11.469,2.608,0.7114,107.32,44.63,1.181,PASS,0
LOT_041_DIE_00440,LOT_041,124.62,3.61,510.54,7.882,2.465,0.6916,8.175,2.5,0.688,9.402,10.107,2.523,0.6845,87.2,48.33,1.133,PASS,0
LOT_042_DIE_00441,LOT_042,124.78,3.623,496.18,13.539,2.693,0.7429,26.661,3.131,0.7302,51.215,91.825,4.338,0.6958,119.7,39.64,1.22,THERMAL_VOLTAGE_STRESS_FAILURE,1
LOT_043_DIE_00442,LOT_043,127.12,3.579,499.54,7.467,2.431,0.7206,7.831,2.441,0.7177,8.745,9.247,2.504,0.7092,113.67,42.82,1.295,PASS,0
LOT_044_DIE_00443,LOT_044,126.12,3.563,492.64,14.895,2.484,0.709,15.372,2.515,0.7063,16.397,17.127,2.514,0.7004,95.24,43.66,1.273,PASS,0
LOT_045_DIE_00444,LOT_045,124.43,3.634,487.16,10.353,2.879,0.7376,10.834,2.893,0.7327,12.117,12.37,2.967,0.7292,94.48,43.9,1.227,PASS,0
LOT_046_DIE_00445,LOT_046,124.19,3.619,472.67,12.797,2.534,0.7003,13.377,2.544,0.6959,14.016,14.838,2.586,0.6919,103.98,42.18,1.225,PASS,0
LOT_047_DIE_00446,LOT_047,126.11,3.522,490.71,10.823,2.659,0.6828,11.6,2.684,0.6798,12.118,13.078,2.727,0.6738,100.37,43.09,1.276,PASS,0
LOT_048_DIE_00447,LOT_048,125.84,3.658,501.4,11.006,2.593,0.7001,11.339,2.607,0.6979,12.772,12.851,2.664,0.6909,104.77,43.27,1.188,PASS,0
LOT_049_DIE_00448,LOT_049,125.8,3.575,503.19,13.53,2.606,0.6759,13.922,2.63,0.6707,14.839,15.49,2.605,0.6674,96.82,43.43,1.233,PASS,0
LOT_050_DIE_00449,LOT_050,124.69,3.562,507.8,11.126,2.614,0.6845,20.135,3.105,0.6557,50.383,91.685,4.346,0.5988,118.51,38.41,1.206,LATENT_DRIFT_RUNAWAY,1
LOT_001_DIE_00450,LOT_001,124.88,3.57,489.72,10.766,2.487,0.7322,24.587,3.034,0.7144,45.746,92.403,4.576,0.658,111.01,39.55,1.147,LATENT_DRIFT_RUNAWAY,1
LOT_002_DIE_00451,LOT_002,124.64,3.562,514.64,14.707,2.379,0.7353,15.026,2.391,0.7311,16.333,16.686,2.425,0.7266,106.11,43.23,1.182,PASS,0
LOT_003_DIE_00452,LOT_003,125.28,3.619,493.61,11.86,2.578,0.7687,12.343,2.594,0.7663,12.831,12.961,2.636,0.7624,107.33,41.48,1.127,PASS,0
LOT_004_DIE_00453,LOT_004,125.32,3.64,503.52,12.599,2.738,0.7132,12.861,2.757,0.7101,13.408,14.565,2.782,0.7063,105.0,47.64,1.267,PASS,0
LOT_005_DIE_00454,LOT_005,127.9,3.543,521.29,9.264,2.595,0.7084,9.324,2.611,0.705,10.44,10.918,2.666,0.7017,93.86,43.3,1.265,PASS,0
LOT_006_DIE_00455,LOT_006,127.88,3.582,460.94,8.336,2.545,0.7271,8.549,2.58,0.7242,8.926,9.284,2.597,0.7207,98.52,46.77,1.237,PASS,0
LOT_007_DIE_00456,LOT_007,124.74,3.645,503.19,8.621,2.728,0.6916,9.252,2.754,0.6905,10.289,11.178,2.777,0.6831,99.43,44.04,1.176,PASS,0
LOT_008_DIE_00457,LOT_008,125.32,3.56,522.42,15.784,2.401,0.7165,16.336,2.418,0.716,16.733,17.173,2.466,0.707,100.82,44.92,1.116,PASS,0
LOT_009_DIE_00458,LOT_009,124.75,3.701,486.87,11.958,2.38,0.6846,12.358,2.412,0.6831,13.349,14.0,2.442,0.6766,93.28,42.31,1.166,PASS,0
LOT_010_DIE_00459,LOT_010,125.81,3.597,487.56,11.393,2.558,0.7091,11.795,2.582,0.7073,12.501,13.118,2.637,0.7011,97.9,50.16,1.218,PASS,0
LOT_011_DIE_00460,LOT_011,125.44,3.637,495.65,7.143,2.325,0.6814,7.607,2.351,0.6778,8.237,8.785,2.362,0.6711,97.71,47.62,1.312,PASS,0
LOT_012_DIE_00461,LOT_012,124.41,3.534,473.38,41.461,3.923,0.6718,55.752,4.434,0.6293,78.047,118.378,6.261,0.5622,116.75,35.6,1.226,LATENT_CONTEXTUAL_OUTLIER,1
LOT_013_DIE_00462,LOT_013,123.86,3.611,500.38,16.375,2.578,0.7355,16.438,2.593,0.733,17.865,18.668,2.595,0.7266,102.29,49.7,1.28,PASS,0
LOT_014_DIE_00463,LOT_014,125.2,3.619,496.16,11.722,2.21,0.7186,12.131,2.219,0.7151,12.787,13.401,2.233,0.7136,94.66,45.9,1.349,PASS,0
LOT_015_DIE_00464,LOT_015,125.35,3.554,481.71,15.079,2.504,0.7012,26.824,2.73,0.6839,54.868,99.34,4.157,0.64,107.97,33.68,1.157,THERMAL_VOLTAGE_STRESS_FAILURE,1
LOT_016_DIE_00465,LOT_016,123.26,3.591,518.9,8.88,2.575,0.7416,9.042,2.576,0.7387,9.702,10.251,2.651,0.7339,113.92,45.7,1.343,PASS,0
LOT_017_DIE_00466,LOT_017,127.29,3.606,514.47,9.244,2.464,0.696,9.632,2.488,0.6912,10.563,10.938,2.492,0.6855,96.24,41.47,1.188,PASS,0
LOT_018_DIE_00467,LOT_018,125.39,3.636,484.36,12.498,2.643,0.7269,12.922,2.661,0.725,13.484,14.358,2.69,0.7174,93.11,45.8,1.31,PASS,0
LOT_019_DIE_00468,LOT_019,123.25,3.636,528.96,10.532,2.456,0.6558,10.983,2.45,0.6518,11.324,12.577,2.513,0.6458,103.31,46.75,1.273,PASS,0
LOT_020_DIE_00469,LOT_020,125.72,3.68,481.86,10.024,2.312,0.7394,10.417,2.33,0.7373,11.142,11.898,2.355,0.7286,92.07,43.05,1.233,PASS,0
LOT_021_DIE_00470,LOT_021,122.86,3.598,527.62,12.115,2.584,0.7432,12.835,2.593,0.7412,13.656,14.461,2.587,0.7339,105.14,45.04,1.276,PASS,0
LOT_022_DIE_00471,LOT_022,126.22,3.608,524.54,10.532,2.752,0.6993,10.726,2.77,0.6963,11.575,12.021,2.806,0.6933,98.38,47.49,1.17,PASS,0
LOT_023_DIE_00472,LOT_023,125.94,3.556,491.02,9.732,2.538,0.6967,10.247,2.56,0.6937,10.853,11.615,2.559,0.6874,100.53,41.22,1.243,PASS,0
LOT_024_DIE_00473,LOT_024,122.52,3.64,488.27,11.673,2.39,0.7359,11.892,2.406,0.7319,12.8,13.036,2.412,0.7272,103.75,45.08,1.271,PASS,0
LOT_025_DIE_00474,LOT_025,124.6,3.58,486.01,10.056,2.648,0.7087,10.499,2.664,0.705,11.248,11.757,2.698,0.7036,99.33,45.1,1.195,PASS,0
LOT_026_DIE_00475,LOT_026,125.44,3.644,497.16,12.908,2.414,0.7291,13.303,2.422,0.7266,13.694,14.729,2.475,0.7178,89.33,42.71,1.253,PASS,0
LOT_027_DIE_00476,LOT_027,125.54,3.617,519.08,10.488,2.594,0.7424,10.926,2.626,0.7417,11.722,12.322,2.665,0.739,98.13,49.45,1.359,PASS,0
LOT_028_DIE_00477,LOT_028,123.7,3.578,520.8,10.609,2.31,0.6918,11.028,2.328,0.6877,11.937,12.819,2.347,0.683,99.8,42.89,1.325,PASS,0
LOT_029_DIE_00478,LOT_029,123.38,3.574,470.36,8.928,2.626,0.7131,9.497,2.635,0.7085,10.27,10.632,2.681,0.7048,93.39,41.77,1.291,PASS,0
LOT_030_DIE_00479,LOT_030,123.97,3.582,504.91,9.903,2.53,0.6767,10.544,2.53,0.673,11.245,12.067,2.592,0.6719,92.24,48.54,1.247,PASS,0
LOT_031_DIE_00480,LOT_031,124.58,3.566,504.46,10.055,2.402,0.7265,10.488,2.427,0.7239,11.549,11.955,2.474,0.718,96.51,51.5,1.355,PASS,0
LOT_032_DIE_00481,LOT_032,123.23,3.637,489.03,6.888,2.546,0.7232,7.051,2.564,0.7208,8.115,8.954,2.578,0.7119,98.97,40.91,1.168,PASS,0
LOT_033_DIE_00482,LOT_033,125.45,3.587,490.24,8.077,2.558,0.7203,8.366,2.59,0.7191,9.0,10.179,2.597,0.7111,101.98,48.36,1.324,PASS,0
LOT_034_DIE_00483,LOT_034,125.76,3.544,492.33,14.539,2.445,0.672,15.167,2.466,0.6687,16.231,16.924,2.487,0.6612,102.86,46.57,1.332,PASS,0
LOT_035_DIE_00484,LOT_035,125.8,3.67,521.82,13.226,2.417,0.6709,13.79,2.453,0.6703,14.986,15.727,2.445,0.6624,95.41,43.07,1.29,PASS,0
LOT_036_DIE_00485,LOT_036,124.88,3.591,492.0,12.856,2.614,0.6954,13.189,2.627,0.6922,14.382,14.824,2.669,0.6835,96.5,45.35,1.263,PASS,0
LOT_037_DIE_00486,LOT_037,125.61,3.583,496.0,9.951,2.667,0.7125,10.527,2.671,0.7089,11.435,12.53,2.735,0.7053,96.4,44.57,1.114,PASS,0
LOT_038_DIE_00487,LOT_038,123.61,3.566,501.11,10.22,2.45,0.7442,10.807,2.491,0.7412,11.895,12.433,2.492,0.7353,95.12,42.87,1.371,PASS,0
LOT_039_DIE_00488,LOT_039,122.87,3.667,491.72,12.407,2.611,0.7223,12.769,2.624,0.7211,13.487,14.502,2.663,0.7125,98.41,44.11,1.304,PASS,0
LOT_040_DIE_00489,LOT_040,124.09,3.589,524.28,12.849,2.36,0.6955,13.259,2.382,0.6933,13.908,14.464,2.372,0.6864,98.74,49.39,1.237,PASS,0
LOT_041_DIE_00490,LOT_041,125.68,3.556,523.05,8.992,2.567,0.6749,9.568,2.596,0.673,10.317,10.886,2.637,0.6646,97.35,44.43,1.125,PASS,0
LOT_042_DIE_00491,LOT_042,125.44,3.595,493.81,13.65,2.314,0.7234,14.253,2.323,0.721,14.823,15.632,2.32,0.7138,103.26,48.45,1.266,PASS,0
LOT_043_DIE_00492,LOT_043,126.7,3.681,509.78,8.802,2.631,0.7359,8.942,2.636,0.732,10.249,11.193,2.643,0.7289,101.31,42.53,1.136,PASS,0
LOT_044_DIE_00493,LOT_044,125.56,3.573,502.45,12.222,2.455,0.7044,12.332,2.475,0.7029,13.091,13.843,2.511,0.6956,97.06,42.39,1.313,PASS,0
LOT_045_DIE_00494,LOT_045,123.21,3.57,475.79,10.267,2.626,0.7194,10.593,2.649,0.7173,11.558,12.495,2.659,0.7129,100.08,42.39,1.117,PASS,0
LOT_046_DIE_00495,LOT_046,127.39,3.562,477.86,11.872,2.201,0.7109,12.233,2.223,0.708,13.064,13.538,2.241,0.7048,100.14,49.86,1.176,PASS,0
LOT_047_DIE_00496,LOT_047,124.71,3.557,493.86,10.621,2.311,0.689,11.11,2.328,0.6854,12.195,12.885,2.353,0.6817,101.25,47.71,1.219,PASS,0
LOT_048_DIE_00497,LOT_048,127.29,3.636,507.58,12.074,2.383,0.6926,12.303,2.409,0.69,13.095,13.648,2.417,0.6856,99.08,49.13,1.214,PASS,0
LOT_049_DIE_00498,LOT_049,126.13,3.552,479.97,12.488,2.615,0.6539,12.995,2.623,0.6511,14.137,15.011,2.692,0.6481,106.39,42.68,1.2,PASS,0
LOT_050_DIE_00499,LOT_050,124.26,3.678,480.04,10.285,2.563,0.7066,10.571,2.568,0.7026,11.459,12.08,2.629,0.6966,102.7,43.74,1.288,PASS,0
LOT_001_DIE_00500,LOT_001,124.79,3.619,502.17,11.01,2.498,0.7257,11.686,2.515,0.7223,12.616,13.517,2.565,0.7201,108.6,43.46,1.353,PASS,0
LOT_002_DIE_00501,LOT_002,123.08,3.574,521.23,15.815,2.848,0.7049,16.329,2.876,0.7021,17.53,17.912,2.908,0.6955,109.42,42.18,1.171,PASS,0
LOT_003_DIE_00502,LOT_003,126.15,3.56,505.94,12.374,2.447,0.73,12.776,2.486,0.727,13.715,14.128,2.465,0.7229,106.88,42.86,1.304,PASS,0
LOT_004_DIE_00503,LOT_004,126.38,3.618,514.34,11.946,2.494,0.7085,12.256,2.515,0.7051,13.481,13.564,2.548,0.7012,93.41,44.34,1.136,PASS,0
LOT_005_DIE_00504,LOT_005,125.31,3.524,501.03,34.33,3.349,0.6813,46.651,4.454,0.6405,66.882,121.356,5.595,0.5537,118.82,39.8,1.234,LATENT_CONTEXTUAL_OUTLIER,1
LOT_006_DIE_00505,LOT_006,124.53,3.533,481.47,10.837,2.715,0.722,11.406,2.723,0.7176,12.309,12.999,2.731,0.7127,97.0,46.95,1.245,PASS,0
LOT_007_DIE_00506,LOT_007,124.27,3.537,491.13,7.874,2.527,0.7021,8.341,2.55,0.6987,8.593,9.098,2.547,0.6949,102.19,44.25,1.098,PASS,0
LOT_008_DIE_00507,LOT_008,125.82,3.557,524.0,16.597,2.578,0.6605,16.943,2.604,0.6579,18.009,18.97,2.614,0.6524,110.58,41.42,1.096,PASS,0
LOT_009_DIE_00508,LOT_009,125.73,3.598,488.42,12.276,2.878,0.7094,12.529,2.908,0.7059,13.506,13.689,2.937,0.702,96.19,46.94,1.238,PASS,0
LOT_010_DIE_00509,LOT_010,122.25,3.556,467.38,13.368,2.422,0.6914,13.547,2.41,0.6869,14.116,14.932,2.443,0.6815,99.64,44.55,1.175,PASS,0
LOT_011_DIE_00510,LOT_011,124.98,3.579,499.76,9.043,2.658,0.7089,21.421,3.202,0.6932,54.022,89.728,4.562,0.6623,118.44,34.25,1.241,LATENT_DRIFT_RUNAWAY,1
LOT_012_DIE_00511,LOT_012,123.86,3.553,482.01,13.078,2.318,0.727,13.473,2.334,0.7234,14.591,15.764,2.402,0.7182,100.47,41.32,1.118,PASS,0
LOT_013_DIE_00512,LOT_013,125.31,3.634,525.22,12.64,2.545,0.7214,12.98,2.564,0.7174,13.97,14.452,2.557,0.7128,89.61,43.04,1.25,PASS,0
LOT_014_DIE_00513,LOT_014,125.04,3.655,512.14,8.153,2.26,0.6997,8.596,2.278,0.6956,9.7,10.531,2.321,0.6923,94.72,43.17,1.166,PASS,0
LOT_015_DIE_00514,LOT_015,124.2,3.554,501.79,6.082,2.551,0.7076,6.271,2.563,0.7043,7.154,7.78,2.585,0.7009,102.09,42.66,1.27,PASS,0
LOT_016_DIE_00515,LOT_016,126.75,3.607,520.39,8.38,2.187,0.7245,8.534,2.218,0.7208,8.898,9.461,2.237,0.7183,99.82,47.85,1.302,PASS,0
LOT_017_DIE_00516,LOT_017,122.2,3.566,504.17,9.058,2.315,0.6933,9.461,2.328,0.6911,10.581,10.794,2.391,0.6859,100.32,45.8,1.258,PASS,0
LOT_018_DIE_00517,LOT_018,124.45,3.587,494.0,12.918,2.116,0.735,13.385,2.111,0.7331,14.047,14.778,2.162,0.7267,94.28,45.3,1.473,PASS,0
LOT_019_DIE_00518,LOT_019,125.95,3.561,513.96,11.314,2.439,0.6803,11.685,2.467,0.6768,12.383,12.818,2.523,0.6753,106.81,45.12,1.274,PASS,0
LOT_020_DIE_00519,LOT_020,125.22,3.568,489.72,9.577,2.5,0.7499,9.735,2.542,0.7467,10.42,10.813,2.532,0.7439,103.47,47.35,1.238,PASS,0
LOT_021_DIE_00520,LOT_021,123.61,3.598,508.94,45.704,3.913,0.6827,59.306,4.901,0.6448,82.287,150.991,6.085,0.5895,118.45,36.5,1.295,LATENT_CONTEXTUAL_OUTLIER,1
LOT_022_DIE_00521,LOT_022,124.48,3.638,517.8,10.991,2.473,0.7013,11.59,2.492,0.6975,12.242,12.62,2.497,0.6928,94.11,46.08,1.339,PASS,0
LOT_023_DIE_00522,LOT_023,125.91,3.58,490.06,9.277,2.389,0.6969,9.28,2.404,0.6937,10.321,10.882,2.413,0.6906,107.76,45.66,1.263,PASS,0
LOT_024_DIE_00523,LOT_024,125.27,3.533,494.31,9.511,2.352,0.7272,10.044,2.374,0.725,10.824,10.934,2.398,0.7171,99.07,50.43,1.366,PASS,0
LOT_025_DIE_00524,LOT_025,122.99,3.592,492.64,10.285,2.631,0.727,10.572,2.642,0.7254,11.551,11.874,2.707,0.7216,102.22,41.18,1.189,PASS,0
LOT_026_DIE_00525,LOT_026,126.16,3.555,497.82,12.776,2.529,0.7154,12.948,2.537,0.7109,14.0,14.913,2.59,0.7083,85.27,49.01,1.289,PASS,0
LOT_027_DIE_00526,LOT_027,125.4,3.642,506.58,9.641,2.283,0.7187,9.868,2.316,0.714,10.819,11.024,2.307,0.7102,102.93,45.13,1.142,PASS,0
LOT_028_DIE_00527,LOT_028,122.79,3.644,524.13,12.017,2.508,0.6943,12.574,2.539,0.6904,13.132,13.645,2.544,0.6844,100.9,41.64,1.173,PASS,0
LOT_029_DIE_00528,LOT_029,123.58,3.602,478.55,13.988,2.307,0.7221,14.101,2.336,0.718,14.872,15.275,2.327,0.718,100.84,44.01,1.096,PASS,0
LOT_030_DIE_00529,LOT_030,126.04,3.522,524.03,11.081,2.528,0.6679,11.633,2.547,0.665,12.647,13.423,2.555,0.6605,98.19,45.45,0.98,PASS,0
LOT_031_DIE_00530,LOT_031,124.46,3.595,498.07,13.747,2.402,0.7263,14.066,2.415,0.7231,14.749,15.124,2.467,0.719,94.17,49.64,1.249,PASS,0
LOT_032_DIE_00531,LOT_032,124.13,3.618,482.99,9.81,2.752,0.7323,10.135,2.778,0.7288,10.982,11.874,2.824,0.7246,99.62,40.85,1.319,PASS,0
LOT_033_DIE_00532,LOT_033,121.68,3.651,513.33,7.319,2.598,0.701,7.55,2.623,0.6985,8.691,9.227,2.639,0.6899,98.78,46.26,1.239,PASS,0
LOT_034_DIE_00533,LOT_034,124.04,3.651,492.47,13.608,2.602,0.6792,13.995,2.595,0.6762,14.827,15.381,2.641,0.6724,101.4,47.02,1.338,PASS,0
LOT_035_DIE_00534,LOT_035,126.48,3.582,519.72,15.179,2.573,0.7106,15.517,2.6,0.707,16.286,16.66,2.607,0.7016,95.33,46.01,1.208,PASS,0
LOT_036_DIE_00535,LOT_036,124.33,3.579,479.27,12.701,2.792,0.7105,13.22,2.824,0.7057,13.639,13.972,2.826,0.7035,96.39,39.56,1.171,PASS,0
LOT_037_DIE_00536,LOT_037,124.34,3.549,497.62,9.07,2.45,0.698,9.48,2.463,0.6952,10.298,10.853,2.516,0.6907,102.07,45.77,1.33,PASS,0
LOT_038_DIE_00537,LOT_038,125.95,3.618,517.26,8.855,2.601,0.7063,9.117,2.625,0.703,10.507,11.0,2.623,0.7003,99.61,43.71,1.212,PASS,0
LOT_039_DIE_00538,LOT_039,125.04,3.649,499.06,16.893,2.863,0.7131,30.909,3.251,0.6958,55.116,99.257,3.949,0.6472,110.94,38.89,1.329,THERMAL_VOLTAGE_STRESS_FAILURE,1
LOT_040_DIE_00539,LOT_040,123.97,3.604,516.6,14.054,3.292,0.6973,25.254,3.589,0.6831,42.43,83.147,4.438,0.6511,117.39,36.93,1.136,THERMAL_VOLTAGE_STRESS_FAILURE,1
LOT_041_DIE_00540,LOT_041,123.29,3.613,513.25,8.016,2.617,0.6679,8.214,2.639,0.6641,9.053,9.647,2.661,0.6579,96.36,44.62,1.211,PASS,0
LOT_042_DIE_00541,LOT_042,124.88,3.574,479.27,11.924,2.586,0.7112,12.499,2.603,0.7067,13.186,13.308,2.644,0.7027,98.49,47.1,1.265,PASS,0
LOT_043_DIE_00542,LOT_043,125.73,3.584,502.47,7.535,2.293,0.7253,7.662,2.319,0.7224,9.081,9.417,2.343,0.7203,106.64,38.3,1.374,PASS,0
LOT_044_DIE_00543,LOT_044,124.92,3.545,497.97,13.995,2.624,0.7281,14.114,2.638,0.7259,14.306,14.731,2.723,0.7189,102.94,46.09,1.204,PASS,0
LOT_045_DIE_00544,LOT_045,123.19,3.683,495.73,9.728,2.392,0.7234,10.414,2.415,0.72,10.69,11.368,2.443,0.714,99.51,41.21,1.246,PASS,0
LOT_046_DIE_00545,LOT_046,124.3,3.575,493.55,11.689,2.527,0.713,12.289,2.56,0.7101,13.008,13.593,2.572,0.7059,109.31,45.31,1.338,PASS,0
LOT_047_DIE_00546,LOT_047,124.58,3.614,523.17,9.694,2.575,0.7309,10.13,2.605,0.728,10.712,10.723,2.623,0.721,96.83,46.43,1.318,PASS,0
LOT_048_DIE_00547,LOT_048,126.92,3.575,484.4,12.815,2.709,0.729,13.338,2.736,0.7246,13.901,14.473,2.765,0.7192,107.26,42.63,1.35,PASS,0
LOT_049_DIE_00548,LOT_049,124.89,3.558,488.9,11.031,2.664,0.6647,11.513,2.672,0.6616,12.719,13.739,2.713,0.6617,100.36,47.7,1.266,PASS,0
LOT_050_DIE_00549,LOT_050,124.67,3.649,483.95,9.166,2.569,0.6799,9.514,2.595,0.6759,10.535,10.861,2.613,0.6739,100.06,47.17,1.119,PASS,0
LOT_001_DIE_00550,LOT_001,128.03,3.595,475.12,10.721,2.403,0.7432,10.912,2.435,0.7417,11.649,12.016,2.46,0.7355,102.3,49.9,1.314,PASS,0
LOT_002_DIE_00551,LOT_002,124.65,3.587,518.71,14.577,2.354,0.7592,14.611,2.367,0.7568,16.126,16.997,2.434,0.7518,99.75,44.37,1.233,PASS,0
LOT_003_DIE_00552,LOT_003,125.73,3.597,503.54,14.592,2.508,0.723,15.177,2.528,0.7204,15.597,16.745,2.573,0.7133,106.8,41.41,1.164,PASS,0
LOT_004_DIE_00553,LOT_004,125.77,3.565,494.43,13.982,2.406,0.7352,14.504,2.434,0.7327,14.863,15.254,2.423,0.7272,100.08,44.09,1.162,PASS,0
LOT_005_DIE_00554,LOT_005,123.85,3.601,505.24,10.236,2.718,0.7126,10.919,2.751,0.7095,11.971,12.484,2.728,0.7077,93.75,43.37,1.357,PASS,0
LOT_006_DIE_00555,LOT_006,125.43,3.534,505.47,9.738,2.612,0.7239,10.068,2.644,0.721,11.547,12.001,2.685,0.7153,95.77,49.36,1.233,PASS,0
LOT_007_DIE_00556,LOT_007,123.8,3.528,483.23,9.422,2.611,0.681,9.916,2.633,0.6775,10.756,11.141,2.612,0.675,95.52,44.82,1.255,PASS,0
LOT_008_DIE_00557,LOT_008,124.09,3.599,509.05,13.887,2.483,0.7049,14.403,2.507,0.7049,15.227,15.753,2.546,0.6939,100.48,49.32,1.283,PASS,0
LOT_009_DIE_00558,LOT_009,125.29,3.64,519.83,12.403,2.485,0.6667,12.89,2.495,0.6639,14.319,15.195,2.524,0.6591,98.42,44.37,1.178,PASS,0
LOT_010_DIE_00559,LOT_010,124.54,3.597,476.96,10.832,2.434,0.6825,11.19,2.447,0.6784,12.548,13.042,2.453,0.6715,90.67,43.1,1.388,PASS,0
LOT_011_DIE_00560,LOT_011,123.21,3.541,491.24,10.185,2.831,0.7131,10.494,2.842,0.7092,11.357,12.074,2.909,0.7055,107.14,43.6,1.165,PASS,0
LOT_012_DIE_00561,LOT_012,125.59,3.555,494.67,16.855,2.919,0.6856,28.569,3.42,0.6675,47.58,76.943,5.204,0.6188,110.12,38.92,1.208,LATENT_DRIFT_RUNAWAY,1
LOT_013_DIE_00562,LOT_013,124.65,3.608,513.6,14.661,2.474,0.7621,15.357,2.481,0.7589,15.973,16.974,2.548,0.7519,104.43,42.28,1.27,PASS,0
LOT_014_DIE_00563,LOT_014,124.92,3.511,515.69,9.998,2.751,0.6985,10.497,2.763,0.6959,10.869,11.42,2.795,0.6899,100.4,45.1,1.311,PASS,0
LOT_015_DIE_00564,LOT_015,124.28,3.591,521.5,9.213,2.584,0.7134,23.65,2.969,0.6901,43.787,80.309,4.339,0.6359,116.98,35.93,1.262,LATENT_DRIFT_RUNAWAY,1
LOT_016_DIE_00565,LOT_016,123.16,3.705,503.37,8.37,2.486,0.6684,8.476,2.509,0.6656,9.619,10.043,2.529,0.6618,93.95,43.4,1.286,PASS,0
LOT_017_DIE_00566,LOT_017,125.17,3.64,520.88,11.244,2.499,0.687,11.71,2.533,0.6828,12.315,12.704,2.528,0.6776,106.88,43.21,1.028,PASS,0
LOT_018_DIE_00567,LOT_018,124.53,3.619,486.78,10.354,2.67,0.7151,10.857,2.69,0.7132,11.47,12.31,2.715,0.7051,101.76,48.76,1.152,PASS,0
LOT_019_DIE_00568,LOT_019,125.26,3.529,517.41,11.527,2.413,0.6887,11.775,2.443,0.6862,12.461,13.201,2.424,0.679,101.82,42.3,1.168,PASS,0
LOT_020_DIE_00569,LOT_020,125.15,3.627,497.88,11.113,2.407,0.7291,11.343,2.421,0.7269,12.258,13.018,2.465,0.7213,104.18,38.59,1.079,PASS,0
LOT_021_DIE_00570,LOT_021,126.23,3.655,508.21,12.588,2.573,0.7159,12.978,2.583,0.7133,14.046,14.197,2.642,0.711,94.78,45.46,1.424,PASS,0
LOT_022_DIE_00571,LOT_022,124.98,3.593,520.18,10.0,2.599,0.6663,10.013,2.626,0.6639,10.508,11.105,2.627,0.6592,95.69,45.21,1.2,PASS,0
LOT_023_DIE_00572,LOT_023,126.8,3.599,493.49,8.591,2.743,0.6922,8.718,2.774,0.6897,9.788,10.062,2.797,0.6866,93.17,45.47,1.109,PASS,0
LOT_024_DIE_00573,LOT_024,125.36,3.546,467.11,12.95,2.473,0.7104,13.335,2.493,0.7077,13.617,14.133,2.546,0.7052,93.74,41.89,1.256,PASS,0
LOT_025_DIE_00574,LOT_025,125.31,3.609,483.36,11.688,2.372,0.7228,12.138,2.398,0.7211,13.627,14.643,2.463,0.7153,95.58,46.75,1.21,PASS,0
LOT_026_DIE_00575,LOT_026,125.48,3.573,506.05,14.049,2.654,0.7028,14.206,2.685,0.6987,14.983,15.626,2.721,0.6944,101.91,50.66,1.182,PASS,0
LOT_027_DIE_00576,LOT_027,124.48,3.562,505.02,10.986,2.429,0.7037,11.414,2.449,0.7018,12.079,13.237,2.472,0.6987,98.13,45.11,1.227,PASS,0
LOT_028_DIE_00577,LOT_028,124.1,3.56,511.74,13.899,2.847,0.6713,25.835,3.213,0.6552,55.265,103.05,4.473,0.6236,104.29,41.76,1.227,LATENT_DRIFT_RUNAWAY,1
LOT_029_DIE_00578,LOT_029,126.07,3.621,479.74,11.998,2.5,0.7049,12.145,2.522,0.7021,13.24,13.763,2.536,0.6964,92.09,43.06,1.259,PASS,0
LOT_030_DIE_00579,LOT_030,123.39,3.605,497.12,9.299,2.737,0.6715,9.709,2.756,0.6693,10.35,10.993,2.766,0.6619,96.36,43.15,1.428,PASS,0
LOT_031_DIE_00580,LOT_031,126.11,3.54,506.17,11.998,2.641,0.735,12.623,2.648,0.7317,13.082,13.797,2.698,0.7276,109.66,47.18,1.203,PASS,0
LOT_032_DIE_00581,LOT_032,124.63,3.606,489.69,9.275,2.419,0.6969,9.673,2.453,0.6945,10.647,10.803,2.445,0.6869,107.36,45.3,1.271,PASS,0
LOT_033_DIE_00582,LOT_033,124.21,3.579,498.66,7.699,2.483,0.71,8.094,2.519,0.7059,8.779,9.367,2.545,0.7021,104.52,49.91,1.195,PASS,0
LOT_034_DIE_00583,LOT_034,124.95,3.562,493.5,13.962,2.552,0.6807,14.485,2.559,0.6808,15.298,16.138,2.605,0.6752,104.2,48.47,1.236,PASS,0
LOT_035_DIE_00584,LOT_035,127.21,3.613,521.14,13.543,2.547,0.6984,14.232,2.58,0.6954,15.081,15.508,2.552,0.6883,99.82,49.51,1.234,PASS,0
LOT_036_DIE_00585,LOT_036,124.96,3.694,501.65,13.325,2.495,0.6844,13.838,2.512,0.6807,13.934,15.027,2.522,0.6786,107.02,41.63,1.316,PASS,0
LOT_037_DIE_00586,LOT_037,124.49,3.619,497.85,7.447,2.612,0.6998,7.668,2.649,0.6968,8.658,9.583,2.642,0.6903,110.71,42.31,1.173,PASS,0
LOT_038_DIE_00587,LOT_038,123.61,3.612,507.88,8.988,2.33,0.7231,9.517,2.335,0.7187,10.489,11.186,2.354,0.7138,100.14,49.82,1.251,PASS,0
LOT_039_DIE_00588,LOT_039,124.92,3.628,501.69,12.753,2.565,0.7531,13.043,2.585,0.7511,14.078,14.529,2.624,0.747,103.41,46.11,1.372,PASS,0
LOT_040_DIE_00589,LOT_040,123.52,3.585,506.08,10.246,2.145,0.7099,19.485,2.746,0.6898,44.673,79.874,4.258,0.6231,114.75,35.64,1.207,LATENT_DRIFT_RUNAWAY,1
LOT_041_DIE_00590,LOT_041,126.11,3.551,527.14,8.431,2.409,0.6764,8.862,2.426,0.6737,10.057,10.895,2.427,0.6678,101.15,46.68,1.274,PASS,0
LOT_042_DIE_00591,LOT_042,124.22,3.665,478.1,9.57,2.44,0.7045,9.695,2.446,0.7017,10.538,10.902,2.478,0.6989,89.18,40.98,1.217,PASS,0
LOT_043_DIE_00592,LOT_043,124.66,3.661,507.57,40.531,3.55,0.7154,57.66,4.244,0.6892,86.902,142.806,6.537,0.6413,112.88,35.98,1.25,LATENT_CONTEXTUAL_OUTLIER,1
LOT_044_DIE_00593,LOT_044,126.36,3.627,495.27,12.623,2.687,0.7384,13.257,2.73,0.7362,13.324,13.819,2.742,0.734,94.82,44.29,1.222,PASS,0
LOT_045_DIE_00594,LOT_045,124.2,3.619,489.55,8.36,2.192,0.7171,8.924,2.21,0.7131,9.804,10.275,2.225,0.7127,97.53,48.1,1.169,PASS,0
LOT_046_DIE_00595,LOT_046,123.8,3.493,479.4,12.419,2.486,0.7211,12.69,2.502,0.7156,13.833,14.226,2.515,0.7135,94.21,44.92,1.262,PASS,0
LOT_047_DIE_00596,LOT_047,124.35,3.581,503.99,11.308,2.233,0.6972,11.542,2.267,0.6927,12.942,12.672,2.262,0.6912,105.16,47.18,1.162,PASS,0
LOT_048_DIE_00597,LOT_048,126.51,3.564,493.29,11.17,2.394,0.709,11.461,2.401,0.7063,12.373,12.401,2.429,0.6993,97.99,44.76,1.31,PASS,0
LOT_049_DIE_00598,LOT_049,124.79,3.581,480.14,13.092,2.552,0.6628,13.321,2.554,0.6592,14.398,14.655,2.648,0.6499,104.75,45.42,1.269,PASS,0
LOT_050_DIE_00599,LOT_050,127.11,3.575,501.67,9.742,2.655,0.6684,10.068,2.652,0.6666,11.329,11.875,2.697,0.6602,97.48,43.26,1.241,PASS,0
LOT_001_DIE_00600,LOT_001,124.14,3.626,486.6,10.581,2.55,0.7412,10.716,2.575,0.7389,11.415,11.999,2.588,0.731,99.66,46.23,1.413,PASS,0
LOT_002_DIE_00601,LOT_002,126.13,3.626,491.07,13.309,2.399,0.7297,13.618,2.416,0.7259,14.949,15.534,2.466,0.7221,104.08,48.8,1.26,PASS,0
LOT_003_DIE_00602,LOT_003,126.3,3.578,510.37,12.218,2.429,0.7731,12.748,2.439,0.7699,13.314,14.011,2.463,0.7613,96.55,45.24,1.214,PASS,0
LOT_004_DIE_00603,LOT_004,127.51,3.626,498.5,11.163,2.333,0.7448,11.455,2.369,0.7395,11.903,12.937,2.392,0.7388,98.77,42.2,1.243,PASS,0
LOT_005_DIE_00604,LOT_005,125.56,3.589,516.0,9.725,2.506,0.7104,10.17,2.528,0.707,10.607,11.326,2.554,0.7037,102.35,47.76,1.215,PASS,0
LOT_006_DIE_00605,LOT_006,123.26,3.526,493.58,8.028,2.393,0.74,8.613,2.421,0.7366,9.536,9.68,2.45,0.7305,98.65,44.78,1.303,PASS,0
LOT_007_DIE_00606,LOT_007,125.35,3.553,497.74,9.681,2.23,0.6795,9.964,2.251,0.6775,10.805,11.406,2.262,0.673,100.52,43.83,1.251,PASS,0
LOT_008_DIE_00607,LOT_008,123.72,3.636,525.36,12.577,2.544,0.6632,12.763,2.571,0.6603,13.331,14.085,2.583,0.6535,100.88,43.83,1.162,PASS,0
LOT_009_DIE_00608,LOT_009,124.5,3.636,472.62,10.5,2.252,0.6707,11.181,2.26,0.6688,11.427,12.28,2.331,0.6607,96.5,45.26,1.258,PASS,0
LOT_010_DIE_00609,LOT_010,125.14,3.629,484.2,14.16,2.369,0.7002,14.437,2.39,0.6962,15.417,16.123,2.439,0.6901,101.22,44.3,1.319,PASS,0
LOT_011_DIE_00610,LOT_011,125.91,3.632,479.49,6.705,2.668,0.6905,7.174,2.685,0.6871,8.057,8.843,2.746,0.683,99.97,43.54,1.204,PASS,0
LOT_012_DIE_00611,LOT_012,125.66,3.599,487.26,14.43,2.719,0.7025,15.077,2.746,0.6994,15.668,16.513,2.782,0.6952,108.2,44.44,1.393,PASS,0
LOT_013_DIE_00612,LOT_013,123.93,3.594,526.71,14.469,2.463,0.7065,14.866,2.484,0.7036,15.782,16.138,2.51,0.6974,98.57,44.82,1.267,PASS,0
LOT_014_DIE_00613,LOT_014,125.17,3.56,510.43,8.169,2.481,0.7273,8.696,2.485,0.724,9.706,10.174,2.51,0.7188,107.64,42.83,1.31,PASS,0
LOT_015_DIE_00614,LOT_015,124.52,3.546,497.48,7.941,2.543,0.6845,8.241,2.547,0.6802,9.446,10.13,2.623,0.6777,98.59,46.09,1.255,PASS,0
LOT_016_DIE_00615,LOT_016,124.13,3.655,510.35,9.043,2.685,0.726,9.813,2.706,0.7228,10.517,10.976,2.757,0.718,97.71,42.5,1.216,PASS,0
LOT_017_DIE_00616,LOT_017,126.4,3.673,512.33,8.497,2.625,0.6949,9.128,2.63,0.693,10.061,11.32,2.686,0.6855,104.65,45.46,1.314,PASS,0
LOT_018_DIE_00617,LOT_018,124.97,3.562,498.16,10.929,2.569,0.7058,11.358,2.591,0.7035,12.035,12.491,2.63,0.6976,97.56,39.43,1.235,PASS,0
LOT_019_DIE_00618,LOT_019,126.68,3.604,524.67,11.105,2.614,0.6859,11.505,2.62,0.6825,11.525,11.874,2.636,0.6764,99.69,44.6,1.198,PASS,0
LOT_020_DIE_00619,LOT_020,123.12,3.708,512.91,11.485,2.576,0.7434,12.011,2.572,0.741,12.222,12.734,2.61,0.7376,94.94,45.16,1.281,PASS,0
LOT_021_DIE_00620,LOT_021,124.1,3.586,514.12,10.521,2.508,0.7335,10.919,2.523,0.7311,11.647,11.816,2.542,0.7245,99.62,42.71,1.341,PASS,0
LOT_022_DIE_00621,LOT_022,124.75,3.618,517.24,11.863,2.574,0.6763,12.314,2.587,0.674,12.868,13.544,2.599,0.6671,108.11,40.53,1.188,PASS,0
LOT_023_DIE_00622,LOT_023,123.45,3.67,499.09,8.626,2.624,0.6696,9.027,2.64,0.6675,9.631,10.177,2.692,0.6608,106.84,44.0,1.274,PASS,0
LOT_024_DIE_00623,LOT_024,124.59,3.621,487.22,10.537,2.31,0.7493,11.227,2.326,0.7458,11.836,12.093,2.361,0.7357,105.18,37.89,1.281,PASS,0
LOT_025_DIE_00624,LOT_025,126.32,3.694,493.61,12.77,2.43,0.752,13.069,2.464,0.7481,13.954,14.82,2.479,0.7413,97.79,45.58,1.282,PASS,0
LOT_026_DIE_00625,LOT_026,122.05,3.568,510.97,14.693,2.777,0.7186,14.702,2.786,0.7162,15.697,16.183,2.809,0.712,95.97,48.56,1.256,PASS,0
LOT_027_DIE_00626,LOT_027,128.19,3.633,519.1,7.819,2.67,0.7251,8.318,2.684,0.7236,9.373,9.928,2.695,0.7184,107.12,44.72,1.061,PASS,0
LOT_028_DIE_00627,LOT_028,125.13,3.588,521.01,9.694,2.467,0.6926,10.058,2.492,0.6902,10.764,11.349,2.544,0.6861,108.3,44.63,1.192,PASS,0
LOT_029_DIE_00628,LOT_029,127.32,3.568,491.64,13.009,2.658,0.6734,13.43,2.685,0.6713,14.2,14.512,2.706,0.6645,103.83,41.06,1.264,PASS,0
LOT_030_DIE_00629,LOT_030,123.53,3.68,501.97,8.222,2.382,0.69,8.444,2.393,0.688,9.6,9.593,2.485,0.6816,97.63,47.5,1.266,PASS,0
LOT_031_DIE_00630,LOT_031,123.47,3.651,497.38,12.407,2.744,0.7153,13.062,2.771,0.7091,13.583,14.583,2.796,0.7077,101.54,43.94,1.293,PASS,0
LOT_032_DIE_00631,LOT_032,124.64,3.588,492.92,8.198,2.529,0.7079,8.467,2.542,0.7051,9.345,9.734,2.581,0.6979,98.57,48.01,1.173,PASS,0
LOT_033_DIE_00632,LOT_033,126.58,3.637,482.05,8.373,2.536,0.7002,8.856,2.549,0.6971,9.917,10.16,2.592,0.6895,107.61,46.09,1.175,PASS,0
LOT_034_DIE_00633,LOT_034,123.81,3.644,487.56,14.992,2.654,0.7018,15.294,2.692,0.6974,16.432,16.965,2.695,0.696,97.7,45.17,1.199,PASS,0
LOT_035_DIE_00634,LOT_035,125.03,3.611,521.84,15.313,2.318,0.7023,15.703,2.347,0.6994,17.041,17.93,2.358,0.6963,92.7,41.53,1.231,PASS,0
LOT_036_DIE_00635,LOT_036,123.36,3.625,492.13,14.018,2.424,0.7169,14.585,2.448,0.7138,15.676,16.571,2.481,0.7076,96.49,45.5,1.404,PASS,0
LOT_037_DIE_00636,LOT_037,124.97,3.54,497.98,11.513,2.341,0.7324,11.644,2.365,0.7293,13.252,13.994,2.348,0.7245,102.74,41.86,1.205,PASS,0
LOT_038_DIE_00637,LOT_038,126.24,3.621,495.51,9.311,2.448,0.7237,9.881,2.457,0.7213,10.809,12.085,2.463,0.7136,98.49,48.2,1.435,PASS,0
LOT_039_DIE_00638,LOT_039,125.26,3.653,487.22,12.445,2.645,0.7515,12.843,2.66,0.7495,13.744,14.357,2.704,0.741,102.37,46.38,1.392,PASS,0
LOT_040_DIE_00639,LOT_040,125.42,3.548,534.08,11.625,2.396,0.7182,11.987,2.408,0.7162,12.521,13.262,2.448,0.7087,100.13,45.57,1.257,PASS,0
LOT_041_DIE_00640,LOT_041,124.45,3.601,516.64,9.37,2.555,0.6744,10.007,2.576,0.6701,10.567,10.751,2.634,0.6649,99.54,46.38,1.272,PASS,0
LOT_042_DIE_00641,LOT_042,122.8,3.687,486.28,14.328,2.5,0.7165,14.569,2.526,0.7149,15.119,15.715,2.505,0.7087,101.69,43.72,1.287,PASS,0
LOT_043_DIE_00642,LOT_043,124.35,3.553,487.67,9.642,2.531,0.7166,9.974,2.538,0.7141,10.768,11.378,2.579,0.7089,91.16,46.62,1.367,PASS,0
LOT_044_DIE_00643,LOT_044,124.01,3.587,489.89,13.297,2.586,0.7118,13.821,2.595,0.7084,14.553,14.983,2.66,0.7051,108.36,42.49,1.288,PASS,0
LOT_045_DIE_00644,LOT_045,126.41,3.585,468.39,10.525,2.348,0.7235,10.923,2.361,0.7213,11.66,11.846,2.377,0.7176,110.64,46.92,1.24,PASS,0
LOT_046_DIE_00645,LOT_046,125.54,3.595,491.79,12.294,2.363,0.6974,12.7,2.368,0.6947,13.48,13.852,2.422,0.6902,106.19,43.98,1.286,PASS,0
LOT_047_DIE_00646,LOT_047,125.94,3.614,498.41,11.601,2.894,0.7015,11.978,2.909,0.6998,12.417,13.28,2.942,0.6897,100.44,39.74,1.184,PASS,0
LOT_048_DIE_00647,LOT_048,125.76,3.546,515.33,13.162,2.49,0.7383,13.637,2.521,0.7348,14.119,14.807,2.547,0.733,94.45,43.79,1.218,PASS,0
LOT_049_DIE_00648,LOT_049,126.89,3.564,473.24,8.219,2.348,0.679,8.137,2.354,0.6754,8.34,9.092,2.365,0.6701,103.32,48.88,1.232,PASS,0
LOT_050_DIE_00649,LOT_050,124.88,3.632,488.12,11.093,2.389,0.6891,11.637,2.424,0.6881,13.046,13.877,2.448,0.6827,100.8,46.08,1.075,PASS,0
LOT_001_DIE_00650,LOT_001,124.68,3.579,470.3,9.433,2.606,0.7515,9.89,2.621,0.7492,11.201,11.492,2.67,0.7456,111.21,44.73,1.263,PASS,0
LOT_002_DIE_00651,LOT_002,123.42,3.525,481.55,14.733,2.518,0.7478,15.274,2.518,0.7449,15.895,16.161,2.576,0.7377,97.86,43.35,1.26,PASS,0
LOT_003_DIE_00652,LOT_003,124.3,3.569,499.59,12.404,2.581,0.7225,13.024,2.596,0.7194,13.595,13.93,2.608,0.7146,99.78,46.02,1.282,PASS,0
LOT_004_DIE_00653,LOT_004,127.3,3.591,509.88,12.837,2.85,0.7122,13.142,2.859,0.7091,13.465,13.775,2.882,0.7035,98.05,45.47,1.273,PASS,0
LOT_005_DIE_00654,LOT_005,126.9,3.631,510.15,10.068,2.627,0.7156,10.733,2.656,0.7121,10.722,10.886,2.698,0.709,100.06,44.47,1.358,PASS,0
LOT_006_DIE_00655,LOT_006,124.55,3.601,512.38,7.904,2.445,0.7415,8.259,2.469,0.7386,8.935,9.436,2.509,0.7342,91.35,47.33,1.303,PASS,0
LOT_007_DIE_00656,LOT_007,126.69,3.517,496.53,9.959,2.454,0.6821,10.307,2.486,0.6796,11.703,12.614,2.531,0.674,90.71,51.76,1.27,PASS,0
LOT_008_DIE_00657,LOT_008,125.93,3.63,495.18,12.522,2.188,0.7153,12.837,2.206,0.7127,13.888,14.348,2.25,0.7089,94.35,49.34,1.406,PASS,0
LOT_009_DIE_00658,LOT_009,124.92,3.559,480.94,10.968,2.541,0.6704,11.266,2.585,0.6676,12.153,12.635,2.598,0.6584,103.78,46.08,1.255,PASS,0
LOT_010_DIE_00659,LOT_010,125.82,3.624,493.12,13.118,2.416,0.6859,13.51,2.421,0.6825,14.304,15.065,2.48,0.675,99.96,47.89,1.341,PASS,0
LOT_011_DIE_00660,LOT_011,125.38,3.645,486.72,9.256,2.658,0.6917,22.624,3.056,0.6656,48.157,97.849,4.436,0.6103,114.98,39.86,1.28,LATENT_DRIFT_RUNAWAY,1
LOT_012_DIE_00661,LOT_012,125.62,3.547,480.76,15.707,2.403,0.684,15.998,2.424,0.6815,17.331,17.767,2.428,0.6793,99.49,45.87,1.141,PASS,0
LOT_013_DIE_00662,LOT_013,124.06,3.547,527.01,12.729,2.436,0.7212,13.167,2.457,0.7183,13.862,14.479,2.492,0.7129,100.94,47.13,1.277,PASS,0
LOT_014_DIE_00663,LOT_014,126.21,3.61,511.58,7.758,2.495,0.7099,7.939,2.502,0.7068,9.086,9.174,2.546,0.7013,93.99,44.17,1.161,PASS,0
LOT_015_DIE_00664,LOT_015,123.86,3.583,523.35,11.0,2.419,0.6886,11.423,2.451,0.6874,12.008,12.58,2.475,0.6815,99.07,45.47,1.08,PASS,0
LOT_016_DIE_00665,LOT_016,123.71,3.619,511.92,7.937,2.514,0.7102,7.98,2.524,0.7053,8.949,9.602,2.57,0.6997,104.65,45.54,1.252,PASS,0
LOT_017_DIE_00666,LOT_017,123.69,3.557,486.89,9.625,2.712,0.6669,10.106,2.738,0.6637,11.102,11.603,2.793,0.6593,102.88,48.37,1.27,PASS,0
LOT_018_DIE_00667,LOT_018,122.83,3.636,507.94,12.103,2.689,0.7319,12.643,2.714,0.7294,13.126,14.077,2.738,0.7241,101.55,41.8,1.267,PASS,0
LOT_019_DIE_00668,LOT_019,124.97,3.557,525.03,13.259,2.478,0.6821,13.943,2.504,0.6792,14.687,15.415,2.514,0.6753,101.95,43.69,1.288,PASS,0
LOT_020_DIE_00669,LOT_020,124.84,3.618,515.44,9.238,2.43,0.7386,9.583,2.458,0.7353,9.958,10.627,2.468,0.735,101.51,41.78,1.299,PASS,0
LOT_021_DIE_00670,LOT_021,125.28,3.537,512.19,10.678,2.646,0.732,11.269,2.67,0.7272,12.352,13.362,2.678,0.7251,97.35,46.84,1.303,PASS,0
LOT_022_DIE_00671,LOT_022,125.74,3.59,508.83,10.309,2.532,0.6806,10.869,2.535,0.6775,11.854,12.35,2.596,0.671,101.78,44.36,1.198,PASS,0
LOT_023_DIE_00672,LOT_023,124.8,3.614,502.17,8.729,2.592,0.6402,8.985,2.62,0.6384,9.683,9.966,2.645,0.6344,100.14,45.42,1.216,PASS,0
LOT_024_DIE_00673,LOT_024,126.21,3.636,487.54,9.825,2.566,0.7333,10.369,2.592,0.7302,11.208,11.888,2.638,0.7218,96.37,37.0,1.183,PASS,0
LOT_025_DIE_00674,LOT_025,124.6,3.573,479.59,12.888,2.32,0.7199,13.454,2.348,0.7167,14.02,14.456,2.347,0.7125,106.26,47.57,1.32,PASS,0
LOT_026_DIE_00675,LOT_026,125.52,3.551,499.81,16.563,2.502,0.7222,17.194,2.527,0.7193,17.86,18.441,2.531,0.7096,98.45,43.52,1.227,PASS,0
LOT_027_DIE_00676,LOT_027,125.59,3.608,515.51,10.883,2.66,0.7487,10.932,2.688,0.7441,11.465,11.947,2.699,0.7408,105.89,46.05,1.237,PASS,0
LOT_028_DIE_00677,LOT_028,125.18,3.633,504.68,11.562,2.574,0.6947,12.287,2.6,0.6921,12.959,13.55,2.611,0.6863,96.66,49.09,1.2,PASS,0
LOT_029_DIE_00678,LOT_029,124.54,3.576,457.01,11.805,2.498,0.6741,12.314,2.517,0.6699,12.983,13.505,2.539,0.6662,99.3,44.8,1.091,PASS,0
LOT_030_DIE_00679,LOT_030,125.37,3.673,501.09,5.847,2.388,0.6961,6.268,2.416,0.6936,7.396,7.8,2.443,0.6878,100.4,48.04,1.285,PASS,0
LOT_031_DIE_00680,LOT_031,125.83,3.634,492.97,10.417,2.384,0.7268,10.744,2.417,0.7231,12.102,12.476,2.458,0.7171,108.55,47.07,1.319,PASS,0
LOT_032_DIE_00681,LOT_032,126.34,3.656,501.82,43.369,3.272,0.6616,57.991,4.003,0.6153,80.792,112.218,5.316,0.5581,118.57,34.2,1.306,LATENT_CONTEXTUAL_OUTLIER,1
LOT_033_DIE_00682,LOT_033,126.94,3.68,492.31,9.408,2.413,0.7291,9.768,2.441,0.7262,10.499,11.517,2.474,0.7182,96.87,42.23,1.346,PASS,0
LOT_034_DIE_00683,LOT_034,123.88,3.657,503.11,15.266,2.46,0.6881,15.844,2.479,0.6844,16.829,17.185,2.499,0.677,105.33,44.37,1.231,PASS,0
LOT_035_DIE_00684,LOT_035,122.91,3.646,527.42,13.284,2.52,0.6851,13.46,2.537,0.6826,14.802,15.622,2.554,0.6787,101.22,45.48,1.421,PASS,0
LOT_036_DIE_00685,LOT_036,123.8,3.617,510.97,12.219,2.603,0.7152,12.441,2.627,0.7126,13.267,13.462,2.649,0.7049,95.92,48.12,1.238,PASS,0
LOT_037_DIE_00686,LOT_037,125.54,3.574,489.4,10.707,2.521,0.7219,11.281,2.532,0.7171,12.187,12.311,2.568,0.712,102.46,46.93,1.165,PASS,0
LOT_038_DIE_00687,LOT_038,124.05,3.566,516.41,6.769,2.662,0.7286,6.893,2.682,0.7276,7.265,7.786,2.687,0.7162,107.9,46.08,1.299,PASS,0
LOT_039_DIE_00688,LOT_039,125.65,3.587,496.27,12.06,2.502,0.7157,12.472,2.519,0.7136,13.151,13.682,2.56,0.7058,100.77,45.8,1.345,PASS,0
LOT_040_DIE_00689,LOT_040,124.4,3.607,496.3,11.823,2.522,0.7323,12.156,2.548,0.7303,12.912,13.088,2.6,0.7222,100.62,43.89,1.328,PASS,0
LOT_041_DIE_00690,LOT_041,125.62,3.6,524.16,8.258,2.377,0.6893,9.027,2.406,0.6868,9.193,9.874,2.454,0.6832,98.73,42.13,1.23,PASS,0
LOT_042_DIE_00691,LOT_042,125.97,3.562,485.89,10.523,2.298,0.719,10.552,2.317,0.7141,11.614,12.172,2.336,0.7118,106.08,44.17,1.173,PASS,0
LOT_043_DIE_00692,LOT_043,123.87,3.607,486.53,7.543,2.683,0.7266,7.593,2.685,0.7234,8.643,8.538,2.742,0.7159,110.5,43.56,1.175,PASS,0
LOT_044_DIE_00693,LOT_044,126.22,3.595,492.32,13.021,2.538,0.7466,13.334,2.55,0.7422,14.023,15.131,2.562,0.738,88.72,47.32,1.243,PASS,0
LOT_045_DIE_00694,LOT_045,124.47,3.645,483.98,11.628,2.395,0.7084,12.19,2.41,0.7048,12.84,13.241,2.439,0.7017,97.4,45.24,1.398,PASS,0
LOT_046_DIE_00695,LOT_046,124.62,3.624,490.2,13.562,2.5,0.7179,13.488,2.531,0.7153,14.942,16.041,2.546,0.7099,104.22,42.91,1.275,PASS,0
LOT_047_DIE_00696,LOT_047,125.99,3.632,505.39,12.755,2.434,0.6979,13.351,2.448,0.6944,13.723,14.266,2.522,0.6907,102.88,47.35,1.348,PASS,0
LOT_048_DIE_00697,LOT_048,124.5,3.585,493.53,10.111,2.6,0.718,10.416,2.608,0.7159,11.186,11.572,2.672,0.7078,93.5,48.48,1.211,PASS,0
LOT_049_DIE_00698,LOT_049,126.05,3.6,469.22,11.2,2.738,0.7023,11.493,2.73,0.6995,11.97,12.685,2.799,0.6926,111.52,45.94,1.279,PASS,0
LOT_050_DIE_00699,LOT_050,124.93,3.656,502.3,8.834,2.253,0.6855,9.085,2.273,0.6836,10.328,10.873,2.316,0.6754,103.03,42.37,1.256,PASS,0
LOT_001_DIE_00700,LOT_001,126.4,3.594,481.57,8.791,2.653,0.7476,9.443,2.664,0.7454,10.208,10.641,2.711,0.7439,109.93,39.16,1.185,PASS,0
LOT_002_DIE_00701,LOT_002,123.57,3.566,497.87,16.325,2.433,0.7401,16.605,2.453,0.7387,17.107,18.168,2.48,0.7315,100.06,45.8,1.33,PASS,0
LOT_003_DIE_00702,LOT_003,126.2,3.6,475.19,12.673,2.47,0.7475,12.726,2.49,0.744,13.5,13.923,2.507,0.741,95.49,49.42,1.327,PASS,0
LOT_004_DIE_00703,LOT_004,124.51,3.539,508.03,38.99,3.699,0.6821,54.96,4.752,0.6335,97.95,131.161,6.997,0.5665,114.91,36.63,1.167,LATENT_CONTEXTUAL_OUTLIER,1
LOT_005_DIE_00704,LOT_005,124.13,3.63,512.91,7.858,2.37,0.7172,7.988,2.389,0.7151,8.781,9.525,2.423,0.7086,97.9,40.58,1.111,PASS,0
LOT_006_DIE_00705,LOT_006,125.3,3.594,458.93,9.547,2.575,0.7201,9.669,2.589,0.7173,10.198,10.682,2.629,0.7101,95.33,46.97,1.191,PASS,0
LOT_007_DIE_00706,LOT_007,124.39,3.555,505.49,8.548,2.634,0.703,9.103,2.639,0.7009,9.856,10.627,2.697,0.6951,100.33,45.52,1.146,PASS,0
LOT_008_DIE_00707,LOT_008,125.69,3.574,490.6,13.892,2.555,0.6752,14.468,2.587,0.6717,14.882,15.474,2.619,0.6658,97.57,43.33,1.239,PASS,0
LOT_009_DIE_00708,LOT_009,128.11,3.616,503.87,10.842,2.728,0.6768,11.315,2.758,0.6723,11.951,12.389,2.778,0.6676,102.22,47.2,1.338,PASS,0
LOT_010_DIE_00709,LOT_010,123.88,3.606,474.73,12.786,2.593,0.695,13.43,2.618,0.6934,14.319,14.843,2.654,0.6865,102.32,47.49,1.19,PASS,0
LOT_011_DIE_00710,LOT_011,125.71,3.618,490.46,7.072,2.5,0.7027,7.459,2.533,0.7001,8.199,8.425,2.547,0.6956,100.12,44.17,1.315,PASS,0
LOT_012_DIE_00711,LOT_012,126.22,3.631,475.77,13.907,2.448,0.6953,14.454,2.476,0.692,14.934,15.38,2.482,0.6866,90.99,41.65,1.16,PASS,0
LOT_013_DIE_00712,LOT_013,127.09,3.56,516.63,12.487,2.615,0.7359,13.065,2.647,0.7332,13.965,14.795,2.671,0.7301,104.42,43.85,1.444,PASS,0
LOT_014_DIE_00713,LOT_014,125.61,3.571,512.38,9.037,2.242,0.7032,9.562,2.263,0.6986,10.388,10.913,2.335,0.6977,94.8,49.07,1.287,PASS,0
LOT_015_DIE_00714,LOT_015,125.32,3.572,500.36,9.264,2.51,0.6997,9.408,2.531,0.698,10.638,11.512,2.583,0.6967,106.42,39.21,1.186,PASS,0
LOT_016_DIE_00715,LOT_016,127.23,3.611,510.35,9.967,2.487,0.7143,10.286,2.497,0.7102,10.702,10.965,2.544,0.7034,100.23,44.83,1.284,PASS,0
LOT_017_DIE_00716,LOT_017,124.36,3.659,513.98,11.678,2.669,0.6758,12.036,2.706,0.6722,12.862,13.493,2.729,0.6667,98.35,46.09,1.269,PASS,0
LOT_018_DIE_00717,LOT_018,125.03,3.628,512.01,12.386,2.391,0.7064,12.757,2.412,0.7048,14.072,14.714,2.44,0.6941,109.47,47.36,1.289,PASS,0
LOT_019_DIE_00718,LOT_019,124.35,3.606,518.71,10.249,2.523,0.674,10.565,2.533,0.6713,11.045,11.801,2.595,0.6646,108.9,43.64,1.398,PASS,0
LOT_020_DIE_00719,LOT_020,126.15,3.597,487.53,8.116,2.713,0.7483,8.266,2.752,0.7427,9.362,10.147,2.774,0.7386,102.87,48.91,1.283,PASS,0
LOT_021_DIE_00720,LOT_021,125.43,3.617,505.58,12.316,2.762,0.7324,12.608,2.774,0.7281,13.398,13.705,2.82,0.723,98.05,46.1,1.297,PASS,0
LOT_022_DIE_00721,LOT_022,123.44,3.585,516.99,9.614,2.623,0.7066,9.979,2.653,0.7031,11.2,11.282,2.687,0.6989,105.95,48.58,1.316,PASS,0
LOT_023_DIE_00722,LOT_023,125.52,3.571,502.28,9.822,2.471,0.6792,10.431,2.502,0.6743,11.367,12.266,2.526,0.6714,97.05,46.52,1.211,PASS,0
LOT_024_DIE_00723,LOT_024,123.21,3.517,466.79,9.554,2.596,0.7236,9.807,2.612,0.7225,10.855,12.037,2.639,0.7154,99.98,45.56,1.195,PASS,0
LOT_025_DIE_00724,LOT_025,126.06,3.557,474.08,9.11,2.623,0.7008,9.565,2.638,0.6961,10.359,10.745,2.674,0.6936,98.97,41.56,1.32,PASS,0
LOT_026_DIE_00725,LOT_026,124.9,3.51,495.84,13.124,2.674,0.7368,13.6,2.678,0.7342,14.767,15.279,2.703,0.7265,93.79,42.68,1.194,PASS,0
LOT_027_DIE_00726,LOT_027,125.67,3.573,505.16,8.216,2.599,0.7012,8.196,2.613,0.6987,9.374,10.029,2.647,0.6964,96.1,45.94,1.215,PASS,0
LOT_028_DIE_00727,LOT_028,125.11,3.608,502.8,10.243,2.51,0.6857,10.531,2.542,0.6838,11.544,12.196,2.567,0.6802,99.38,47.77,1.256,PASS,0
LOT_029_DIE_00728,LOT_029,124.99,3.623,469.36,12.268,2.556,0.6941,12.65,2.581,0.6916,13.544,13.831,2.568,0.6881,100.5,43.41,1.155,PASS,0
LOT_030_DIE_00729,LOT_030,127.66,3.602,488.36,7.746,2.598,0.6779,8.227,2.628,0.6738,8.874,9.281,2.65,0.6673,106.19,47.48,1.373,PASS,0
LOT_031_DIE_00730,LOT_031,125.54,3.631,493.41,13.006,2.682,0.7091,13.453,2.706,0.7061,14.157,14.837,2.736,0.7025,98.14,42.4,1.27,PASS,0
LOT_032_DIE_00731,LOT_032,124.64,3.654,497.31,9.322,2.291,0.7224,9.722,2.29,0.719,10.47,10.583,2.319,0.7187,96.4,41.02,1.216,PASS,0
LOT_033_DIE_00732,LOT_033,123.56,3.618,483.54,9.187,2.352,0.7094,9.78,2.367,0.7048,10.234,10.861,2.408,0.7033,99.26,44.08,1.21,PASS,0
LOT_034_DIE_00733,LOT_034,124.17,3.616,500.08,15.115,2.444,0.6857,15.837,2.456,0.6811,16.35,16.414,2.491,0.6778,105.08,47.81,1.35,PASS,0
LOT_035_DIE_00734,LOT_035,124.57,3.59,522.02,14.53,2.343,0.6901,14.724,2.374,0.6859,15.193,15.768,2.387,0.6792,101.22,44.61,1.135,PASS,0
LOT_036_DIE_00735,LOT_036,125.21,3.619,476.25,13.706,2.313,0.6982,13.95,2.328,0.6946,14.838,15.252,2.341,0.6885,93.83,43.41,1.323,PASS,0
LOT_037_DIE_00736,LOT_037,123.74,3.688,517.31,10.745,2.157,0.7038,10.967,2.163,0.7012,11.911,12.557,2.201,0.6964,98.09,49.37,1.202,PASS,0
LOT_038_DIE_00737,LOT_038,123.12,3.653,499.18,10.385,2.43,0.7348,10.937,2.444,0.7308,11.847,11.961,2.49,0.7289,93.87,42.39,1.193,PASS,0
LOT_039_DIE_00738,LOT_039,125.32,3.589,492.82,15.161,2.656,0.7258,15.457,2.676,0.7227,16.474,17.081,2.701,0.719,110.06,42.01,1.218,PASS,0
LOT_040_DIE_00739,LOT_040,125.43,3.647,521.48,13.921,2.372,0.6748,14.164,2.369,0.6697,15.096,15.949,2.415,0.6686,92.01,46.63,1.317,PASS,0
LOT_041_DIE_00740,LOT_041,125.51,3.54,512.06,6.758,2.883,0.6817,7.128,2.898,0.6795,7.769,8.687,2.934,0.6765,113.23,42.49,1.134,PASS,0
LOT_042_DIE_00741,LOT_042,122.77,3.565,478.14,12.684,2.374,0.6936,13.137,2.392,0.6909,13.873,14.988,2.418,0.6851,101.42,42.6,1.427,PASS,0
LOT_043_DIE_00742,LOT_043,125.76,3.56,502.31,6.69,2.613,0.7298,7.35,2.631,0.7271,7.829,9.014,2.676,0.7192,96.89,45.15,1.242,PASS,0
LOT_044_DIE_00743,LOT_044,125.4,3.538,502.23,13.833,2.427,0.7141,14.072,2.465,0.7103,14.853,15.195,2.451,0.7042,100.93,45.35,1.141,PASS,0
LOT_045_DIE_00744,LOT_045,125.54,3.629,483.78,7.914,2.683,0.7339,8.363,2.681,0.7316,9.151,9.829,2.705,0.7247,100.58,43.96,1.18,PASS,0
LOT_046_DIE_00745,LOT_046,126.79,3.67,483.93,11.565,2.628,0.7068,11.893,2.65,0.7044,12.752,13.225,2.634,0.698,99.9,43.58,1.274,PASS,0
LOT_047_DIE_00746,LOT_047,125.97,3.6,511.33,9.46,2.332,0.6977,9.791,2.353,0.6942,10.804,11.52,2.361,0.6883,103.14,44.75,1.286,PASS,0
LOT_048_DIE_00747,LOT_048,124.4,3.581,497.73,11.15,2.465,0.6993,11.547,2.476,0.6976,12.391,13.129,2.493,0.6925,101.11,48.02,1.22,PASS,0
LOT_049_DIE_00748,LOT_049,124.57,3.576,475.35,12.221,2.892,0.6939,12.579,2.906,0.6912,12.958,13.453,2.957,0.6869,94.88,46.04,1.354,PASS,0
LOT_050_DIE_00749,LOT_050,125.67,3.563,474.31,9.689,2.289,0.6715,10.127,2.319,0.6687,10.816,11.378,2.334,0.6632,105.82,40.37,1.179,PASS,0
LOT_001_DIE_00750,LOT_001,124.37,3.621,481.46,11.152,2.603,0.7457,11.391,2.621,0.7411,12.493,13.198,2.682,0.7392,100.7,42.84,1.201,PASS,0
LOT_002_DIE_00751,LOT_002,125.16,3.613,497.68,15.693,2.539,0.7232,28.938,2.884,0.6974,53.614,80.499,4.497,0.6442,113.48,36.64,1.216,LATENT_DRIFT_RUNAWAY,1
LOT_003_DIE_00752,LOT_003,125.99,3.635,492.92,10.961,2.762,0.7284,11.37,2.785,0.7248,12.709,12.658,2.829,0.7189,108.75,41.1,1.159,PASS,0
LOT_004_DIE_00753,LOT_004,124.69,3.639,506.64,10.671,2.496,0.7543,10.949,2.533,0.7521,11.63,12.013,2.517,0.7461,104.32,47.32,1.391,PASS,0
LOT_005_DIE_00754,LOT_005,123.55,3.673,501.51,7.738,2.349,0.7017,8.048,2.364,0.6966,9.459,9.987,2.439,0.6907,101.03,45.22,1.255,PASS,0
LOT_006_DIE_00755,LOT_006,125.63,3.623,480.65,8.927,2.446,0.7168,9.393,2.462,0.714,10.206,10.57,2.507,0.7101,105.36,48.31,1.307,PASS,0
LOT_007_DIE_00756,LOT_007,125.2,3.641,496.25,9.231,2.307,0.6736,9.54,2.349,0.6714,9.914,10.35,2.368,0.6653,106.83,44.49,1.345,PASS,0
LOT_008_DIE_00757,LOT_008,124.82,3.586,499.75,14.76,2.539,0.6917,15.407,2.552,0.6893,16.289,16.885,2.621,0.6813,100.67,44.56,1.227,PASS,0
LOT_009_DIE_00758,LOT_009,122.06,3.584,496.04,13.033,2.665,0.6638,13.435,2.678,0.662,14.298,15.039,2.708,0.6527,95.34,49.65,1.271,PASS,0
LOT_010_DIE_00759,LOT_010,125.02,3.639,477.96,12.096,2.641,0.6838,12.26,2.666,0.6795,13.269,13.345,2.705,0.677,96.56,40.21,1.197,PASS,0
LOT_011_DIE_00760,LOT_011,125.21,3.612,519.08,8.189,2.509,0.7151,8.701,2.512,0.711,8.827,9.263,2.583,0.7079,101.37,44.54,1.151,PASS,0
LOT_012_DIE_00761,LOT_012,125.76,3.58,470.91,15.422,2.59,0.6975,15.873,2.608,0.6939,16.912,17.27,2.663,0.6892,95.74,48.52,1.266,PASS,0
LOT_013_DIE_00762,LOT_013,123.23,3.554,509.0,14.755,2.649,0.73,15.56,2.677,0.7272,16.115,16.267,2.706,0.723,96.64,48.14,1.205,PASS,0
LOT_014_DIE_00763,LOT_014,126.35,3.602,507.3,8.925,2.242,0.6718,9.6,2.244,0.6686,9.949,10.598,2.305,0.6635,94.65,42.03,1.239,PASS,0
LOT_015_DIE_00764,LOT_015,125.0,3.592,495.97,8.867,2.712,0.7221,8.9,2.743,0.7189,9.884,10.622,2.727,0.713,100.7,46.96,1.304,PASS,0
LOT_016_DIE_00765,LOT_016,124.49,3.56,513.2,13.385,2.983,0.7197,26.317,3.309,0.7054,54.929,89.453,4.516,0.6729,127.38,33.89,1.292,THERMAL_VOLTAGE_STRESS_FAILURE,1
LOT_017_DIE_00766,LOT_017,123.94,3.533,516.05,11.689,2.616,0.6898,12.204,2.666,0.6876,12.465,12.955,2.688,0.6849,95.1,42.24,1.303,PASS,0
LOT_018_DIE_00767,LOT_018,125.99,3.601,500.8,13.034,2.715,0.75,13.504,2.724,0.7481,13.706,13.958,2.767,0.7432,99.73,42.75,1.228,PASS,0
LOT_019_DIE_00768,LOT_019,124.9,3.575,519.33,12.61,2.31,0.6912,13.245,2.325,0.687,13.985,14.264,2.334,0.6817,102.41,45.18,1.223,PASS,0
LOT_020_DIE_00769,LOT_020,124.43,3.489,501.33,9.235,2.753,0.7304,9.43,2.778,0.7281,9.958,10.691,2.783,0.7253,102.53,47.43,1.19,PASS,0
LOT_021_DIE_00770,LOT_021,125.8,3.622,495.84,12.235,2.246,0.7524,12.654,2.252,0.7499,13.53,14.215,2.322,0.7443,104.05,43.47,1.248,PASS,0
LOT_022_DIE_00771,LOT_022,126.69,3.581,532.47,7.957,2.715,0.6949,8.528,2.754,0.6931,9.624,9.984,2.744,0.6885,102.96,46.67,1.338,PASS,0
LOT_023_DIE_00772,LOT_023,125.99,3.622,485.89,8.726,2.461,0.6578,8.974,2.489,0.6539,9.766,10.868,2.537,0.6499,93.94,46.33,1.25,PASS,0
LOT_024_DIE_00773,LOT_024,124.46,3.634,500.04,9.44,2.569,0.7446,10.052,2.567,0.7414,10.96,11.61,2.614,0.7389,104.29,44.11,1.243,PASS,0
LOT_025_DIE_00774,LOT_025,126.05,3.619,478.98,11.516,2.553,0.7212,12.135,2.57,0.7185,12.875,13.012,2.6,0.7136,107.4,46.69,1.179,PASS,0
LOT_026_DIE_00775,LOT_026,124.95,3.554,490.26,12.839,2.542,0.7493,13.045,2.551,0.7464,14.316,14.516,2.621,0.7416,100.85,42.75,1.224,PASS,0
LOT_027_DIE_00776,LOT_027,124.35,3.501,495.38,9.816,2.689,0.7747,10.266,2.704,0.7737,11.071,11.617,2.723,0.765,101.68,48.76,1.051,PASS,0
LOT_028_DIE_00777,LOT_028,123.04,3.614,521.41,8.332,2.538,0.6782,8.661,2.549,0.6753,9.851,10.321,2.607,0.6718,103.21,38.58,1.136,PASS,0
LOT_029_DIE_00778,LOT_029,122.13,3.668,484.45,11.781,2.713,0.7095,12.178,2.737,0.7069,12.869,13.497,2.761,0.705,94.09,40.52,1.351,PASS,0
LOT_030_DIE_00779,LOT_030,126.96,3.592,487.76,7.488,2.359,0.6923,7.725,2.382,0.69,8.105,8.946,2.412,0.6833,100.06,46.06,1.224,PASS,0
LOT_031_DIE_00780,LOT_031,125.64,3.652,508.09,12.307,2.564,0.7407,24.985,3.105,0.7179,57.924,83.227,4.187,0.6663,110.22,36.11,1.233,LATENT_DRIFT_RUNAWAY,1
LOT_032_DIE_00781,LOT_032,127.34,3.542,487.27,9.259,2.668,0.6948,9.89,2.689,0.6908,10.396,10.892,2.693,0.6894,92.38,45.45,1.303,PASS,0
LOT_033_DIE_00782,LOT_033,123.26,3.612,461.12,37.801,3.737,0.6708,53.315,4.902,0.6315,90.176,124.528,6.614,0.5382,112.2,32.81,1.189,LATENT_CONTEXTUAL_OUTLIER,1
LOT_034_DIE_00783,LOT_034,126.62,3.572,511.08,14.191,2.278,0.6895,14.647,2.287,0.687,15.234,15.75,2.347,0.6804,101.54,45.58,1.132,PASS,0
LOT_035_DIE_00784,LOT_035,126.79,3.593,504.56,13.556,2.503,0.6683,13.874,2.528,0.6653,14.774,15.014,2.595,0.6613,100.44,50.27,1.28,PASS,0
LOT_036_DIE_00785,LOT_036,125.43,3.606,493.12,13.82,2.734,0.721,13.824,2.756,0.718,15.001,15.473,2.789,0.7143,98.5,43.63,1.317,PASS,0
LOT_037_DIE_00786,LOT_037,124.74,3.596,509.5,9.435,2.564,0.7113,10.068,2.589,0.709,11.538,11.962,2.601,0.7036,93.31,46.59,1.383,PASS,0
LOT_038_DIE_00787,LOT_038,126.39,3.509,511.85,8.319,2.36,0.7338,8.404,2.376,0.7298,9.601,10.254,2.413,0.726,104.21,43.05,1.186,PASS,0
LOT_039_DIE_00788,LOT_039,125.6,3.523,492.72,12.487,2.381,0.7466,12.697,2.394,0.7425,13.111,13.759,2.43,0.7381,101.47,42.7,1.326,PASS,0
LOT_040_DIE_00789,LOT_040,125.37,3.616,518.3,10.209,2.371,0.697,10.713,2.4,0.6925,11.542,12.238,2.433,0.6864,98.44,45.78,1.192,PASS,0
LOT_041_DIE_00790,LOT_041,125.15,3.611,514.59,9.659,2.714,0.6973,9.693,2.737,0.6969,10.427,11.465,2.772,0.6891,104.49,47.35,1.204,PASS,0
LOT_042_DIE_00791,LOT_042,123.99,3.626,499.03,11.091,2.477,0.696,11.408,2.481,0.6937,12.265,12.421,2.502,0.6904,98.08,43.94,1.011,PASS,0
LOT_043_DIE_00792,LOT_043,125.61,3.6,493.33,9.516,2.281,0.7452,10.065,2.296,0.7428,11.21,11.318,2.321,0.7398,104.15,44.0,1.198,PASS,0
LOT_044_DIE_00793,LOT_044,125.69,3.559,474.32,14.153,2.561,0.7139,14.766,2.585,0.7103,15.589,16.514,2.601,0.7046,101.89,46.26,1.301,PASS,0
LOT_045_DIE_00794,LOT_045,126.76,3.594,489.94,9.048,2.514,0.7085,9.563,2.532,0.7065,10.023,10.451,2.562,0.7016,96.3,41.51,1.235,PASS,0
LOT_046_DIE_00795,LOT_046,125.67,3.691,467.37,10.705,2.454,0.722,11.356,2.472,0.7192,11.794,12.826,2.502,0.714,91.98,45.53,1.283,PASS,0
LOT_047_DIE_00796,LOT_047,124.51,3.592,519.49,8.881,2.396,0.6916,9.274,2.412,0.6878,10.762,11.349,2.421,0.6835,100.39,50.6,1.284,PASS,0
LOT_048_DIE_00797,LOT_048,124.28,3.614,493.27,12.197,2.773,0.7019,12.512,2.793,0.6995,13.566,13.889,2.849,0.6929,95.11,43.81,1.324,PASS,0
LOT_049_DIE_00798,LOT_049,122.88,3.645,473.89,10.66,2.647,0.6638,10.955,2.67,0.6613,11.788,12.352,2.696,0.654,99.99,41.36,1.241,PASS,0
LOT_050_DIE_00799,LOT_050,125.38,3.556,514.8,10.536,2.579,0.6804,10.885,2.587,0.6769,11.708,12.284,2.63,0.673,96.87,47.72,1.201,PASS,0
LOT_001_DIE_00800,LOT_001,122.56,3.584,482.97,10.668,2.421,0.7332,11.169,2.449,0.731,12.382,13.692,2.465,0.7258,103.64,44.17,1.216,PASS,0
LOT_002_DIE_00801,LOT_002,124.2,3.583,512.52,14.552,2.627,0.707,15.089,2.65,0.7043,16.05,16.794,2.658,0.697,95.27,44.57,1.252,PASS,0
LOT_003_DIE_00802,LOT_003,125.73,3.602,491.1,12.409,2.233,0.7404,12.859,2.258,0.7374,13.198,13.706,2.309,0.7318,103.41,42.96,1.217,PASS,0
LOT_004_DIE_00803,LOT_004,124.38,3.614,497.43,13.501,2.546,0.7377,14.061,2.568,0.7339,14.698,15.268,2.602,0.7321,97.26,41.54,1.141,PASS,0
LOT_005_DIE_00804,LOT_005,125.2,3.615,509.63,7.631,2.409,0.7044,7.994,2.427,0.7009,8.899,9.499,2.45,0.6951,106.2,43.06,1.143,PASS,0
LOT_006_DIE_00805,LOT_006,123.3,3.549,492.9,11.324,2.604,0.7419,11.526,2.635,0.7381,12.721,13.021,2.646,0.7369,96.65,45.85,0.991,PASS,0
LOT_007_DIE_00806,LOT_007,124.35,3.579,508.28,7.492,2.59,0.676,7.94,2.611,0.6725,8.978,9.547,2.642,0.6687,101.59,45.63,1.04,PASS,0
LOT_008_DIE_00807,LOT_008,128.27,3.567,523.5,17.256,2.522,0.6922,17.509,2.546,0.6906,18.467,19.336,2.576,0.6839,105.45,43.94,1.173,PASS,0
LOT_009_DIE_00808,LOT_009,125.86,3.561,494.46,11.966,2.398,0.6623,12.35,2.428,0.6603,13.238,13.676,2.445,0.6531,99.24,47.9,1.224,PASS,0
LOT_010_DIE_00809,LOT_010,125.52,3.619,478.28,12.032,2.535,0.7022,12.604,2.542,0.6983,13.198,13.928,2.606,0.6991,103.87,45.28,1.199,PASS,0
LOT_011_DIE_00810,LOT_011,126.73,3.644,492.29,7.023,2.4,0.6853,7.517,2.427,0.6811,8.267,8.333,2.46,0.6754,107.6,48.25,1.156,PASS,0
LOT_012_DIE_00811,LOT_012,125.56,3.624,488.92,13.656,2.261,0.7016,13.942,2.269,0.6965,15.181,15.612,2.275,0.6912,98.8,45.44,1.191,PASS,0
LOT_013_DIE_00812,LOT_013,126.56,3.616,513.53,15.999,2.547,0.7403,16.347,2.565,0.7369,16.947,17.896,2.602,0.7358,100.45,40.37,1.286,PASS,0
LOT_014_DIE_00813,LOT_014,123.73,3.569,517.94,8.449,2.22,0.7142,8.758,2.254,0.7118,9.298,9.626,2.259,0.7059,108.62,44.08,1.216,PASS,0
LOT_015_DIE_00814,LOT_015,124.89,3.618,505.02,9.131,2.519,0.7005,9.447,2.558,0.698,10.53,10.791,2.587,0.6939,102.7,49.2,1.404,PASS,0
LOT_016_DIE_00815,LOT_016,124.63,3.598,510.6,8.867,2.491,0.7326,9.363,2.509,0.7315,10.204,10.851,2.566,0.7276,102.19,40.26,1.264,PASS,0
LOT_017_DIE_00816,LOT_017,125.29,3.602,531.65,11.495,2.087,0.6819,18.67,2.595,0.6521,45.555,75.229,3.417,0.6079,116.72,41.46,1.182,LATENT_DRIFT_RUNAWAY,1
LOT_018_DIE_00817,LOT_018,125.88,3.58,488.34,12.763,2.393,0.7532,13.059,2.433,0.7492,13.972,14.285,2.433,0.7454,95.77,43.64,1.235,PASS,0
LOT_019_DIE_00818,LOT_019,125.31,3.52,527.84,12.03,2.381,0.6675,12.293,2.387,0.6662,12.565,12.687,2.424,0.6598,105.52,43.88,1.264,PASS,0
LOT_020_DIE_00819,LOT_020,123.15,3.635,506.21,10.38,2.564,0.7289,10.546,2.584,0.7248,11.833,12.389,2.615,0.7204,99.38,49.09,1.316,PASS,0
LOT_021_DIE_00820,LOT_021,124.91,3.563,514.71,11.64,2.516,0.7087,12.168,2.538,0.7067,13.134,13.971,2.55,0.6992,100.76,45.25,1.182,PASS,0
LOT_022_DIE_00821,LOT_022,124.8,3.645,526.15,10.567,2.332,0.6802,11.096,2.346,0.6787,12.25,12.603,2.418,0.6716,97.96,43.01,1.244,PASS,0
LOT_023_DIE_00822,LOT_023,124.83,3.597,492.33,11.19,2.647,0.6655,11.824,2.674,0.6625,12.022,13.113,2.69,0.6564,104.48,46.79,1.403,PASS,0
LOT_024_DIE_00823,LOT_024,125.95,3.609,472.31,10.956,2.538,0.7377,11.356,2.551,0.734,11.611,12.796,2.584,0.7292,101.52,43.41,1.19,PASS,0
LOT_025_DIE_00824,LOT_025,124.67,3.587,507.01,9.254,2.265,0.7341,9.659,2.265,0.7301,10.569,11.084,2.279,0.7286,103.61,48.31,1.2,PASS,0
LOT_026_DIE_00825,LOT_026,126.74,3.595,492.58,19.052,2.942,0.7237,32.618,3.293,0.7104,48.241,79.241,4.448,0.6697,111.54,41.23,1.279,THERMAL_VOLTAGE_STRESS_FAILURE,1
LOT_027_DIE_00826,LOT_027,122.9,3.623,508.12,10.872,2.487,0.7656,11.107,2.514,0.763,11.863,12.074,2.545,0.7575,92.21,44.83,1.187,PASS,0
LOT_028_DIE_00827,LOT_028,126.05,3.624,505.86,8.892,2.252,0.6679,9.279,2.271,0.6639,9.878,10.511,2.337,0.6606,103.29,45.3,1.229,PASS,0
LOT_029_DIE_00828,LOT_029,125.16,3.618,481.51,12.08,2.451,0.6972,12.38,2.466,0.6951,13.19,13.711,2.517,0.6893,102.31,45.93,1.2,PASS,0
LOT_030_DIE_00829,LOT_030,125.85,3.568,477.99,7.781,2.369,0.6864,8.515,2.397,0.6818,9.714,10.19,2.419,0.6766,92.87,44.55,1.254,PASS,0
LOT_031_DIE_00830,LOT_031,124.51,3.589,483.57,10.205,2.435,0.7264,10.414,2.462,0.7238,11.239,11.703,2.472,0.7151,100.53,43.01,1.311,PASS,0
LOT_032_DIE_00831,LOT_032,123.24,3.593,497.03,7.141,2.542,0.7128,7.578,2.563,0.7094,8.116,8.367,2.587,0.7084,109.43,44.91,1.149,PASS,0
LOT_033_DIE_00832,LOT_033,124.93,3.643,478.33,8.055,2.616,0.707,8.554,2.634,0.7037,9.149,9.955,2.636,0.7021,105.34,44.58,1.231,PASS,0
LOT_034_DIE_00833,LOT_034,125.07,3.544,471.46,14.526,2.592,0.6713,15.199,2.605,0.6672,15.659,15.621,2.655,0.6652,106.56,44.49,1.135,PASS,0
LOT_035_DIE_00834,LOT_035,124.44,3.586,518.97,15.816,2.619,0.6935,16.314,2.645,0.6911,17.307,17.817,2.7,0.685,111.26,44.35,1.126,PASS,0
LOT_036_DIE_00835,LOT_036,126.52,3.566,494.58,12.901,2.504,0.6927,13.084,2.528,0.6897,14.219,14.75,2.57,0.6864,101.75,46.56,1.346,PASS,0
LOT_037_DIE_00836,LOT_037,124.33,3.604,484.01,9.718,2.755,0.7361,10.085,2.788,0.7328,11.148,12.011,2.8,0.7262,104.91,48.38,1.141,PASS,0
LOT_038_DIE_00837,LOT_038,123.6,3.609,500.52,9.514,2.408,0.7049,9.584,2.44,0.7012,10.146,10.079,2.446,0.695,96.59,45.55,1.228,PASS,0
LOT_039_DIE_00838,LOT_039,123.95,3.568,476.41,12.706,2.633,0.7226,13.061,2.672,0.7203,13.775,14.21,2.656,0.7128,98.74,46.14,1.199,PASS,0
LOT_040_DIE_00839,LOT_040,125.21,3.688,508.02,7.934,2.754,0.7157,8.203,2.774,0.7135,8.53,8.995,2.801,0.707,105.68,47.12,1.209,PASS,0
LOT_041_DIE_00840,LOT_041,125.64,3.592,526.15,4.98,2.889,0.6869,15.211,3.545,0.6717,49.96,90.386,4.497,0.6399,110.94,38.79,1.411,LATENT_DRIFT_RUNAWAY,1
LOT_042_DIE_00841,LOT_042,126.75,3.605,495.95,11.71,2.636,0.7519,11.948,2.656,0.7487,12.626,13.423,2.675,0.7439,100.07,44.65,1.245,PASS,0
LOT_043_DIE_00842,LOT_043,125.84,3.585,489.8,10.886,2.609,0.7129,11.31,2.632,0.7094,12.019,12.358,2.626,0.7028,99.44,45.48,1.255,PASS,0
LOT_044_DIE_00843,LOT_044,125.55,3.619,494.48,14.226,2.488,0.7171,14.933,2.528,0.7136,15.595,16.609,2.546,0.7112,95.06,48.21,1.213,PASS,0
LOT_045_DIE_00844,LOT_045,126.43,3.653,492.64,11.652,2.725,0.7226,24.719,3.288,0.7038,54.539,101.86,4.318,0.6456,119.03,35.24,1.181,LATENT_DRIFT_RUNAWAY,1
LOT_046_DIE_00845,LOT_046,126.03,3.573,496.17,12.215,2.38,0.7168,12.509,2.387,0.7147,12.938,13.685,2.405,0.708,110.18,48.38,1.228,PASS,0
LOT_047_DIE_00846,LOT_047,126.38,3.601,506.86,10.161,2.503,0.7065,11.025,2.526,0.7034,12.106,12.09,2.528,0.6967,100.36,47.69,1.11,PASS,0
LOT_048_DIE_00847,LOT_048,125.44,3.696,497.28,12.723,2.4,0.7296,13.131,2.409,0.7286,14.063,14.584,2.465,0.7232,96.44,45.82,1.275,PASS,0
LOT_049_DIE_00848,LOT_049,124.19,3.548,484.17,13.68,2.439,0.6712,13.98,2.456,0.6697,14.945,15.519,2.486,0.668,90.07,48.24,1.241,PASS,0
LOT_050_DIE_00849,LOT_050,126.29,3.658,500.94,8.798,2.488,0.6884,9.243,2.503,0.686,10.264,10.944,2.567,0.6804,106.85,42.81,1.267,PASS,0
LOT_001_DIE_00850,LOT_001,128.03,3.586,486.54,9.134,2.398,0.7204,9.519,2.411,0.7182,10.137,10.792,2.474,0.7119,99.88,49.31,1.258,PASS,0
LOT_002_DIE_00851,LOT_002,124.33,3.635,493.29,15.821,2.217,0.7036,16.219,2.241,0.7,16.679,16.727,2.286,0.6944,106.64,43.98,1.242,PASS,0
LOT_003_DIE_00852,LOT_003,124.36,3.587,482.59,11.799,2.711,0.7633,12.541,2.74,0.7579,13.144,13.439,2.762,0.7525,96.63,47.56,1.21,PASS,0
LOT_004_DIE_00853,LOT_004,125.11,3.671,502.65,14.519,2.644,0.7135,14.827,2.646,0.7114,15.658,16.035,2.685,0.7069,101.69,39.86,1.384,PASS,0
LOT_005_DIE_00854,LOT_005,124.13,3.603,536.7,9.934,2.286,0.739,10.397,2.317,0.7371,11.121,11.709,2.34,0.7313,96.45,49.65,1.343,PASS,0
LOT_006_DIE_00855,LOT_006,124.0,3.626,480.28,8.669,2.581,0.7439,8.896,2.591,0.7388,9.636,10.33,2.635,0.7337,99.17,43.69,1.224,PASS,0
LOT_007_DIE_00856,LOT_007,124.56,3.635,498.87,11.011,2.317,0.6848,11.467,2.334,0.6818,11.919,12.597,2.402,0.6815,97.14,44.23,1.284,PASS,0
LOT_008_DIE_00857,LOT_008,124.49,3.544,508.71,13.595,2.425,0.6677,13.889,2.433,0.6645,14.88,15.248,2.439,0.6578,98.71,43.77,1.187,PASS,0
LOT_009_DIE_00858,LOT_009,124.29,3.604,486.08,13.926,2.326,0.7,14.341,2.361,0.6956,14.95,15.273,2.373,0.6959,94.89,44.92,1.171,PASS,0
LOT_010_DIE_00859,LOT_010,124.96,3.56,491.09,13.231,2.625,0.7083,13.915,2.646,0.7052,14.516,15.027,2.685,0.6974,94.96,43.22,1.299,PASS,0
LOT_011_DIE_00860,LOT_011,125.3,3.564,484.14,7.41,2.44,0.6798,7.972,2.453,0.6766,8.857,8.851,2.455,0.6716,98.84,47.6,1.365,PASS,0
LOT_012_DIE_00861,LOT_012,122.8,3.56,494.79,14.107,2.619,0.6924,14.694,2.631,0.6902,15.301,16.202,2.647,0.6856,96.26,47.47,1.311,PASS,0
LOT_013_DIE_00862,LOT_013,124.31,3.577,519.66,11.878,2.588,0.7267,12.377,2.619,0.724,12.868,13.318,2.662,0.7184,99.24,43.22,1.199,PASS,0
LOT_014_DIE_00863,LOT_014,125.27,3.626,517.14,8.461,2.395,0.7035,8.828,2.413,0.7008,9.24,10.36,2.458,0.6955,100.7,49.2,1.191,PASS,0
LOT_015_DIE_00864,LOT_015,123.84,3.616,506.21,8.921,2.566,0.6927,9.232,2.573,0.6893,9.748,10.249,2.625,0.6851,98.79,43.67,1.153,PASS,0
LOT_016_DIE_00865,LOT_016,123.26,3.627,522.83,8.177,2.544,0.7297,8.467,2.557,0.7271,9.866,10.337,2.637,0.723,95.5,44.1,1.289,PASS,0
LOT_017_DIE_00866,LOT_017,124.01,3.624,514.15,8.621,2.66,0.6751,8.973,2.688,0.6735,10.008,10.225,2.721,0.6646,89.11,44.94,1.277,PASS,0
LOT_018_DIE_00867,LOT_018,124.61,3.536,490.0,13.865,2.466,0.7185,14.287,2.496,0.7141,14.561,15.285,2.514,0.7076,108.47,44.74,1.188,PASS,0
LOT_019_DIE_00868,LOT_019,123.36,3.652,525.29,11.252,2.596,0.6986,25.362,2.857,0.6816,41.423,73.277,3.477,0.642,106.92,39.6,1.199,THERMAL_VOLTAGE_STRESS_FAILURE,1
LOT_020_DIE_00869,LOT_020,125.5,3.593,508.41,9.957,2.733,0.7273,10.447,2.732,0.7247,11.389,11.778,2.761,0.7207,109.04,45.57,1.086,PASS,0
LOT_021_DIE_00870,LOT_021,125.0,3.616,517.87,13.515,2.111,0.6957,13.806,2.128,0.6925,14.589,15.322,2.13,0.6893,94.29,43.79,1.29,PASS,0
LOT_022_DIE_00871,LOT_022,124.26,3.616,511.6,8.681,2.614,0.6823,9.025,2.631,0.6798,9.835,10.419,2.665,0.6748,108.65,42.97,1.332,PASS,0
LOT_023_DIE_00872,LOT_023,122.79,3.667,501.26,9.604,2.572,0.6607,9.854,2.592,0.6585,10.441,11.121,2.598,0.6528,91.14,46.47,1.37,PASS,0
LOT_024_DIE_00873,LOT_024,126.01,3.609,488.13,8.626,2.539,0.7293,9.167,2.556,0.7276,10.074,10.701,2.591,0.7208,107.42,45.53,1.227,PASS,0
LOT_025_DIE_00874,LOT_025,127.21,3.618,499.42,9.295,2.608,0.7066,9.654,2.643,0.7032,10.831,11.213,2.62,0.7005,95.54,44.94,1.33,PASS,0
LOT_026_DIE_00875,LOT_026,125.41,3.53,502.32,12.6,2.544,0.7277,13.105,2.554,0.725,13.636,14.775,2.622,0.7196,91.4,47.24,1.309,PASS,0
LOT_027_DIE_00876,LOT_027,124.48,3.549,511.86,8.58,2.512,0.7301,8.782,2.524,0.7293,9.615,10.119,2.554,0.7206,105.67,42.72,1.175,PASS,0
LOT_028_DIE_00877,LOT_028,124.0,3.597,490.65,11.176,2.651,0.6849,11.692,2.667,0.6808,12.302,13.208,2.699,0.6742,101.18,44.89,1.153,PASS,0
LOT_029_DIE_00878,LOT_029,125.85,3.657,479.45,13.107,2.516,0.7021,13.492,2.537,0.6987,14.121,15.107,2.546,0.6907,98.12,43.81,1.299,PASS,0
LOT_030_DIE_00879,LOT_030,126.25,3.635,498.11,9.541,2.641,0.6618,9.813,2.674,0.6604,10.35,10.89,2.717,0.6543,98.23,48.28,1.146,PASS,0
LOT_031_DIE_00880,LOT_031,126.85,3.563,497.93,10.914,2.405,0.7258,11.864,2.429,0.7229,12.841,13.369,2.454,0.7164,103.8,46.37,1.273,PASS,0
LOT_032_DIE_00881,LOT_032,126.21,3.637,480.88,9.094,2.422,0.7195,9.371,2.426,0.7142,10.464,11.242,2.481,0.71,99.92,46.49,1.23,PASS,0
LOT_033_DIE_00882,LOT_033,123.0,3.561,499.89,6.883,2.634,0.7389,7.426,2.675,0.7352,8.521,9.146,2.68,0.7313,101.02,46.54,1.243,PASS,0
LOT_034_DIE_00883,LOT_034,123.72,3.688,483.57,15.273,2.398,0.6815,15.723,2.419,0.6783,16.442,16.731,2.461,0.6752,92.98,46.36,1.294,PASS,0
LOT_035_DIE_00884,LOT_035,122.78,3.629,500.65,13.774,2.6,0.7005,13.999,2.602,0.6966,14.929,15.739,2.631,0.6905,105.01,45.0,1.252,PASS,0
LOT_036_DIE_00885,LOT_036,123.68,3.589,482.4,12.63,2.532,0.7204,12.973,2.533,0.718,13.832,14.299,2.579,0.7168,90.01,42.83,1.344,PASS,0
LOT_037_DIE_00886,LOT_037,125.45,3.59,503.89,9.815,2.609,0.7225,10.034,2.625,0.7172,11.173,11.696,2.694,0.7142,100.95,45.83,1.347,PASS,0
LOT_038_DIE_00887,LOT_038,125.4,3.564,499.74,10.069,2.586,0.732,10.471,2.61,0.7292,11.391,11.828,2.662,0.7254,102.31,45.52,1.171,PASS,0
LOT_039_DIE_00888,LOT_039,124.56,3.653,508.2,11.992,2.514,0.7095,12.561,2.547,0.7062,13.131,13.967,2.604,0.7024,108.99,41.09,1.126,PASS,0
LOT_040_DIE_00889,LOT_040,122.45,3.599,529.63,11.566,2.504,0.6944,11.664,2.526,0.6915,12.76,13.507,2.539,0.6859,99.43,45.79,1.256,PASS,0
LOT_041_DIE_00890,LOT_041,123.64,3.591,512.48,7.761,2.341,0.6875,7.713,2.35,0.6847,8.542,9.193,2.382,0.6819,97.58,42.73,1.388,PASS,0
LOT_042_DIE_00891,LOT_042,126.24,3.62,497.2,11.176,2.553,0.6928,11.412,2.585,0.6898,12.866,13.036,2.654,0.6794,98.67,43.17,1.193,PASS,0
LOT_043_DIE_00892,LOT_043,125.64,3.673,516.44,6.119,2.427,0.73,6.721,2.449,0.7257,7.4,7.783,2.484,0.7194,99.14,42.49,1.198,PASS,0
LOT_044_DIE_00893,LOT_044,125.7,3.599,503.32,11.343,2.532,0.7098,11.849,2.541,0.7068,12.482,13.23,2.594,0.6999,99.07,42.54,1.225,PASS,0
LOT_045_DIE_00894,LOT_045,125.63,3.656,515.08,9.807,2.439,0.7139,9.936,2.448,0.7107,11.245,11.745,2.504,0.7077,96.35,42.98,1.3,PASS,0
LOT_046_DIE_00895,LOT_046,123.03,3.629,479.89,11.85,2.427,0.7024,12.61,2.45,0.6992,12.904,14.067,2.454,0.6933,101.77,43.11,1.077,PASS,0
LOT_047_DIE_00896,LOT_047,124.79,3.574,500.07,8.633,2.564,0.6923,9.211,2.584,0.6907,9.485,9.908,2.636,0.6815,102.46,46.47,1.224,PASS,0
LOT_048_DIE_00897,LOT_048,125.24,3.618,485.9,11.467,2.535,0.6991,11.786,2.555,0.692,12.398,12.799,2.61,0.6876,103.12,44.57,1.2,PASS,0
LOT_049_DIE_00898,LOT_049,125.17,3.569,480.31,14.064,2.376,0.664,14.467,2.392,0.6608,15.535,15.872,2.468,0.6536,89.68,49.82,1.161,PASS,0
LOT_050_DIE_00899,LOT_050,125.74,3.647,497.27,9.25,2.412,0.7119,9.63,2.429,0.7081,9.805,10.662,2.452,0.6985,99.79,44.78,1.329,PASS,0
LOT_001_DIE_00900,LOT_001,124.96,3.589,482.35,10.132,2.626,0.7416,10.467,2.635,0.7387,11.501,12.14,2.691,0.7322,104.38,38.95,1.351,PASS,0
LOT_002_DIE_00901,LOT_002,126.65,3.617,494.67,13.752,2.397,0.717,13.86,2.409,0.7131,14.974,15.416,2.409,0.7078,96.05,43.25,1.21,PASS,0
LOT_003_DIE_00902,LOT_003,123.8,3.631,496.91,12.665,2.433,0.7329,13.298,2.469,0.728,13.794,14.241,2.51,0.7266,95.87,47.48,1.27,PASS,0
LOT_004_DIE_00903,LOT_004,124.92,3.53,501.73,14.419,2.395,0.7569,14.683,2.427,0.753,15.536,16.22,2.449,0.7485,101.66,42.83,1.279,PASS,0
LOT_005_DIE_00904,LOT_005,125.23,3.628,524.07,9.263,2.811,0.7349,9.562,2.816,0.733,10.613,11.013,2.87,0.7272,91.87,42.77,1.18,PASS,0
LOT_006_DIE_00905,LOT_006,124.76,3.63,485.13,9.673,2.542,0.7823,10.023,2.56,0.7782,10.88,11.491,2.557,0.7746,103.86,47.38,1.236,PASS,0
LOT_007_DIE_00906,LOT_007,126.4,3.603,511.54,9.244,2.414,0.6786,9.602,2.419,0.6761,10.807,11.541,2.47,0.6697,108.45,46.02,1.286,PASS,0
LOT_008_DIE_00907,LOT_008,124.02,3.57,509.41,13.52,2.579,0.6911,13.963,2.602,0.6886,14.895,15.335,2.635,0.6838,97.84,48.35,1.329,PASS,0
LOT_009_DIE_00908,LOT_009,125.17,3.594,498.1,12.649,2.717,0.694,13.117,2.751,0.6913,13.932,14.264,2.762,0.6887,98.05,47.44,1.262,PASS,0
LOT_010_DIE_00909,LOT_010,125.1,3.514,489.2,12.302,2.378,0.7088,12.597,2.398,0.7057,13.233,14.085,2.432,0.7005,93.4,41.15,1.199,PASS,0
LOT_011_DIE_00910,LOT_011,127.5,3.602,494.44,9.058,2.421,0.703,9.357,2.441,0.6992,10.353,10.7,2.491,0.6957,101.68,48.16,1.246,PASS,0
LOT_012_DIE_00911,LOT_012,124.8,3.554,480.2,14.664,2.388,0.6715,14.684,2.418,0.6681,15.695,16.372,2.427,0.6619,95.58,41.02,1.297,PASS,0
LOT_013_DIE_00912,LOT_013,123.97,3.544,526.97,14.087,2.413,0.7414,14.659,2.441,0.7368,15.535,16.524,2.491,0.7318,99.45,46.62,1.312,PASS,0
LOT_014_DIE_00913,LOT_014,125.87,3.591,510.27,10.69,2.385,0.6878,11.215,2.39,0.6845,12.198,12.643,2.463,0.6776,97.84,42.23,1.205,PASS,0
LOT_015_DIE_00914,LOT_015,125.49,3.591,510.26,7.185,2.447,0.7146,7.684,2.475,0.7118,8.415,9.039,2.479,0.7071,95.38,45.45,1.33,PASS,0
LOT_016_DIE_00915,LOT_016,124.62,3.542,513.74,15.199,2.779,0.7104,28.619,3.22,0.691,58.519,103.114,4.13,0.6634,111.67,39.19,1.477,THERMAL_VOLTAGE_STRESS_FAILURE,1
LOT_017_DIE_00916,LOT_017,125.43,3.607,511.22,10.82,2.624,0.6957,11.463,2.637,0.6933,12.164,13.151,2.684,0.6903,99.63,42.71,1.206,PASS,0
LOT_018_DIE_00917,LOT_018,125.13,3.62,482.24,10.24,2.471,0.7236,10.748,2.485,0.7195,11.442,11.925,2.511,0.7155,101.96,39.77,1.373,PASS,0
LOT_019_DIE_00918,LOT_019,123.96,3.609,509.06,9.861,2.719,0.7099,10.117,2.739,0.7056,11.09,11.793,2.754,0.7036,100.4,45.97,1.224,PASS,0
LOT_020_DIE_00919,LOT_020,124.56,3.657,511.58,10.32,2.468,0.752,10.849,2.49,0.748,12.082,12.357,2.497,0.7456,97.33,47.82,1.261,PASS,0
LOT_021_DIE_00920,LOT_021,125.41,3.598,517.5,12.125,2.673,0.7203,12.415,2.683,0.7169,13.006,13.831,2.7,0.7103,103.32,48.07,1.246,PASS,0
LOT_022_DIE_00921,LOT_022,122.75,3.587,502.72,10.164,3.424,0.6972,23.16,3.89,0.6797,38.135,68.476,4.801,0.6329,110.65,38.43,1.344,THERMAL_VOLTAGE_STRESS_FAILURE,1
LOT_023_DIE_00922,LOT_023,123.53,3.617,497.4,9.929,2.454,0.6781,9.987,2.461,0.6726,10.568,10.721,2.49,0.6692,100.95,44.27,1.194,PASS,0
LOT_024_DIE_00923,LOT_024,122.54,3.581,482.66,9.395,2.397,0.7146,9.61,2.416,0.7109,10.059,11.182,2.45,0.7048,100.03,47.74,1.23,PASS,0
LOT_025_DIE_00924,LOT_025,125.76,3.614,477.7,9.888,2.408,0.718,10.334,2.421,0.717,11.421,12.029,2.459,0.7075,96.02,47.19,1.273,PASS,0
LOT_026_DIE_00925,LOT_026,123.89,3.637,503.08,14.68,2.824,0.7287,15.108,2.853,0.7263,15.979,16.813,2.891,0.7179,101.27,46.35,1.247,PASS,0
LOT_027_DIE_00926,LOT_027,125.03,3.614,510.13,7.828,2.495,0.7283,8.475,2.492,0.7236,9.468,10.218,2.548,0.7223,99.46,46.49,1.246,PASS,0
LOT_028_DIE_00927,LOT_028,124.77,3.662,526.04,11.954,2.751,0.6891,12.247,2.786,0.6875,13.396,14.121,2.797,0.6826,100.37,44.22,1.132,PASS,0
LOT_029_DIE_00928,LOT_029,124.52,3.596,497.52,12.194,2.164,0.7283,12.724,2.171,0.7258,13.308,13.755,2.243,0.7241,105.95,44.6,1.227,PASS,0
LOT_030_DIE_00929,LOT_030,124.77,3.609,504.73,6.033,2.679,0.694,6.662,2.675,0.6902,7.193,7.599,2.758,0.6847,102.38,44.05,1.281,PASS,0
LOT_031_DIE_00930,LOT_031,125.46,3.659,488.87,12.475,2.485,0.7278,13.009,2.519,0.7243,13.615,14.529,2.524,0.7234,101.94,45.65,1.214,PASS,0
LOT_032_DIE_00931,LOT_032,124.48,3.706,477.71,7.686,2.429,0.7203,7.698,2.455,0.7148,8.426,8.818,2.498,0.7107,97.45,49.7,1.221,PASS,0
LOT_033_DIE_00932,LOT_033,124.39,3.642,473.13,7.721,2.422,0.7032,7.957,2.434,0.7005,8.252,8.66,2.473,0.6979,100.35,47.67,1.213,PASS,0
LOT_034_DIE_00933,LOT_034,123.8,3.664,490.16,14.96,2.478,0.6771,15.475,2.504,0.6763,16.287,17.417,2.531,0.6702,99.05,46.5,1.208,PASS,0
LOT_035_DIE_00934,LOT_035,124.21,3.608,501.16,15.557,2.287,0.7072,15.592,2.297,0.7034,17.042,17.01,2.315,0.6956,100.55,40.21,1.418,PASS,0
LOT_036_DIE_00935,LOT_036,124.43,3.647,483.52,14.434,2.492,0.6976,15.011,2.508,0.6945,15.972,16.532,2.548,0.6879,105.51,40.77,1.217,PASS,0
LOT_037_DIE_00936,LOT_037,126.37,3.623,488.12,10.397,2.355,0.6932,10.719,2.386,0.6887,11.467,11.918,2.433,0.6838,107.65,44.7,1.239,PASS,0
LOT_038_DIE_00937,LOT_038,125.22,3.645,494.62,8.02,2.755,0.7132,23.274,3.178,0.6975,45.379,72.079,4.15,0.6596,127.38,37.19,1.469,THERMAL_VOLTAGE_STRESS_FAILURE,1
LOT_039_DIE_00938,LOT_039,124.46,3.533,489.34,11.256,2.564,0.7365,11.462,2.585,0.7333,12.163,12.939,2.645,0.7297,102.82,49.81,1.167,PASS,0
LOT_040_DIE_00939,LOT_040,127.75,3.604,517.42,12.759,2.353,0.7088,13.354,2.384,0.7065,13.847,14.298,2.396,0.7003,100.74,40.79,1.158,PASS,0
LOT_041_DIE_00940,LOT_041,126.39,3.581,515.39,7.428,2.525,0.6749,8.129,2.546,0.6704,8.35,8.73,2.567,0.666,99.2,44.19,1.324,PASS,0
LOT_042_DIE_00941,LOT_042,124.51,3.601,487.17,10.701,2.338,0.706,10.93,2.368,0.7028,11.774,12.055,2.392,0.6973,100.3,44.51,1.34,PASS,0
LOT_043_DIE_00942,LOT_043,126.08,3.599,507.26,8.235,2.352,0.7565,8.529,2.363,0.7538,9.325,9.629,2.42,0.7492,101.64,46.12,1.322,PASS,0
LOT_044_DIE_00943,LOT_044,123.53,3.593,492.66,16.472,2.673,0.7359,16.598,2.683,0.7324,17.621,17.607,2.73,0.7238,99.52,42.95,1.156,PASS,0
LOT_045_DIE_00944,LOT_045,126.06,3.584,487.76,10.679,2.699,0.7282,11.093,2.717,0.7254,11.865,12.307,2.773,0.7212,95.85,44.13,1.165,PASS,0
LOT_046_DIE_00945,LOT_046,125.02,3.597,463.88,12.583,2.522,0.7129,12.869,2.547,0.7093,13.283,14.023,2.576,0.705,110.4,44.57,1.279,PASS,0
LOT_047_DIE_00946,LOT_047,124.79,3.568,493.26,11.031,2.694,0.6983,11.465,2.705,0.6969,12.619,13.029,2.72,0.6927,102.4,48.02,1.328,PASS,0
LOT_048_DIE_00947,LOT_048,123.91,3.625,506.63,14.329,2.778,0.7034,22.089,3.222,0.6798,54.974,87.111,4.646,0.6433,123.14,35.32,1.139,LATENT_DRIFT_RUNAWAY,1
LOT_049_DIE_00948,LOT_049,123.83,3.584,487.95,10.701,2.432,0.6895,11.196,2.448,0.6862,12.193,12.42,2.468,0.6822,104.35,43.75,1.229,PASS,0
LOT_050_DIE_00949,LOT_050,123.26,3.604,496.88,9.102,2.671,0.6985,9.581,2.699,0.6953,10.294,10.56,2.711,0.6923,104.07,48.32,1.189,PASS,0
LOT_001_DIE_00950,LOT_001,125.56,3.615,477.28,10.451,2.511,0.7255,10.915,2.533,0.7227,12.154,12.714,2.575,0.7199,104.68,43.65,1.179,PASS,0
LOT_002_DIE_00951,LOT_002,124.45,3.56,510.24,14.962,2.505,0.7144,15.258,2.518,0.7109,15.562,16.021,2.571,0.7073,97.05,46.86,1.301,PASS,0
LOT_003_DIE_00952,LOT_003,123.65,3.584,487.9,14.218,2.61,0.745,14.42,2.644,0.7418,15.295,16.558,2.673,0.7372,90.12,47.53,1.314,PASS,0
LOT_004_DIE_00953,LOT_004,125.19,3.565,499.02,12.638,2.558,0.7354,13.228,2.588,0.7329,14.223,14.981,2.563,0.7278,92.9,42.92,1.314,PASS,0
LOT_005_DIE_00954,LOT_005,124.53,3.623,526.13,7.683,2.656,0.7403,7.888,2.685,0.7356,8.764,9.497,2.721,0.7339,101.52,46.66,0.892,PASS,0
LOT_006_DIE_00955,LOT_006,124.84,3.618,485.68,8.672,2.506,0.7297,9.056,2.53,0.7299,9.537,9.868,2.562,0.7233,92.08,42.09,1.209,PASS,0
LOT_007_DIE_00956,LOT_007,125.8,3.587,500.68,6.893,2.299,0.6901,7.538,2.312,0.6878,8.144,8.912,2.36,0.6803,95.71,42.8,1.107,PASS,0
LOT_008_DIE_00957,LOT_008,125.22,3.56,505.43,14.974,2.406,0.7193,29.789,2.816,0.6957,53.069,96.314,3.664,0.6638,110.26,38.6,1.111,LATENT_DRIFT_RUNAWAY,1
LOT_009_DIE_00958,LOT_009,126.7,3.536,490.72,11.746,2.305,0.6872,12.09,2.328,0.6851,13.078,13.498,2.338,0.6797,118.01,45.1,1.364,PASS,0
LOT_010_DIE_00959,LOT_010,126.22,3.555,485.95,12.204,2.377,0.7013,12.611,2.38,0.698,13.279,14.108,2.45,0.6951,94.26,41.96,1.104,PASS,0
LOT_011_DIE_00960,LOT_011,125.03,3.655,483.9,10.11,2.667,0.6936,10.31,2.685,0.6907,11.231,11.575,2.732,0.6851,100.29,45.21,1.271,PASS,0
LOT_012_DIE_00961,LOT_012,127.12,3.553,484.77,14.17,2.617,0.7192,14.658,2.645,0.7171,15.847,16.64,2.65,0.7094,99.48,42.34,1.31,PASS,0
LOT_013_DIE_00962,LOT_013,125.62,3.506,512.07,13.381,2.45,0.7271,13.982,2.476,0.7232,14.766,15.056,2.458,0.7222,110.06,42.94,1.324,PASS,0
LOT_014_DIE_00963,LOT_014,125.0,3.609,510.14,6.054,2.334,0.6994,6.554,2.358,0.6956,6.777,7.414,2.374,0.6933,115.84,43.34,1.368,PASS,0
LOT_015_DIE_00964,LOT_015,124.92,3.534,501.69,8.689,2.382,0.6849,8.861,2.389,0.681,9.48,9.988,2.432,0.6745,101.77,49.73,1.364,PASS,0
LOT_016_DIE_00965,LOT_016,125.7,3.507,521.91,11.929,2.614,0.7086,12.187,2.622,0.707,12.878,13.243,2.661,0.7002,100.09,45.31,1.216,PASS,0
LOT_017_DIE_00966,LOT_017,124.19,3.61,508.88,12.892,2.489,0.6977,12.962,2.5,0.6958,13.707,14.568,2.559,0.689,100.68,47.35,1.277,PASS,0
LOT_018_DIE_00967,LOT_018,125.91,3.62,482.59,9.68,2.683,0.7471,10.077,2.697,0.7444,10.907,11.604,2.711,0.7403,108.76,42.52,1.367,PASS,0
LOT_019_DIE_00968,LOT_019,123.86,3.585,504.25,10.455,2.582,0.6844,10.952,2.616,0.6826,11.48,12.031,2.614,0.6742,109.54,45.65,1.037,PASS,0
LOT_020_DIE_00969,LOT_020,125.36,3.611,490.69,10.364,2.606,0.7341,10.997,2.633,0.7315,12.388,12.591,2.664,0.7273,92.53,45.56,1.185,PASS,0
LOT_021_DIE_00970,LOT_021,126.26,3.68,509.02,11.472,2.476,0.7216,12.128,2.486,0.7174,12.942,13.546,2.558,0.7134,107.76,45.61,1.157,PASS,0
LOT_022_DIE_00971,LOT_022,122.52,3.631,513.89,8.825,2.675,0.6867,9.183,2.692,0.684,10.077,10.772,2.733,0.6787,102.12,39.7,1.373,PASS,0
LOT_023_DIE_00972,LOT_023,126.84,3.579,494.72,12.404,2.421,0.6647,12.586,2.439,0.6627,13.8,14.605,2.491,0.6573,102.6,46.51,1.131,PASS,0
LOT_024_DIE_00973,LOT_024,125.0,3.585,480.28,10.812,2.636,0.7294,11.162,2.634,0.7251,12.149,12.301,2.691,0.7229,95.23,44.19,1.37,PASS,0
LOT_025_DIE_00974,LOT_025,125.85,3.626,475.43,9.688,2.523,0.7018,9.885,2.548,0.6985,10.615,11.175,2.571,0.6951,94.32,42.83,1.266,PASS,0
LOT_026_DIE_00975,LOT_026,122.43,3.628,502.19,13.283,2.644,0.7165,13.489,2.657,0.7121,14.393,15.129,2.682,0.7068,98.5,48.46,1.153,PASS,0
LOT_027_DIE_00976,LOT_027,124.46,3.559,504.56,8.778,2.65,0.7443,9.237,2.667,0.742,10.238,10.646,2.716,0.7347,105.7,44.23,1.264,PASS,0
LOT_028_DIE_00977,LOT_028,123.64,3.603,498.78,11.644,2.632,0.6903,11.944,2.649,0.6872,12.581,13.207,2.639,0.6838,99.61,42.81,1.212,PASS,0
LOT_029_DIE_00978,LOT_029,125.6,3.559,464.39,11.218,2.438,0.7138,11.421,2.474,0.7121,12.682,13.824,2.491,0.7091,95.88,43.21,1.234,PASS,0
LOT_030_DIE_00979,LOT_030,124.31,3.577,479.32,9.859,2.699,0.6957,10.117,2.722,0.6918,11.002,11.638,2.777,0.6891,102.67,46.31,1.221,PASS,0
LOT_031_DIE_00980,LOT_031,124.16,3.624,497.03,14.624,2.468,0.7422,15.091,2.474,0.7397,16.287,16.73,2.473,0.7343,107.68,43.6,1.239,PASS,0
LOT_032_DIE_00981,LOT_032,123.75,3.637,475.57,10.156,2.197,0.6996,10.506,2.219,0.6971,11.445,12.003,2.271,0.6924,107.86,46.83,1.242,PASS,0
LOT_033_DIE_00982,LOT_033,124.22,3.62,488.34,7.824,2.459,0.6931,8.166,2.483,0.6921,8.987,9.675,2.497,0.6861,89.5,46.63,1.227,PASS,0
LOT_034_DIE_00983,LOT_034,127.32,3.612,491.89,14.02,2.239,0.6737,14.263,2.254,0.6712,15.059,16.104,2.303,0.6638,107.47,46.56,1.25,PASS,0
LOT_035_DIE_00984,LOT_035,125.0,3.539,521.97,14.667,2.686,0.7162,15.178,2.709,0.7127,15.985,16.321,2.765,0.7051,98.32,49.0,1.19,PASS,0
LOT_036_DIE_00985,LOT_036,127.54,3.582,497.35,14.937,2.602,0.6708,15.085,2.61,0.6692,15.85,16.301,2.672,0.6613,105.64,48.37,1.342,PASS,0
LOT_037_DIE_00986,LOT_037,125.26,3.63,485.68,9.773,2.361,0.7323,10.516,2.382,0.7296,11.291,11.928,2.398,0.7267,106.33,41.86,1.111,PASS,0
LOT_038_DIE_00987,LOT_038,125.46,3.552,509.46,8.344,2.396,0.7173,8.662,2.431,0.715,9.082,9.452,2.413,0.7104,103.12,46.69,1.333,PASS,0
LOT_039_DIE_00988,LOT_039,123.61,3.682,507.21,11.751,2.521,0.7278,12.602,2.552,0.725,13.668,13.981,2.576,0.7217,99.09,41.83,1.157,PASS,0
LOT_040_DIE_00989,LOT_040,123.84,3.527,510.0,9.494,2.574,0.7101,9.52,2.578,0.7078,10.407,11.067,2.631,0.7015,96.64,42.97,1.211,PASS,0
LOT_041_DIE_00990,LOT_041,124.38,3.655,538.58,10.743,2.302,0.6659,11.032,2.323,0.6657,11.751,12.441,2.371,0.6589,98.83,43.58,1.143,PASS,0
LOT_042_DIE_00991,LOT_042,124.74,3.661,485.56,11.738,2.74,0.7068,11.986,2.754,0.7055,13.081,13.675,2.807,0.6964,91.94,51.4,1.243,PASS,0
LOT_043_DIE_00992,LOT_043,121.46,3.64,500.94,9.978,2.625,0.7512,10.459,2.641,0.7481,10.956,11.491,2.676,0.7433,103.28,41.49,1.234,PASS,0
LOT_044_DIE_00993,LOT_044,126.59,3.497,488.28,14.025,2.429,0.7318,14.484,2.474,0.7282,15.426,16.187,2.474,0.7251,101.5,43.71,1.191,PASS,0
LOT_045_DIE_00994,LOT_045,125.27,3.613,480.66,9.643,2.499,0.7258,9.996,2.51,0.7236,10.533,11.018,2.556,0.716,103.19,45.54,1.39,PASS,0
LOT_046_DIE_00995,LOT_046,124.97,3.574,484.54,13.241,2.281,0.6941,13.469,2.303,0.6893,13.998,14.501,2.351,0.6856,99.25,46.48,1.201,PASS,0
LOT_047_DIE_00996,LOT_047,126.89,3.541,505.96,11.643,2.296,0.7125,12.037,2.325,0.7107,12.912,13.356,2.35,0.7043,98.22,45.19,1.268,PASS,0
LOT_048_DIE_00997,LOT_048,123.81,3.581,498.91,13.612,2.47,0.7056,14.024,2.488,0.7034,15.394,15.726,2.528,0.6971,103.08,46.25,1.275,PASS,0
LOT_049_DIE_00998,LOT_049,124.52,3.558,496.8,12.398,2.593,0.6766,12.507,2.623,0.6733,13.556,14.329,2.635,0.6658,98.73,46.5,1.229,PASS,0
LOT_050_DIE_00999,LOT_050,126.88,3.581,483.94,10.576,2.336,0.696,10.825,2.355,0.6945,11.914,12.475,2.397,0.6883,100.98,42.75,1.215,PASS,0
LOT_001_DIE_01000,LOT_001,124.07,3.701,493.17,10.642,2.376,0.7355,11.091,2.4,0.731,11.627,12.363,2.4,0.7284,107.3,47.9,1.267,PASS,0
LOT_002_DIE_01001,LOT_002,122.32,3.619,506.51,15.572,2.422,0.7182,15.997,2.451,0.714,16.571,17.132,2.478,0.7088,101.59,42.26,1.175,PASS,0
LOT_003_DIE_01002,LOT_003,127.17,3.612,500.56,11.881,2.499,0.7324,12.312,2.513,0.7281,13.236,13.47,2.567,0.7269,97.52,45.21,1.243,PASS,0
LOT_004_DIE_01003,LOT_004,124.22,3.614,491.93,10.088,2.388,0.7252,10.267,2.419,0.7206,10.718,11.742,2.409,0.7174,103.14,45.6,1.313,PASS,0
LOT_005_DIE_01004,LOT_005,124.28,3.672,512.31,9.622,2.512,0.7011,10.234,2.546,0.698,11.706,12.314,2.564,0.6925,107.62,44.99,1.277,PASS,0
LOT_006_DIE_01005,LOT_006,124.96,3.594,481.4,6.653,2.586,0.7468,6.815,2.621,0.7452,7.763,8.679,2.658,0.7428,104.8,40.03,1.147,PASS,0
LOT_007_DIE_01006,LOT_007,126.44,3.607,501.63,8.787,2.326,0.7014,9.048,2.336,0.7003,10.044,11.062,2.356,0.6931,104.92,48.31,1.263,PASS,0
LOT_008_DIE_01007,LOT_008,123.99,3.589,493.84,14.631,2.416,0.7071,14.992,2.429,0.7042,16.092,17.041,2.478,0.7003,95.17,47.44,1.319,PASS,0
LOT_009_DIE_01008,LOT_009,125.03,3.661,475.56,47.124,3.603,0.6617,64.598,4.791,0.638,107.371,163.647,7.174,0.5431,117.63,39.53,1.102,LATENT_CONTEXTUAL_OUTLIER,1
LOT_010_DIE_01009,LOT_010,124.62,3.673,482.56,15.097,2.557,0.6918,15.48,2.57,0.6881,16.552,17.167,2.612,0.6859,100.22,42.73,1.132,PASS,0
LOT_011_DIE_01010,LOT_011,124.64,3.589,479.63,7.934,2.666,0.6745,8.524,2.684,0.6709,8.999,10.048,2.744,0.6643,106.06,50.35,1.336,PASS,0
LOT_012_DIE_01011,LOT_012,124.16,3.595,473.6,15.016,2.64,0.6972,15.627,2.653,0.6931,16.25,17.203,2.665,0.6888,99.01,43.68,1.363,PASS,0
LOT_013_DIE_01012,LOT_013,125.09,3.569,503.17,12.639,2.688,0.7376,13.311,2.716,0.7354,14.479,15.223,2.723,0.729,97.05,42.42,1.098,PASS,0
LOT_014_DIE_01013,LOT_014,124.79,3.627,517.97,8.346,2.439,0.7037,8.925,2.455,0.7002,9.899,11.078,2.494,0.6999,109.33,45.52,1.12,PASS,0
LOT_015_DIE_01014,LOT_015,126.73,3.62,505.48,10.973,2.546,0.7091,11.54,2.574,0.7059,11.719,12.752,2.616,0.7041,107.41,45.32,1.092,PASS,0
LOT_016_DIE_01015,LOT_016,125.55,3.571,510.12,10.061,2.698,0.732,10.379,2.702,0.7306,11.59,11.925,2.759,0.7235,97.22,42.27,1.273,PASS,0
LOT_017_DIE_01016,LOT_017,123.26,3.581,505.76,10.811,2.537,0.6876,11.416,2.545,0.6857,11.916,12.778,2.602,0.6808,100.04,43.05,1.162,PASS,0
LOT_018_DIE_01017,LOT_018,124.78,3.635,495.54,12.202,2.244,0.7135,12.669,2.258,0.7108,13.08,13.734,2.324,0.7049,107.35,46.83,1.327,PASS,0
LOT_019_DIE_01018,LOT_019,125.2,3.6,505.68,11.618,2.662,0.6906,12.09,2.686,0.6883,13.018,13.443,2.712,0.6824,100.66,44.77,1.171,PASS,0
LOT_020_DIE_01019,LOT_020,126.19,3.634,486.97,10.115,2.696,0.7352,10.389,2.728,0.7336,11.115,11.623,2.76,0.7304,96.07,45.05,1.232,PASS,0
LOT_021_DIE_01020,LOT_021,124.92,3.606,510.33,11.572,2.466,0.7396,11.846,2.481,0.7363,12.424,13.19,2.539,0.7292,97.46,41.12,1.222,PASS,0
LOT_022_DIE_01021,LOT_022,124.65,3.506,514.57,9.216,2.443,0.6917,9.61,2.453,0.6867,10.624,10.88,2.477,0.6845,100.89,47.0,1.196,PASS,0
LOT_023_DIE_01022,LOT_023,124.18,3.552,489.22,9.321,2.589,0.6738,9.627,2.599,0.6699,10.234,10.473,2.64,0.6637,109.62,48.88,1.273,PASS,0
LOT_024_DIE_01023,LOT_024,124.99,3.599,486.45,11.119,2.398,0.7367,11.57,2.419,0.7356,12.243,12.864,2.446,0.7272,97.37,44.99,1.162,PASS,0
LOT_025_DIE_01024,LOT_025,126.79,3.586,460.11,12.595,2.633,0.7328,13.236,2.651,0.7295,13.834,14.761,2.632,0.7225,97.24,44.04,1.294,PASS,0
LOT_026_DIE_01025,LOT_026,125.27,3.608,508.95,15.716,2.133,0.7407,15.788,2.155,0.7375,16.892,17.369,2.183,0.7321,95.83,42.67,1.092,PASS,0
LOT_027_DIE_01026,LOT_027,124.52,3.67,512.75,7.729,2.442,0.7457,8.374,2.445,0.743,8.909,9.908,2.469,0.7346,89.71,44.57,1.235,PASS,0
LOT_028_DIE_01027,LOT_028,123.92,3.605,518.88,13.462,2.683,0.674,13.689,2.688,0.672,14.581,14.897,2.73,0.6666,99.58,46.49,1.379,PASS,0
LOT_029_DIE_01028,LOT_029,125.4,3.643,482.73,13.295,2.546,0.6903,13.657,2.562,0.6861,14.748,15.549,2.597,0.6864,95.94,44.14,1.184,PASS,0
LOT_030_DIE_01029,LOT_030,124.81,3.605,503.86,8.871,2.646,0.6813,9.284,2.657,0.678,9.801,10.31,2.716,0.673,98.81,47.61,1.279,PASS,0
LOT_031_DIE_01030,LOT_031,126.09,3.643,492.79,14.186,2.557,0.7457,14.487,2.585,0.7422,15.682,16.32,2.62,0.7394,110.04,44.31,1.322,PASS,0
LOT_032_DIE_01031,LOT_032,124.43,3.646,494.35,8.466,2.642,0.7206,8.839,2.653,0.7181,9.496,10.168,2.722,0.7108,99.84,42.95,1.302,PASS,0
LOT_033_DIE_01032,LOT_033,125.84,3.583,489.03,9.788,2.746,0.6957,10.042,2.771,0.6925,10.972,11.153,2.813,0.6889,94.93,42.95,1.409,PASS,0
LOT_034_DIE_01033,LOT_034,125.34,3.613,484.93,12.216,2.65,0.6686,12.579,2.666,0.6665,13.13,13.685,2.712,0.6604,110.77,42.1,1.314,PASS,0
LOT_035_DIE_01034,LOT_035,125.66,3.616,502.35,13.011,2.551,0.6721,13.579,2.557,0.6682,14.65,15.69,2.527,0.6618,100.89,43.98,1.357,PASS,0
LOT_036_DIE_01035,LOT_036,126.06,3.579,498.9,12.421,2.94,0.701,12.95,2.942,0.6972,13.961,14.423,2.99,0.6933,111.29,45.15,1.362,PASS,0
LOT_037_DIE_01036,LOT_037,126.37,3.58,508.21,10.852,2.479,0.727,10.925,2.499,0.7242,12.437,12.995,2.515,0.7188,104.97,48.64,1.401,PASS,0
LOT_038_DIE_01037,LOT_038,125.28,3.604,517.25,10.222,2.45,0.7107,10.699,2.48,0.7105,11.552,11.831,2.497,0.6994,104.78,45.09,1.296,PASS,0
LOT_039_DIE_01038,LOT_039,125.63,3.668,488.26,12.664,2.151,0.7207,13.47,2.168,0.7175,13.993,14.537,2.198,0.7119,96.82,40.33,1.26,PASS,0
LOT_040_DIE_01039,LOT_040,124.92,3.553,525.55,10.31,2.423,0.7271,10.483,2.431,0.724,11.109,11.174,2.463,0.7171,104.1,45.63,1.133,PASS,0
LOT_041_DIE_01040,LOT_041,124.35,3.557,529.72,7.503,2.695,0.7079,8.209,2.723,0.7063,8.641,8.984,2.726,0.7025,98.93,44.83,1.274,PASS,0
LOT_042_DIE_01041,LOT_042,124.43,3.586,491.27,10.248,2.384,0.7101,10.594,2.42,0.706,11.558,11.955,2.418,0.7041,102.83,47.34,1.22,PASS,0
LOT_043_DIE_01042,LOT_043,126.32,3.65,503.45,9.943,2.422,0.7465,10.068,2.438,0.7433,11.112,11.495,2.447,0.7407,98.12,48.86,1.257,PASS,0
LOT_044_DIE_01043,LOT_044,124.74,3.615,497.88,16.078,2.373,0.6923,16.382,2.379,0.6897,16.632,17.002,2.447,0.6835,117.94,47.63,1.183,PASS,0
LOT_045_DIE_01044,LOT_045,125.49,3.642,494.06,9.951,2.641,0.7437,10.532,2.637,0.7421,11.387,11.853,2.677,0.7358,101.87,48.34,1.218,PASS,0
LOT_046_DIE_01045,LOT_046,124.25,3.608,457.26,12.718,2.499,0.7331,26.715,3.127,0.7118,57.108,89.078,3.982,0.6548,116.82,37.91,1.331,LATENT_DRIFT_RUNAWAY,1
LOT_047_DIE_01046,LOT_047,124.12,3.64,502.3,9.744,2.634,0.71,10.325,2.661,0.7078,11.261,11.956,2.665,0.7011,111.05,47.77,1.307,PASS,0
LOT_048_DIE_01047,LOT_048,125.23,3.61,506.76,13.741,2.573,0.7134,13.855,2.614,0.7108,14.146,14.339,2.63,0.7079,100.88,43.26,1.32,PASS,0
LOT_049_DIE_01048,LOT_049,124.79,3.586,482.05,10.756,2.651,0.694,11.245,2.666,0.6916,11.801,12.103,2.682,0.6843,97.96,44.2,1.197,PASS,0
LOT_050_DIE_01049,LOT_050,126.44,3.524,502.51,9.812,2.571,0.7107,10.36,2.599,0.708,10.935,11.967,2.63,0.7021,99.09,44.38,1.105,PASS,0
LOT_001_DIE_01050,LOT_001,126.38,3.603,490.65,9.911,2.379,0.7509,10.39,2.387,0.7487,11.306,11.753,2.447,0.7439,100.43,43.19,1.33,PASS,0
LOT_002_DIE_01051,LOT_002,124.36,3.535,510.96,13.233,2.457,0.7258,13.652,2.472,0.7225,14.177,14.793,2.486,0.7178,95.41,45.34,1.288,PASS,0
LOT_003_DIE_01052,LOT_003,124.21,3.639,494.33,11.595,2.688,0.7402,12.124,2.706,0.7365,12.635,12.903,2.712,0.7329,104.43,48.27,1.331,PASS,0
LOT_004_DIE_01053,LOT_004,122.05,3.574,498.92,12.516,2.428,0.7168,13.176,2.459,0.7142,13.642,14.349,2.482,0.7101,99.78,43.44,1.309,PASS,0
LOT_005_DIE_01054,LOT_005,125.82,3.59,513.47,9.051,2.369,0.7392,9.718,2.406,0.7355,10.377,11.368,2.406,0.7329,91.99,46.2,1.129,PASS,0
LOT_006_DIE_01055,LOT_006,126.2,3.534,480.03,10.513,2.519,0.7197,10.945,2.534,0.7142,11.962,12.28,2.586,0.7085,98.71,41.53,1.32,PASS,0
LOT_007_DIE_01056,LOT_007,125.77,3.574,501.18,9.46,2.523,0.6673,9.781,2.536,0.6662,10.744,11.162,2.55,0.6564,93.18,43.88,1.322,PASS,0
LOT_008_DIE_01057,LOT_008,125.11,3.625,495.16,13.26,2.529,0.6986,13.517,2.567,0.6951,14.557,14.959,2.547,0.6908,100.64,44.24,1.081,PASS,0
LOT_009_DIE_01058,LOT_009,123.52,3.586,475.47,12.822,2.492,0.677,13.201,2.509,0.6745,13.889,14.469,2.558,0.67,99.78,45.76,1.208,PASS,0
LOT_010_DIE_01059,LOT_010,125.0,3.555,476.75,13.967,2.617,0.6917,14.445,2.626,0.6889,15.121,15.885,2.676,0.6851,98.24,48.45,1.214,PASS,0
LOT_011_DIE_01060,LOT_011,128.08,3.615,491.08,7.011,2.218,0.706,7.737,2.251,0.7019,8.615,9.273,2.22,0.6965,96.41,45.03,1.205,PASS,0
LOT_012_DIE_01061,LOT_012,123.62,3.602,505.85,13.088,2.478,0.6867,13.202,2.49,0.6823,14.856,15.155,2.536,0.6806,96.74,45.71,1.218,PASS,0
LOT_013_DIE_01062,LOT_013,123.21,3.554,522.05,12.425,2.32,0.7316,12.634,2.339,0.7293,13.235,13.417,2.373,0.7261,100.97,43.18,1.349,PASS,0
LOT_014_DIE_01063,LOT_014,126.23,3.557,507.5,10.521,2.617,0.6847,10.85,2.626,0.6815,11.36,11.765,2.668,0.6782,99.91,45.28,1.275,PASS,0
LOT_015_DIE_01064,LOT_015,124.36,3.639,489.75,10.111,2.637,0.7112,10.158,2.66,0.7089,10.612,11.159,2.669,0.7014,99.64,47.52,1.305,PASS,0
LOT_016_DIE_01065,LOT_016,126.9,3.668,528.66,9.805,2.639,0.7429,18.778,3.182,0.7169,53.287,87.714,4.046,0.6474,115.56,36.69,1.25,LATENT_DRIFT_RUNAWAY,1
LOT_017_DIE_01066,LOT_017,126.26,3.609,502.11,12.48,2.51,0.6762,12.593,2.53,0.6735,13.629,14.252,2.536,0.6649,92.86,45.39,1.214,PASS,0
LOT_018_DIE_01067,LOT_018,125.61,3.583,483.61,11.771,2.579,0.7347,12.177,2.601,0.7291,12.713,13.245,2.594,0.7274,100.61,46.78,1.188,PASS,0
LOT_019_DIE_01068,LOT_019,122.57,3.548,520.65,9.766,2.597,0.667,10.028,2.613,0.6633,10.746,11.455,2.685,0.6627,103.44,43.52,1.223,PASS,0
LOT_020_DIE_01069,LOT_020,122.93,3.581,493.81,11.47,2.545,0.7181,11.762,2.587,0.7156,12.264,12.916,2.56,0.7073,100.89,47.37,1.062,PASS,0
LOT_021_DIE_01070,LOT_021,123.61,3.616,516.06,13.721,2.708,0.7243,14.138,2.746,0.7213,14.487,15.358,2.732,0.7155,91.12,41.14,1.236,PASS,0
LOT_022_DIE_01071,LOT_022,125.3,3.601,505.99,10.021,2.66,0.6881,10.691,2.679,0.6864,12.113,12.562,2.73,0.6816,104.1,44.77,1.326,PASS,0
LOT_023_DIE_01072,LOT_023,123.49,3.658,486.2,10.588,2.289,0.7107,11.075,2.305,0.708,11.645,12.101,2.29,0.7029,99.96,40.97,1.261,PASS,0
LOT_024_DIE_01073,LOT_024,122.77,3.629,494.0,10.219,2.467,0.708,10.805,2.488,0.7058,11.463,12.139,2.574,0.6992,97.83,44.55,1.268,PASS,0
LOT_025_DIE_01074,LOT_025,124.75,3.625,494.86,11.462,2.693,0.7177,11.703,2.694,0.7136,12.615,13.763,2.735,0.7095,98.48,47.93,1.178,PASS,0
LOT_026_DIE_01075,LOT_026,125.33,3.63,511.23,11.931,2.491,0.7143,12.545,2.515,0.7101,13.394,13.641,2.548,0.7068,110.74,43.74,1.32,PASS,0
LOT_027_DIE_01076,LOT_027,124.41,3.639,507.74,7.866,2.492,0.7296,8.094,2.515,0.7263,8.674,9.419,2.537,0.723,106.87,45.48,1.292,PASS,0
LOT_028_DIE_01077,LOT_028,124.64,3.588,526.17,11.806,2.714,0.7053,12.058,2.748,0.7027,12.794,13.307,2.776,0.6967,102.5,46.68,1.34,PASS,0
LOT_029_DIE_01078,LOT_029,124.51,3.638,483.5,11.745,2.66,0.6945,12.373,2.681,0.6903,13.145,13.613,2.734,0.6822,101.48,42.72,1.28,PASS,0
LOT_030_DIE_01079,LOT_030,125.53,3.567,483.88,7.439,2.523,0.6974,7.755,2.58,0.6942,8.496,8.656,2.544,0.6929,98.61,48.55,1.21,PASS,0
LOT_031_DIE_01080,LOT_031,123.92,3.588,487.4,11.277,2.511,0.735,11.612,2.535,0.7324,12.39,13.295,2.55,0.7258,99.06,42.46,1.322,PASS,0
LOT_032_DIE_01081,LOT_032,124.26,3.673,487.59,7.427,2.304,0.729,8.109,2.318,0.7272,9.367,9.453,2.345,0.72,99.83,45.11,1.268,PASS,0
LOT_033_DIE_01082,LOT_033,124.12,3.528,490.1,9.071,2.314,0.6993,9.234,2.306,0.6974,9.81,10.467,2.365,0.6911,97.03,45.19,1.204,PASS,0
LOT_034_DIE_01083,LOT_034,124.61,3.615,504.5,15.204,2.449,0.6933,15.779,2.473,0.6892,15.892,16.623,2.506,0.6882,105.11,48.36,1.343,PASS,0
LOT_035_DIE_01084,LOT_035,126.64,3.598,511.65,12.517,2.348,0.7093,13.069,2.366,0.7055,14.155,14.478,2.384,0.7004,97.45,40.25,1.31,PASS,0
LOT_036_DIE_01085,LOT_036,124.75,3.525,503.36,14.505,2.785,0.71,14.896,2.795,0.7075,16.26,16.951,2.837,0.6993,104.26,44.85,1.139,PASS,0
LOT_037_DIE_01086,LOT_037,124.32,3.526,508.96,8.787,2.25,0.7392,8.986,2.263,0.7342,9.645,9.852,2.291,0.7316,102.93,44.66,1.273,PASS,0
LOT_038_DIE_01087,LOT_038,126.12,3.616,501.57,8.922,2.879,0.7103,9.542,2.875,0.7067,10.498,11.001,2.938,0.7012,103.66,48.26,1.39,PASS,0
LOT_039_DIE_01088,LOT_039,124.01,3.635,481.31,13.544,2.352,0.7333,13.945,2.356,0.7312,15.423,15.892,2.399,0.7217,96.27,39.37,1.175,PASS,0
LOT_040_DIE_01089,LOT_040,123.86,3.561,540.29,12.219,2.832,0.7179,12.995,2.852,0.7134,13.792,13.878,2.919,0.7125,105.09,42.44,1.204,PASS,0
LOT_041_DIE_01090,LOT_041,128.06,3.527,524.09,10.812,2.622,0.7113,11.173,2.636,0.7082,11.966,12.309,2.691,0.7012,101.05,45.13,1.267,PASS,0
LOT_042_DIE_01091,LOT_042,124.89,3.626,503.02,13.424,2.728,0.7217,14.082,2.745,0.7188,14.907,15.282,2.785,0.7151,98.82,43.46,1.259,PASS,0
LOT_043_DIE_01092,LOT_043,123.37,3.685,498.69,7.892,2.489,0.7243,8.304,2.497,0.7208,9.376,10.235,2.53,0.717,95.49,47.38,1.281,PASS,0
LOT_044_DIE_01093,LOT_044,125.91,3.666,486.79,14.13,2.28,0.7217,15.036,2.309,0.7165,15.516,15.759,2.36,0.7133,103.01,41.75,1.332,PASS,0
LOT_045_DIE_01094,LOT_045,123.62,3.578,496.46,9.294,2.509,0.7409,9.562,2.518,0.738,10.178,10.613,2.554,0.7378,103.68,47.98,1.239,PASS,0
LOT_046_DIE_01095,LOT_046,125.0,3.566,478.3,14.605,2.442,0.708,15.014,2.473,0.7048,15.811,16.167,2.502,0.7006,99.42,46.7,1.141,PASS,0
LOT_047_DIE_01096,LOT_047,125.05,3.623,509.37,10.409,2.661,0.7118,10.968,2.695,0.7082,11.505,12.313,2.736,0.7068,101.88,43.22,1.298,PASS,0
LOT_048_DIE_01097,LOT_048,124.81,3.573,493.53,11.912,2.523,0.7208,12.28,2.538,0.7191,13.323,14.103,2.592,0.7119,104.32,45.82,1.123,PASS,0
LOT_049_DIE_01098,LOT_049,122.88,3.6,478.11,12.362,2.471,0.6802,12.475,2.498,0.6756,13.097,13.16,2.521,0.6723,106.87,45.63,1.213,PASS,0
LOT_050_DIE_01099,LOT_050,123.41,3.607,484.02,9.363,2.642,0.6853,9.722,2.674,0.6809,10.447,10.789,2.675,0.682,105.11,47.88,1.207,PASS,0
LOT_001_DIE_01100,LOT_001,125.61,3.605,470.66,11.848,2.331,0.7464,12.183,2.346,0.7435,13.096,13.511,2.373,0.7399,108.19,45.62,1.267,PASS,0
LOT_002_DIE_01101,LOT_002,124.66,3.684,491.8,18.432,2.755,0.7201,29.507,3.351,0.701,61.433,108.882,4.502,0.6437,110.51,38.83,1.239,LATENT_DRIFT_RUNAWAY,1
LOT_003_DIE_01102,LOT_003,124.98,3.58,498.32,14.387,2.283,0.7383,15.006,2.305,0.734,15.596,16.966,2.338,0.7312,103.7,49.92,1.271,PASS,0
LOT_004_DIE_01103,LOT_004,123.97,3.604,484.09,11.709,2.699,0.726,12.042,2.714,0.7226,13.231,13.712,2.731,0.7188,91.02,47.1,1.218,PASS,0
LOT_005_DIE_01104,LOT_005,125.41,3.632,516.32,8.17,2.535,0.7221,8.602,2.556,0.7204,9.124,9.279,2.591,0.7126,108.01,41.36,1.22,PASS,0
LOT_006_DIE_01105,LOT_006,122.63,3.57,469.12,7.895,2.607,0.728,8.648,2.621,0.7245,9.153,9.79,2.649,0.7189,94.87,46.72,1.252,PASS,0
LOT_007_DIE_01106,LOT_007,123.08,3.514,485.92,7.906,2.447,0.7017,8.244,2.467,0.6986,9.058,9.298,2.518,0.6931,112.5,47.49,1.344,PASS,0
LOT_008_DIE_01107,LOT_008,123.75,3.652,520.86,13.168,2.514,0.7121,13.801,2.543,0.7096,14.302,14.611,2.558,0.7033,104.08,43.38,1.132,PASS,0
LOT_009_DIE_01108,LOT_009,123.72,3.617,499.83,11.474,2.579,0.6691,11.703,2.601,0.6669,12.523,12.856,2.612,0.659,98.88,50.83,1.275,PASS,0
LOT_010_DIE_01109,LOT_010,124.97,3.59,480.25,11.473,2.75,0.6683,11.903,2.785,0.6651,12.597,12.876,2.818,0.6609,93.17,42.49,1.36,PASS,0
LOT_011_DIE_01110,LOT_011,127.14,3.606,483.97,7.728,2.421,0.7139,8.303,2.442,0.7098,8.967,9.931,2.444,0.7035,95.44,45.03,1.118,PASS,0
LOT_012_DIE_01111,LOT_012,123.55,3.565,460.9,13.844,2.392,0.6916,14.345,2.412,0.6877,15.443,16.211,2.424,0.686,93.9,45.89,1.399,PASS,0
LOT_013_DIE_01112,LOT_013,124.33,3.569,516.33,14.626,2.494,0.7519,14.77,2.513,0.7478,15.356,16.09,2.544,0.7437,107.62,46.28,1.253,PASS,0
LOT_014_DIE_01113,LOT_014,125.64,3.625,519.57,9.845,2.608,0.693,10.437,2.624,0.6889,10.905,11.728,2.676,0.682,92.44,43.99,1.197,PASS,0
LOT_015_DIE_01114,LOT_015,123.71,3.558,489.42,9.724,2.503,0.7075,10.018,2.516,0.7046,11.15,11.514,2.553,0.6981,92.9,44.94,1.257,PASS,0
LOT_016_DIE_01115,LOT_016,124.28,3.65,521.66,9.683,2.783,0.7281,10.036,2.819,0.7252,10.477,10.958,2.848,0.722,103.99,49.49,1.23,PASS,0
LOT_017_DIE_01116,LOT_017,124.48,3.636,512.92,11.048,2.801,0.6948,11.667,2.812,0.6927,12.124,12.548,2.882,0.6861,101.09,48.46,1.172,PASS,0
LOT_018_DIE_01117,LOT_018,125.65,3.619,504.37,46.316,3.439,0.6729,57.184,4.37,0.6473,99.916,146.366,6.645,0.5924,106.5,36.65,1.295,LATENT_CONTEXTUAL_OUTLIER,1
LOT_019_DIE_01118,LOT_019,124.31,3.596,508.18,10.986,2.548,0.6917,11.698,2.555,0.6884,12.298,12.948,2.607,0.6857,103.29,46.83,1.208,PASS,0
LOT_020_DIE_01119,LOT_020,123.68,3.577,513.83,10.114,2.341,0.7404,10.565,2.346,0.7357,11.805,12.608,2.387,0.7323,105.65,42.6,1.321,PASS,0
LOT_021_DIE_01120,LOT_021,124.41,3.633,514.8,13.295,2.783,0.7087,13.871,2.8,0.7047,14.771,15.727,2.836,0.702,112.38,44.72,1.242,PASS,0
LOT_022_DIE_01121,LOT_022,125.69,3.625,517.4,8.992,2.31,0.6727,9.5,2.322,0.6704,10.439,11.487,2.352,0.6606,101.7,44.43,1.316,PASS,0
LOT_023_DIE_01122,LOT_023,124.37,3.623,494.32,10.978,2.424,0.7009,11.284,2.451,0.6967,12.491,13.088,2.49,0.6894,88.26,46.15,1.259,PASS,0
LOT_024_DIE_01123,LOT_024,125.23,3.664,489.8,8.952,2.401,0.7291,9.622,2.406,0.7256,10.522,11.312,2.449,0.719,100.16,46.63,1.162,PASS,0
LOT_025_DIE_01124,LOT_025,125.03,3.668,497.85,10.635,2.293,0.7162,11.158,2.319,0.7118,11.748,12.025,2.319,0.7109,95.95,40.55,1.267,PASS,0
LOT_026_DIE_01125,LOT_026,122.95,3.567,496.67,13.435,2.255,0.7025,13.851,2.268,0.6988,14.552,15.312,2.327,0.6934,89.59,43.09,1.141,PASS,0
LOT_027_DIE_01126,LOT_027,124.65,3.584,510.75,9.262,2.422,0.7231,9.503,2.457,0.7209,10.213,10.594,2.457,0.715,102.01,50.14,1.18,PASS,0
LOT_028_DIE_01127,LOT_028,124.23,3.649,505.82,11.0,2.715,0.6826,11.521,2.732,0.6814,12.662,13.431,2.768,0.6761,104.39,48.0,1.302,PASS,0
LOT_029_DIE_01128,LOT_029,124.63,3.649,475.41,10.901,2.381,0.6903,11.026,2.395,0.6865,12.47,12.44,2.456,0.6833,101.57,45.64,1.265,PASS,0
LOT_030_DIE_01129,LOT_030,124.34,3.568,499.23,9.301,2.478,0.696,9.749,2.496,0.6931,10.637,11.303,2.521,0.6857,93.27,46.52,1.314,PASS,0
LOT_031_DIE_01130,LOT_031,125.68,3.55,496.97,11.932,2.426,0.7339,12.555,2.441,0.7311,13.174,14.199,2.47,0.7284,93.34,43.65,1.144,PASS,0
LOT_032_DIE_01131,LOT_032,124.18,3.619,504.91,10.79,2.489,0.7042,11.229,2.492,0.7017,11.922,12.687,2.527,0.6963,99.77,46.09,1.139,PASS,0
LOT_033_DIE_01132,LOT_033,124.59,3.648,473.46,9.711,2.639,0.6976,10.307,2.655,0.6958,11.551,12.046,2.701,0.6859,96.5,42.61,1.208,PASS,0
LOT_034_DIE_01133,LOT_034,125.14,3.598,493.12,14.065,2.504,0.6711,14.256,2.511,0.6691,15.193,15.969,2.583,0.6635,102.91,45.27,1.201,PASS,0
LOT_035_DIE_01134,LOT_035,124.15,3.604,514.03,14.975,2.437,0.6885,15.25,2.458,0.6844,15.962,16.23,2.48,0.6838,107.72,42.32,1.251,PASS,0
LOT_036_DIE_01135,LOT_036,126.01,3.608,499.25,12.779,2.331,0.7129,13.236,2.353,0.7096,13.878,14.602,2.402,0.7052,95.01,45.27,1.184,PASS,0
LOT_037_DIE_01136,LOT_037,124.47,3.55,487.48,8.739,2.469,0.7256,9.143,2.492,0.7233,10.272,10.735,2.528,0.7179,104.07,42.95,1.108,PASS,0
LOT_038_DIE_01137,LOT_038,126.25,3.567,508.56,7.694,2.444,0.7081,8.215,2.459,0.7045,8.901,9.595,2.523,0.7016,100.21,45.61,1.158,PASS,0
LOT_039_DIE_01138,LOT_039,124.34,3.637,472.33,12.686,2.236,0.7195,13.237,2.243,0.718,14.747,14.743,2.319,0.7119,97.45,47.12,1.273,PASS,0
LOT_040_DIE_01139,LOT_040,125.11,3.655,524.42,11.464,2.531,0.7104,12.06,2.549,0.7064,12.918,13.371,2.574,0.703,92.01,46.85,1.465,PASS,0
LOT_041_DIE_01140,LOT_041,123.94,3.567,523.25,13.214,3.333,0.6986,23.313,3.696,0.6786,51.505,73.57,4.324,0.6438,114.96,36.45,1.445,THERMAL_VOLTAGE_STRESS_FAILURE,1
LOT_042_DIE_01141,LOT_042,125.55,3.601,493.74,13.787,2.552,0.7004,14.357,2.57,0.698,15.13,15.763,2.597,0.6926,95.67,42.2,1.22,PASS,0
LOT_043_DIE_01142,LOT_043,124.97,3.602,494.93,6.293,2.461,0.744,6.466,2.472,0.7405,6.974,7.8,2.52,0.7371,104.19,45.16,1.201,PASS,0
LOT_044_DIE_01143,LOT_044,125.09,3.59,487.22,14.059,2.402,0.7163,14.426,2.394,0.7122,15.057,15.51,2.437,0.7091,103.38,47.84,1.235,PASS,0
LOT_045_DIE_01144,LOT_045,126.81,3.573,501.49,11.89,2.35,0.7334,12.437,2.371,0.729,13.187,14.022,2.394,0.7301,100.53,42.14,1.153,PASS,0
LOT_046_DIE_01145,LOT_046,125.5,3.559,481.02,12.307,2.189,0.7105,12.722,2.216,0.7078,13.642,14.145,2.243,0.6986,101.12,48.0,1.158,PASS,0
LOT_047_DIE_01146,LOT_047,124.47,3.589,504.33,9.858,2.424,0.7256,10.449,2.463,0.7236,11.505,12.052,2.482,0.7152,96.84,45.43,1.246,PASS,0
LOT_048_DIE_01147,LOT_048,124.54,3.564,497.34,12.346,2.513,0.7343,12.915,2.538,0.7308,13.787,14.022,2.565,0.7259,104.84,44.95,1.226,PASS,0
LOT_049_DIE_01148,LOT_049,125.85,3.568,503.86,11.839,2.624,0.6893,12.292,2.635,0.6849,13.254,14.006,2.682,0.6777,102.69,45.22,1.207,PASS,0
LOT_050_DIE_01149,LOT_050,124.81,3.61,509.75,8.032,2.415,0.7177,8.634,2.419,0.7127,9.063,9.613,2.487,0.7079,95.01,46.2,1.37,PASS,0
LOT_001_DIE_01150,LOT_001,124.66,3.585,476.23,12.099,2.468,0.7484,12.553,2.479,0.7464,13.084,13.232,2.534,0.742,105.49,48.59,1.248,PASS,0
LOT_002_DIE_01151,LOT_002,122.31,3.588,501.19,14.282,2.615,0.717,14.759,2.635,0.7146,15.589,16.257,2.652,0.7091,101.03,46.0,1.279,PASS,0
LOT_003_DIE_01152,LOT_003,126.58,3.663,482.74,11.583,2.359,0.734,12.295,2.395,0.7314,13.021,13.142,2.41,0.7264,87.25,46.38,1.269,PASS,0
LOT_004_DIE_01153,LOT_004,125.45,3.566,501.79,12.678,2.47,0.7483,13.046,2.486,0.7458,13.496,13.796,2.532,0.7373,106.55,44.08,1.394,PASS,0
LOT_005_DIE_01154,LOT_005,124.95,3.602,511.36,9.099,2.544,0.712,9.578,2.574,0.7087,10.266,10.363,2.618,0.7042,105.04,46.89,1.001,PASS,0
LOT_006_DIE_01155,LOT_006,125.47,3.606,472.58,10.811,2.37,0.7363,11.309,2.413,0.735,12.125,12.649,2.433,0.7265,104.03,42.85,1.284,PASS,0
LOT_007_DIE_01156,LOT_007,126.56,3.586,495.3,8.981,2.271,0.6937,9.494,2.283,0.6909,9.936,10.695,2.329,0.6883,95.89,43.52,1.254,PASS,0
LOT_008_DIE_01157,LOT_008,124.04,3.59,493.88,13.656,2.329,0.6742,14.284,2.348,0.6711,15.154,15.742,2.381,0.6662,100.02,49.89,1.329,PASS,0
LOT_009_DIE_01158,LOT_009,125.93,3.611,491.78,13.337,2.469,0.6943,13.76,2.501,0.6918,14.754,15.037,2.541,0.6878,103.26,42.29,1.2,PASS,0
LOT_010_DIE_01159,LOT_010,125.73,3.605,487.69,13.145,2.722,0.697,13.47,2.768,0.6932,14.158,14.579,2.788,0.6906,96.06,41.54,1.276,PASS,0
LOT_011_DIE_01160,LOT_011,124.59,3.594,491.73,9.036,2.335,0.6955,9.313,2.374,0.6938,10.328,10.706,2.431,0.687,103.18,42.48,1.399,PASS,0
LOT_012_DIE_01161,LOT_012,125.1,3.638,491.78,15.323,2.504,0.7144,15.678,2.513,0.7103,16.277,16.845,2.571,0.7051,99.61,46.53,1.249,PASS,0
LOT_013_DIE_01162,LOT_013,123.5,3.657,502.95,13.31,2.329,0.7357,13.793,2.35,0.7334,14.728,15.309,2.397,0.7285,102.71,43.65,1.229,PASS,0
LOT_014_DIE_01163,LOT_014,124.12,3.562,520.65,8.762,2.645,0.7101,9.066,2.663,0.7088,10.171,10.611,2.673,0.7027,94.03,48.84,1.254,PASS,0
LOT_015_DIE_01164,LOT_015,121.95,3.677,501.34,8.613,2.492,0.6851,8.727,2.505,0.6823,9.915,10.399,2.546,0.6798,96.79,42.11,1.273,PASS,0
LOT_016_DIE_01165,LOT_016,123.7,3.579,522.98,9.41,2.757,0.7087,9.677,2.783,0.7078,10.292,10.972,2.821,0.6988,98.67,40.81,1.263,PASS,0
LOT_017_DIE_01166,LOT_017,123.9,3.606,510.92,11.57,2.575,0.6747,12.02,2.604,0.674,12.657,13.1,2.608,0.6654,105.61,45.93,1.522,PASS,0
LOT_018_DIE_01167,LOT_018,123.69,3.598,464.2,12.462,2.509,0.7294,12.738,2.525,0.7274,13.834,13.854,2.568,0.7245,105.97,49.61,1.343,PASS,0
LOT_019_DIE_01168,LOT_019,125.74,3.567,509.24,10.975,2.447,0.7128,11.253,2.47,0.7086,12.118,12.741,2.502,0.7039,104.69,46.97,1.259,PASS,0
LOT_020_DIE_01169,LOT_020,126.22,3.526,495.23,11.01,2.474,0.7317,11.148,2.485,0.7284,11.655,12.907,2.507,0.7263,100.27,39.78,1.257,PASS,0
LOT_021_DIE_01170,LOT_021,124.65,3.567,506.62,12.37,2.391,0.7442,13.296,2.411,0.7409,14.051,14.706,2.42,0.7381,100.47,44.22,1.243,PASS,0
LOT_022_DIE_01171,LOT_022,123.78,3.558,526.52,8.434,2.248,0.701,8.744,2.266,0.6973,9.796,10.209,2.301,0.6961,99.09,40.82,1.145,PASS,0
LOT_023_DIE_01172,LOT_023,124.74,3.571,497.26,10.978,2.655,0.6886,11.271,2.691,0.6866,11.807,12.722,2.71,0.6778,102.14,48.22,1.158,PASS,0
LOT_024_DIE_01173,LOT_024,124.33,3.611,484.73,12.238,2.349,0.7513,12.955,2.363,0.7479,13.998,14.937,2.383,0.7471,99.04,43.89,1.159,PASS,0
LOT_025_DIE_01174,LOT_025,125.72,3.633,484.3,9.73,2.399,0.7057,10.133,2.425,0.7017,10.891,11.746,2.449,0.6952,97.23,47.89,1.173,PASS,0
LOT_026_DIE_01175,LOT_026,125.69,3.57,516.51,14.094,2.731,0.7125,14.693,2.746,0.7087,15.207,15.679,2.78,0.7014,94.74,45.35,1.254,PASS,0
LOT_027_DIE_01176,LOT_027,125.06,3.588,531.24,7.392,2.273,0.7376,7.81,2.285,0.7344,8.862,9.187,2.338,0.7289,95.07,47.72,1.329,PASS,0
LOT_028_DIE_01177,LOT_028,126.23,3.645,509.29,11.212,2.265,0.7037,11.385,2.28,0.7002,12.354,12.83,2.303,0.6982,99.25,49.29,1.267,PASS,0
LOT_029_DIE_01178,LOT_029,124.04,3.601,486.78,12.437,2.406,0.6932,12.683,2.442,0.6905,14.032,14.924,2.45,0.683,94.16,41.72,1.267,PASS,0
LOT_030_DIE_01179,LOT_030,126.89,3.606,498.85,7.031,2.447,0.6806,7.321,2.477,0.6786,8.596,9.031,2.484,0.6718,99.11,49.01,1.234,PASS,0
LOT_031_DIE_01180,LOT_031,124.37,3.636,505.58,11.243,2.398,0.7125,11.591,2.392,0.7093,12.308,12.497,2.41,0.7063,105.13,46.51,1.232,PASS,0
LOT_032_DIE_01181,LOT_032,125.28,3.655,495.07,9.535,2.237,0.7283,9.987,2.25,0.7251,10.697,11.347,2.295,0.7225,103.92,43.14,1.21,PASS,0
LOT_033_DIE_01182,LOT_033,122.26,3.611,478.39,7.398,2.552,0.6881,7.851,2.568,0.6841,8.738,9.127,2.595,0.6799,103.16,44.96,1.182,PASS,0
LOT_034_DIE_01183,LOT_034,123.92,3.609,499.43,15.825,2.582,0.67,16.326,2.609,0.6664,17.278,17.467,2.652,0.662,106.5,45.06,1.144,PASS,0
LOT_035_DIE_01184,LOT_035,125.95,3.605,510.89,13.738,2.466,0.7081,14.099,2.495,0.7049,15.064,15.687,2.542,0.7015,97.2,47.24,1.172,PASS,0
LOT_036_DIE_01185,LOT_036,125.86,3.603,504.02,15.15,2.675,0.7184,26.409,3.016,0.6942,61.333,87.364,4.658,0.6548,119.75,40.27,1.233,LATENT_DRIFT_RUNAWAY,1
LOT_037_DIE_01186,LOT_037,125.32,3.678,500.71,13.228,2.398,0.7025,24.021,2.826,0.6753,56.897,81.951,4.281,0.6178,122.12,36.36,1.252,LATENT_DRIFT_RUNAWAY,1
LOT_038_DIE_01187,LOT_038,125.05,3.586,506.95,10.657,2.412,0.7416,10.988,2.413,0.7385,11.506,11.84,2.461,0.7346,105.0,48.03,1.223,PASS,0
LOT_039_DIE_01188,LOT_039,124.42,3.575,508.26,12.745,2.319,0.7165,12.84,2.337,0.7135,13.982,14.848,2.369,0.7059,101.27,46.7,1.065,PASS,0
LOT_040_DIE_01189,LOT_040,124.44,3.604,512.84,8.36,2.556,0.712,8.917,2.571,0.7108,9.261,9.584,2.636,0.7019,103.96,40.75,1.285,PASS,0
LOT_041_DIE_01190,LOT_041,125.93,3.627,542.52,9.002,2.727,0.6864,9.187,2.755,0.6834,10.418,11.435,2.796,0.6815,93.54,45.89,1.201,PASS,0
LOT_042_DIE_01191,LOT_042,125.33,3.593,487.39,13.765,2.537,0.7329,14.296,2.566,0.7319,15.162,15.893,2.59,0.7282,107.62,45.03,1.266,PASS,0
LOT_043_DIE_01192,LOT_043,123.4,3.559,499.64,9.105,2.575,0.7096,9.624,2.593,0.707,10.526,11.38,2.61,0.7007,96.92,46.15,1.26,PASS,0
LOT_044_DIE_01193,LOT_044,125.75,3.621,478.87,14.942,2.19,0.7225,15.354,2.217,0.7192,15.9,16.48,2.228,0.7124,104.9,46.38,1.253,PASS,0
LOT_045_DIE_01194,LOT_045,124.68,3.572,486.42,10.479,2.375,0.7319,10.974,2.384,0.7289,11.844,12.153,2.436,0.7225,98.7,45.99,1.203,PASS,0
LOT_046_DIE_01195,LOT_046,125.69,3.58,469.61,10.559,2.377,0.6743,11.074,2.398,0.6706,11.612,12.479,2.411,0.6648,103.91,48.05,1.089,PASS,0
LOT_047_DIE_01196,LOT_047,126.8,3.646,482.17,8.329,2.59,0.7179,8.821,2.605,0.716,9.356,9.792,2.653,0.7082,104.72,47.89,1.278,PASS,0
LOT_048_DIE_01197,LOT_048,125.57,3.608,505.0,12.041,2.431,0.7227,12.284,2.455,0.7192,12.83,13.722,2.481,0.7167,99.32,48.41,1.259,PASS,0
LOT_049_DIE_01198,LOT_049,125.2,3.558,475.22,11.353,2.766,0.7019,11.962,2.814,0.7002,12.388,13.214,2.817,0.6956,94.62,43.95,1.337,PASS,0
LOT_050_DIE_01199,LOT_050,126.88,3.571,483.22,10.139,2.653,0.6827,10.745,2.689,0.6794,11.214,11.607,2.706,0.6753,100.6,45.57,1.457,PASS,0
LOT_001_DIE_01200,LOT_001,125.16,3.566,478.99,9.641,2.237,0.7415,9.877,2.251,0.7388,10.192,11.067,2.285,0.7381,101.62,46.43,1.207,PASS,0
LOT_002_DIE_01201,LOT_002,124.1,3.612,501.59,13.857,2.646,0.7254,14.174,2.667,0.7225,14.893,15.913,2.683,0.7209,101.37,44.57,1.213,PASS,0
LOT_003_DIE_01202,LOT_003,124.76,3.591,474.53,14.903,2.57,0.7184,27.519,2.915,0.7036,43.997,83.881,3.896,0.659,116.34,37.06,1.212,THERMAL_VOLTAGE_STRESS_FAILURE,1
LOT_004_DIE_01203,LOT_004,124.36,3.607,489.55,10.452,2.308,0.7326,10.603,2.348,0.7276,11.444,12.099,2.348,0.724,102.67,39.1,1.162,PASS,0
LOT_005_DIE_01204,LOT_005,124.52,3.597,503.29,8.846,2.453,0.7003,9.232,2.468,0.6968,9.742,10.37,2.487,0.6935,92.73,48.51,1.305,PASS,0
LOT_006_DIE_01205,LOT_006,123.08,3.626,491.65,7.79,2.654,0.7081,8.611,2.697,0.7053,9.231,9.685,2.724,0.7008,103.37,49.01,1.233,PASS,0
LOT_007_DIE_01206,LOT_007,125.68,3.614,495.28,9.646,2.517,0.6713,9.874,2.541,0.6692,10.737,11.086,2.573,0.6648,101.65,47.11,1.386,PASS,0
LOT_008_DIE_01207,LOT_008,123.98,3.525,522.27,14.289,2.432,0.6965,14.942,2.431,0.6933,15.645,16.586,2.498,0.6868,102.87,45.21,1.275,PASS,0
LOT_009_DIE_01208,LOT_009,124.25,3.637,497.57,10.758,2.35,0.6782,10.901,2.387,0.6754,12.196,12.499,2.405,0.6701,103.91,41.49,1.225,PASS,0
LOT_010_DIE_01209,LOT_010,126.25,3.61,503.25,13.732,2.426,0.6939,25.628,2.957,0.6717,58.405,90.001,3.77,0.6288,113.49,40.44,1.219,LATENT_DRIFT_RUNAWAY,1
LOT_011_DIE_01210,LOT_011,123.31,3.623,485.03,8.723,2.47,0.7214,9.092,2.5,0.7163,10.289,10.827,2.543,0.7123,96.39,44.52,1.112,PASS,0
LOT_012_DIE_01211,LOT_012,124.22,3.525,483.92,14.428,2.657,0.7143,14.801,2.674,0.7121,15.589,15.712,2.697,0.7064,104.31,46.07,1.32,PASS,0
LOT_013_DIE_01212,LOT_013,125.69,3.539,517.59,12.71,2.327,0.7085,13.447,2.356,0.7039,14.376,14.945,2.391,0.6958,99.92,44.71,1.196,PASS,0
LOT_014_DIE_01213,LOT_014,125.43,3.578,501.67,10.621,2.484,0.6564,10.865,2.497,0.6525,11.52,12.499,2.547,0.6462,116.95,45.31,1.275,PASS,0
LOT_015_DIE_01214,LOT_015,126.81,3.567,501.7,7.902,2.4,0.6734,8.274,2.409,0.6695,8.43,9.43,2.443,0.6627,105.47,44.7,1.234,PASS,0
LOT_016_DIE_01215,LOT_016,123.8,3.663,506.68,10.351,2.549,0.7202,10.741,2.569,0.7178,11.406,11.991,2.624,0.7149,106.97,48.76,1.106,PASS,0
LOT_017_DIE_01216,LOT_017,123.19,3.547,491.15,10.6,2.405,0.6713,11.187,2.406,0.6685,11.983,12.751,2.429,0.6606,106.29,46.11,1.199,PASS,0
LOT_018_DIE_01217,LOT_018,124.74,3.65,478.9,8.516,2.433,0.7181,8.853,2.458,0.7163,9.59,9.914,2.47,0.71,97.11,48.73,1.191,PASS,0
LOT_019_DIE_01218,LOT_019,127.94,3.633,525.95,11.269,2.622,0.7072,11.747,2.657,0.7027,12.14,12.633,2.687,0.6952,94.35,46.08,1.261,PASS,0
LOT_020_DIE_01219,LOT_020,125.06,3.549,496.17,13.954,2.336,0.7581,14.243,2.355,0.7549,15.098,15.601,2.393,0.7531,102.64,43.37,1.206,PASS,0
LOT_021_DIE_01220,LOT_021,125.37,3.581,507.14,9.911,2.545,0.739,10.444,2.565,0.7366,11.441,11.791,2.57,0.7283,98.57,47.53,1.156,PASS,0
LOT_022_DIE_01221,LOT_022,126.99,3.639,534.2,8.951,2.388,0.6716,9.163,2.423,0.6671,10.185,10.775,2.454,0.663,101.63,45.33,1.278,PASS,0
LOT_023_DIE_01222,LOT_023,124.66,3.652,494.84,11.724,2.67,0.6914,12.159,2.7,0.688,12.567,13.052,2.695,0.6858,94.4,41.15,1.181,PASS,0
LOT_024_DIE_01223,LOT_024,125.83,3.634,494.78,11.031,2.384,0.7034,11.535,2.413,0.7009,12.475,12.438,2.419,0.6946,101.03,43.3,1.236,PASS,0
LOT_025_DIE_01224,LOT_025,125.35,3.626,483.61,10.664,2.348,0.6991,11.345,2.361,0.6981,12.151,12.493,2.36,0.6888,99.69,43.8,1.198,PASS,0
LOT_026_DIE_01225,LOT_026,126.96,3.588,504.75,11.822,2.903,0.7129,12.191,2.932,0.7097,13.34,13.851,2.966,0.7058,101.87,44.21,1.349,PASS,0
LOT_027_DIE_01226,LOT_027,124.8,3.606,501.93,6.688,2.522,0.716,7.089,2.529,0.7125,8.332,9.059,2.532,0.7081,97.12,46.74,1.233,PASS,0
LOT_028_DIE_01227,LOT_028,124.89,3.586,524.67,11.406,2.444,0.6887,11.835,2.471,0.6849,13.11,13.693,2.48,0.681,105.3,44.28,1.245,PASS,0
LOT_029_DIE_01228,LOT_029,125.92,3.559,491.91,10.769,2.583,0.6972,11.271,2.605,0.6948,11.984,12.378,2.571,0.6856,102.18,47.47,1.231,PASS,0
LOT_030_DIE_01229,LOT_030,125.93,3.556,499.83,8.208,2.298,0.6867,8.67,2.331,0.6834,9.355,9.973,2.362,0.679,101.67,43.14,1.256,PASS,0
LOT_031_DIE_01230,LOT_031,123.68,3.576,506.15,11.799,2.369,0.7305,11.925,2.373,0.7266,13.247,13.315,2.449,0.7202,102.47,43.42,1.217,PASS,0
LOT_032_DIE_01231,LOT_032,125.84,3.643,507.1,8.421,2.311,0.7163,8.906,2.338,0.7132,9.253,9.385,2.383,0.7118,98.49,45.39,1.222,PASS,0
LOT_033_DIE_01232,LOT_033,125.72,3.638,480.2,10.073,2.697,0.6976,10.419,2.721,0.6958,11.636,12.111,2.75,0.6876,100.33,46.38,1.235,PASS,0
LOT_034_DIE_01233,LOT_034,123.61,3.617,486.38,14.504,2.85,0.657,14.916,2.867,0.6545,15.815,16.396,2.9,0.6487,108.09,44.82,1.268,PASS,0
LOT_035_DIE_01234,LOT_035,124.95,3.633,513.99,15.919,2.458,0.6826,16.424,2.485,0.6802,17.428,17.986,2.517,0.678,101.66,46.54,1.25,PASS,0
LOT_036_DIE_01235,LOT_036,125.52,3.584,490.7,12.841,2.498,0.6744,13.434,2.493,0.6721,13.988,14.245,2.573,0.6666,98.79,43.61,1.265,PASS,0
LOT_037_DIE_01236,LOT_037,121.57,3.598,497.58,10.89,2.482,0.7164,11.173,2.503,0.7146,12.488,12.777,2.516,0.7092,92.9,42.91,1.195,PASS,0
LOT_038_DIE_01237,LOT_038,125.78,3.545,491.56,7.844,2.109,0.6986,8.181,2.113,0.6945,9.03,10.427,2.197,0.6896,91.54,43.96,1.33,PASS,0
LOT_039_DIE_01238,LOT_039,123.71,3.587,481.78,14.345,2.503,0.7165,28.214,3.105,0.6975,60.0,106.852,4.603,0.6635,118.58,33.68,1.254,LATENT_DRIFT_RUNAWAY,1
LOT_040_DIE_01239,LOT_040,124.8,3.576,517.48,8.949,2.578,0.7192,9.229,2.582,0.7173,10.315,10.543,2.62,0.7119,102.18,44.39,1.23,PASS,0
LOT_041_DIE_01240,LOT_041,125.32,3.606,509.85,6.084,2.239,0.6837,6.609,2.255,0.6799,7.291,7.68,2.264,0.6776,105.53,49.7,1.191,PASS,0
LOT_042_DIE_01241,LOT_042,124.66,3.599,499.68,11.45,2.309,0.7539,11.872,2.324,0.7508,12.689,12.715,2.345,0.7443,102.41,41.72,1.343,PASS,0
LOT_043_DIE_01242,LOT_043,122.9,3.642,508.54,7.152,2.374,0.7197,7.781,2.393,0.7165,8.4,9.108,2.416,0.712,99.96,46.62,1.275,PASS,0
LOT_044_DIE_01243,LOT_044,125.76,3.597,491.72,14.393,2.313,0.6905,15.065,2.339,0.6875,15.862,16.694,2.372,0.6814,102.92,42.42,1.195,PASS,0
LOT_045_DIE_01244,LOT_045,123.35,3.564,486.23,9.54,2.612,0.7405,10.151,2.636,0.7389,10.739,11.184,2.683,0.7312,99.4,46.11,1.274,PASS,0
LOT_046_DIE_01245,LOT_046,124.91,3.589,488.38,11.04,2.169,0.7139,11.608,2.208,0.7108,12.811,13.641,2.22,0.7072,98.91,48.11,1.286,PASS,0
LOT_047_DIE_01246,LOT_047,125.4,3.567,504.11,10.895,2.571,0.736,11.292,2.585,0.7337,11.367,12.32,2.621,0.7284,100.12,46.05,1.376,PASS,0
LOT_048_DIE_01247,LOT_048,124.16,3.57,499.01,11.194,2.345,0.7105,11.628,2.356,0.7077,12.315,12.944,2.393,0.7019,94.68,42.76,1.285,PASS,0
LOT_049_DIE_01248,LOT_049,126.01,3.597,485.99,12.932,2.473,0.6968,13.605,2.496,0.6936,14.366,15.016,2.533,0.6917,108.81,47.03,1.336,PASS,0
LOT_050_DIE_01249,LOT_050,124.33,3.586,469.22,8.723,2.736,0.6839,9.232,2.758,0.6805,10.666,11.109,2.777,0.6737,99.24,44.15,1.183,PASS,0
LOT_001_DIE_01250,LOT_001,125.15,3.62,468.88,9.569,2.37,0.7364,10.077,2.4,0.7343,11.221,11.3,2.42,0.7273,93.41,54.52,1.341,PASS,0
LOT_002_DIE_01251,LOT_002,123.05,3.583,501.18,15.273,2.585,0.747,15.773,2.615,0.7426,16.648,17.495,2.64,0.739,105.7,47.27,1.132,PASS,0
LOT_003_DIE_01252,LOT_003,124.77,3.542,493.64,11.966,2.539,0.7249,12.397,2.547,0.7222,12.978,13.874,2.574,0.7158,106.53,47.33,1.372,PASS,0
LOT_004_DIE_01253,LOT_004,126.13,3.525,493.61,14.077,2.481,0.7166,14.688,2.498,0.714,15.463,16.285,2.528,0.7079,97.93,45.76,1.16,PASS,0
LOT_005_DIE_01254,LOT_005,126.11,3.648,519.91,9.404,2.468,0.7354,9.825,2.469,0.7343,10.708,11.018,2.52,0.7259,92.85,42.27,1.131,PASS,0
LOT_006_DIE_01255,LOT_006,124.41,3.575,473.13,7.877,2.519,0.7572,8.547,2.559,0.7539,9.224,10.183,2.562,0.7476,95.07,43.41,1.223,PASS,0
LOT_007_DIE_01256,LOT_007,127.55,3.636,502.0,8.536,2.328,0.6859,9.208,2.335,0.6823,10.474,11.178,2.36,0.679,104.73,38.59,1.229,PASS,0
LOT_008_DIE_01257,LOT_008,126.0,3.638,519.35,12.429,2.647,0.6846,12.794,2.666,0.6823,13.273,14.186,2.679,0.6799,99.09,41.74,1.206,PASS,0
LOT_009_DIE_01258,LOT_009,123.26,3.644,483.13,11.263,2.645,0.6606,11.684,2.657,0.6577,12.068,12.542,2.736,0.6551,94.84,45.22,1.233,PASS,0
LOT_010_DIE_01259,LOT_010,127.06,3.609,485.6,14.062,2.518,0.7176,14.835,2.552,0.7152,16.013,16.214,2.563,0.7063,90.41,41.27,1.201,PASS,0
LOT_011_DIE_01260,LOT_011,124.28,3.632,510.92,6.083,2.632,0.6889,6.547,2.657,0.6845,7.756,8.82,2.672,0.6839,97.86,42.17,1.261,PASS,0
LOT_012_DIE_01261,LOT_012,125.87,3.586,492.76,15.376,2.516,0.6872,15.879,2.528,0.6841,16.967,17.826,2.556,0.6786,109.37,45.33,1.214,PASS,0
LOT_013_DIE_01262,LOT_013,125.05,3.554,512.63,11.352,2.344,0.7359,11.708,2.374,0.7329,12.552,13.385,2.387,0.7287,97.84,43.14,1.108,PASS,0
LOT_014_DIE_01263,LOT_014,126.25,3.494,515.87,10.641,2.566,0.6992,11.085,2.582,0.6963,11.713,12.319,2.64,0.6894,99.48,44.17,1.271,PASS,0
LOT_015_DIE_01264,LOT_015,127.02,3.612,508.17,11.448,2.575,0.6967,12.06,2.604,0.6932,12.644,13.275,2.611,0.6888,98.0,43.54,1.219,PASS,0
LOT_016_DIE_01265,LOT_016,127.62,3.61,507.49,8.546,2.381,0.7012,9.051,2.406,0.6978,9.882,10.705,2.475,0.6914,92.96,44.42,1.241,PASS,0
LOT_017_DIE_01266,LOT_017,124.53,3.585,496.65,8.591,2.528,0.7045,9.068,2.528,0.7002,10.264,10.472,2.564,0.6975,94.64,42.81,1.185,PASS,0
LOT_018_DIE_01267,LOT_018,125.08,3.604,475.49,12.828,2.266,0.7323,13.024,2.287,0.7295,13.593,14.129,2.326,0.7248,104.19,44.03,1.291,PASS,0
LOT_019_DIE_01268,LOT_019,122.86,3.582,510.83,12.679,2.511,0.7016,12.978,2.531,0.698,13.671,14.316,2.556,0.696,96.7,42.77,1.133,PASS,0
LOT_020_DIE_01269,LOT_020,125.75,3.603,509.47,9.207,2.388,0.7444,9.625,2.418,0.7425,10.863,11.71,2.447,0.734,94.9,43.58,1.283,PASS,0
LOT_021_DIE_01270,LOT_021,125.02,3.588,512.35,16.004,2.394,0.6994,16.29,2.42,0.6958,17.056,17.343,2.462,0.6916,100.26,41.0,1.231,PASS,0
LOT_022_DIE_01271,LOT_022,126.96,3.607,538.34,9.94,2.54,0.6922,10.432,2.567,0.6887,11.816,12.371,2.577,0.6858,104.46,44.07,1.428,PASS,0
LOT_023_DIE_01272,LOT_023,125.9,3.625,493.39,10.89,2.623,0.6814,11.154,2.65,0.6784,12.403,12.878,2.706,0.6713,101.29,43.92,1.275,PASS,0
LOT_024_DIE_01273,LOT_024,125.38,3.647,467.14,9.986,2.326,0.7175,10.334,2.333,0.7127,11.138,12.038,2.338,0.7092,98.05,45.11,1.294,PASS,0
LOT_025_DIE_01274,LOT_025,124.32,3.598,485.96,11.803,2.365,0.7167,12.276,2.365,0.714,12.977,13.869,2.42,0.7062,94.47,42.99,1.355,PASS,0
LOT_026_DIE_01275,LOT_026,125.02,3.592,517.26,18.27,2.563,0.7311,31.576,3.058,0.7204,53.838,91.991,3.604,0.677,115.2,35.05,1.009,THERMAL_VOLTAGE_STRESS_FAILURE,1
LOT_027_DIE_01276,LOT_027,123.94,3.556,507.89,8.433,2.596,0.7042,9.072,2.621,0.6991,10.094,10.634,2.671,0.6968,90.26,47.22,1.418,PASS,0
LOT_028_DIE_01277,LOT_028,125.69,3.648,526.03,11.476,2.484,0.666,12.154,2.499,0.6627,13.152,13.39,2.499,0.658,103.79,46.11,1.225,PASS,0
LOT_029_DIE_01278,LOT_029,123.8,3.612,472.49,12.013,2.544,0.6998,12.573,2.567,0.6974,12.874,13.504,2.57,0.6893,97.89,45.08,1.291,PASS,0
LOT_030_DIE_01279,LOT_030,126.51,3.572,492.03,9.977,2.832,0.701,10.161,2.869,0.6996,11.081,11.491,2.92,0.6912,101.08,41.58,1.296,PASS,0
LOT_031_DIE_01280,LOT_031,125.59,3.636,491.18,13.317,2.655,0.7364,13.731,2.681,0.733,14.005,14.722,2.728,0.7265,103.64,45.96,1.322,PASS,0
LOT_032_DIE_01281,LOT_032,124.38,3.652,500.32,11.606,2.486,0.7201,12.002,2.506,0.7165,12.473,12.998,2.509,0.714,105.53,44.4,1.094,PASS,0
LOT_033_DIE_01282,LOT_033,125.27,3.537,479.82,7.369,2.411,0.7169,7.531,2.447,0.7147,8.201,8.568,2.491,0.7104,102.23,45.3,1.241,PASS,0
LOT_034_DIE_01283,LOT_034,124.4,3.555,493.98,14.293,2.451,0.6691,14.417,2.491,0.666,15.545,16.128,2.502,0.6612,104.69,46.84,1.185,PASS,0
LOT_035_DIE_01284,LOT_035,126.36,3.607,532.54,16.725,2.534,0.6907,17.225,2.559,0.6872,18.287,18.696,2.601,0.6824,97.27,42.75,1.315,PASS,0
LOT_036_DIE_01285,LOT_036,123.97,3.606,491.58,14.54,2.557,0.6952,14.807,2.569,0.6936,15.561,16.185,2.597,0.6874,89.94,49.69,1.305,PASS,0
LOT_037_DIE_01286,LOT_037,125.12,3.595,503.99,10.477,2.433,0.7141,11.079,2.458,0.7096,11.961,12.317,2.484,0.7045,98.21,41.99,1.249,PASS,0
LOT_038_DIE_01287,LOT_038,123.53,3.595,514.3,9.856,2.525,0.7357,10.114,2.538,0.7316,10.84,11.285,2.549,0.7293,97.81,48.06,1.454,PASS,0
LOT_039_DIE_01288,LOT_039,124.53,3.55,498.25,12.973,2.697,0.7403,13.586,2.719,0.7381,14.707,15.237,2.728,0.7336,101.88,44.84,1.227,PASS,0
LOT_040_DIE_01289,LOT_040,123.82,3.551,536.27,8.882,2.357,0.6865,9.329,2.372,0.6839,10.506,10.97,2.405,0.6778,99.46,39.87,1.354,PASS,0
LOT_041_DIE_01290,LOT_041,127.48,3.631,517.08,9.087,2.65,0.6729,9.557,2.664,0.6706,10.731,11.471,2.679,0.6651,109.69,44.56,1.199,PASS,0
LOT_042_DIE_01291,LOT_042,125.11,3.569,501.71,12.448,2.497,0.725,12.792,2.522,0.7228,13.736,14.433,2.542,0.7179,103.85,40.97,1.222,PASS,0
LOT_043_DIE_01292,LOT_043,126.28,3.632,489.26,7.175,2.641,0.7246,7.485,2.652,0.7208,8.939,9.48,2.682,0.7138,92.79,44.21,1.293,PASS,0
LOT_044_DIE_01293,LOT_044,124.14,3.592,466.41,12.435,2.545,0.6916,12.796,2.565,0.691,13.607,13.776,2.565,0.6852,97.02,43.96,1.161,PASS,0
LOT_045_DIE_01294,LOT_045,123.45,3.55,473.66,8.633,2.623,0.7261,8.957,2.636,0.7232,9.597,10.34,2.682,0.7188,99.94,44.08,1.297,PASS,0
LOT_046_DIE_01295,LOT_046,123.61,3.59,480.18,13.269,2.724,0.7023,13.825,2.736,0.699,14.887,15.075,2.763,0.6924,111.0,45.34,1.006,PASS,0
LOT_047_DIE_01296,LOT_047,124.66,3.601,504.62,8.753,2.428,0.703,9.249,2.44,0.7001,9.926,10.48,2.507,0.6928,110.77,43.68,1.213,PASS,0
LOT_048_DIE_01297,LOT_048,127.11,3.617,505.35,11.642,2.503,0.6916,11.464,2.543,0.6895,12.419,13.199,2.571,0.6833,103.27,42.62,1.124,PASS,0
LOT_049_DIE_01298,LOT_049,125.15,3.676,478.06,13.494,2.594,0.6793,14.074,2.607,0.6766,14.74,15.432,2.655,0.6702,93.0,46.77,1.16,PASS,0
LOT_050_DIE_01299,LOT_050,125.3,3.587,484.5,12.71,3.147,0.6672,27.26,3.561,0.6505,42.919,67.301,5.024,0.6169,116.57,36.89,1.203,THERMAL_VOLTAGE_STRESS_FAILURE,1
LOT_001_DIE_01300,LOT_001,126.42,3.561,489.12,10.681,2.542,0.7482,11.098,2.563,0.747,12.13,12.92,2.59,0.739,103.17,45.35,1.25,PASS,0
LOT_002_DIE_01301,LOT_002,124.42,3.58,504.28,14.818,2.464,0.7324,14.971,2.488,0.7302,15.719,15.876,2.533,0.7251,100.79,46.44,1.17,PASS,0
LOT_003_DIE_01302,LOT_003,124.44,3.611,487.12,12.267,2.538,0.7485,13.095,2.555,0.7447,13.75,14.436,2.614,0.7402,98.25,41.69,1.333,PASS,0
LOT_004_DIE_01303,LOT_004,125.27,3.615,499.22,13.021,2.44,0.771,13.348,2.467,0.7678,14.038,14.774,2.467,0.7664,105.84,45.37,1.233,PASS,0
LOT_005_DIE_01304,LOT_005,128.52,3.577,509.56,9.045,2.513,0.7419,9.482,2.524,0.7399,10.588,11.053,2.591,0.7328,105.7,45.85,1.276,PASS,0
LOT_006_DIE_01305,LOT_006,124.86,3.618,483.65,7.998,2.711,0.735,8.585,2.737,0.7333,9.154,9.782,2.756,0.7265,92.81,43.5,1.206,PASS,0
LOT_007_DIE_01306,LOT_007,123.99,3.573,500.92,7.388,2.27,0.7186,7.684,2.282,0.7144,8.347,8.892,2.302,0.7115,110.36,47.77,1.232,PASS,0
LOT_008_DIE_01307,LOT_008,124.13,3.545,513.1,12.715,2.653,0.6953,13.271,2.675,0.6903,14.139,14.808,2.706,0.6891,95.55,47.12,1.234,PASS,0
LOT_009_DIE_01308,LOT_009,124.74,3.625,477.86,12.783,2.578,0.702,12.776,2.591,0.7007,13.491,14.167,2.639,0.6895,99.5,44.84,1.232,PASS,0
LOT_010_DIE_01309,LOT_010,125.86,3.566,462.58,13.26,2.649,0.7325,13.517,2.66,0.7325,13.828,14.278,2.682,0.7255,93.21,43.59,1.147,PASS,0
LOT_011_DIE_01310,LOT_011,125.19,3.617,485.01,8.056,2.305,0.7106,8.397,2.337,0.7067,9.69,10.371,2.34,0.7017,103.2,47.76,1.284,PASS,0
LOT_012_DIE_01311,LOT_012,126.14,3.603,453.86,15.854,2.562,0.7327,16.046,2.58,0.7312,16.609,17.175,2.579,0.7275,106.33,44.41,1.168,PASS,0
LOT_013_DIE_01312,LOT_013,124.0,3.607,499.36,14.186,2.462,0.7393,14.534,2.487,0.7361,15.111,15.565,2.537,0.7293,101.37,45.95,1.221,PASS,0
LOT_014_DIE_01313,LOT_014,122.73,3.632,493.44,9.237,2.632,0.6884,9.457,2.638,0.6863,10.164,10.509,2.685,0.6799,108.38,45.31,1.233,PASS,0
LOT_015_DIE_01314,LOT_015,125.48,3.591,497.64,10.524,2.447,0.6737,10.728,2.46,0.6711,11.868,11.845,2.487,0.6665,97.02,42.26,1.311,PASS,0
LOT_016_DIE_01315,LOT_016,124.81,3.562,519.12,43.393,3.781,0.6713,57.917,4.544,0.6326,102.925,172.396,6.074,0.5623,122.33,36.9,1.353,LATENT_CONTEXTUAL_OUTLIER,1
LOT_017_DIE_01316,LOT_017,123.96,3.571,514.61,8.196,2.385,0.6817,8.642,2.408,0.6785,9.377,10.46,2.436,0.6757,102.58,45.87,1.29,PASS,0
LOT_018_DIE_01317,LOT_018,123.95,3.625,500.28,11.165,2.673,0.7341,11.794,2.685,0.7309,12.418,13.228,2.683,0.7268,114.81,41.56,1.146,PASS,0
LOT_019_DIE_01318,LOT_019,124.66,3.577,508.41,10.25,2.306,0.7077,10.396,2.324,0.705,11.185,11.874,2.35,0.6985,94.12,46.62,1.229,PASS,0
LOT_020_DIE_01319,LOT_020,121.62,3.598,493.01,11.893,2.592,0.7427,12.056,2.616,0.7407,13.054,13.463,2.687,0.7318,106.12,45.81,1.249,PASS,0
LOT_021_DIE_01320,LOT_021,127.37,3.612,508.91,11.285,2.407,0.737,11.953,2.426,0.7328,13.097,13.73,2.477,0.7269,104.78,47.69,1.234,PASS,0
LOT_022_DIE_01321,LOT_022,123.61,3.626,501.65,6.568,2.609,0.7134,7.028,2.624,0.7087,7.628,8.279,2.693,0.7061,93.4,45.46,1.255,PASS,0
LOT_023_DIE_01322,LOT_023,126.01,3.632,471.42,8.323,2.807,0.6727,8.784,2.83,0.6719,9.417,9.947,2.838,0.6655,105.86,41.53,1.236,PASS,0
LOT_024_DIE_01323,LOT_024,123.68,3.548,480.22,8.551,2.791,0.6932,8.897,2.812,0.6909,9.9,10.276,2.872,0.6874,103.76,46.25,1.199,PASS,0
LOT_025_DIE_01324,LOT_025,125.24,3.555,496.61,13.389,2.38,0.7273,13.382,2.396,0.724,14.24,15.006,2.415,0.7168,102.77,43.71,1.392,PASS,0
LOT_026_DIE_01325,LOT_026,124.5,3.575,489.86,13.44,2.469,0.7114,13.7,2.488,0.7088,14.403,14.809,2.554,0.7014,103.91,41.38,1.385,PASS,0
LOT_027_DIE_01326,LOT_027,123.04,3.483,519.71,11.142,2.405,0.6998,11.785,2.412,0.6961,12.442,13.017,2.462,0.6911,99.12,45.27,1.36,PASS,0
LOT_028_DIE_01327,LOT_028,124.81,3.593,498.8,10.323,2.49,0.7012,10.554,2.506,0.6964,11.328,11.972,2.537,0.6958,109.71,41.71,1.319,PASS,0
LOT_029_DIE_01328,LOT_029,125.77,3.635,498.86,13.596,2.572,0.7229,14.025,2.592,0.7211,15.015,15.826,2.62,0.7164,103.98,41.88,1.301,PASS,0
LOT_030_DIE_01329,LOT_030,125.14,3.666,528.07,8.892,2.58,0.6978,9.225,2.612,0.6938,10.037,10.809,2.6,0.6884,91.99,45.75,1.317,PASS,0
LOT_031_DIE_01330,LOT_031,125.41,3.638,490.66,10.746,2.602,0.7442,10.985,2.624,0.7418,11.994,12.845,2.676,0.7378,94.61,48.8,1.39,PASS,0
LOT_032_DIE_01331,LOT_032,125.56,3.543,487.01,11.712,2.435,0.7401,12.206,2.428,0.7365,13.364,14.1,2.509,0.7354,103.19,42.02,1.267,PASS,0
LOT_033_DIE_01332,LOT_033,124.59,3.602,500.35,8.061,2.558,0.7164,8.548,2.573,0.7146,9.591,10.144,2.6,0.7083,107.16,43.81,1.219,PASS,0
LOT_034_DIE_01333,LOT_034,125.11,3.609,476.11,15.652,2.373,0.6817,16.255,2.411,0.6804,16.937,17.764,2.393,0.6721,104.19,45.32,1.209,PASS,0
LOT_035_DIE_01334,LOT_035,126.06,3.64,526.88,42.486,3.815,0.6789,56.623,4.854,0.6351,89.578,122.951,6.691,0.5665,114.48,38.51,1.243,LATENT_CONTEXTUAL_OUTLIER,1
LOT_036_DIE_01335,LOT_036,125.61,3.546,495.97,14.497,2.655,0.7083,15.1,2.682,0.7055,15.9,16.466,2.713,0.6988,99.65,43.6,1.356,PASS,0
LOT_037_DIE_01336,LOT_037,125.85,3.653,506.82,11.399,2.571,0.6952,11.931,2.599,0.6925,12.736,13.352,2.597,0.6853,104.08,41.79,1.309,PASS,0
LOT_038_DIE_01337,LOT_038,123.99,3.625,497.85,8.509,2.875,0.7339,8.783,2.918,0.7296,9.695,10.188,2.898,0.7267,105.05,45.83,1.381,PASS,0
LOT_039_DIE_01338,LOT_039,124.01,3.593,504.57,15.269,2.447,0.765,15.897,2.462,0.7614,17.155,17.514,2.484,0.7572,109.04,46.42,1.481,PASS,0
LOT_040_DIE_01339,LOT_040,123.82,3.595,523.45,12.893,2.337,0.7463,13.075,2.344,0.7422,14.128,15.076,2.368,0.7379,94.97,48.16,1.234,PASS,0
LOT_041_DIE_01340,LOT_041,124.37,3.616,517.14,9.762,2.607,0.6773,10.195,2.615,0.6725,11.135,11.219,2.63,0.6679,106.56,47.27,1.205,PASS,0
LOT_042_DIE_01341,LOT_042,124.84,3.628,498.96,11.631,2.653,0.7133,11.989,2.677,0.7106,12.878,13.129,2.712,0.7014,103.75,46.4,1.131,PASS,0
LOT_043_DIE_01342,LOT_043,127.09,3.602,492.97,8.884,2.471,0.7173,9.127,2.495,0.7133,9.455,10.348,2.526,0.7091,91.64,51.75,1.246,PASS,0
LOT_044_DIE_01343,LOT_044,124.84,3.585,496.76,15.883,2.763,0.7144,16.305,2.788,0.7113,17.011,17.866,2.827,0.7061,97.22,45.37,1.318,PASS,0
LOT_045_DIE_01344,LOT_045,123.89,3.623,492.07,10.131,2.508,0.7149,10.312,2.537,0.712,10.919,11.551,2.572,0.7083,98.58,45.95,1.246,PASS,0
LOT_046_DIE_01345,LOT_046,124.05,3.588,478.15,14.527,2.524,0.7435,14.929,2.54,0.7393,14.83,15.697,2.572,0.7353,109.8,45.16,1.155,PASS,0
LOT_047_DIE_01346,LOT_047,123.74,3.604,499.22,10.905,2.341,0.6824,11.075,2.344,0.68,11.977,12.607,2.39,0.6764,96.62,37.96,1.244,PASS,0
LOT_048_DIE_01347,LOT_048,126.11,3.543,505.91,13.65,2.46,0.6989,14.242,2.481,0.6965,14.956,15.327,2.538,0.6914,97.14,44.99,1.239,PASS,0
LOT_049_DIE_01348,LOT_049,124.33,3.606,458.11,12.062,2.313,0.6802,12.428,2.329,0.6764,13.135,13.662,2.375,0.6729,99.64,41.18,1.3,PASS,0
LOT_050_DIE_01349,LOT_050,125.22,3.607,489.77,9.612,2.428,0.6895,10.085,2.465,0.6857,10.583,11.179,2.461,0.6787,94.05,44.97,1.325,PASS,0
LOT_001_DIE_01350,LOT_001,122.71,3.585,481.94,9.106,2.464,0.7348,9.867,2.478,0.7308,10.363,11.337,2.542,0.726,93.77,47.0,1.258,PASS,0
LOT_002_DIE_01351,LOT_002,122.99,3.567,503.64,16.305,2.501,0.7417,25.262,3.033,0.7162,57.011,90.799,4.645,0.6676,115.08,32.41,1.198,LATENT_DRIFT_RUNAWAY,1
LOT_003_DIE_01352,LOT_003,123.86,3.678,481.8,12.483,2.654,0.7582,13.002,2.677,0.7534,13.551,13.821,2.665,0.7519,104.4,42.6,1.281,PASS,0
LOT_004_DIE_01353,LOT_004,124.12,3.585,498.5,12.434,2.645,0.7173,12.97,2.64,0.7146,13.835,14.46,2.698,0.7104,101.54,42.87,1.262,PASS,0
LOT_005_DIE_01354,LOT_005,123.88,3.548,521.4,9.19,2.349,0.7221,9.687,2.363,0.7183,10.393,11.282,2.397,0.7117,99.24,45.72,1.157,PASS,0
LOT_006_DIE_01355,LOT_006,124.14,3.631,506.7,40.8,3.953,0.7102,52.011,4.769,0.6866,78.247,129.212,5.92,0.6124,114.13,36.08,1.174,LATENT_CONTEXTUAL_OUTLIER,1
LOT_007_DIE_01356,LOT_007,123.37,3.566,494.94,9.681,2.264,0.699,9.966,2.285,0.6976,10.558,11.069,2.32,0.6895,91.07,40.18,1.262,PASS,0
LOT_008_DIE_01357,LOT_008,124.31,3.575,500.64,14.314,2.419,0.6616,14.36,2.437,0.6597,14.845,15.074,2.465,0.6538,102.76,45.04,1.277,PASS,0
LOT_009_DIE_01358,LOT_009,126.48,3.522,498.14,13.458,2.202,0.678,13.945,2.232,0.6745,14.485,15.078,2.222,0.6719,102.04,51.32,1.103,PASS,0
LOT_010_DIE_01359,LOT_010,124.74,3.567,483.55,12.74,2.4,0.6868,13.239,2.425,0.6838,13.802,14.257,2.493,0.68,106.18,48.48,1.248,PASS,0
LOT_011_DIE_01360,LOT_011,123.41,3.546,485.67,8.327,2.369,0.6892,8.933,2.396,0.6859,9.554,10.296,2.433,0.683,94.67,47.69,1.203,PASS,0
LOT_012_DIE_01361,LOT_012,125.94,3.549,481.7,16.273,2.539,0.6696,16.912,2.559,0.6651,17.356,18.123,2.624,0.6596,94.43,41.87,1.361,PASS,0
LOT_013_DIE_01362,LOT_013,125.5,3.618,522.96,12.543,2.494,0.731,13.095,2.524,0.728,14.238,14.718,2.538,0.7209,99.24,44.65,1.394,PASS,0
LOT_014_DIE_01363,LOT_014,124.57,3.587,522.73,8.798,2.47,0.7007,9.163,2.489,0.6997,10.179,11.144,2.474,0.6898,105.72,46.2,1.214,PASS,0
LOT_015_DIE_01364,LOT_015,124.05,3.626,511.33,11.441,2.392,0.6829,12.133,2.409,0.6818,12.846,13.415,2.434,0.6777,103.36,44.47,1.382,PASS,0
LOT_016_DIE_01365,LOT_016,126.25,3.592,508.19,7.407,2.402,0.7035,7.537,2.427,0.7003,8.756,9.478,2.439,0.6961,96.96,47.01,1.223,PASS,0
LOT_017_DIE_01366,LOT_017,126.48,3.694,497.71,9.248,2.684,0.6744,9.451,2.706,0.6716,10.757,10.949,2.734,0.6666,96.16,45.5,1.167,PASS,0
LOT_018_DIE_01367,LOT_018,126.1,3.582,492.35,14.169,2.834,0.7184,25.517,3.048,0.7034,52.065,96.3,3.815,0.6798,108.11,38.07,1.164,THERMAL_VOLTAGE_STRESS_FAILURE,1
LOT_019_DIE_01368,LOT_019,124.57,3.637,498.2,8.937,2.534,0.7034,9.273,2.555,0.7015,9.553,10.238,2.597,0.6986,96.97,47.29,1.204,PASS,0
LOT_020_DIE_01369,LOT_020,124.54,3.564,500.3,9.284,2.562,0.7166,9.703,2.597,0.7146,10.38,10.538,2.634,0.7088,92.98,45.38,1.251,PASS,0
LOT_021_DIE_01370,LOT_021,125.31,3.56,516.3,13.442,2.593,0.7371,13.744,2.608,0.7335,14.687,14.801,2.661,0.732,89.86,45.36,1.277,PASS,0
LOT_022_DIE_01371,LOT_022,125.66,3.624,525.06,10.462,2.548,0.6748,10.812,2.563,0.6706,11.448,12.014,2.594,0.6642,96.79,48.75,1.239,PASS,0
LOT_023_DIE_01372,LOT_023,127.57,3.569,496.05,12.947,2.68,0.6621,13.127,2.703,0.6579,13.743,14.484,2.744,0.6548,101.88,47.89,1.143,PASS,0
LOT_024_DIE_01373,LOT_024,127.0,3.604,488.16,11.324,2.437,0.7129,11.774,2.452,0.7077,12.058,12.846,2.493,0.7065,107.89,44.05,1.311,PASS,0
LOT_025_DIE_01374,LOT_025,123.49,3.637,504.08,9.23,2.502,0.6999,9.348,2.503,0.697,10.098,10.779,2.546,0.6906,98.66,44.21,1.145,PASS,0
LOT_026_DIE_01375,LOT_026,126.82,3.624,496.35,13.352,2.335,0.748,13.749,2.363,0.7451,14.56,15.028,2.413,0.7437,93.6,42.86,1.308,PASS,0
LOT_027_DIE_01376,LOT_027,125.26,3.55,505.85,10.137,2.467,0.7248,10.668,2.493,0.7224,11.287,11.565,2.484,0.7173,104.01,46.23,1.206,PASS,0
LOT_028_DIE_01377,LOT_028,125.82,3.563,528.61,12.37,2.594,0.7013,12.75,2.613,0.697,13.445,13.91,2.668,0.6938,102.45,49.1,1.336,PASS,0
LOT_029_DIE_01378,LOT_029,123.07,3.553,482.1,13.28,2.509,0.7213,13.54,2.526,0.7175,14.183,15.019,2.572,0.7141,99.1,45.28,1.241,PASS,0
LOT_030_DIE_01379,LOT_030,125.42,3.516,505.9,6.509,2.603,0.6786,6.744,2.644,0.6759,7.438,8.062,2.623,0.6726,97.95,48.37,1.237,PASS,0
LOT_031_DIE_01380,LOT_031,125.0,3.572,518.49,12.153,2.597,0.7176,12.36,2.632,0.7141,13.191,13.252,2.626,0.7107,100.87,46.95,1.074,PASS,0
LOT_032_DIE_01381,LOT_032,124.67,3.597,489.94,10.958,2.538,0.7209,11.594,2.559,0.7173,12.121,13.241,2.614,0.7116,108.02,47.86,1.229,PASS,0
LOT_033_DIE_01382,LOT_033,125.5,3.599,464.21,9.02,2.611,0.6758,9.517,2.627,0.671,10.49,11.415,2.663,0.6659,95.59,45.06,1.195,PASS,0
LOT_034_DIE_01383,LOT_034,126.36,3.603,482.68,15.362,2.496,0.7099,15.465,2.49,0.707,15.956,17.138,2.554,0.6989,105.53,47.21,1.185,PASS,0
LOT_035_DIE_01384,LOT_035,124.23,3.67,517.4,15.65,2.554,0.6873,16.0,2.566,0.6841,16.323,17.012,2.595,0.6796,101.68,46.69,1.099,PASS,0
LOT_036_DIE_01385,LOT_036,126.25,3.555,475.12,15.944,2.351,0.7168,16.363,2.389,0.713,16.99,17.562,2.415,0.7099,101.55,44.66,1.207,PASS,0
LOT_037_DIE_01386,LOT_037,124.5,3.597,489.13,12.161,2.509,0.7011,12.36,2.517,0.6974,13.603,14.047,2.578,0.6887,100.52,45.18,1.303,PASS,0
LOT_038_DIE_01387,LOT_038,124.94,3.596,499.73,8.865,2.489,0.7242,9.353,2.489,0.7225,10.075,10.412,2.518,0.7198,107.35,43.2,1.285,PASS,0
LOT_039_DIE_01388,LOT_039,124.93,3.596,510.08,13.486,2.495,0.7325,13.844,2.513,0.7294,15.025,15.851,2.524,0.7193,101.52,41.6,1.286,PASS,0
LOT_040_DIE_01389,LOT_040,124.65,3.59,523.31,11.297,2.7,0.7143,11.688,2.709,0.7112,12.414,12.498,2.723,0.7049,104.95,42.98,1.204,PASS,0
LOT_041_DIE_01390,LOT_041,125.35,3.672,508.42,8.175,2.642,0.674,8.815,2.672,0.67,9.99,10.269,2.67,0.6634,105.4,46.45,1.234,PASS,0
LOT_042_DIE_01391,LOT_042,126.0,3.585,478.41,12.597,2.361,0.6985,12.968,2.382,0.6952,13.901,14.713,2.386,0.6946,95.82,49.32,1.089,PASS,0
LOT_043_DIE_01392,LOT_043,124.3,3.577,484.81,33.507,3.989,0.6714,42.593,4.822,0.6377,73.037,118.195,6.567,0.5933,111.51,36.07,1.223,LATENT_CONTEXTUAL_OUTLIER,1
LOT_044_DIE_01393,LOT_044,126.76,3.575,465.75,12.376,2.59,0.7204,12.84,2.596,0.7167,12.905,13.887,2.632,0.7114,98.27,43.24,1.35,PASS,0
LOT_045_DIE_01394,LOT_045,127.6,3.621,510.69,12.078,2.564,0.7301,12.555,2.561,0.7272,13.492,14.41,2.608,0.7214,94.78,41.22,1.236,PASS,0
LOT_046_DIE_01395,LOT_046,126.05,3.613,474.79,11.408,2.291,0.7025,11.968,2.308,0.6997,12.535,13.184,2.337,0.6942,101.1,46.05,1.208,PASS,0
LOT_047_DIE_01396,LOT_047,124.03,3.63,506.88,11.6,2.501,0.7078,11.95,2.52,0.7067,12.736,13.239,2.529,0.7009,107.89,45.77,1.128,PASS,0
LOT_048_DIE_01397,LOT_048,126.27,3.561,492.11,11.09,2.503,0.7037,11.56,2.528,0.7009,11.821,12.924,2.562,0.6982,95.16,46.07,1.045,PASS,0
LOT_049_DIE_01398,LOT_049,122.82,3.631,483.33,14.322,2.412,0.7075,14.634,2.442,0.704,15.06,16.216,2.495,0.6987,94.79,44.75,1.208,PASS,0
LOT_050_DIE_01399,LOT_050,124.43,3.579,488.35,9.474,2.426,0.6943,9.558,2.449,0.6903,10.878,11.078,2.489,0.6859,104.91,45.3,1.194,PASS,0
LOT_001_DIE_01400,LOT_001,122.94,3.618,472.48,9.779,2.491,0.7423,9.868,2.494,0.7395,10.877,11.727,2.542,0.732,88.91,44.53,1.306,PASS,0
LOT_002_DIE_01401,LOT_002,123.14,3.611,500.74,14.773,2.475,0.7224,15.333,2.501,0.7192,15.626,16.086,2.542,0.7164,102.07,45.95,1.177,PASS,0
LOT_003_DIE_01402,LOT_003,125.26,3.562,494.92,13.984,2.448,0.7386,14.586,2.46,0.7363,15.315,16.255,2.439,0.7309,103.25,44.43,1.169,PASS,0
LOT_004_DIE_01403,LOT_004,124.23,3.596,497.29,14.913,2.357,0.7336,15.688,2.383,0.7307,17.003,17.624,2.385,0.7287,105.59,39.07,1.203,PASS,0
LOT_005_DIE_01404,LOT_005,123.04,3.598,514.79,8.714,2.524,0.7036,9.395,2.544,0.7014,9.533,10.072,2.592,0.6949,96.15,46.76,1.281,PASS,0
LOT_006_DIE_01405,LOT_006,124.33,3.67,499.12,7.386,2.474,0.7431,7.664,2.505,0.7395,8.668,9.107,2.503,0.7327,96.46,46.85,1.2,PASS,0
LOT_007_DIE_01406,LOT_007,125.18,3.574,496.74,37.677,4.131,0.6473,55.264,4.641,0.6201,83.214,143.782,6.126,0.5658,109.06,33.62,1.148,LATENT_CONTEXTUAL_OUTLIER,1
LOT_008_DIE_01407,LOT_008,126.41,3.578,527.03,12.016,2.448,0.7035,12.71,2.464,0.6995,13.477,14.062,2.504,0.6941,93.75,45.26,1.165,PASS,0
LOT_009_DIE_01408,LOT_009,127.37,3.578,486.73,13.236,2.507,0.701,13.644,2.535,0.7,14.68,15.059,2.549,0.6922,93.14,46.91,1.264,PASS,0
LOT_010_DIE_01409,LOT_010,125.93,3.603,494.08,13.268,2.52,0.689,13.501,2.509,0.6848,14.368,14.866,2.531,0.6823,93.19,41.76,1.146,PASS,0
LOT_011_DIE_01410,LOT_011,125.08,3.584,504.96,8.701,2.479,0.7099,9.486,2.492,0.706,10.414,10.875,2.514,0.7002,96.39,50.14,1.2,PASS,0
LOT_012_DIE_01411,LOT_012,123.0,3.672,475.03,15.016,2.256,0.676,15.505,2.286,0.6728,16.584,17.428,2.292,0.6708,96.59,46.76,1.302,PASS,0
LOT_013_DIE_01412,LOT_013,125.49,3.627,522.37,14.807,2.36,0.7326,15.428,2.391,0.7285,15.865,17.054,2.445,0.7263,101.06,48.22,1.284,PASS,0
LOT_014_DIE_01413,LOT_014,125.21,3.644,509.42,6.816,2.528,0.7041,7.252,2.559,0.7031,7.886,8.362,2.554,0.6963,104.65,46.71,1.206,PASS,0
LOT_015_DIE_01414,LOT_015,123.0,3.577,504.03,9.183,2.424,0.6695,9.932,2.457,0.6682,10.77,11.02,2.485,0.6609,101.0,41.09,1.342,PASS,0
LOT_016_DIE_01415,LOT_016,125.67,3.55,515.62,8.81,2.365,0.7068,8.908,2.377,0.7049,9.536,9.509,2.419,0.697,100.01,46.7,1.144,PASS,0
LOT_017_DIE_01416,LOT_017,125.01,3.565,496.11,12.731,2.846,0.6723,13.039,2.867,0.6697,13.478,14.377,2.934,0.6615,98.82,47.41,1.3,PASS,0
LOT_018_DIE_01417,LOT_018,125.74,3.619,474.55,10.193,2.184,0.7396,10.688,2.212,0.7362,11.171,11.609,2.225,0.7328,106.3,49.28,1.139,PASS,0
LOT_019_DIE_01418,LOT_019,125.95,3.647,523.94,12.307,2.332,0.6836,12.839,2.353,0.6812,13.86,13.649,2.391,0.6769,98.78,40.94,1.271,PASS,0
LOT_020_DIE_01419,LOT_020,124.11,3.649,500.08,9.47,2.668,0.7466,9.739,2.682,0.7433,10.154,11.294,2.721,0.7402,94.24,45.18,1.199,PASS,0
LOT_021_DIE_01420,LOT_021,123.44,3.549,507.16,13.096,2.529,0.7147,13.332,2.559,0.7104,14.296,14.596,2.536,0.7055,96.48,44.64,1.193,PASS,0
LOT_022_DIE_01421,LOT_022,124.34,3.563,526.41,11.201,2.546,0.6978,11.639,2.571,0.694,12.571,13.195,2.612,0.6933,100.8,43.2,1.108,PASS,0
LOT_023_DIE_01422,LOT_023,124.62,3.623,487.54,10.225,2.443,0.6416,10.784,2.466,0.6383,10.87,11.302,2.516,0.6335,101.27,45.64,1.331,PASS,0
LOT_024_DIE_01423,LOT_024,124.53,3.613,492.15,10.206,2.126,0.7359,10.943,2.143,0.7344,11.794,12.847,2.187,0.7245,99.85,44.84,1.23,PASS,0
LOT_025_DIE_01424,LOT_025,123.12,3.614,494.65,11.71,2.423,0.7158,11.903,2.451,0.7143,12.794,12.72,2.464,0.7078,100.2,45.09,1.31,PASS,0
LOT_026_DIE_01425,LOT_026,124.52,3.591,497.34,12.995,2.537,0.7224,13.364,2.552,0.7205,14.06,14.924,2.606,0.712,103.3,44.28,1.257,PASS,0
LOT_027_DIE_01426,LOT_027,127.24,3.674,507.81,7.641,2.753,0.7367,8.167,2.769,0.7333,9.268,10.218,2.791,0.7256,102.07,44.87,1.403,PASS,0
LOT_028_DIE_01427,LOT_028,124.44,3.634,511.9,11.641,2.352,0.6935,11.816,2.371,0.6906,12.482,12.6,2.367,0.687,101.71,40.5,1.058,PASS,0
LOT_029_DIE_01428,LOT_029,123.63,3.558,480.35,12.299,2.471,0.7164,12.466,2.501,0.7135,13.436,13.787,2.537,0.71,100.84,44.63,1.143,PASS,0
LOT_030_DIE_01429,LOT_030,123.15,3.507,497.81,7.958,2.463,0.6907,8.152,2.501,0.6878,9.139,9.733,2.497,0.6814,103.26,45.61,1.21,PASS,0
LOT_031_DIE_01430,LOT_031,124.52,3.575,495.39,11.726,2.398,0.7107,12.305,2.424,0.7061,13.203,13.89,2.415,0.7045,99.03,48.97,1.196,PASS,0
LOT_032_DIE_01431,LOT_032,124.75,3.559,488.66,8.828,2.848,0.7239,9.51,2.88,0.7209,9.926,10.489,2.881,0.7146,105.48,40.56,1.28,PASS,0
LOT_033_DIE_01432,LOT_033,126.36,3.613,490.67,6.478,2.492,0.7229,6.908,2.514,0.721,7.356,7.954,2.529,0.716,104.44,47.61,1.239,PASS,0
LOT_034_DIE_01433,LOT_034,126.39,3.663,486.22,14.339,2.492,0.6785,14.937,2.511,0.6771,15.578,15.917,2.537,0.6691,102.58,47.02,1.43,PASS,0
LOT_035_DIE_01434,LOT_035,123.02,3.68,511.99,14.338,2.61,0.6961,14.548,2.617,0.693,15.304,16.518,2.656,0.6926,98.46,44.49,1.325,PASS,0
LOT_036_DIE_01435,LOT_036,125.4,3.61,492.33,17.005,2.934,0.6876,29.152,3.2,0.6754,46.505,76.745,3.961,0.6286,108.61,37.01,1.259,THERMAL_VOLTAGE_STRESS_FAILURE,1
LOT_037_DIE_01436,LOT_037,124.65,3.596,494.08,11.199,2.614,0.7199,11.618,2.637,0.7172,12.209,12.601,2.661,0.7141,101.59,41.28,1.261,PASS,0
LOT_038_DIE_01437,LOT_038,126.02,3.575,512.54,8.855,2.629,0.7325,9.287,2.663,0.7282,10.375,11.049,2.685,0.7278,103.31,44.68,1.191,PASS,0
LOT_039_DIE_01438,LOT_039,126.05,3.542,498.97,12.324,2.572,0.7299,12.638,2.609,0.7271,13.763,14.553,2.599,0.718,99.08,47.42,1.185,PASS,0
LOT_040_DIE_01439,LOT_040,127.2,3.643,532.98,12.331,2.634,0.668,12.584,2.654,0.6641,13.452,13.47,2.654,0.661,105.52,44.21,1.37,PASS,0
LOT_041_DIE_01440,LOT_041,123.51,3.553,515.56,9.947,2.593,0.6957,10.362,2.602,0.6919,10.914,11.352,2.671,0.6865,98.28,48.27,1.41,PASS,0
LOT_042_DIE_01441,LOT_042,124.95,3.504,501.28,12.361,2.564,0.7317,12.59,2.584,0.7273,13.589,14.33,2.625,0.7235,100.36,48.11,1.28,PASS,0
LOT_043_DIE_01442,LOT_043,122.65,3.609,487.1,8.33,2.429,0.7232,8.638,2.436,0.721,8.921,9.443,2.465,0.7146,102.97,49.35,1.203,PASS,0
LOT_044_DIE_01443,LOT_044,125.83,3.575,488.64,13.927,2.431,0.697,14.44,2.436,0.6934,15.598,15.97,2.531,0.689,103.18,41.62,1.262,PASS,0
LOT_045_DIE_01444,LOT_045,126.18,3.541,490.21,11.885,2.434,0.7431,12.37,2.469,0.7432,13.081,13.628,2.5,0.7327,106.7,43.48,1.222,PASS,0
LOT_046_DIE_01445,LOT_046,126.09,3.614,481.43,12.336,2.288,0.7149,12.806,2.33,0.7105,13.664,13.682,2.387,0.7053,95.35,46.85,1.336,PASS,0
LOT_047_DIE_01446,LOT_047,125.39,3.522,522.62,11.866,2.498,0.6937,12.301,2.503,0.689,13.2,13.651,2.559,0.6866,105.25,40.94,1.153,PASS,0
LOT_048_DIE_01447,LOT_048,124.38,3.656,508.82,10.433,2.443,0.7099,10.852,2.476,0.706,10.734,11.077,2.482,0.7028,98.38,39.59,1.306,PASS,0
LOT_049_DIE_01448,LOT_049,124.85,3.591,475.36,11.318,2.399,0.7123,11.496,2.411,0.7093,12.047,12.61,2.416,0.7041,97.99,46.92,1.394,PASS,0
LOT_050_DIE_01449,LOT_050,121.75,3.646,489.26,9.194,2.287,0.6742,9.549,2.319,0.671,10.492,11.201,2.317,0.668,98.64,46.89,1.369,PASS,0
LOT_001_DIE_01450,LOT_001,125.48,3.596,492.02,10.501,2.632,0.7407,10.979,2.655,0.7379,12.298,13.056,2.681,0.7324,99.13,42.96,1.329,PASS,0
LOT_002_DIE_01451,LOT_002,125.35,3.601,527.83,15.225,2.702,0.739,15.969,2.723,0.7373,16.802,17.376,2.745,0.7319,99.68,39.66,1.203,PASS,0
LOT_003_DIE_01452,LOT_003,126.02,3.577,481.15,13.396,2.549,0.7221,13.675,2.584,0.7196,14.519,15.019,2.571,0.7122,95.62,45.18,1.334,PASS,0
LOT_004_DIE_01453,LOT_004,124.51,3.509,488.88,11.58,2.333,0.7403,11.797,2.365,0.7353,12.466,13.02,2.402,0.7328,96.17,44.76,1.123,PASS,0
LOT_005_DIE_01454,LOT_005,123.89,3.622,509.48,8.061,2.5,0.7239,8.33,2.529,0.7199,8.894,9.529,2.497,0.7122,102.62,43.85,1.125,PASS,0
LOT_006_DIE_01455,LOT_006,124.85,3.618,472.54,9.727,2.469,0.7365,10.57,2.492,0.7349,11.582,12.08,2.479,0.7286,100.39,45.7,1.277,PASS,0
LOT_007_DIE_01456,LOT_007,125.18,3.622,494.09,9.825,2.403,0.6837,10.446,2.414,0.682,10.913,11.475,2.498,0.6733,99.69,44.33,1.173,PASS,0
LOT_008_DIE_01457,LOT_008,124.75,3.596,502.65,14.669,2.568,0.6979,28.747,2.986,0.6841,54.457,94.614,4.24,0.6438,114.87,40.87,1.373,THERMAL_VOLTAGE_STRESS_FAILURE,1
LOT_009_DIE_01458,LOT_009,124.68,3.581,476.13,13.582,2.615,0.6782,13.781,2.637,0.6757,14.497,14.651,2.67,0.6697,105.5,47.23,1.252,PASS,0
LOT_010_DIE_01459,LOT_010,126.23,3.579,477.73,12.694,2.335,0.702,12.843,2.36,0.6997,13.647,14.324,2.397,0.6928,97.9,45.19,1.181,PASS,0
LOT_011_DIE_01460,LOT_011,123.46,3.591,506.11,34.494,3.472,0.6752,47.198,4.347,0.6328,72.479,141.638,6.518,0.5831,117.31,38.49,1.246,LATENT_CONTEXTUAL_OUTLIER,1
LOT_012_DIE_01461,LOT_012,125.43,3.601,485.43,13.293,2.552,0.6944,13.733,2.572,0.6918,14.28,14.756,2.639,0.6859,96.39,46.09,1.263,PASS,0
LOT_013_DIE_01462,LOT_013,122.65,3.613,514.58,15.486,2.389,0.7291,15.779,2.408,0.7268,16.144,16.884,2.425,0.7226,106.2,46.88,1.181,PASS,0
LOT_014_DIE_01463,LOT_014,124.26,3.656,522.32,13.932,2.515,0.7117,14.354,2.535,0.7075,15.207,15.762,2.591,0.7017,97.87,46.95,1.357,PASS,0
LOT_015_DIE_01464,LOT_015,126.52,3.625,509.36,7.688,2.45,0.7151,7.86,2.472,0.7116,8.856,9.027,2.498,0.7054,98.79,43.75,1.405,PASS,0
LOT_016_DIE_01465,LOT_016,125.07,3.63,504.69,8.495,2.628,0.6983,9.27,2.648,0.6957,10.314,10.698,2.712,0.6923,98.57,43.05,1.257,PASS,0
LOT_017_DIE_01466,LOT_017,124.49,3.616,520.34,11.716,2.325,0.6838,11.933,2.351,0.6802,12.583,13.498,2.383,0.6722,95.78,42.8,1.402,PASS,0
LOT_018_DIE_01467,LOT_018,124.33,3.58,464.03,12.146,2.289,0.7275,12.245,2.291,0.7246,12.933,13.707,2.371,0.7181,109.29,42.2,1.362,PASS,0
LOT_019_DIE_01468,LOT_019,124.5,3.644,503.91,12.829,2.671,0.7094,13.401,2.704,0.7067,14.36,14.872,2.757,0.7009,97.08,42.77,1.135,PASS,0
LOT_020_DIE_01469,LOT_020,124.97,3.568,525.76,9.977,2.335,0.7262,10.697,2.353,0.7233,11.994,12.736,2.367,0.7198,98.47,45.01,1.205,PASS,0
LOT_021_DIE_01470,LOT_021,122.81,3.607,515.04,13.512,2.3,0.7298,13.677,2.314,0.7278,14.565,15.453,2.345,0.7193,106.62,44.95,1.353,PASS,0
LOT_022_DIE_01471,LOT_022,122.15,3.568,514.8,9.384,2.485,0.6815,10.146,2.519,0.6797,10.69,11.201,2.532,0.6789,97.2,44.44,1.455,PASS,0
LOT_023_DIE_01472,LOT_023,128.22,3.638,496.22,6.907,2.302,0.6619,7.338,2.321,0.6595,8.202,8.388,2.336,0.654,99.91,48.04,1.396,PASS,0
LOT_024_DIE_01473,LOT_024,126.1,3.549,480.59,11.708,2.372,0.716,12.038,2.405,0.7121,13.287,13.386,2.409,0.7084,100.75,49.15,1.256,PASS,0
LOT_025_DIE_01474,LOT_025,126.56,3.565,480.16,11.393,2.379,0.7365,11.522,2.392,0.7317,12.515,13.077,2.425,0.7314,99.87,44.0,1.266,PASS,0
LOT_026_DIE_01475,LOT_026,125.53,3.592,484.5,12.082,2.366,0.7291,12.348,2.396,0.7263,13.079,13.672,2.396,0.7186,94.21,41.67,1.143,PASS,0
LOT_027_DIE_01476,LOT_027,125.92,3.643,503.5,8.989,2.626,0.7268,9.38,2.641,0.7223,10.598,11.435,2.664,0.7215,100.14,44.34,1.427,PASS,0
LOT_028_DIE_01477,LOT_028,123.3,3.674,532.11,12.241,2.426,0.6973,12.623,2.443,0.695,13.499,14.175,2.479,0.6875,107.42,44.13,1.21,PASS,0
LOT_029_DIE_01478,LOT_029,123.6,3.561,469.75,43.326,3.085,0.6533,58.284,3.601,0.6222,82.092,147.261,5.838,0.5786,110.13,38.7,1.269,LATENT_CONTEXTUAL_OUTLIER,1
LOT_030_DIE_01479,LOT_030,123.92,3.689,504.0,8.658,2.343,0.6967,9.29,2.355,0.6947,9.928,10.388,2.384,0.687,98.25,45.25,1.321,PASS,0
LOT_031_DIE_01480,LOT_031,122.79,3.584,502.02,10.48,2.137,0.7209,10.762,2.173,0.7176,11.625,12.042,2.196,0.7125,103.89,45.89,1.266,PASS,0
LOT_032_DIE_01481,LOT_032,125.68,3.599,472.5,10.842,2.686,0.7046,11.42,2.701,0.7011,12.35,12.877,2.751,0.6995,96.37,42.3,1.33,PASS,0
LOT_033_DIE_01482,LOT_033,124.76,3.618,482.94,12.818,2.44,0.7107,27.383,2.647,0.6952,48.102,83.365,3.507,0.6536,114.97,35.33,1.262,THERMAL_VOLTAGE_STRESS_FAILURE,1
LOT_034_DIE_01483,LOT_034,124.16,3.647,490.28,15.405,2.368,0.6976,15.85,2.388,0.6941,16.853,17.75,2.397,0.691,104.45,43.75,1.408,PASS,0
LOT_035_DIE_01484,LOT_035,124.11,3.525,519.17,14.318,2.273,0.6678,14.508,2.293,0.6654,15.065,16.101,2.298,0.6584,93.14,45.72,1.173,PASS,0
LOT_036_DIE_01485,LOT_036,124.06,3.671,495.08,12.825,2.551,0.6873,12.935,2.578,0.6829,13.835,14.303,2.585,0.6762,99.28,50.22,1.191,PASS,0
LOT_037_DIE_01486,LOT_037,125.72,3.552,529.09,11.838,2.402,0.7498,12.422,2.426,0.7475,12.915,13.702,2.412,0.7427,89.7,47.92,1.178,PASS,0
LOT_038_DIE_01487,LOT_038,125.16,3.668,506.05,9.25,2.467,0.7169,9.598,2.489,0.7144,10.203,11.473,2.529,0.7066,102.62,45.94,1.193,PASS,0
LOT_039_DIE_01488,LOT_039,122.54,3.646,486.18,13.825,2.507,0.7158,14.304,2.523,0.7139,14.742,14.88,2.565,0.7096,112.67,44.88,1.396,PASS,0
LOT_040_DIE_01489,LOT_040,126.4,3.613,524.19,11.247,2.527,0.6834,11.655,2.552,0.6801,12.62,13.549,2.567,0.6777,98.48,45.68,1.365,PASS,0
LOT_041_DIE_01490,LOT_041,123.93,3.604,529.74,10.344,2.488,0.7168,10.786,2.488,0.7148,11.178,11.716,2.513,0.7104,99.59,45.33,1.071,PASS,0
LOT_042_DIE_01491,LOT_042,124.03,3.556,507.01,9.594,2.722,0.707,9.852,2.746,0.7027,10.069,10.9,2.795,0.6972,100.83,46.41,1.174,PASS,0
LOT_043_DIE_01492,LOT_043,124.16,3.63,515.88,9.913,2.741,0.734,10.43,2.757,0.731,10.902,11.184,2.816,0.7292,99.69,44.49,1.216,PASS,0
LOT_044_DIE_01493,LOT_044,125.82,3.578,495.66,14.517,2.444,0.7131,14.853,2.454,0.7113,16.026,16.879,2.516,0.7039,101.18,45.52,1.261,PASS,0
LOT_045_DIE_01494,LOT_045,123.66,3.688,494.43,9.151,2.385,0.7209,9.448,2.418,0.718,9.924,10.577,2.437,0.7139,101.82,41.75,1.42,PASS,0
LOT_046_DIE_01495,LOT_046,123.13,3.579,480.98,12.759,2.451,0.6994,13.042,2.47,0.6961,14.105,15.013,2.512,0.6912,96.16,43.33,1.354,PASS,0
LOT_047_DIE_01496,LOT_047,126.96,3.647,503.53,11.571,2.597,0.7102,12.311,2.61,0.7066,13.296,13.945,2.659,0.7003,98.86,44.22,1.252,PASS,0
LOT_048_DIE_01497,LOT_048,126.42,3.591,490.51,11.814,2.189,0.7272,12.52,2.199,0.7257,13.604,14.119,2.24,0.7192,88.66,46.26,1.28,PASS,0
LOT_049_DIE_01498,LOT_049,124.89,3.557,489.53,9.463,2.624,0.6874,9.79,2.63,0.6852,10.697,11.55,2.654,0.6771,109.11,45.45,1.356,PASS,0
LOT_050_DIE_01499,LOT_050,125.29,3.591,475.63,9.45,2.506,0.6964,9.855,2.529,0.6923,10.488,11.695,2.582,0.6895,115.93,45.53,1.224,PASS,0
LOT_001_DIE_01500,LOT_001,127.09,3.634,490.11,11.39,2.423,0.7177,11.799,2.431,0.714,12.878,13.399,2.471,0.7093,106.81,43.05,1.335,PASS,0
LOT_002_DIE_01501,LOT_002,123.62,3.625,497.29,13.919,2.184,0.7199,14.549,2.22,0.7153,15.556,15.926,2.236,0.7108,102.97,42.73,1.296,PASS,0
LOT_003_DIE_01502,LOT_003,123.7,3.618,491.48,12.634,2.571,0.7347,13.018,2.594,0.7327,14.142,14.915,2.623,0.7268,83.98,48.11,1.324,PASS,0
LOT_004_DIE_01503,LOT_004,122.8,3.558,509.27,10.895,2.54,0.7378,11.206,2.571,0.7341,11.937,12.118,2.573,0.731,101.38,47.08,1.258,PASS,0
LOT_005_DIE_01504,LOT_005,123.36,3.57,510.99,8.908,2.542,0.7113,9.13,2.572,0.708,9.63,10.302,2.595,0.7047,102.22,44.82,1.244,PASS,0
LOT_006_DIE_01505,LOT_006,126.28,3.643,472.82,11.675,2.561,0.7187,12.038,2.588,0.7162,12.779,13.612,2.605,0.711,96.51,45.95,1.172,PASS,0
LOT_007_DIE_01506,LOT_007,125.49,3.588,486.05,7.605,2.514,0.6784,7.998,2.545,0.6756,8.613,9.226,2.526,0.6709,101.12,43.18,1.1,PASS,0
LOT_008_DIE_01507,LOT_008,125.97,3.584,497.2,14.109,2.707,0.6858,28.955,3.096,0.672,46.057,74.163,4.339,0.6405,116.61,32.34,1.209,THERMAL_VOLTAGE_STRESS_FAILURE,1
LOT_009_DIE_01508,LOT_009,124.79,3.677,491.11,13.744,2.696,0.6748,14.176,2.688,0.6715,15.427,16.031,2.739,0.6643,91.95,45.8,1.193,PASS,0
LOT_010_DIE_01509,LOT_010,123.36,3.6,484.21,12.343,2.497,0.7316,12.856,2.532,0.7291,14.03,14.265,2.529,0.7272,101.16,47.86,1.224,PASS,0
LOT_011_DIE_01510,LOT_011,125.37,3.534,511.67,9.602,2.289,0.7093,10.13,2.313,0.7067,10.936,11.459,2.336,0.6991,101.45,42.21,1.129,PASS,0
LOT_012_DIE_01511,LOT_012,124.42,3.565,501.87,40.969,3.368,0.6603,52.574,4.419,0.6215,87.96,137.485,5.431,0.566,106.98,34.64,1.219,LATENT_CONTEXTUAL_OUTLIER,1
LOT_013_DIE_01512,LOT_013,124.94,3.652,511.74,14.356,2.488,0.7439,14.896,2.516,0.7415,15.438,15.915,2.528,0.7358,94.27,49.27,1.123,PASS,0
LOT_014_DIE_01513,LOT_014,124.76,3.533,509.17,9.712,2.325,0.702,10.333,2.347,0.6985,10.979,11.239,2.364,0.6919,106.84,44.48,1.207,PASS,0
LOT_015_DIE_01514,LOT_015,123.89,3.607,503.2,8.573,2.532,0.6788,8.808,2.574,0.6757,9.663,10.115,2.6,0.6719,99.0,43.39,1.191,PASS,0
LOT_016_DIE_01515,LOT_016,125.79,3.479,520.74,8.926,2.716,0.7166,9.022,2.717,0.7147,9.701,10.443,2.768,0.7072,109.13,48.05,1.228,PASS,0
LOT_017_DIE_01516,LOT_017,122.21,3.527,530.11,10.03,2.331,0.6987,10.638,2.338,0.6962,11.716,11.852,2.387,0.6878,97.35,47.61,1.194,PASS,0
LOT_018_DIE_01517,LOT_018,125.89,3.624,489.96,14.347,2.39,0.7302,27.077,3.005,0.7094,48.161,88.828,4.761,0.6514,117.27,35.22,1.237,LATENT_DRIFT_RUNAWAY,1
LOT_019_DIE_01518,LOT_019,122.35,3.564,522.83,12.792,2.402,0.6704,13.29,2.404,0.6672,14.025,14.622,2.435,0.6666,99.25,47.46,1.234,PASS,0
LOT_020_DIE_01519,LOT_020,124.96,3.619,503.39,11.298,2.441,0.7407,19.629,2.793,0.7186,54.118,103.455,3.82,0.6758,111.23,38.27,1.259,LATENT_DRIFT_RUNAWAY,1
LOT_021_DIE_01520,LOT_021,126.26,3.598,498.2,13.147,2.579,0.7296,13.68,2.595,0.7282,14.142,14.098,2.638,0.7217,96.06,49.79,1.238,PASS,0
LOT_022_DIE_01521,LOT_022,124.72,3.55,507.42,7.931,2.612,0.6667,8.403,2.629,0.6627,9.292,9.841,2.651,0.6612,95.7,42.36,1.239,PASS,0
LOT_023_DIE_01522,LOT_023,125.82,3.602,499.18,12.98,2.692,0.6751,13.475,2.713,0.6718,13.965,14.881,2.696,0.6671,105.11,44.52,1.329,PASS,0
LOT_024_DIE_01523,LOT_024,123.66,3.595,480.21,10.78,2.394,0.7257,11.222,2.414,0.7224,11.722,12.421,2.445,0.7181,104.09,41.64,1.296,PASS,0
LOT_025_DIE_01524,LOT_025,126.03,3.625,487.87,11.049,2.354,0.7461,11.644,2.386,0.7424,12.678,13.499,2.369,0.739,105.86,47.34,1.273,PASS,0
LOT_026_DIE_01525,LOT_026,124.75,3.563,492.83,13.582,2.232,0.7331,14.095,2.262,0.7295,14.757,15.282,2.312,0.7208,98.07,46.71,1.164,PASS,0
LOT_027_DIE_01526,LOT_027,123.66,3.647,511.62,10.492,2.598,0.7266,10.778,2.625,0.7247,11.36,12.501,2.672,0.7166,105.75,46.07,1.287,PASS,0
LOT_028_DIE_01527,LOT_028,126.22,3.515,512.12,7.867,2.238,0.6763,8.2,2.259,0.6733,9.034,9.509,2.295,0.6702,105.41,46.81,1.181,PASS,0
LOT_029_DIE_01528,LOT_029,125.83,3.599,487.21,12.518,2.41,0.6878,12.758,2.423,0.6846,14.158,14.639,2.489,0.6798,95.7,42.47,1.278,PASS,0
LOT_030_DIE_01529,LOT_030,122.77,3.561,500.71,9.955,2.637,0.6825,10.557,2.653,0.681,11.367,11.78,2.703,0.6729,93.77,46.5,1.145,PASS,0
LOT_031_DIE_01530,LOT_031,125.63,3.626,507.17,13.068,2.681,0.7082,13.687,2.701,0.705,14.576,15.435,2.733,0.6993,95.73,42.72,1.232,PASS,0
LOT_032_DIE_01531,LOT_032,127.41,3.615,491.75,7.944,2.339,0.7219,8.615,2.353,0.7167,9.336,9.943,2.393,0.7141,103.18,46.89,1.231,PASS,0
LOT_033_DIE_01532,LOT_033,125.08,3.594,498.4,7.779,2.474,0.6901,8.298,2.485,0.6874,8.606,9.206,2.557,0.6786,100.83,45.04,1.315,PASS,0
LOT_034_DIE_01533,LOT_034,125.03,3.593,499.03,14.682,2.502,0.6841,14.975,2.516,0.6807,15.787,16.33,2.554,0.6769,89.87,43.58,1.079,PASS,0
LOT_035_DIE_01534,LOT_035,122.4,3.568,496.28,13.065,2.512,0.6994,13.576,2.531,0.6972,14.677,15.655,2.58,0.6915,93.38,44.16,1.227,PASS,0
LOT_036_DIE_01535,LOT_036,123.74,3.613,484.85,12.905,2.172,0.7286,13.347,2.187,0.7265,14.296,14.899,2.197,0.7257,95.13,43.66,1.391,PASS,0
LOT_037_DIE_01536,LOT_037,124.83,3.646,486.47,12.622,2.526,0.7124,13.049,2.544,0.7094,13.503,14.769,2.563,0.7041,95.58,42.29,1.226,PASS,0
LOT_038_DIE_01537,LOT_038,123.99,3.632,512.78,9.495,2.61,0.6941,9.68,2.616,0.6909,10.149,10.112,2.655,0.6905,108.25,41.34,1.221,PASS,0
LOT_039_DIE_01538,LOT_039,125.54,3.52,492.9,14.886,2.445,0.7122,15.256,2.462,0.7091,16.185,16.736,2.485,0.7059,95.27,45.13,1.346,PASS,0
LOT_040_DIE_01539,LOT_040,126.42,3.559,518.99,11.774,2.345,0.7086,12.438,2.362,0.7065,13.604,14.056,2.398,0.7021,88.72,46.26,1.192,PASS,0
LOT_041_DIE_01540,LOT_041,125.76,3.597,521.61,9.691,2.518,0.699,10.085,2.55,0.6965,10.787,11.256,2.549,0.6895,99.79,44.64,1.263,PASS,0
LOT_042_DIE_01541,LOT_042,124.51,3.533,491.34,12.579,2.855,0.7062,13.077,2.868,0.7044,13.557,13.918,2.886,0.6995,100.43,45.17,1.186,PASS,0
LOT_043_DIE_01542,LOT_043,125.48,3.602,533.99,9.287,2.195,0.729,9.811,2.201,0.7259,10.418,10.895,2.272,0.7223,97.02,42.03,1.248,PASS,0
LOT_044_DIE_01543,LOT_044,123.02,3.562,496.15,14.87,2.514,0.7286,15.286,2.537,0.7255,16.387,16.697,2.521,0.7183,99.46,47.56,1.268,PASS,0
LOT_045_DIE_01544,LOT_045,125.68,3.622,490.11,9.008,2.394,0.7524,9.832,2.424,0.7497,10.273,11.284,2.453,0.7436,98.31,46.01,1.373,PASS,0
LOT_046_DIE_01545,LOT_046,123.83,3.584,479.97,12.514,2.644,0.7097,12.965,2.674,0.7061,13.558,13.563,2.678,0.7018,92.97,37.79,1.222,PASS,0
LOT_047_DIE_01546,LOT_047,124.79,3.577,492.11,13.096,2.415,0.6978,13.204,2.428,0.6951,14.254,15.405,2.423,0.6867,96.81,48.74,1.289,PASS,0
LOT_048_DIE_01547,LOT_048,124.63,3.575,480.72,11.725,2.557,0.7012,11.965,2.589,0.6975,13.079,13.546,2.593,0.6907,105.01,44.6,1.313,PASS,0
LOT_049_DIE_01548,LOT_049,126.22,3.625,471.39,13.173,2.45,0.6654,13.537,2.455,0.6618,14.693,15.079,2.497,0.6557,100.24,44.74,1.144,PASS,0
LOT_050_DIE_01549,LOT_050,126.3,3.583,495.75,9.468,2.246,0.6804,9.931,2.258,0.6777,10.87,11.682,2.317,0.6716,97.63,40.67,1.285,PASS,0
LOT_001_DIE_01550,LOT_001,124.06,3.567,489.07,10.243,2.801,0.7394,10.804,2.816,0.7373,11.784,12.565,2.831,0.7329,96.1,49.02,1.328,PASS,0
LOT_002_DIE_01551,LOT_002,126.2,3.661,506.55,13.725,2.388,0.7226,14.386,2.396,0.7214,15.198,15.871,2.477,0.7173,103.95,43.5,1.318,PASS,0
LOT_003_DIE_01552,LOT_003,124.17,3.592,488.84,16.509,2.368,0.7254,24.645,2.762,0.707,59.058,100.184,3.729,0.6575,118.88,34.15,1.279,LATENT_DRIFT_RUNAWAY,1
LOT_004_DIE_01553,LOT_004,121.92,3.58,521.1,12.772,2.462,0.7253,13.311,2.48,0.7236,14.152,14.6,2.513,0.7163,103.51,46.38,1.329,PASS,0
LOT_005_DIE_01554,LOT_005,123.79,3.659,506.86,9.489,2.494,0.7261,9.804,2.518,0.7249,10.356,11.483,2.534,0.7183,101.92,48.42,1.344,PASS,0
LOT_006_DIE_01555,LOT_006,124.92,3.645,472.78,8.994,2.668,0.7782,9.705,2.685,0.7738,10.364,10.522,2.732,0.7731,100.7,44.76,1.323,PASS,0
LOT_007_DIE_01556,LOT_007,125.46,3.552,490.49,7.899,2.62,0.6772,8.234,2.64,0.6717,8.865,9.813,2.67,0.6691,101.43,43.27,1.393,PASS,0
LOT_008_DIE_01557,LOT_008,124.46,3.604,506.75,13.735,2.375,0.6949,13.961,2.409,0.6919,15.018,16.14,2.423,0.686,100.94,47.12,1.215,PASS,0
LOT_009_DIE_01558,LOT_009,126.89,3.605,486.78,12.506,2.45,0.6737,12.747,2.469,0.6699,13.201,13.784,2.528,0.6692,105.16,44.67,1.164,PASS,0
LOT_010_DIE_01559,LOT_010,123.96,3.591,463.83,10.931,2.423,0.7002,11.236,2.45,0.6963,11.748,12.183,2.481,0.6888,99.06,47.34,1.409,PASS,0
LOT_011_DIE_01560,LOT_011,126.03,3.597,486.56,8.334,2.318,0.6878,8.808,2.342,0.6855,8.946,9.726,2.378,0.682,96.68,50.46,1.152,PASS,0
LOT_012_DIE_01561,LOT_012,122.81,3.588,494.16,14.702,2.304,0.6876,15.486,2.31,0.6836,16.474,17.173,2.376,0.6769,94.1,45.08,1.44,PASS,0
LOT_013_DIE_01562,LOT_013,125.63,3.613,507.04,11.891,2.476,0.7339,12.313,2.496,0.7291,13.404,13.66,2.545,0.7214,95.19,46.32,1.274,PASS,0
LOT_014_DIE_01563,LOT_014,125.08,3.642,524.81,8.672,2.588,0.6619,9.087,2.62,0.6594,9.619,10.285,2.635,0.6535,105.89,44.95,1.276,PASS,0
LOT_015_DIE_01564,LOT_015,125.04,3.653,499.01,10.958,2.507,0.7027,11.438,2.524,0.6987,12.322,12.764,2.57,0.6922,111.38,42.81,1.068,PASS,0
LOT_016_DIE_01565,LOT_016,124.54,3.605,521.75,8.134,2.517,0.7274,8.582,2.534,0.725,9.08,9.743,2.527,0.7205,100.37,46.55,1.22,PASS,0
LOT_017_DIE_01566,LOT_017,124.85,3.613,537.37,10.951,2.575,0.6757,11.399,2.598,0.6713,12.009,12.042,2.627,0.6709,108.1,43.08,1.171,PASS,0
LOT_018_DIE_01567,LOT_018,126.72,3.594,484.53,10.56,2.586,0.7445,10.84,2.607,0.7414,11.825,12.465,2.636,0.7347,101.21,41.75,1.272,PASS,0
LOT_019_DIE_01568,LOT_019,123.19,3.617,523.67,11.843,2.364,0.6855,12.229,2.373,0.6825,12.646,13.631,2.438,0.6755,98.93,41.71,1.311,PASS,0
LOT_020_DIE_01569,LOT_020,125.55,3.541,516.27,8.408,2.622,0.7347,8.823,2.649,0.7321,9.248,10.024,2.685,0.7265,89.25,45.67,1.169,PASS,0
LOT_021_DIE_01570,LOT_021,125.53,3.581,511.9,9.908,2.291,0.7023,10.29,2.321,0.7009,11.209,12.013,2.346,0.6903,93.49,46.34,1.252,PASS,0
LOT_022_DIE_01571,LOT_022,123.86,3.667,508.36,9.65,2.292,0.7012,9.997,2.309,0.6974,11.063,11.644,2.378,0.693,94.89,45.95,1.127,PASS,0
LOT_023_DIE_01572,LOT_023,126.03,3.585,500.84,10.444,2.495,0.7007,10.747,2.521,0.6981,11.412,11.646,2.53,0.6956,95.81,42.28,1.16,PASS,0
LOT_024_DIE_01573,LOT_024,126.05,3.591,477.22,10.946,2.929,0.7094,11.476,2.943,0.7049,12.25,12.862,2.974,0.6999,107.99,46.16,1.24,PASS,0
LOT_025_DIE_01574,LOT_025,123.3,3.618,494.74,10.298,2.388,0.7367,10.784,2.404,0.7349,11.806,12.352,2.451,0.7263,92.69,45.77,1.088,PASS,0
LOT_026_DIE_01575,LOT_026,122.99,3.64,498.81,15.516,2.318,0.6908,15.762,2.335,0.6894,16.556,17.408,2.395,0.6808,98.93,45.96,1.12,PASS,0
LOT_027_DIE_01576,LOT_027,125.17,3.577,517.13,9.609,2.592,0.7368,9.979,2.587,0.7335,10.646,11.455,2.634,0.7282,97.81,46.26,1.288,PASS,0
LOT_028_DIE_01577,LOT_028,125.48,3.624,523.21,11.59,2.661,0.6879,12.014,2.69,0.6848,12.643,13.559,2.698,0.6791,103.37,43.88,1.371,PASS,0
LOT_029_DIE_01578,LOT_029,123.93,3.596,479.54,12.779,2.596,0.7069,13.301,2.616,0.7041,13.311,13.922,2.632,0.6987,96.42,42.38,1.499,PASS,0
LOT_030_DIE_01579,LOT_030,122.56,3.558,508.19,8.613,2.35,0.6881,9.089,2.362,0.6856,9.918,10.489,2.369,0.6754,101.55,42.3,1.35,PASS,0
LOT_031_DIE_01580,LOT_031,123.28,3.583,494.54,11.89,2.291,0.7423,12.358,2.318,0.739,12.757,13.439,2.368,0.7332,93.21,45.49,1.239,PASS,0
LOT_032_DIE_01581,LOT_032,125.02,3.556,500.89,6.346,2.247,0.7315,6.811,2.284,0.7277,7.513,8.126,2.284,0.7228,107.7,46.39,1.213,PASS,0
LOT_033_DIE_01582,LOT_033,125.42,3.6,506.57,8.582,2.661,0.7212,8.661,2.679,0.7184,10.084,10.95,2.682,0.7152,94.64,48.26,1.192,PASS,0
LOT_034_DIE_01583,LOT_034,124.84,3.574,490.44,17.561,2.586,0.6709,17.678,2.605,0.6697,18.85,18.53,2.629,0.6665,105.65,45.88,1.247,PASS,0
LOT_035_DIE_01584,LOT_035,123.99,3.575,498.44,14.89,2.455,0.702,15.276,2.46,0.7002,16.464,17.424,2.473,0.6954,97.48,45.61,1.302,PASS,0
LOT_036_DIE_01585,LOT_036,125.83,3.583,498.1,12.43,2.31,0.7024,12.702,2.316,0.6997,14.165,14.836,2.354,0.695,106.52,43.18,1.173,PASS,0
LOT_037_DIE_01586,LOT_037,124.14,3.62,504.03,11.245,2.526,0.7188,11.848,2.554,0.7164,12.443,13.511,2.606,0.7112,89.24,47.27,1.292,PASS,0
LOT_038_DIE_01587,LOT_038,121.37,3.65,486.07,8.953,2.348,0.7285,9.269,2.379,0.7263,9.914,11.0,2.402,0.719,94.2,43.95,1.29,PASS,0
LOT_039_DIE_01588,LOT_039,126.14,3.515,484.37,12.94,2.722,0.7207,13.369,2.731,0.7177,14.32,14.766,2.805,0.7103,100.06,43.28,1.298,PASS,0
LOT_040_DIE_01589,LOT_040,124.23,3.609,510.81,11.113,2.553,0.6969,11.459,2.574,0.6936,11.951,12.287,2.606,0.6879,106.89,44.04,1.19,PASS,0
LOT_041_DIE_01590,LOT_041,123.25,3.57,512.53,9.311,2.57,0.6933,9.682,2.591,0.6911,10.931,11.08,2.611,0.6852,96.61,47.99,1.262,PASS,0
LOT_042_DIE_01591,LOT_042,124.74,3.599,490.99,10.499,2.47,0.702,10.798,2.476,0.7001,12.568,12.428,2.539,0.6935,97.53,45.05,1.383,PASS,0
LOT_043_DIE_01592,LOT_043,125.79,3.592,497.33,7.6,2.83,0.7195,8.123,2.855,0.7187,9.402,9.928,2.862,0.7125,102.95,43.45,1.183,PASS,0
LOT_044_DIE_01593,LOT_044,124.32,3.553,478.62,14.684,2.664,0.7147,15.14,2.679,0.7115,15.912,16.886,2.666,0.7059,104.69,48.63,1.286,PASS,0
LOT_045_DIE_01594,LOT_045,125.0,3.626,502.2,9.325,2.387,0.7199,9.817,2.422,0.7183,11.204,11.862,2.457,0.71,101.17,43.34,1.312,PASS,0
LOT_046_DIE_01595,LOT_046,124.83,3.592,482.9,11.313,2.384,0.6949,11.604,2.41,0.6914,12.719,13.049,2.449,0.6872,105.63,45.9,1.371,PASS,0
LOT_047_DIE_01596,LOT_047,124.21,3.619,493.63,8.52,2.452,0.7234,8.652,2.463,0.7198,9.063,10.202,2.555,0.7171,102.03,47.98,1.438,PASS,0
LOT_048_DIE_01597,LOT_048,124.87,3.583,501.55,11.902,2.546,0.7039,12.453,2.566,0.7011,13.173,14.365,2.601,0.694,103.6,46.5,1.239,PASS,0
LOT_049_DIE_01598,LOT_049,123.2,3.636,499.12,12.963,2.261,0.6636,13.545,2.282,0.6603,14.702,15.409,2.295,0.6564,104.81,43.48,1.142,PASS,0
LOT_050_DIE_01599,LOT_050,126.27,3.67,483.14,9.4,2.385,0.6741,9.949,2.404,0.6698,10.23,10.822,2.425,0.6666,108.71,41.95,1.163,PASS,0
LOT_001_DIE_01600,LOT_001,127.23,3.649,505.08,10.702,2.838,0.7382,11.086,2.867,0.7373,11.759,11.829,2.864,0.7312,111.45,48.12,1.253,PASS,0
LOT_002_DIE_01601,LOT_002,126.61,3.603,504.98,13.984,2.834,0.714,14.268,2.849,0.7107,14.698,15.298,2.845,0.7085,99.05,42.3,1.272,PASS,0
LOT_003_DIE_01602,LOT_003,125.54,3.6,478.52,12.918,2.715,0.7528,13.004,2.744,0.75,14.27,14.647,2.746,0.7468,96.79,47.5,1.029,PASS,0
LOT_004_DIE_01603,LOT_004,125.55,3.571,506.03,12.533,2.987,0.7376,24.677,3.311,0.7207,41.664,83.823,3.816,0.6713,112.34,35.43,1.265,THERMAL_VOLTAGE_STRESS_FAILURE,1
LOT_005_DIE_01604,LOT_005,124.98,3.523,531.28,9.084,2.638,0.7124,9.65,2.669,0.7093,10.609,10.646,2.677,0.7064,101.98,44.21,1.362,PASS,0
LOT_006_DIE_01605,LOT_006,126.94,3.561,493.51,9.257,2.249,0.7262,9.73,2.277,0.7224,10.271,10.713,2.303,0.716,108.01,44.86,1.242,PASS,0
LOT_007_DIE_01606,LOT_007,124.32,3.562,490.34,8.273,2.496,0.676,8.751,2.514,0.6728,9.444,10.233,2.536,0.6648,104.6,49.44,1.303,PASS,0
LOT_008_DIE_01607,LOT_008,126.73,3.588,520.95,15.931,2.691,0.7137,31.527,2.906,0.6961,55.771,90.082,3.724,0.6726,117.46,35.63,1.171,THERMAL_VOLTAGE_STRESS_FAILURE,1
LOT_009_DIE_01608,LOT_009,124.02,3.568,472.7,13.154,2.637,0.6809,13.219,2.638,0.6779,14.196,14.484,2.703,0.6758,102.82,45.85,1.446,PASS,0
LOT_010_DIE_01609,LOT_010,125.23,3.593,481.16,11.323,2.346,0.7001,11.785,2.392,0.6963,12.434,13.23,2.361,0.6919,98.66,45.99,1.175,PASS,0
LOT_011_DIE_01610,LOT_011,123.65,3.59,494.0,6.839,2.702,0.6947,7.093,2.73,0.6917,8.17,9.454,2.724,0.6823,102.6,45.69,1.057,PASS,0
LOT_012_DIE_01611,LOT_012,124.97,3.643,489.68,14.144,2.48,0.7027,14.569,2.506,0.7004,15.417,15.809,2.546,0.6952,93.93,47.73,1.303,PASS,0
LOT_013_DIE_01612,LOT_013,123.48,3.621,506.22,12.699,2.619,0.7604,13.361,2.65,0.7576,13.929,14.306,2.691,0.7535,105.9,42.03,1.303,PASS,0
LOT_014_DIE_01613,LOT_014,125.13,3.535,529.41,8.573,2.303,0.7052,8.612,2.334,0.702,9.16,10.068,2.35,0.6971,93.24,43.92,1.17,PASS,0
LOT_015_DIE_01614,LOT_015,124.63,3.584,497.94,8.392,2.647,0.6815,8.793,2.663,0.6786,9.081,10.145,2.691,0.6716,95.98,45.73,1.269,PASS,0
LOT_016_DIE_01615,LOT_016,123.06,3.563,522.36,9.552,3.114,0.6932,19.932,3.468,0.679,37.996,69.426,4.661,0.6301,114.01,36.0,1.203,THERMAL_VOLTAGE_STRESS_FAILURE,1
LOT_017_DIE_01616,LOT_017,124.19,3.571,504.99,9.684,2.643,0.6716,10.088,2.657,0.6686,10.447,11.516,2.704,0.6617,95.92,44.57,1.377,PASS,0
LOT_018_DIE_01617,LOT_018,123.98,3.609,509.93,11.045,2.34,0.7364,11.301,2.367,0.7334,12.171,12.811,2.331,0.7247,105.04,39.79,1.158,PASS,0
LOT_019_DIE_01618,LOT_019,124.82,3.596,547.45,11.597,2.646,0.6866,11.742,2.669,0.6852,12.644,13.472,2.684,0.6782,105.21,44.4,1.076,PASS,0
LOT_020_DIE_01619,LOT_020,127.81,3.618,490.5,9.682,2.501,0.7405,10.392,2.511,0.7388,11.334,11.84,2.599,0.7306,99.39,46.05,1.082,PASS,0
LOT_021_DIE_01620,LOT_021,124.89,3.662,495.31,12.246,2.225,0.6994,12.617,2.24,0.6943,13.502,14.529,2.276,0.6938,95.43,47.09,1.235,PASS,0
LOT_022_DIE_01621,LOT_022,124.95,3.552,522.62,10.499,2.548,0.6993,10.771,2.575,0.6949,11.725,11.566,2.63,0.6931,100.59,45.13,1.365,PASS,0
LOT_023_DIE_01622,LOT_023,125.1,3.605,477.83,15.066,3.266,0.6972,30.486,3.72,0.6866,47.789,84.441,4.46,0.6619,110.49,35.9,1.355,THERMAL_VOLTAGE_STRESS_FAILURE,1
LOT_024_DIE_01623,LOT_024,126.15,3.574,479.7,9.64,2.601,0.7475,9.885,2.611,0.7468,10.504,11.25,2.632,0.7404,102.73,49.49,1.282,PASS,0
LOT_025_DIE_01624,LOT_025,127.29,3.59,473.98,12.561,2.306,0.7247,13.076,2.315,0.7224,13.605,14.61,2.371,0.7182,103.96,41.47,1.337,PASS,0
LOT_026_DIE_01625,LOT_026,122.83,3.574,496.4,14.111,2.552,0.7453,14.667,2.575,0.7419,15.877,16.541,2.612,0.739,100.3,45.84,1.121,PASS,0
LOT_027_DIE_01626,LOT_027,127.7,3.555,506.2,9.593,2.571,0.7238,10.055,2.583,0.7212,11.11,11.6,2.595,0.7113,92.06,45.38,1.192,PASS,0
LOT_028_DIE_01627,LOT_028,125.14,3.547,523.5,12.255,2.459,0.6915,12.745,2.489,0.6888,13.826,14.283,2.479,0.6828,95.78,45.48,1.22,PASS,0
LOT_029_DIE_01628,LOT_029,125.39,3.67,481.92,12.061,2.564,0.7208,12.55,2.573,0.7175,13.267,14.174,2.623,0.7129,95.09,44.92,1.271,PASS,0
LOT_030_DIE_01629,LOT_030,125.61,3.557,501.32,5.904,2.566,0.6937,6.407,2.592,0.6913,7.112,7.509,2.613,0.6882,96.4,45.73,1.284,PASS,0
LOT_031_DIE_01630,LOT_031,122.92,3.6,500.01,11.928,2.401,0.7463,11.949,2.403,0.7429,12.548,13.565,2.441,0.7416,101.78,42.54,1.127,PASS,0
LOT_032_DIE_01631,LOT_032,125.43,3.638,478.18,10.36,2.566,0.7259,10.774,2.575,0.7231,11.366,12.256,2.606,0.7193,96.53,46.24,1.336,PASS,0
LOT_033_DIE_01632,LOT_033,123.04,3.622,486.49,8.636,2.55,0.7141,8.695,2.564,0.7121,10.069,10.543,2.614,0.7112,95.91,44.69,1.249,PASS,0
LOT_034_DIE_01633,LOT_034,127.37,3.616,483.9,11.809,2.323,0.7113,12.259,2.339,0.7077,13.267,13.514,2.39,0.7071,84.97,48.08,1.255,PASS,0
LOT_035_DIE_01634,LOT_035,126.16,3.53,530.76,15.219,2.468,0.6837,15.382,2.497,0.682,16.14,16.554,2.486,0.6776,105.92,43.61,1.309,PASS,0
LOT_036_DIE_01635,LOT_036,125.46,3.601,482.4,14.504,2.573,0.6914,14.821,2.593,0.6873,15.679,15.472,2.632,0.6856,102.48,45.33,1.32,PASS,0
LOT_037_DIE_01636,LOT_037,120.74,3.589,507.97,11.413,2.505,0.705,11.928,2.528,0.7014,12.481,13.77,2.521,0.6968,104.53,45.27,1.268,PASS,0
LOT_038_DIE_01637,LOT_038,125.77,3.502,509.24,9.055,2.571,0.736,9.474,2.599,0.7338,9.856,10.172,2.606,0.7298,112.84,41.5,1.285,PASS,0
LOT_039_DIE_01638,LOT_039,124.35,3.59,500.47,12.36,2.637,0.6982,12.752,2.673,0.6967,13.884,14.576,2.659,0.6895,104.07,48.5,1.185,PASS,0
LOT_040_DIE_01639,LOT_040,124.37,3.593,521.64,10.606,2.335,0.688,10.815,2.36,0.6848,11.584,12.554,2.384,0.6762,98.93,42.11,1.237,PASS,0
LOT_041_DIE_01640,LOT_041,124.34,3.656,513.78,9.082,2.794,0.6956,9.444,2.821,0.6916,10.127,10.961,2.849,0.692,95.33,44.7,1.216,PASS,0
LOT_042_DIE_01641,LOT_042,126.37,3.577,504.71,11.454,2.34,0.7217,11.851,2.364,0.7198,13.036,13.614,2.419,0.7141,96.34,51.69,1.199,PASS,0
LOT_043_DIE_01642,LOT_043,124.37,3.592,488.78,8.67,2.388,0.7148,8.667,2.394,0.7104,9.555,10.56,2.42,0.7107,99.51,48.62,1.296,PASS,0
LOT_044_DIE_01643,LOT_044,126.28,3.672,487.43,13.063,2.414,0.6876,13.581,2.418,0.684,14.213,15.122,2.458,0.6787,99.28,47.76,1.23,PASS,0
LOT_045_DIE_01644,LOT_045,124.1,3.608,484.66,7.425,2.511,0.7846,7.563,2.541,0.784,8.182,8.717,2.57,0.7777,96.45,43.96,1.223,PASS,0
LOT_046_DIE_01645,LOT_046,123.99,3.625,496.67,14.033,2.516,0.718,14.356,2.521,0.7138,15.711,15.847,2.559,0.707,106.48,45.21,1.078,PASS,0
LOT_047_DIE_01646,LOT_047,127.17,3.613,492.21,10.615,2.506,0.6873,10.943,2.529,0.6854,11.605,12.138,2.554,0.6801,95.48,43.6,1.172,PASS,0
LOT_048_DIE_01647,LOT_048,124.64,3.556,510.71,13.304,2.647,0.6931,13.504,2.672,0.6894,14.19,15.16,2.656,0.6863,95.22,39.17,1.49,PASS,0
LOT_049_DIE_01648,LOT_049,123.97,3.593,500.41,10.686,2.47,0.6711,11.414,2.487,0.6679,12.644,13.287,2.487,0.6637,107.64,46.11,1.302,PASS,0
LOT_050_DIE_01649,LOT_050,126.65,3.588,495.87,8.99,2.414,0.6646,9.369,2.436,0.6637,10.097,10.461,2.476,0.6578,98.59,46.43,1.168,PASS,0
LOT_001_DIE_01650,LOT_001,124.92,3.581,472.88,11.342,2.585,0.7381,11.886,2.605,0.7348,12.568,13.068,2.638,0.7293,102.12,43.22,1.231,PASS,0
LOT_002_DIE_01651,LOT_002,124.21,3.556,498.04,13.969,2.307,0.7225,14.165,2.333,0.7194,15.57,16.218,2.404,0.7168,98.87,45.53,1.211,PASS,0
LOT_003_DIE_01652,LOT_003,124.3,3.525,499.57,13.819,2.443,0.7552,14.612,2.448,0.7516,15.228,16.179,2.483,0.7451,102.64,47.83,1.268,PASS,0
LOT_004_DIE_01653,LOT_004,122.72,3.575,502.72,12.853,2.575,0.7215,13.046,2.587,0.7181,14.136,14.823,2.63,0.7121,102.07,47.04,1.271,PASS,0
LOT_005_DIE_01654,LOT_005,122.77,3.57,506.04,9.545,2.393,0.7351,9.877,2.422,0.7313,11.174,11.443,2.441,0.7289,97.82,46.36,1.29,PASS,0
LOT_006_DIE_01655,LOT_006,123.63,3.588,477.4,11.631,2.727,0.7451,12.161,2.763,0.7426,13.758,14.073,2.797,0.736,106.8,46.66,1.145,PASS,0
LOT_007_DIE_01656,LOT_007,125.0,3.542,495.49,7.46,2.369,0.6848,7.898,2.402,0.6804,8.937,9.495,2.426,0.6797,104.23,46.1,1.29,PASS,0
LOT_008_DIE_01657,LOT_008,122.18,3.56,507.03,13.184,2.574,0.7166,13.717,2.623,0.7128,14.287,15.424,2.643,0.7113,105.09,43.5,1.29,PASS,0
LOT_009_DIE_01658,LOT_009,125.26,3.64,485.76,10.802,2.533,0.6776,11.128,2.567,0.6744,12.525,13.103,2.577,0.6721,99.27,45.21,1.269,PASS,0
LOT_010_DIE_01659,LOT_010,124.96,3.658,492.38,13.295,2.814,0.7056,13.629,2.832,0.7,14.191,14.946,2.884,0.6994,99.17,47.35,1.061,PASS,0
LOT_011_DIE_01660,LOT_011,125.81,3.564,499.25,10.512,2.36,0.6915,11.105,2.382,0.6888,12.033,12.865,2.425,0.6828,99.66,44.95,1.176,PASS,0
LOT_012_DIE_01661,LOT_012,123.68,3.616,502.69,15.129,2.521,0.6899,15.492,2.538,0.6863,16.592,17.296,2.595,0.6809,103.21,40.52,1.113,PASS,0
LOT_013_DIE_01662,LOT_013,122.81,3.629,517.16,13.158,2.389,0.7338,13.767,2.419,0.7314,14.974,15.335,2.406,0.7256,107.19,43.39,1.105,PASS,0
LOT_014_DIE_01663,LOT_014,126.54,3.564,528.12,11.346,2.317,0.7083,11.683,2.337,0.7033,12.093,12.242,2.371,0.7026,109.48,43.12,1.384,PASS,0
LOT_015_DIE_01664,LOT_015,126.01,3.616,489.17,9.912,2.611,0.6716,10.342,2.632,0.6685,11.465,11.603,2.639,0.6626,99.16,39.62,1.201,PASS,0
LOT_016_DIE_01665,LOT_016,123.1,3.524,501.71,8.85,2.55,0.7,9.07,2.563,0.6951,10.322,11.35,2.606,0.6898,99.78,43.03,1.406,PASS,0
LOT_017_DIE_01666,LOT_017,126.49,3.686,509.83,9.51,2.527,0.6835,9.902,2.557,0.681,10.612,11.404,2.548,0.6762,98.05,45.7,1.161,PASS,0
LOT_018_DIE_01667,LOT_018,125.47,3.612,500.46,11.459,2.477,0.7348,11.848,2.473,0.733,12.85,13.821,2.497,0.728,102.2,45.5,1.169,PASS,0
LOT_019_DIE_01668,LOT_019,124.65,3.604,521.1,11.125,2.704,0.6653,11.516,2.723,0.6621,11.879,12.566,2.755,0.6583,101.47,47.25,1.267,PASS,0
LOT_020_DIE_01669,LOT_020,123.71,3.511,496.88,13.075,2.387,0.7447,13.56,2.408,0.7422,14.288,14.85,2.433,0.7361,94.41,48.18,1.278,PASS,0
LOT_021_DIE_01670,LOT_021,126.02,3.602,513.32,9.881,2.192,0.7276,10.117,2.214,0.7237,10.776,11.652,2.24,0.7137,97.52,46.85,1.253,PASS,0
LOT_022_DIE_01671,LOT_022,125.07,3.628,517.1,7.296,2.566,0.7075,7.508,2.586,0.7042,8.709,8.848,2.616,0.6992,96.77,45.01,1.308,PASS,0
LOT_023_DIE_01672,LOT_023,126.33,3.574,484.84,11.129,2.258,0.6609,11.646,2.296,0.6585,12.392,12.889,2.299,0.6538,99.19,43.48,1.156,PASS,0
LOT_024_DIE_01673,LOT_024,123.44,3.595,473.39,12.026,2.472,0.7443,12.21,2.494,0.742,12.863,13.055,2.513,0.7389,98.2,42.95,1.249,PASS,0
LOT_025_DIE_01674,LOT_025,124.03,3.658,473.9,9.136,2.587,0.7109,9.681,2.586,0.7099,10.322,11.04,2.631,0.6995,104.92,43.74,1.236,PASS,0
LOT_026_DIE_01675,LOT_026,124.57,3.589,491.92,14.715,2.434,0.718,14.933,2.445,0.7159,15.377,15.857,2.514,0.7072,107.36,45.57,1.219,PASS,0
LOT_027_DIE_01676,LOT_027,125.71,3.676,515.09,7.926,2.349,0.7146,8.552,2.368,0.7117,9.122,9.954,2.421,0.7096,98.54,42.48,1.273,PASS,0
LOT_028_DIE_01677,LOT_028,125.32,3.575,508.41,14.068,2.621,0.6859,22.099,3.112,0.6601,42.745,86.646,3.973,0.6241,117.59,34.52,1.285,LATENT_DRIFT_RUNAWAY,1
LOT_029_DIE_01678,LOT_029,124.73,3.584,469.75,12.8,2.586,0.7124,12.927,2.608,0.7094,13.852,14.661,2.636,0.7047,95.94,43.1,1.309,PASS,0
LOT_030_DIE_01679,LOT_030,125.96,3.573,504.91,7.22,2.473,0.6859,7.642,2.485,0.6823,8.037,9.289,2.508,0.6819,103.77,46.16,1.174,PASS,0
LOT_031_DIE_01680,LOT_031,125.2,3.539,506.37,10.752,2.616,0.7337,11.037,2.625,0.7304,11.616,12.438,2.691,0.7224,101.24,46.09,1.349,PASS,0
LOT_032_DIE_01681,LOT_032,126.98,3.601,482.48,9.095,2.536,0.7038,9.367,2.551,0.7019,10.151,10.732,2.602,0.6986,93.8,43.78,1.154,PASS,0
LOT_033_DIE_01682,LOT_033,126.67,3.55,482.94,9.073,2.696,0.688,8.913,2.727,0.6862,9.849,10.712,2.681,0.6832,99.56,45.76,1.286,PASS,0
LOT_034_DIE_01683,LOT_034,126.7,3.566,508.55,16.532,2.544,0.6698,17.113,2.543,0.6674,18.041,18.651,2.585,0.6617,98.66,42.94,1.318,PASS,0
LOT_035_DIE_01684,LOT_035,122.69,3.639,522.96,15.608,2.558,0.6759,16.026,2.572,0.6739,16.86,17.86,2.638,0.6667,104.54,49.56,1.185,PASS,0
LOT_036_DIE_01685,LOT_036,124.95,3.584,504.27,11.908,2.8,0.7106,12.088,2.828,0.7083,12.684,13.274,2.828,0.7053,98.05,39.91,1.29,PASS,0
LOT_037_DIE_01686,LOT_037,126.03,3.6,503.72,9.263,2.448,0.7334,9.652,2.457,0.7303,10.504,11.517,2.521,0.7255,105.21,48.1,1.217,PASS,0
LOT_038_DIE_01687,LOT_038,124.71,3.554,510.24,8.536,2.668,0.7162,8.935,2.698,0.7142,9.327,9.715,2.706,0.712,99.72,46.41,1.184,PASS,0
LOT_039_DIE_01688,LOT_039,125.12,3.609,492.04,12.539,2.812,0.7372,12.994,2.821,0.7337,13.977,14.976,2.875,0.7294,105.36,46.88,1.412,PASS,0
LOT_040_DIE_01689,LOT_040,125.95,3.594,498.1,10.997,2.563,0.7129,11.182,2.577,0.7093,11.939,13.139,2.616,0.705,104.61,46.06,1.141,PASS,0
LOT_041_DIE_01690,LOT_041,125.54,3.63,513.8,9.465,2.324,0.681,9.742,2.335,0.6777,10.286,11.144,2.409,0.6755,97.85,46.86,1.278,PASS,0
LOT_042_DIE_01691,LOT_042,127.42,3.589,487.6,12.414,2.586,0.7189,12.902,2.599,0.7171,13.678,14.721,2.621,0.7138,105.31,45.74,1.302,PASS,0
LOT_043_DIE_01692,LOT_043,123.54,3.592,494.37,9.69,2.413,0.7144,10.081,2.436,0.7093,10.835,10.982,2.485,0.7089,100.23,41.58,1.404,PASS,0
LOT_044_DIE_01693,LOT_044,124.13,3.577,485.29,15.214,2.487,0.7369,15.61,2.516,0.7333,16.111,16.656,2.557,0.7325,108.1,40.69,1.153,PASS,0
LOT_045_DIE_01694,LOT_045,126.16,3.537,495.85,8.446,2.726,0.7221,8.813,2.751,0.7201,9.813,9.93,2.764,0.7143,105.46,47.04,1.102,PASS,0
LOT_046_DIE_01695,LOT_046,126.18,3.584,485.74,14.151,2.778,0.6924,14.584,2.795,0.6888,15.598,15.844,2.836,0.6858,99.55,46.81,1.179,PASS,0
LOT_047_DIE_01696,LOT_047,123.31,3.614,505.87,10.399,2.342,0.7269,10.889,2.35,0.7218,11.639,11.966,2.377,0.7219,106.24,44.4,1.284,PASS,0
LOT_048_DIE_01697,LOT_048,124.89,3.566,524.23,11.814,2.307,0.7007,12.356,2.338,0.698,13.079,13.562,2.338,0.692,101.14,42.81,1.388,PASS,0
LOT_049_DIE_01698,LOT_049,124.57,3.55,483.38,11.936,2.374,0.6576,11.972,2.392,0.6543,13.423,13.906,2.392,0.65,103.23,49.65,1.103,PASS,0
LOT_050_DIE_01699,LOT_050,124.89,3.636,493.3,8.236,2.699,0.6957,8.599,2.727,0.6928,8.742,8.927,2.749,0.6883,95.77,46.89,1.185,PASS,0
LOT_001_DIE_01700,LOT_001,123.91,3.657,476.42,11.241,2.571,0.7247,11.505,2.586,0.7213,12.269,12.782,2.623,0.716,95.25,40.69,1.225,PASS,0
LOT_002_DIE_01701,LOT_002,126.06,3.617,507.11,15.8,2.551,0.6964,16.149,2.563,0.6914,17.232,17.842,2.603,0.6902,97.55,43.98,1.305,PASS,0
LOT_003_DIE_01702,LOT_003,124.35,3.58,484.89,12.144,2.2,0.733,12.188,2.227,0.7306,13.103,13.539,2.245,0.7225,101.8,46.79,1.161,PASS,0
LOT_004_DIE_01703,LOT_004,124.61,3.613,474.19,13.11,2.411,0.7186,13.178,2.422,0.716,14.29,14.939,2.481,0.71,103.15,44.57,1.211,PASS,0
LOT_005_DIE_01704,LOT_005,123.66,3.555,520.8,8.477,2.433,0.7074,9.214,2.454,0.7042,9.711,10.536,2.464,0.6987,109.54,45.0,1.355,PASS,0
LOT_006_DIE_01705,LOT_006,125.55,3.605,506.6,10.629,2.504,0.7465,10.783,2.526,0.7448,11.66,12.009,2.541,0.7401,99.77,45.73,1.273,PASS,0
LOT_007_DIE_01706,LOT_007,126.39,3.615,493.46,9.09,2.4,0.6808,9.265,2.429,0.677,10.05,11.095,2.458,0.6721,99.77,46.47,1.197,PASS,0
LOT_008_DIE_01707,LOT_008,125.32,3.653,508.14,15.391,2.34,0.6898,15.684,2.347,0.6868,16.477,17.343,2.4,0.6844,104.26,43.82,1.246,PASS,0
LOT_009_DIE_01708,LOT_009,125.11,3.671,470.92,11.45,2.561,0.6841,11.632,2.579,0.6786,12.535,13.186,2.598,0.6756,100.35,40.8,1.113,PASS,0
LOT_010_DIE_01709,LOT_010,122.46,3.622,491.08,14.697,2.335,0.6837,14.83,2.353,0.6802,15.721,16.23,2.403,0.6739,103.59,45.3,1.34,PASS,0
LOT_011_DIE_01710,LOT_011,126.15,3.661,497.06,8.142,2.488,0.659,8.382,2.518,0.655,8.861,9.563,2.535,0.6496,107.01,41.48,1.201,PASS,0
LOT_012_DIE_01711,LOT_012,123.58,3.623,489.44,15.176,2.403,0.6766,15.544,2.456,0.6752,16.591,17.241,2.459,0.6687,102.84,48.34,1.289,PASS,0
LOT_013_DIE_01712,LOT_013,124.03,3.621,510.83,14.452,2.576,0.7436,14.461,2.583,0.7407,15.013,15.469,2.631,0.7375,92.46,46.27,1.277,PASS,0
LOT_014_DIE_01713,LOT_014,125.39,3.582,502.97,12.478,2.478,0.7017,12.89,2.49,0.6986,13.244,14.093,2.523,0.6915,103.78,45.29,1.141,PASS,0
LOT_015_DIE_01714,LOT_015,125.16,3.662,497.88,10.325,2.42,0.7132,10.871,2.436,0.7104,11.66,12.005,2.462,0.7039,103.4,43.12,1.146,PASS,0
LOT_016_DIE_01715,LOT_016,125.23,3.653,513.28,7.973,2.579,0.7141,8.521,2.605,0.7106,9.322,9.877,2.656,0.7077,101.66,43.77,1.42,PASS,0
LOT_017_DIE_01716,LOT_017,125.6,3.568,522.61,10.385,2.678,0.6654,10.61,2.696,0.661,11.696,12.261,2.729,0.6571,89.96,47.03,1.223,PASS,0
LOT_018_DIE_01717,LOT_018,125.53,3.545,491.9,11.142,2.758,0.7068,11.642,2.777,0.7025,12.681,13.385,2.808,0.697,94.44,46.62,1.339,PASS,0
LOT_019_DIE_01718,LOT_019,125.41,3.583,500.28,11.557,2.475,0.6868,11.627,2.491,0.6833,12.86,13.628,2.554,0.6772,97.37,43.46,1.236,PASS,0
LOT_020_DIE_01719,LOT_020,125.97,3.594,505.58,10.444,2.35,0.7252,10.353,2.385,0.7229,11.38,12.446,2.38,0.7189,97.35,43.74,1.22,PASS,0
LOT_021_DIE_01720,LOT_021,124.33,3.607,512.43,12.278,2.653,0.7233,12.806,2.649,0.7192,13.221,13.76,2.689,0.7131,103.72,49.26,1.442,PASS,0
LOT_022_DIE_01721,LOT_022,125.34,3.637,506.32,8.731,2.442,0.6964,9.3,2.48,0.6919,9.65,10.126,2.506,0.6883,104.88,46.17,1.199,PASS,0
LOT_023_DIE_01722,LOT_023,125.86,3.549,496.63,11.658,2.465,0.685,12.194,2.471,0.6819,13.256,13.667,2.531,0.677,98.73,45.17,1.237,PASS,0
LOT_024_DIE_01723,LOT_024,124.68,3.587,470.51,11.837,2.688,0.7276,12.377,2.698,0.7245,12.667,13.304,2.732,0.7205,103.16,45.49,1.188,PASS,0
LOT_025_DIE_01724,LOT_025,123.81,3.602,477.16,11.172,2.399,0.7206,11.62,2.414,0.7194,12.839,13.644,2.446,0.7144,105.25,40.65,1.226,PASS,0
LOT_026_DIE_01725,LOT_026,125.92,3.656,515.01,14.704,2.61,0.7359,15.17,2.622,0.7327,15.526,15.87,2.65,0.7268,103.36,40.68,1.309,PASS,0
LOT_027_DIE_01726,LOT_027,125.43,3.548,516.1,9.809,2.21,0.71,10.256,2.237,0.7078,10.847,11.057,2.289,0.7019,108.19,46.25,1.25,PASS,0
LOT_028_DIE_01727,LOT_028,128.39,3.618,513.81,11.288,2.477,0.7069,11.54,2.506,0.7032,12.631,13.336,2.544,0.6979,104.6,40.91,1.269,PASS,0
LOT_029_DIE_01728,LOT_029,126.35,3.679,465.77,12.015,2.34,0.6756,12.391,2.367,0.6718,13.435,13.658,2.393,0.6706,101.61,42.84,1.219,PASS,0
LOT_030_DIE_01729,LOT_030,125.64,3.513,488.43,10.385,2.475,0.6977,10.964,2.491,0.6946,11.397,12.178,2.515,0.6855,93.22,44.67,1.297,PASS,0
LOT_031_DIE_01730,LOT_031,125.2,3.604,486.47,13.73,2.126,0.728,14.06,2.148,0.724,14.629,15.615,2.18,0.7193,100.7,44.87,1.14,PASS,0
LOT_032_DIE_01731,LOT_032,126.44,3.566,482.38,11.286,2.396,0.7141,11.507,2.427,0.7123,12.566,13.378,2.449,0.7063,99.57,49.9,1.323,PASS,0
LOT_033_DIE_01732,LOT_033,127.36,3.654,492.18,8.998,2.685,0.6667,9.307,2.686,0.663,9.81,10.972,2.724,0.6584,89.1,46.36,1.216,PASS,0
LOT_034_DIE_01733,LOT_034,126.83,3.66,505.01,17.072,2.568,0.6909,17.915,2.577,0.6869,18.538,19.48,2.642,0.6832,94.41,44.1,1.331,PASS,0
LOT_035_DIE_01734,LOT_035,125.49,3.614,512.63,14.398,2.59,0.7258,14.914,2.599,0.724,15.553,16.277,2.641,0.7154,105.32,46.38,1.215,PASS,0
LOT_036_DIE_01735,LOT_036,123.93,3.573,487.93,13.52,2.694,0.7093,13.778,2.729,0.7052,14.46,14.461,2.727,0.7013,99.09,45.35,1.151,PASS,0
LOT_037_DIE_01736,LOT_037,123.31,3.59,500.52,8.781,2.233,0.7327,9.011,2.265,0.7297,9.956,9.721,2.307,0.7241,98.16,46.42,1.366,PASS,0
LOT_038_DIE_01737,LOT_038,125.95,3.59,488.69,8.097,2.326,0.7267,8.682,2.349,0.7232,9.579,10.56,2.364,0.7188,106.28,45.35,1.213,PASS,0
LOT_039_DIE_01738,LOT_039,124.53,3.649,495.63,11.774,2.429,0.7538,12.5,2.452,0.7514,13.241,13.673,2.466,0.7473,103.8,44.43,1.237,PASS,0
LOT_040_DIE_01739,LOT_040,126.52,3.595,525.99,9.813,2.54,0.7036,10.136,2.564,0.6993,10.821,11.244,2.585,0.6954,93.28,39.97,1.301,PASS,0
LOT_041_DIE_01740,LOT_041,126.51,3.546,520.65,7.384,2.375,0.6795,8.13,2.408,0.6756,8.917,9.493,2.45,0.6701,97.71,43.63,1.223,PASS,0
LOT_042_DIE_01741,LOT_042,124.03,3.667,476.61,11.105,2.463,0.706,11.592,2.477,0.7016,11.906,12.824,2.511,0.6985,95.87,43.13,1.269,PASS,0
LOT_043_DIE_01742,LOT_043,125.71,3.606,499.26,8.803,2.228,0.7241,9.177,2.248,0.7219,9.759,9.719,2.3,0.7175,106.93,49.12,1.374,PASS,0
LOT_044_DIE_01743,LOT_044,123.72,3.625,474.93,14.321,2.642,0.6904,14.66,2.66,0.6868,15.289,15.673,2.641,0.6797,104.83,39.96,1.108,PASS,0
LOT_045_DIE_01744,LOT_045,125.88,3.585,484.93,13.055,2.61,0.7254,13.457,2.634,0.7241,13.856,14.605,2.664,0.7177,97.41,47.53,1.213,PASS,0
LOT_046_DIE_01745,LOT_046,124.97,3.644,490.96,11.749,2.52,0.7261,12.096,2.543,0.724,12.714,13.297,2.583,0.7189,102.32,49.6,1.149,PASS,0
LOT_047_DIE_01746,LOT_047,124.07,3.61,514.44,10.409,2.536,0.7268,10.989,2.555,0.7252,11.358,11.878,2.567,0.7222,91.07,47.89,1.094,PASS,0
LOT_048_DIE_01747,LOT_048,123.16,3.697,494.64,8.728,2.622,0.6935,9.511,2.649,0.6884,10.034,10.723,2.656,0.6848,105.44,44.77,1.305,PASS,0
LOT_049_DIE_01748,LOT_049,125.39,3.624,485.97,9.738,2.416,0.6716,10.022,2.427,0.6686,11.067,11.27,2.443,0.6648,93.83,45.47,1.33,PASS,0
LOT_050_DIE_01749,LOT_050,124.6,3.65,482.2,9.735,2.25,0.6919,9.853,2.267,0.6892,10.31,10.554,2.317,0.6837,105.82,44.73,1.259,PASS,0
LOT_001_DIE_01750,LOT_001,124.71,3.587,489.95,10.275,2.212,0.7479,10.884,2.215,0.7431,11.928,12.561,2.239,0.7378,107.33,45.94,1.331,PASS,0
LOT_002_DIE_01751,LOT_002,124.97,3.617,498.43,12.704,2.538,0.7045,13.396,2.569,0.7017,14.942,15.212,2.58,0.6973,100.64,43.64,1.255,PASS,0
LOT_003_DIE_01752,LOT_003,124.9,3.608,489.05,11.134,2.322,0.7432,11.675,2.347,0.7402,12.086,12.838,2.358,0.7344,98.42,41.62,1.308,PASS,0
LOT_004_DIE_01753,LOT_004,123.13,3.595,508.41,12.043,2.487,0.7142,12.062,2.51,0.7119,12.539,12.955,2.542,0.7054,95.62,42.21,1.266,PASS,0
LOT_005_DIE_01754,LOT_005,125.37,3.697,521.95,9.268,2.294,0.7267,9.856,2.318,0.7236,11.297,12.077,2.369,0.7186,102.32,43.72,1.268,PASS,0
LOT_006_DIE_01755,LOT_006,122.51,3.617,500.71,8.951,2.398,0.721,9.053,2.425,0.7171,10.153,10.614,2.425,0.7144,96.52,42.12,1.251,PASS,0
LOT_007_DIE_01756,LOT_007,126.13,3.566,490.69,8.773,2.432,0.7207,9.34,2.452,0.7173,9.446,10.399,2.492,0.7128,105.24,46.14,1.23,PASS,0
LOT_008_DIE_01757,LOT_008,123.13,3.616,521.6,14.912,2.428,0.7032,15.236,2.443,0.7006,16.143,16.565,2.467,0.6945,102.41,47.71,1.312,PASS,0
LOT_009_DIE_01758,LOT_009,123.01,3.618,492.57,13.507,2.557,0.679,14.007,2.604,0.676,14.825,14.953,2.591,0.67,96.36,48.82,1.277,PASS,0
LOT_010_DIE_01759,LOT_010,124.13,3.554,487.07,13.73,2.349,0.7134,14.044,2.381,0.712,14.629,15.042,2.38,0.7054,99.89,44.69,1.169,PASS,0
LOT_011_DIE_01760,LOT_011,124.15,3.628,494.05,10.097,2.608,0.7021,10.638,2.64,0.6998,11.831,12.039,2.656,0.6938,94.69,46.69,1.244,PASS,0
LOT_012_DIE_01761,LOT_012,125.58,3.647,486.94,16.125,2.582,0.682,16.476,2.594,0.6791,17.13,17.823,2.629,0.6735,96.77,48.78,1.156,PASS,0
LOT_013_DIE_01762,LOT_013,124.89,3.626,518.88,12.171,2.717,0.726,12.186,2.732,0.7232,13.317,13.851,2.82,0.7199,94.4,48.75,1.285,PASS,0
LOT_014_DIE_01763,LOT_014,125.82,3.573,526.22,7.847,2.432,0.7112,7.922,2.476,0.7075,9.049,9.642,2.501,0.7016,101.83,44.89,1.128,PASS,0
LOT_015_DIE_01764,LOT_015,124.68,3.599,500.36,7.234,2.545,0.7083,7.557,2.542,0.7059,8.502,9.166,2.609,0.7012,104.08,46.61,1.323,PASS,0
LOT_016_DIE_01765,LOT_016,126.37,3.632,527.94,7.146,2.427,0.7193,7.792,2.442,0.7144,8.722,9.19,2.454,0.7099,109.56,45.98,1.202,PASS,0
LOT_017_DIE_01766,LOT_017,124.61,3.588,513.74,10.55,2.684,0.6834,11.12,2.722,0.6798,12.038,12.588,2.719,0.6757,105.37,45.54,1.249,PASS,0
LOT_018_DIE_01767,LOT_018,122.77,3.636,496.21,11.37,2.721,0.7356,11.737,2.761,0.7339,12.619,12.917,2.763,0.7278,105.98,46.91,1.278,PASS,0
LOT_019_DIE_01768,LOT_019,124.83,3.587,518.01,12.154,2.54,0.6825,12.616,2.568,0.6793,13.502,14.322,2.557,0.6752,101.99,46.17,1.187,PASS,0
LOT_020_DIE_01769,LOT_020,123.9,3.57,510.02,8.92,2.326,0.7251,9.262,2.363,0.7222,10.3,10.512,2.398,0.7153,96.68,44.08,1.269,PASS,0
LOT_021_DIE_01770,LOT_021,126.32,3.625,498.31,11.986,2.188,0.7398,12.748,2.186,0.7383,13.861,14.311,2.23,0.7353,93.51,44.97,1.297,PASS,0
LOT_022_DIE_01771,LOT_022,125.97,3.569,528.79,10.644,2.462,0.6976,10.855,2.48,0.6938,11.68,11.709,2.489,0.6907,110.43,45.5,1.135,PASS,0
LOT_023_DIE_01772,LOT_023,125.81,3.608,505.48,11.838,2.386,0.6936,12.348,2.431,0.6914,13.137,13.433,2.416,0.6848,98.79,42.57,1.194,PASS,0
LOT_024_DIE_01773,LOT_024,126.54,3.573,479.82,12.055,2.397,0.7337,12.34,2.416,0.7311,13.109,13.725,2.469,0.7238,97.04,46.64,1.268,PASS,0
LOT_025_DIE_01774,LOT_025,124.66,3.617,474.07,12.75,2.67,0.7209,12.916,2.698,0.7191,13.604,14.226,2.75,0.7117,99.64,49.52,1.239,PASS,0
LOT_026_DIE_01775,LOT_026,126.46,3.579,497.73,11.281,2.658,0.7135,11.879,2.675,0.712,12.65,12.981,2.697,0.7038,100.23,49.09,1.25,PASS,0
LOT_027_DIE_01776,LOT_027,123.64,3.622,509.15,8.181,2.708,0.7174,8.569,2.727,0.715,9.822,10.737,2.746,0.7104,90.17,44.93,1.386,PASS,0
LOT_028_DIE_01777,LOT_028,124.48,3.601,511.31,8.941,2.514,0.7178,9.29,2.545,0.7144,9.727,10.191,2.57,0.7091,103.52,47.24,1.171,PASS,0
LOT_029_DIE_01778,LOT_029,123.28,3.641,489.32,12.736,2.332,0.7095,13.215,2.334,0.7049,13.929,14.759,2.381,0.6995,95.65,37.33,1.182,PASS,0
LOT_030_DIE_01779,LOT_030,123.18,3.646,492.34,8.028,2.76,0.7024,8.37,2.782,0.7002,9.548,10.067,2.808,0.6931,100.42,41.71,1.147,PASS,0
LOT_031_DIE_01780,LOT_031,122.35,3.52,475.27,13.883,2.618,0.7138,14.34,2.653,0.7103,15.606,16.118,2.655,0.708,106.28,46.32,1.241,PASS,0
LOT_032_DIE_01781,LOT_032,124.0,3.66,494.29,8.549,2.917,0.7104,8.881,2.933,0.7074,9.521,10.228,2.985,0.7011,95.99,39.94,1.218,PASS,0
LOT_033_DIE_01782,LOT_033,125.51,3.647,481.4,6.187,2.44,0.7027,6.845,2.454,0.698,7.257,8.148,2.485,0.692,95.86,46.04,1.183,PASS,0
LOT_034_DIE_01783,LOT_034,123.85,3.647,480.94,14.45,2.278,0.7013,15.066,2.287,0.6979,15.805,16.44,2.36,0.6925,103.8,47.11,1.351,PASS,0
LOT_035_DIE_01784,LOT_035,123.34,3.533,504.24,16.78,2.348,0.7268,16.998,2.356,0.7229,17.966,18.735,2.411,0.7204,105.3,45.98,1.077,PASS,0
LOT_036_DIE_01785,LOT_036,124.85,3.603,498.23,15.092,2.49,0.697,15.093,2.51,0.6952,16.083,16.536,2.56,0.6881,101.5,43.34,1.275,PASS,0
LOT_037_DIE_01786,LOT_037,128.94,3.625,514.91,10.724,2.105,0.712,10.999,2.121,0.7087,11.855,11.985,2.15,0.705,91.56,46.65,1.218,PASS,0
LOT_038_DIE_01787,LOT_038,124.62,3.643,500.87,8.33,2.683,0.7316,8.932,2.692,0.728,9.512,10.136,2.759,0.7207,109.16,44.59,1.271,PASS,0
LOT_039_DIE_01788,LOT_039,125.87,3.607,476.47,12.888,2.304,0.7252,13.235,2.309,0.7223,13.885,14.82,2.345,0.7167,103.72,42.67,1.233,PASS,0
LOT_040_DIE_01789,LOT_040,125.38,3.599,514.21,11.221,2.773,0.7073,11.656,2.789,0.7039,12.351,12.791,2.832,0.701,102.08,44.81,1.255,PASS,0
LOT_041_DIE_01790,LOT_041,126.74,3.569,508.64,8.547,2.442,0.6872,8.87,2.476,0.6838,9.579,9.931,2.484,0.68,95.24,46.21,1.318,PASS,0
LOT_042_DIE_01791,LOT_042,127.65,3.511,503.74,12.361,2.474,0.7189,12.858,2.496,0.7165,13.061,13.762,2.518,0.7098,102.76,44.67,1.254,PASS,0
LOT_043_DIE_01792,LOT_043,124.58,3.612,503.31,9.668,2.618,0.7452,9.981,2.631,0.7412,10.874,11.364,2.658,0.7356,102.51,44.03,1.252,PASS,0
LOT_044_DIE_01793,LOT_044,122.73,3.59,505.22,14.448,2.456,0.7015,15.005,2.471,0.6989,16.125,16.434,2.538,0.6931,101.72,43.78,1.284,PASS,0
LOT_045_DIE_01794,LOT_045,126.04,3.61,495.02,9.508,2.451,0.7341,10.092,2.457,0.7326,10.837,11.397,2.503,0.7262,99.2,41.86,1.247,PASS,0
LOT_046_DIE_01795,LOT_046,123.19,3.619,463.71,12.944,2.635,0.6852,12.907,2.664,0.6818,13.647,14.029,2.674,0.6776,100.46,46.63,1.184,PASS,0
LOT_047_DIE_01796,LOT_047,124.73,3.588,499.43,35.887,3.72,0.6576,53.584,4.68,0.623,84.405,116.388,6.939,0.5372,117.16,36.34,1.445,LATENT_CONTEXTUAL_OUTLIER,1
LOT_048_DIE_01797,LOT_048,123.19,3.624,497.46,13.764,2.739,0.719,13.692,2.757,0.7147,15.115,15.192,2.787,0.7098,90.45,43.27,1.276,PASS,0
LOT_049_DIE_01798,LOT_049,125.74,3.643,475.5,9.927,2.449,0.6737,10.438,2.481,0.6717,11.294,11.878,2.509,0.6643,108.27,47.23,1.185,PASS,0
LOT_050_DIE_01799,LOT_050,123.73,3.582,459.03,8.287,2.759,0.69,8.924,2.762,0.6869,9.789,10.042,2.805,0.683,96.32,47.02,1.254,PASS,0
LOT_001_DIE_01800,LOT_001,125.08,3.58,494.99,12.802,2.333,0.7536,13.351,2.347,0.7508,14.177,14.783,2.374,0.7493,102.38,48.01,1.302,PASS,0
LOT_002_DIE_01801,LOT_002,125.08,3.579,487.94,16.342,2.486,0.7197,16.978,2.515,0.7134,17.744,17.953,2.575,0.7135,111.39,44.97,1.357,PASS,0
LOT_003_DIE_01802,LOT_003,124.32,3.584,499.58,12.803,2.434,0.7456,13.557,2.471,0.7436,14.102,15.124,2.474,0.7381,104.02,47.63,1.335,PASS,0
LOT_004_DIE_01803,LOT_004,124.85,3.591,497.45,12.288,2.576,0.7546,12.67,2.588,0.7515,13.44,14.035,2.65,0.7443,99.69,47.16,1.22,PASS,0
LOT_005_DIE_01804,LOT_005,125.51,3.68,524.98,9.48,2.265,0.7209,10.057,2.274,0.7166,10.624,11.269,2.298,0.7122,101.28,44.43,1.269,PASS,0
LOT_006_DIE_01805,LOT_006,124.52,3.606,472.19,11.031,2.518,0.7318,11.305,2.538,0.7287,11.912,12.431,2.566,0.727,101.39,41.23,1.27,PASS,0
LOT_007_DIE_01806,LOT_007,123.69,3.599,495.28,10.295,2.558,0.6635,10.784,2.573,0.6608,11.273,11.936,2.611,0.6564,105.63,43.85,1.398,PASS,0
LOT_008_DIE_01807,LOT_008,125.6,3.618,521.83,13.755,2.317,0.6997,14.097,2.351,0.696,14.748,15.48,2.389,0.6907,100.11,42.41,1.284,PASS,0
LOT_009_DIE_01808,LOT_009,123.93,3.617,489.36,12.008,2.58,0.6771,12.473,2.588,0.6753,13.022,13.386,2.603,0.6656,105.79,44.24,1.246,PASS,0
LOT_010_DIE_01809,LOT_010,123.47,3.58,488.73,14.089,2.493,0.702,14.32,2.51,0.6991,15.198,15.639,2.533,0.6902,111.01,44.84,1.181,PASS,0
LOT_011_DIE_01810,LOT_011,123.45,3.617,485.54,9.203,2.781,0.7193,9.635,2.802,0.7164,10.2,10.363,2.828,0.7118,99.38,39.13,1.169,PASS,0
LOT_012_DIE_01811,LOT_012,124.97,3.592,481.6,13.821,2.473,0.6819,14.495,2.505,0.6784,15.261,15.213,2.546,0.6748,101.16,42.11,1.202,PASS,0
LOT_013_DIE_01812,LOT_013,126.8,3.58,532.51,14.299,2.67,0.7177,14.749,2.691,0.7143,15.49,15.735,2.75,0.7079,102.64,46.43,1.115,PASS,0
LOT_014_DIE_01813,LOT_014,123.26,3.6,511.18,10.869,2.844,0.6956,11.289,2.864,0.6935,12.524,13.053,2.906,0.6858,93.98,46.25,1.358,PASS,0
LOT_015_DIE_01814,LOT_015,125.64,3.596,502.47,9.524,2.613,0.698,10.233,2.649,0.6953,11.479,12.55,2.653,0.686,102.48,44.04,1.286,PASS,0
LOT_016_DIE_01815,LOT_016,125.16,3.541,518.34,9.458,2.532,0.7387,9.718,2.541,0.7363,10.819,11.418,2.582,0.7334,92.06,45.93,1.154,PASS,0
LOT_017_DIE_01816,LOT_017,125.33,3.606,517.92,7.361,2.724,0.6876,7.879,2.734,0.6858,8.775,9.548,2.75,0.6784,108.55,43.55,1.32,PASS,0
LOT_018_DIE_01817,LOT_018,124.68,3.614,497.05,14.6,2.463,0.7071,14.584,2.481,0.7041,15.695,16.51,2.525,0.6989,107.04,41.62,1.33,PASS,0
LOT_019_DIE_01818,LOT_019,124.4,3.693,518.16,10.076,2.467,0.688,10.428,2.494,0.6859,10.709,10.878,2.505,0.6798,99.76,43.89,1.226,PASS,0
LOT_020_DIE_01819,LOT_020,121.35,3.575,498.96,10.262,2.355,0.7643,10.732,2.364,0.7619,11.378,11.942,2.428,0.7584,101.59,45.91,1.275,PASS,0
LOT_021_DIE_01820,LOT_021,125.45,3.605,515.86,13.098,2.445,0.7152,13.552,2.459,0.7122,14.345,15.164,2.51,0.7047,94.29,46.45,1.291,PASS,0
LOT_022_DIE_01821,LOT_022,124.0,3.622,521.9,6.345,2.42,0.6752,6.62,2.435,0.6722,7.829,8.507,2.473,0.6646,101.24,42.58,1.279,PASS,0
LOT_023_DIE_01822,LOT_023,126.2,3.664,502.25,9.554,2.396,0.6859,10.052,2.421,0.6814,10.677,11.57,2.452,0.6782,95.86,44.89,1.254,PASS,0
LOT_024_DIE_01823,LOT_024,123.57,3.622,473.94,10.402,2.367,0.7536,10.858,2.414,0.75,11.783,12.275,2.386,0.7492,97.41,44.1,1.324,PASS,0
LOT_025_DIE_01824,LOT_025,126.64,3.605,498.95,10.748,2.677,0.7094,11.109,2.71,0.7051,11.51,12.14,2.7,0.6993,98.76,44.95,1.24,PASS,0
LOT_026_DIE_01825,LOT_026,124.63,3.573,496.69,16.095,2.539,0.7384,16.578,2.542,0.7361,17.081,17.835,2.601,0.7287,102.5,47.25,1.191,PASS,0
LOT_027_DIE_01826,LOT_027,124.84,3.631,521.76,9.911,2.385,0.7037,10.178,2.395,0.6977,11.187,11.823,2.424,0.6938,100.34,42.46,1.255,PASS,0
LOT_028_DIE_01827,LOT_028,125.51,3.612,508.12,14.045,2.691,0.6836,14.391,2.715,0.6812,15.649,15.971,2.713,0.6766,98.11,50.63,1.172,PASS,0
LOT_029_DIE_01828,LOT_029,123.95,3.631,494.15,12.067,2.468,0.6967,12.279,2.479,0.6936,13.269,13.151,2.559,0.6853,98.17,48.78,1.17,PASS,0
LOT_030_DIE_01829,LOT_030,126.48,3.537,484.87,8.595,2.468,0.6858,8.757,2.477,0.6828,9.896,10.819,2.542,0.6777,103.28,44.88,1.173,PASS,0
LOT_031_DIE_01830,LOT_031,124.61,3.569,517.83,12.857,2.469,0.7042,13.074,2.505,0.7018,13.93,14.147,2.522,0.6956,101.19,46.98,1.284,PASS,0
LOT_032_DIE_01831,LOT_032,125.89,3.633,496.69,11.025,2.58,0.7407,11.446,2.594,0.7375,12.564,13.443,2.623,0.7335,99.6,47.23,1.315,PASS,0
LOT_033_DIE_01832,LOT_033,122.77,3.653,477.68,9.08,2.581,0.6954,9.536,2.591,0.6929,10.524,10.798,2.625,0.6877,93.57,49.78,1.271,PASS,0
LOT_034_DIE_01833,LOT_034,125.74,3.653,483.16,14.665,2.492,0.7001,14.919,2.507,0.6965,15.988,16.559,2.546,0.6902,100.42,46.35,1.327,PASS,0
LOT_035_DIE_01834,LOT_035,124.52,3.606,508.5,12.479,2.271,0.7026,12.934,2.295,0.6988,13.806,14.146,2.329,0.6954,95.91,48.47,1.247,PASS,0
LOT_036_DIE_01835,LOT_036,124.83,3.547,489.37,13.563,2.388,0.7197,13.989,2.405,0.7169,14.49,15.125,2.426,0.7166,102.78,45.25,1.281,PASS,0
LOT_037_DIE_01836,LOT_037,125.57,3.716,499.26,9.732,2.327,0.7193,10.098,2.352,0.7166,10.607,11.053,2.368,0.7098,98.24,42.85,1.183,PASS,0
LOT_038_DIE_01837,LOT_038,125.5,3.627,495.58,7.044,2.271,0.7434,7.406,2.284,0.7401,7.763,8.27,2.321,0.7373,92.53,41.25,1.351,PASS,0
LOT_039_DIE_01838,LOT_039,124.37,3.593,503.01,12.136,2.325,0.7257,12.569,2.353,0.7233,12.938,13.406,2.382,0.7161,94.46,42.53,1.211,PASS,0
LOT_040_DIE_01839,LOT_040,123.55,3.618,515.23,11.809,2.629,0.7098,12.502,2.647,0.7081,12.886,12.938,2.693,0.7016,95.02,44.11,1.339,PASS,0
LOT_041_DIE_01840,LOT_041,128.36,3.558,505.0,9.591,2.598,0.693,9.844,2.615,0.6915,11.049,12.35,2.638,0.6821,106.44,45.89,1.27,PASS,0
LOT_042_DIE_01841,LOT_042,125.34,3.521,514.96,10.173,2.529,0.7503,10.433,2.542,0.7472,11.184,12.013,2.563,0.7435,93.66,43.45,1.309,PASS,0
LOT_043_DIE_01842,LOT_043,125.28,3.648,513.7,7.302,2.448,0.7163,7.576,2.475,0.7144,8.828,9.621,2.495,0.7043,96.8,41.75,1.155,PASS,0
LOT_044_DIE_01843,LOT_044,124.54,3.673,491.34,12.136,2.261,0.7354,12.543,2.288,0.7328,13.436,13.687,2.307,0.7266,113.33,44.06,1.165,PASS,0
LOT_045_DIE_01844,LOT_045,126.35,3.668,487.23,9.312,2.434,0.7516,9.676,2.47,0.7485,10.285,10.797,2.522,0.7432,99.63,47.18,1.285,PASS,0
LOT_046_DIE_01845,LOT_046,124.66,3.594,483.18,11.886,2.513,0.7128,12.278,2.545,0.7115,13.09,13.987,2.579,0.7069,103.86,42.82,1.127,PASS,0
LOT_047_DIE_01846,LOT_047,125.07,3.609,506.69,9.87,2.523,0.7082,10.209,2.547,0.7026,10.948,11.427,2.57,0.7004,100.37,44.77,1.341,PASS,0
LOT_048_DIE_01847,LOT_048,123.7,3.574,507.18,11.372,2.54,0.7001,11.868,2.556,0.6968,11.762,12.342,2.587,0.6888,108.39,44.41,1.185,PASS,0
LOT_049_DIE_01848,LOT_049,122.63,3.627,490.54,13.197,2.779,0.6975,13.399,2.8,0.6919,14.477,15.767,2.815,0.6901,98.1,45.0,1.124,PASS,0
LOT_050_DIE_01849,LOT_050,125.39,3.593,502.11,8.438,2.453,0.6893,8.589,2.458,0.686,9.936,10.779,2.518,0.682,98.81,40.84,1.216,PASS,0
LOT_001_DIE_01850,LOT_001,125.22,3.656,488.98,10.56,2.346,0.7389,11.033,2.372,0.7356,12.138,12.984,2.413,0.7349,96.6,39.07,1.274,PASS,0
LOT_002_DIE_01851,LOT_002,125.67,3.581,501.98,11.931,2.388,0.7343,12.229,2.403,0.7316,13.071,13.933,2.437,0.7205,107.59,50.28,1.259,PASS,0
LOT_003_DIE_01852,LOT_003,126.45,3.623,518.01,12.441,2.493,0.7163,12.93,2.501,0.7132,13.451,14.154,2.533,0.7069,90.9,41.63,1.31,PASS,0
LOT_004_DIE_01853,LOT_004,124.84,3.526,506.98,11.492,2.612,0.7383,11.793,2.64,0.7342,12.494,13.058,2.658,0.7357,101.5,43.28,1.208,PASS,0
LOT_005_DIE_01854,LOT_005,126.46,3.608,519.45,9.416,2.737,0.7462,9.883,2.762,0.7435,10.705,11.534,2.787,0.7363,103.01,47.86,1.302,PASS,0
LOT_006_DIE_01855,LOT_006,124.17,3.62,493.95,9.032,2.54,0.7455,9.564,2.551,0.7435,10.533,11.176,2.596,0.7341,99.32,47.02,1.119,PASS,0
LOT_007_DIE_01856,LOT_007,126.85,3.587,497.49,5.858,2.601,0.6743,5.924,2.624,0.6722,6.565,7.286,2.683,0.6657,102.28,42.64,1.056,PASS,0
LOT_008_DIE_01857,LOT_008,124.37,3.619,510.2,13.225,2.579,0.6657,13.553,2.596,0.662,14.859,15.587,2.617,0.6592,92.22,45.57,1.345,PASS,0
LOT_009_DIE_01858,LOT_009,126.28,3.551,491.97,14.798,2.38,0.6691,14.89,2.396,0.6652,15.465,16.559,2.498,0.6575,101.72,42.37,1.099,PASS,0
LOT_010_DIE_01859,LOT_010,125.07,3.582,486.43,11.266,2.456,0.7009,11.901,2.474,0.7004,12.441,13.42,2.509,0.6944,96.17,42.77,1.219,PASS,0
LOT_011_DIE_01860,LOT_011,123.16,3.567,505.68,9.369,3.046,0.6987,18.971,3.453,0.6839,45.066,69.417,4.192,0.6566,117.07,37.37,1.137,THERMAL_VOLTAGE_STRESS_FAILURE,1
LOT_012_DIE_01861,LOT_012,125.7,3.551,481.88,16.202,2.814,0.6719,16.47,2.817,0.6695,17.226,17.33,2.897,0.6616,101.19,43.49,1.437,PASS,0
LOT_013_DIE_01862,LOT_013,123.37,3.66,513.44,12.889,2.615,0.7448,13.419,2.65,0.7417,14.035,15.075,2.68,0.7368,102.55,46.39,1.42,PASS,0
LOT_014_DIE_01863,LOT_014,125.06,3.636,511.95,10.662,2.477,0.6769,11.281,2.495,0.6728,12.155,12.105,2.526,0.6726,94.85,46.67,1.125,PASS,0
LOT_015_DIE_01864,LOT_015,124.63,3.643,495.77,9.498,2.548,0.7143,9.715,2.565,0.7107,10.698,11.513,2.586,0.7022,94.58,41.74,1.297,PASS,0
LOT_016_DIE_01865,LOT_016,125.78,3.545,510.4,7.014,2.374,0.7027,7.396,2.39,0.7018,7.893,8.583,2.43,0.6957,97.33,41.91,1.195,PASS,0
LOT_017_DIE_01866,LOT_017,125.82,3.556,518.95,13.022,2.582,0.6822,13.397,2.621,0.6789,13.927,14.484,2.636,0.6733,101.98,43.48,1.328,PASS,0
LOT_018_DIE_01867,LOT_018,124.76,3.628,488.45,12.372,2.347,0.7262,12.951,2.368,0.7235,13.759,14.006,2.418,0.7224,105.5,43.28,1.385,PASS,0
LOT_019_DIE_01868,LOT_019,124.75,3.616,505.95,10.558,2.52,0.6799,10.922,2.537,0.6769,12.41,12.72,2.556,0.6722,103.21,42.37,1.222,PASS,0
LOT_020_DIE_01869,LOT_020,123.66,3.606,514.77,8.305,2.755,0.7104,8.701,2.776,0.7076,9.539,10.406,2.814,0.7028,105.93,47.62,1.168,PASS,0
LOT_021_DIE_01870,LOT_021,125.51,3.534,516.04,11.934,2.693,0.7192,12.267,2.701,0.7166,12.895,13.178,2.741,0.7124,100.53,43.93,1.46,PASS,0
LOT_022_DIE_01871,LOT_022,124.87,3.632,508.91,6.745,2.6,0.7036,7.231,2.618,0.7027,8.034,8.951,2.623,0.6942,100.82,43.79,1.333,PASS,0
LOT_023_DIE_01872,LOT_023,123.1,3.605,487.63,8.344,2.546,0.6917,9.001,2.562,0.6884,10.328,10.99,2.583,0.6842,99.63,45.62,1.254,PASS,0
LOT_024_DIE_01873,LOT_024,124.73,3.551,480.47,11.772,2.305,0.7544,12.27,2.33,0.7518,13.013,13.478,2.385,0.7452,101.41,45.43,1.175,PASS,0
LOT_025_DIE_01874,LOT_025,126.6,3.626,506.56,12.056,2.467,0.7572,12.378,2.501,0.7546,13.33,13.968,2.523,0.7504,102.69,44.93,1.185,PASS,0
LOT_026_DIE_01875,LOT_026,126.24,3.576,509.52,11.848,2.787,0.721,12.1,2.811,0.7178,12.736,13.451,2.863,0.7119,110.48,47.77,1.197,PASS,0
LOT_027_DIE_01876,LOT_027,123.85,3.673,514.1,10.42,2.386,0.7062,10.792,2.391,0.7039,11.465,12.249,2.443,0.697,103.68,48.73,1.265,PASS,0
LOT_028_DIE_01877,LOT_028,126.65,3.591,505.78,9.874,2.481,0.6831,10.609,2.497,0.6791,11.5,12.237,2.499,0.6724,94.52,42.02,1.182,PASS,0
LOT_029_DIE_01878,LOT_029,122.09,3.57,477.48,11.209,2.651,0.7089,11.778,2.668,0.7062,12.939,13.724,2.683,0.6998,107.23,46.74,1.205,PASS,0
LOT_030_DIE_01879,LOT_030,124.15,3.595,506.81,10.48,2.536,0.6746,10.737,2.569,0.6704,11.941,12.757,2.624,0.6662,103.94,43.44,1.125,PASS,0
LOT_031_DIE_01880,LOT_031,124.3,3.594,505.17,12.169,2.506,0.7259,12.673,2.525,0.7237,13.364,13.952,2.603,0.7191,92.82,43.06,1.19,PASS,0
LOT_032_DIE_01881,LOT_032,123.46,3.548,488.37,9.76,2.553,0.7096,9.985,2.577,0.7064,10.88,11.314,2.638,0.7003,103.68,42.11,1.286,PASS,0
LOT_033_DIE_01882,LOT_033,126.75,3.572,468.87,8.705,2.447,0.6857,9.348,2.457,0.6825,10.573,10.828,2.482,0.6771,100.98,41.83,1.303,PASS,0
LOT_034_DIE_01883,LOT_034,125.22,3.624,491.8,15.352,2.417,0.7007,15.563,2.435,0.6986,16.299,16.944,2.427,0.6927,91.13,44.6,1.342,PASS,0
LOT_035_DIE_01884,LOT_035,124.48,3.627,504.46,15.823,2.57,0.6975,16.491,2.621,0.6941,16.909,18.205,2.624,0.6853,98.59,52.5,1.285,PASS,0
LOT_036_DIE_01885,LOT_036,126.02,3.592,485.68,14.15,2.589,0.7045,14.703,2.613,0.7003,15.488,15.629,2.654,0.7015,107.21,43.62,1.266,PASS,0
LOT_037_DIE_01886,LOT_037,126.55,3.607,508.12,10.098,2.397,0.7306,10.382,2.416,0.7289,10.916,11.371,2.427,0.7204,104.02,45.32,1.26,PASS,0
LOT_038_DIE_01887,LOT_038,121.95,3.544,507.99,8.077,2.551,0.7459,8.334,2.582,0.742,9.163,10.154,2.643,0.7353,100.24,40.19,1.053,PASS,0
LOT_039_DIE_01888,LOT_039,124.33,3.612,491.33,15.342,2.274,0.7668,15.97,2.303,0.7624,16.768,17.278,2.334,0.7618,98.93,46.02,1.249,PASS,0
LOT_040_DIE_01889,LOT_040,125.15,3.571,515.59,10.917,2.745,0.7015,25.329,2.982,0.6848,49.804,89.326,4.229,0.6638,123.83,38.85,1.168,THERMAL_VOLTAGE_STRESS_FAILURE,1
LOT_041_DIE_01890,LOT_041,122.09,3.639,515.09,8.406,2.457,0.6594,8.845,2.49,0.6567,9.416,9.812,2.508,0.6565,97.67,46.24,1.331,PASS,0
LOT_042_DIE_01891,LOT_042,122.88,3.601,492.34,13.521,2.283,0.7175,23.797,2.978,0.6973,53.917,85.236,4.081,0.6575,113.05,36.84,1.252,LATENT_DRIFT_RUNAWAY,1
LOT_043_DIE_01892,LOT_043,124.5,3.548,520.03,8.088,2.537,0.7393,8.191,2.551,0.7364,8.911,9.253,2.594,0.7313,105.07,45.71,1.14,PASS,0
LOT_044_DIE_01893,LOT_044,127.51,3.554,491.04,14.571,2.752,0.7321,14.728,2.768,0.7306,15.139,16.157,2.805,0.7208,95.51,45.54,1.139,PASS,0
LOT_045_DIE_01894,LOT_045,126.74,3.598,494.89,11.18,2.721,0.7304,11.462,2.752,0.728,11.869,12.527,2.798,0.7241,105.09,41.19,1.223,PASS,0
LOT_046_DIE_01895,LOT_046,124.12,3.624,477.9,13.565,2.555,0.7034,14.081,2.557,0.6995,15.516,15.712,2.605,0.6922,97.29,48.32,1.163,PASS,0
LOT_047_DIE_01896,LOT_047,126.03,3.654,509.74,8.332,2.48,0.6821,8.441,2.489,0.6798,9.284,10.123,2.533,0.6742,99.17,46.24,1.282,PASS,0
LOT_048_DIE_01897,LOT_048,126.03,3.643,504.35,10.964,2.573,0.6913,11.352,2.593,0.6882,12.124,12.415,2.609,0.6811,91.2,40.98,1.292,PASS,0
LOT_049_DIE_01898,LOT_049,122.87,3.582,476.72,11.289,2.524,0.6635,11.905,2.533,0.6622,13.02,13.701,2.576,0.6542,97.44,43.84,1.295,PASS,0
LOT_050_DIE_01899,LOT_050,125.25,3.501,485.3,11.024,2.256,0.6679,11.328,2.26,0.6634,12.15,12.456,2.303,0.66,101.87,41.26,1.255,PASS,0
LOT_001_DIE_01900,LOT_001,125.22,3.62,480.44,8.87,2.434,0.7348,9.343,2.439,0.7314,9.704,10.532,2.487,0.7248,98.15,48.74,1.144,PASS,0
LOT_002_DIE_01901,LOT_002,123.95,3.59,510.62,16.105,2.591,0.7451,16.209,2.606,0.7424,17.043,17.347,2.649,0.7385,101.08,45.61,1.244,PASS,0
LOT_003_DIE_01902,LOT_003,124.92,3.608,490.83,12.852,2.676,0.7299,13.377,2.697,0.7273,14.0,14.391,2.736,0.7226,102.8,44.33,1.376,PASS,0
LOT_004_DIE_01903,LOT_004,125.85,3.648,501.17,13.937,2.657,0.7239,14.414,2.659,0.7197,15.129,15.593,2.673,0.7162,106.65,46.75,1.247,PASS,0
LOT_005_DIE_01904,LOT_005,126.12,3.634,523.31,11.25,2.402,0.6961,11.76,2.424,0.6931,12.338,12.476,2.432,0.687,103.82,45.05,1.252,PASS,0
LOT_006_DIE_01905,LOT_006,121.51,3.596,489.25,7.007,2.447,0.7223,7.511,2.458,0.7187,8.523,9.087,2.48,0.7148,94.05,44.51,1.208,PASS,0
LOT_007_DIE_01906,LOT_007,125.11,3.621,497.44,9.774,2.389,0.6824,9.901,2.409,0.681,10.817,11.461,2.442,0.6728,98.36,44.49,1.38,PASS,0
LOT_008_DIE_01907,LOT_008,125.12,3.591,510.37,15.497,2.181,0.6536,16.044,2.201,0.6491,16.671,17.162,2.224,0.6437,99.73,45.12,1.277,PASS,0
LOT_009_DIE_01908,LOT_009,123.69,3.594,487.92,12.368,2.375,0.6858,12.954,2.396,0.6833,13.783,14.61,2.403,0.6795,107.74,43.27,1.27,PASS,0
LOT_010_DIE_01909,LOT_010,124.52,3.576,484.85,12.812,2.86,0.6692,13.048,2.88,0.6663,13.8,14.152,2.879,0.6595,101.51,46.07,1.257,PASS,0
LOT_011_DIE_01910,LOT_011,124.25,3.616,490.37,10.314,2.448,0.7012,10.479,2.479,0.6973,11.665,12.057,2.491,0.6953,95.41,43.96,1.193,PASS,0
LOT_012_DIE_01911,LOT_012,125.52,3.643,492.21,14.46,2.491,0.6927,15.214,2.515,0.6891,16.026,16.523,2.578,0.6854,92.45,50.42,1.231,PASS,0
LOT_013_DIE_01912,LOT_013,125.1,3.592,507.0,14.232,2.633,0.7155,14.904,2.649,0.713,15.991,16.104,2.655,0.706,106.58,49.75,1.333,PASS,0
LOT_014_DIE_01913,LOT_014,126.29,3.624,509.03,7.427,2.636,0.6947,7.942,2.64,0.6923,8.846,9.62,2.701,0.6868,94.24,49.66,1.235,PASS,0
LOT_015_DIE_01914,LOT_015,124.89,3.591,495.55,8.975,2.267,0.7107,9.183,2.289,0.7076,10.266,10.519,2.326,0.7032,100.95,43.21,1.196,PASS,0
LOT_016_DIE_01915,LOT_016,125.69,3.586,514.17,11.499,2.363,0.7165,11.963,2.391,0.7137,12.515,13.804,2.408,0.7093,98.01,43.98,1.463,PASS,0
LOT_017_DIE_01916,LOT_017,124.72,3.677,515.15,10.795,2.372,0.6707,11.298,2.381,0.6671,12.466,13.126,2.433,0.6622,100.18,47.77,1.147,PASS,0
LOT_018_DIE_01917,LOT_018,126.68,3.577,496.63,12.092,2.504,0.744,12.723,2.513,0.74,13.411,14.211,2.545,0.735,91.87,46.13,1.368,PASS,0
LOT_019_DIE_01918,LOT_019,123.49,3.615,524.89,13.284,2.42,0.6677,13.877,2.425,0.6646,14.466,15.363,2.46,0.6573,94.93,44.94,1.356,PASS,0
LOT_020_DIE_01919,LOT_020,125.14,3.6,495.04,10.501,2.643,0.7367,10.954,2.65,0.7334,12.024,12.656,2.697,0.7315,109.88,42.29,1.219,PASS,0
LOT_021_DIE_01920,LOT_021,125.6,3.636,509.6,17.173,2.876,0.7169,31.207,3.27,0.7005,57.023,90.078,4.67,0.6666,120.13,36.08,1.185,THERMAL_VOLTAGE_STRESS_FAILURE,1
LOT_022_DIE_01921,LOT_022,125.71,3.531,519.49,12.897,2.763,0.6852,25.557,3.035,0.6735,46.85,70.913,4.165,0.6248,111.12,33.47,1.222,THERMAL_VOLTAGE_STRESS_FAILURE,1
LOT_023_DIE_01922,LOT_023,124.2,3.497,485.27,11.824,2.44,0.6805,12.369,2.453,0.6762,13.006,13.864,2.491,0.6724,108.5,45.69,1.264,PASS,0
LOT_024_DIE_01923,LOT_024,126.18,3.617,490.08,10.604,2.585,0.7336,10.992,2.611,0.7316,11.394,12.351,2.581,0.727,92.55,46.18,1.302,PASS,0
LOT_025_DIE_01924,LOT_025,123.9,3.567,477.63,10.156,2.804,0.7055,10.503,2.815,0.702,11.397,12.079,2.845,0.6966,102.23,45.45,1.189,PASS,0
LOT_026_DIE_01925,LOT_026,123.52,3.624,496.03,11.22,2.739,0.7364,11.435,2.752,0.7319,12.112,12.693,2.75,0.732,95.61,40.36,1.222,PASS,0
LOT_027_DIE_01926,LOT_027,127.37,3.573,532.92,10.036,2.468,0.7159,10.661,2.499,0.7124,11.678,12.523,2.52,0.7089,97.29,42.98,1.25,PASS,0
LOT_028_DIE_01927,LOT_028,123.8,3.57,513.32,12.274,2.453,0.697,12.549,2.47,0.6928,13.761,14.821,2.487,0.6866,104.78,43.69,1.163,PASS,0
LOT_029_DIE_01928,LOT_029,126.56,3.571,470.49,12.947,2.43,0.7095,13.504,2.438,0.7056,14.689,15.182,2.484,0.7017,94.56,42.39,1.173,PASS,0
LOT_030_DIE_01929,LOT_030,125.4,3.567,485.55,8.987,2.317,0.6937,9.429,2.337,0.6924,10.513,11.411,2.396,0.6856,92.27,46.78,1.312,PASS,0
LOT_031_DIE_01930,LOT_031,125.93,3.56,493.45,10.563,2.375,0.7281,11.003,2.397,0.7253,11.855,12.751,2.411,0.7235,104.85,47.77,1.288,PASS,0
LOT_032_DIE_01931,LOT_032,125.05,3.542,491.8,10.969,2.57,0.6846,11.006,2.608,0.6822,12.057,12.292,2.608,0.6747,105.01,43.93,1.274,PASS,0
LOT_033_DIE_01932,LOT_033,127.4,3.62,509.71,7.658,2.424,0.6826,8.21,2.44,0.6807,8.604,9.101,2.499,0.6725,106.46,48.17,1.319,PASS,0
LOT_034_DIE_01933,LOT_034,123.74,3.562,495.85,13.764,2.459,0.669,14.32,2.458,0.6645,14.882,15.489,2.5,0.6622,104.6,47.68,1.266,PASS,0
LOT_035_DIE_01934,LOT_035,125.21,3.552,517.48,16.402,2.318,0.6839,16.816,2.346,0.6802,17.668,18.455,2.378,0.6771,94.08,43.16,1.335,PASS,0
LOT_036_DIE_01935,LOT_036,127.09,3.605,494.94,14.151,2.539,0.6549,14.608,2.557,0.6517,15.114,15.461,2.606,0.6474,101.71,46.47,1.424,PASS,0
LOT_037_DIE_01936,LOT_037,125.04,3.653,487.6,10.526,2.367,0.7285,11.105,2.375,0.725,11.638,12.483,2.417,0.72,99.49,45.91,1.118,PASS,0
LOT_038_DIE_01937,LOT_038,124.92,3.625,506.01,10.036,2.176,0.7521,10.607,2.201,0.7495,11.519,12.176,2.222,0.7426,93.27,41.49,1.202,PASS,0
LOT_039_DIE_01938,LOT_039,126.16,3.689,507.06,12.377,2.542,0.742,12.669,2.558,0.7382,13.689,13.871,2.603,0.7321,99.6,44.79,1.366,PASS,0
LOT_040_DIE_01939,LOT_040,125.31,3.582,519.1,9.927,2.583,0.697,10.325,2.611,0.693,11.689,12.26,2.627,0.6902,106.28,47.2,1.356,PASS,0
LOT_041_DIE_01940,LOT_041,123.29,3.574,516.26,6.618,2.762,0.6925,7.403,2.795,0.6884,8.135,8.73,2.793,0.6844,97.19,47.92,1.124,PASS,0
LOT_042_DIE_01941,LOT_042,124.87,3.686,493.51,13.095,2.335,0.7397,13.667,2.358,0.7378,14.422,15.044,2.371,0.7334,106.1,44.65,1.413,PASS,0
LOT_043_DIE_01942,LOT_043,126.6,3.618,498.87,8.032,2.452,0.7422,8.35,2.48,0.7375,9.713,10.288,2.516,0.7346,93.55,45.81,1.172,PASS,0
LOT_044_DIE_01943,LOT_044,124.36,3.573,511.91,11.974,2.607,0.7428,12.127,2.622,0.7401,13.298,14.113,2.697,0.7331,112.85,43.82,1.199,PASS,0
LOT_045_DIE_01944,LOT_045,125.79,3.576,489.53,10.937,2.26,0.714,11.323,2.289,0.7105,11.981,12.537,2.334,0.704,100.68,47.31,1.352,PASS,0
LOT_046_DIE_01945,LOT_046,124.14,3.629,489.74,11.948,2.58,0.7372,12.393,2.608,0.7347,13.006,13.763,2.616,0.7307,94.39,45.41,1.098,PASS,0
LOT_047_DIE_01946,LOT_047,126.3,3.642,501.24,11.005,2.57,0.7036,11.403,2.6,0.7004,12.198,12.414,2.615,0.6922,100.35,43.51,1.322,PASS,0
LOT_048_DIE_01947,LOT_048,124.81,3.576,495.08,12.553,2.699,0.6998,12.972,2.73,0.6978,13.675,13.976,2.791,0.6914,99.12,50.92,1.282,PASS,0
LOT_049_DIE_01948,LOT_049,125.81,3.584,504.83,11.675,2.579,0.6954,12.289,2.611,0.6912,13.105,13.892,2.592,0.6861,98.32,44.39,1.306,PASS,0
LOT_050_DIE_01949,LOT_050,122.89,3.596,480.64,9.721,2.516,0.6727,9.91,2.547,0.6695,10.559,11.185,2.559,0.668,106.22,45.5,1.163,PASS,0
LOT_001_DIE_01950,LOT_001,124.7,3.649,480.97,10.282,2.527,0.7541,10.716,2.54,0.751,11.189,11.524,2.584,0.7461,105.06,46.15,1.291,PASS,0
LOT_002_DIE_01951,LOT_002,124.0,3.611,493.3,14.382,2.875,0.7236,14.817,2.888,0.7217,15.341,16.088,2.933,0.7185,103.24,45.08,1.267,PASS,0
LOT_003_DIE_01952,LOT_003,127.22,3.493,488.22,13.75,3.014,0.7398,26.63,3.371,0.7297,55.777,90.4,4.262,0.7084,109.05,38.38,1.201,THERMAL_VOLTAGE_STRESS_FAILURE,1
LOT_004_DIE_01953,LOT_004,125.45,3.588,504.4,13.55,2.634,0.743,14.047,2.648,0.741,14.45,15.26,2.694,0.7328,94.99,44.85,1.103,PASS,0
LOT_005_DIE_01954,LOT_005,123.4,3.601,507.45,9.173,2.625,0.723,9.333,2.642,0.7198,10.493,11.277,2.685,0.7146,96.11,44.55,1.202,PASS,0
LOT_006_DIE_01955,LOT_006,125.15,3.575,487.81,10.65,2.237,0.7381,10.942,2.271,0.7353,11.733,11.906,2.294,0.7245,100.05,43.79,1.199,PASS,0
LOT_007_DIE_01956,LOT_007,126.14,3.556,503.62,10.869,2.427,0.6963,11.408,2.461,0.6936,12.441,12.941,2.501,0.6869,97.89,44.22,1.106,PASS,0
LOT_008_DIE_01957,LOT_008,127.6,3.609,520.62,13.813,2.401,0.6957,14.46,2.42,0.6923,15.308,15.88,2.45,0.6897,103.63,45.49,1.251,PASS,0
LOT_009_DIE_01958,LOT_009,126.32,3.593,492.65,13.493,2.486,0.6911,14.114,2.508,0.6879,14.877,15.969,2.534,0.6806,94.82,49.09,1.227,PASS,0
LOT_010_DIE_01959,LOT_010,126.35,3.516,504.56,41.487,3.985,0.6445,49.847,4.614,0.6,69.941,101.779,5.805,0.5347,115.99,34.96,1.158,LATENT_CONTEXTUAL_OUTLIER,1
LOT_011_DIE_01960,LOT_011,125.32,3.526,494.33,10.802,2.233,0.6881,11.277,2.261,0.686,12.495,12.959,2.316,0.6792,105.72,44.92,1.178,PASS,0
LOT_012_DIE_01961,LOT_012,127.1,3.583,480.34,47.587,3.745,0.6635,63.471,4.558,0.6271,89.279,156.234,6.011,0.574,124.88,39.26,1.209,LATENT_CONTEXTUAL_OUTLIER,1
LOT_013_DIE_01962,LOT_013,124.53,3.571,532.66,15.78,2.42,0.7267,24.554,2.834,0.6999,54.014,84.113,4.473,0.6355,113.01,38.57,1.35,LATENT_DRIFT_RUNAWAY,1
LOT_014_DIE_01963,LOT_014,125.66,3.635,500.3,9.877,2.549,0.6908,10.35,2.554,0.6887,11.348,11.878,2.601,0.6831,98.06,43.61,1.165,PASS,0
LOT_015_DIE_01964,LOT_015,124.52,3.667,498.4,8.35,2.44,0.6924,8.633,2.457,0.6898,9.155,10.1,2.481,0.6847,107.6,42.73,1.191,PASS,0
LOT_016_DIE_01965,LOT_016,125.2,3.599,519.01,7.961,2.463,0.7118,8.26,2.482,0.7098,9.415,9.635,2.512,0.706,103.81,40.23,1.069,PASS,0
LOT_017_DIE_01966,LOT_017,124.33,3.649,507.53,11.318,2.498,0.6831,11.604,2.507,0.6806,11.947,12.58,2.552,0.673,99.19,48.29,1.32,PASS,0
LOT_018_DIE_01967,LOT_018,125.28,3.592,496.63,10.708,2.615,0.7209,11.285,2.645,0.718,11.834,12.441,2.665,0.7112,99.0,45.41,1.252,PASS,0
LOT_019_DIE_01968,LOT_019,124.47,3.563,528.32,11.733,2.571,0.6613,12.372,2.601,0.658,12.457,13.207,2.66,0.6524,92.46,47.64,1.313,PASS,0
LOT_020_DIE_01969,LOT_020,127.69,3.566,504.3,12.176,2.477,0.7636,12.521,2.506,0.763,13.703,14.092,2.52,0.7518,100.38,48.35,1.29,PASS,0
LOT_021_DIE_01970,LOT_021,124.7,3.575,511.07,12.376,2.564,0.7296,12.757,2.571,0.726,13.342,13.868,2.609,0.7221,100.39,47.41,1.305,PASS,0
LOT_022_DIE_01971,LOT_022,124.91,3.62,513.98,11.419,2.574,0.6852,11.778,2.592,0.683,12.824,13.374,2.6,0.6764,107.14,40.94,1.28,PASS,0
LOT_023_DIE_01972,LOT_023,124.32,3.617,494.61,10.525,2.591,0.6896,10.616,2.623,0.686,11.729,12.048,2.614,0.6799,102.87,48.54,1.041,PASS,0
LOT_024_DIE_01973,LOT_024,125.28,3.644,496.7,11.364,2.558,0.7342,11.559,2.562,0.7304,12.15,12.311,2.567,0.7272,100.54,47.11,1.287,PASS,0
LOT_025_DIE_01974,LOT_025,124.3,3.576,489.48,8.263,2.5,0.7198,8.673,2.533,0.7162,9.656,10.092,2.593,0.7154,96.23,45.44,1.343,PASS,0
LOT_026_DIE_01975,LOT_026,125.07,3.584,486.26,14.323,2.55,0.7122,14.74,2.569,0.7092,15.463,15.901,2.614,0.7052,104.89,45.64,1.294,PASS,0
LOT_027_DIE_01976,LOT_027,124.21,3.556,505.96,11.114,2.443,0.712,22.198,2.95,0.6913,40.993,71.562,4.154,0.6503,109.87,33.9,1.268,LATENT_DRIFT_RUNAWAY,1
LOT_028_DIE_01977,LOT_028,123.8,3.596,514.76,11.419,2.674,0.6909,12.012,2.697,0.6886,12.384,13.13,2.71,0.6816,107.86,46.84,1.158,PASS,0
LOT_029_DIE_01978,LOT_029,124.02,3.577,488.82,12.415,2.375,0.6789,12.793,2.394,0.6771,13.614,13.811,2.421,0.6702,94.34,48.88,1.338,PASS,0
LOT_030_DIE_01979,LOT_030,125.35,3.608,488.7,36.207,3.451,0.6504,45.71,3.98,0.6153,83.835,121.039,6.017,0.5425,108.18,32.4,1.426,LATENT_CONTEXTUAL_OUTLIER,1
LOT_031_DIE_01980,LOT_031,125.97,3.65,504.78,12.524,2.503,0.7336,13.251,2.516,0.7306,13.626,14.483,2.553,0.7205,103.74,44.28,1.167,PASS,0
LOT_032_DIE_01981,LOT_032,124.62,3.564,495.51,10.929,2.408,0.7011,11.286,2.417,0.6983,11.932,12.653,2.465,0.6927,96.18,42.45,1.139,PASS,0
LOT_033_DIE_01982,LOT_033,124.25,3.621,485.72,8.556,2.354,0.6995,9.165,2.377,0.6957,9.777,10.202,2.414,0.6934,96.75,41.56,1.272,PASS,0
LOT_034_DIE_01983,LOT_034,125.48,3.617,493.07,15.836,2.724,0.6891,16.297,2.738,0.6868,17.196,17.806,2.788,0.6777,105.05,44.55,1.332,PASS,0
LOT_035_DIE_01984,LOT_035,124.61,3.617,505.1,14.578,2.492,0.6786,14.903,2.517,0.6748,15.19,15.914,2.501,0.6724,93.67,42.63,1.328,PASS,0
LOT_036_DIE_01985,LOT_036,123.6,3.66,477.6,11.035,2.631,0.6776,11.503,2.655,0.6743,12.281,12.806,2.674,0.6714,95.59,45.94,1.178,PASS,0
LOT_037_DIE_01986,LOT_037,125.3,3.562,502.83,10.83,2.64,0.7448,24.11,3.275,0.7224,49.702,95.644,4.934,0.6874,110.17,34.28,1.181,LATENT_DRIFT_RUNAWAY,1
LOT_038_DIE_01987,LOT_038,125.66,3.574,496.13,7.614,2.377,0.7415,8.141,2.4,0.7396,9.038,9.942,2.432,0.7333,96.0,43.83,1.274,PASS,0
LOT_039_DIE_01988,LOT_039,126.22,3.574,496.19,12.972,2.297,0.709,13.422,2.317,0.7057,14.048,14.856,2.371,0.7016,109.76,47.06,1.23,PASS,0
LOT_040_DIE_01989,LOT_040,125.64,3.608,508.49,11.466,2.538,0.7378,22.726,2.85,0.7141,44.632,78.459,3.962,0.6497,107.9,38.71,1.32,LATENT_DRIFT_RUNAWAY,1
LOT_041_DIE_01990,LOT_041,124.8,3.599,528.64,10.872,2.311,0.725,11.051,2.327,0.7219,11.783,12.93,2.382,0.7161,100.34,42.89,1.351,PASS,0
LOT_042_DIE_01991,LOT_042,127.41,3.592,494.98,10.162,2.449,0.7277,10.474,2.47,0.7244,11.232,11.987,2.515,0.7193,96.43,42.73,1.171,PASS,0
LOT_043_DIE_01992,LOT_043,125.72,3.598,495.72,7.945,2.3,0.7282,8.203,2.316,0.7256,9.302,9.59,2.364,0.7226,95.8,46.26,1.379,PASS,0
LOT_044_DIE_01993,LOT_044,124.58,3.587,484.09,14.497,2.533,0.6922,15.021,2.548,0.6889,15.773,16.399,2.576,0.6831,96.56,48.62,1.301,PASS,0
LOT_045_DIE_01994,LOT_045,124.28,3.666,495.25,11.412,2.524,0.7244,12.026,2.551,0.7216,12.885,13.5,2.576,0.714,95.96,41.42,1.154,PASS,0
LOT_046_DIE_01995,LOT_046,123.31,3.604,474.6,11.693,2.435,0.6626,11.823,2.462,0.6591,12.945,13.562,2.494,0.6517,102.87,43.75,1.253,PASS,0
LOT_047_DIE_01996,LOT_047,124.79,3.619,498.78,8.837,3.142,0.7179,20.205,3.565,0.7012,43.195,71.454,4.938,0.6691,113.31,41.36,1.218,THERMAL_VOLTAGE_STRESS_FAILURE,1
LOT_048_DIE_01997,LOT_048,124.64,3.602,496.26,11.648,2.556,0.6753,11.945,2.589,0.6706,12.332,12.914,2.621,0.6632,98.49,48.92,1.279,PASS,0
LOT_049_DIE_01998,LOT_049,125.31,3.584,466.85,12.031,2.452,0.67,12.666,2.496,0.6679,13.436,13.913,2.548,0.661,107.59,46.94,1.182,PASS,0
LOT_050_DIE_01999,LOT_050,124.13,3.652,472.18,11.889,2.697,0.6836,12.326,2.717,0.6813,13.145,13.596,2.733,0.6737,89.45,45.41,1.271,PASS,0
LOT_001_DIE_02000,LOT_001,123.53,3.583,463.43,13.61,2.565,0.7383,25.99,2.98,0.7186,50.377,82.816,4.218,0.6822,118.28,42.49,1.146,LATENT_DRIFT_RUNAWAY,1
LOT_002_DIE_02001,LOT_002,126.52,3.592,507.48,15.515,2.657,0.7089,16.061,2.676,0.7054,16.834,17.808,2.707,0.6999,102.45,45.64,1.205,PASS,0
LOT_003_DIE_02002,LOT_003,123.21,3.555,483.54,15.079,2.42,0.7296,15.682,2.431,0.7252,15.677,16.93,2.507,0.7209,102.84,42.71,1.316,PASS,0
LOT_004_DIE_02003,LOT_004,124.06,3.568,489.1,12.565,2.546,0.715,13.33,2.555,0.714,14.21,14.758,2.588,0.7067,101.08,46.98,1.242,PASS,0
LOT_005_DIE_02004,LOT_005,123.25,3.598,546.29,9.738,2.881,0.7263,9.999,2.9,0.7208,11.046,11.684,2.917,0.7183,104.78,43.56,1.276,PASS,0
LOT_006_DIE_02005,LOT_006,123.61,3.608,504.8,10.202,2.908,0.7345,10.569,2.935,0.7314,11.706,11.882,2.944,0.7276,97.99,39.83,1.378,PASS,0
LOT_007_DIE_02006,LOT_007,125.37,3.6,513.48,8.926,2.236,0.6727,9.381,2.259,0.6715,10.443,10.573,2.269,0.6625,101.25,49.81,1.233,PASS,0
LOT_008_DIE_02007,LOT_008,121.73,3.621,516.7,14.665,2.535,0.6936,14.93,2.57,0.6905,16.321,17.135,2.587,0.6874,93.6,49.4,1.154,PASS,0
LOT_009_DIE_02008,LOT_009,124.13,3.685,495.53,11.356,2.771,0.6795,11.797,2.797,0.6765,12.425,13.565,2.798,0.6717,97.04,44.17,1.241,PASS,0
LOT_010_DIE_02009,LOT_010,124.64,3.565,484.2,12.994,2.592,0.6767,13.528,2.617,0.6739,14.398,15.282,2.664,0.6709,99.86,46.87,1.257,PASS,0
LOT_011_DIE_02010,LOT_011,124.66,3.562,498.2,9.873,2.531,0.7031,10.584,2.547,0.7002,11.138,11.974,2.574,0.6993,99.59,44.81,1.161,PASS,0
LOT_012_DIE_02011,LOT_012,125.53,3.619,491.32,15.882,2.467,0.681,16.24,2.499,0.6796,17.028,17.601,2.504,0.674,105.18,43.38,1.458,PASS,0
LOT_013_DIE_02012,LOT_013,125.28,3.561,506.38,12.8,2.337,0.6974,13.166,2.373,0.6948,13.655,14.438,2.385,0.6901,100.37,44.64,1.25,PASS,0
LOT_014_DIE_02013,LOT_014,123.74,3.626,539.65,9.748,2.756,0.7131,20.336,3.06,0.6943,49.508,91.757,3.848,0.6626,113.59,37.46,1.288,THERMAL_VOLTAGE_STRESS_FAILURE,1
LOT_015_DIE_02014,LOT_015,123.52,3.631,508.11,9.127,2.713,0.6849,9.579,2.734,0.6822,10.278,11.166,2.726,0.6736,102.42,48.09,1.289,PASS,0
LOT_016_DIE_02015,LOT_016,125.33,3.701,515.61,10.39,2.436,0.7286,10.974,2.449,0.7248,11.993,12.903,2.485,0.7182,95.17,45.6,1.211,PASS,0
LOT_017_DIE_02016,LOT_017,125.13,3.588,515.62,12.096,2.729,0.6977,12.696,2.751,0.6958,13.212,13.923,2.793,0.691,101.71,46.69,1.162,PASS,0
LOT_018_DIE_02017,LOT_018,124.59,3.605,487.74,11.305,2.535,0.7142,11.776,2.555,0.7128,12.612,13.006,2.525,0.7065,97.72,43.17,1.147,PASS,0
LOT_019_DIE_02018,LOT_019,126.11,3.604,524.95,12.406,2.398,0.6861,12.693,2.418,0.6838,13.157,13.334,2.388,0.6789,99.6,42.1,1.214,PASS,0
LOT_020_DIE_02019,LOT_020,123.6,3.586,480.33,9.997,2.57,0.745,10.461,2.568,0.7432,11.386,12.313,2.618,0.7366,93.36,44.55,1.35,PASS,0
LOT_021_DIE_02020,LOT_021,123.86,3.598,532.24,12.095,2.382,0.7185,12.358,2.405,0.7159,13.001,13.52,2.457,0.7113,111.87,40.6,1.162,PASS,0
LOT_022_DIE_02021,LOT_022,127.64,3.602,524.91,9.606,2.391,0.6696,10.094,2.43,0.6673,11.284,12.183,2.438,0.662,99.84,41.39,1.231,PASS,0
LOT_023_DIE_02022,LOT_023,123.79,3.659,495.33,9.935,2.541,0.688,10.251,2.563,0.686,10.685,11.486,2.564,0.6793,95.56,42.74,1.207,PASS,0
LOT_024_DIE_02023,LOT_024,124.07,3.604,488.64,8.524,2.287,0.7282,9.05,2.319,0.7258,10.203,10.599,2.331,0.72,101.76,47.33,1.33,PASS,0
LOT_025_DIE_02024,LOT_025,123.36,3.657,469.96,10.091,2.503,0.7065,10.676,2.511,0.7022,11.085,12.327,2.537,0.7033,106.84,44.56,1.275,PASS,0
LOT_026_DIE_02025,LOT_026,125.02,3.624,512.82,12.79,2.482,0.7223,13.267,2.51,0.7177,14.491,15.271,2.546,0.715,97.69,47.17,1.23,PASS,0
LOT_027_DIE_02026,LOT_027,125.03,3.574,525.37,8.564,2.492,0.7093,8.89,2.515,0.7065,9.131,9.865,2.569,0.6992,98.69,41.92,1.114,PASS,0
LOT_028_DIE_02027,LOT_028,122.91,3.621,513.32,11.657,2.555,0.6532,12.202,2.574,0.6507,13.012,13.646,2.609,0.6455,98.65,40.45,1.266,PASS,0
LOT_029_DIE_02028,LOT_029,124.36,3.653,491.98,12.574,2.479,0.7012,13.187,2.491,0.6978,14.315,14.96,2.547,0.6888,106.67,48.15,1.276,PASS,0
LOT_030_DIE_02029,LOT_030,122.64,3.639,493.96,7.746,2.469,0.6809,7.956,2.487,0.6771,8.355,9.194,2.522,0.6735,102.8,48.93,1.245,PASS,0
LOT_031_DIE_02030,LOT_031,124.61,3.537,492.89,16.691,2.331,0.7371,24.748,2.791,0.718,44.886,91.0,4.288,0.6716,121.48,37.87,1.237,LATENT_DRIFT_RUNAWAY,1
LOT_032_DIE_02031,LOT_032,123.98,3.544,485.8,8.93,2.452,0.7115,9.569,2.455,0.7094,10.018,10.581,2.516,0.7018,105.74,47.71,1.301,PASS,0
LOT_033_DIE_02032,LOT_033,123.55,3.578,486.69,9.097,2.459,0.7,9.507,2.476,0.6975,10.421,10.732,2.527,0.6914,103.63,47.96,1.289,PASS,0
LOT_034_DIE_02033,LOT_034,123.95,3.564,504.23,12.732,2.5,0.7026,13.531,2.515,0.6985,13.676,14.376,2.554,0.6938,100.98,40.63,1.356,PASS,0
LOT_035_DIE_02034,LOT_035,125.04,3.589,536.67,15.613,2.306,0.671,16.341,2.326,0.6681,17.054,17.541,2.357,0.6614,100.92,44.59,1.158,PASS,0
LOT_036_DIE_02035,LOT_036,124.54,3.63,491.66,10.316,2.471,0.718,10.663,2.493,0.7169,11.504,12.323,2.51,0.7109,95.19,50.5,1.375,PASS,0
LOT_037_DIE_02036,LOT_037,123.32,3.607,499.71,7.951,2.325,0.7374,8.496,2.35,0.734,9.037,8.944,2.364,0.7278,99.4,44.71,1.184,PASS,0
LOT_038_DIE_02037,LOT_038,127.32,3.604,502.82,7.322,2.31,0.7131,7.822,2.336,0.7099,8.522,9.563,2.413,0.7021,98.31,42.59,1.341,PASS,0
LOT_039_DIE_02038,LOT_039,126.82,3.642,480.4,13.163,2.644,0.7178,13.598,2.664,0.7133,14.415,15.024,2.704,0.7121,100.74,44.42,1.18,PASS,0
LOT_040_DIE_02039,LOT_040,125.01,3.651,508.46,11.637,2.583,0.708,11.722,2.592,0.7031,12.625,12.985,2.676,0.6996,99.39,44.68,1.213,PASS,0
LOT_041_DIE_02040,LOT_041,124.09,3.604,522.05,10.792,2.916,0.6643,24.666,3.38,0.6505,44.783,80.797,4.658,0.6294,117.78,38.73,1.255,THERMAL_VOLTAGE_STRESS_FAILURE,1
LOT_042_DIE_02041,LOT_042,126.66,3.622,489.76,10.595,2.242,0.7106,11.039,2.268,0.7092,11.825,12.335,2.289,0.701,97.83,45.99,1.202,PASS,0
LOT_043_DIE_02042,LOT_043,124.38,3.608,483.06,7.264,2.723,0.7469,7.547,2.768,0.7432,8.79,8.915,2.768,0.737,96.75,48.57,1.207,PASS,0
LOT_044_DIE_02043,LOT_044,124.94,3.576,491.49,13.621,2.229,0.7135,13.916,2.254,0.7113,14.714,15.245,2.286,0.7065,108.32,44.44,1.258,PASS,0
LOT_045_DIE_02044,LOT_045,126.07,3.583,482.02,10.064,2.688,0.6983,10.795,2.699,0.6949,11.473,12.068,2.745,0.6906,89.16,44.16,1.357,PASS,0
LOT_046_DIE_02045,LOT_046,126.01,3.591,479.42,14.219,2.268,0.6939,14.703,2.282,0.6901,14.813,15.725,2.298,0.6854,104.76,45.17,1.28,PASS,0
LOT_047_DIE_02046,LOT_047,124.16,3.651,493.22,12.486,2.595,0.7112,12.845,2.602,0.7091,13.318,14.517,2.645,0.7028,108.43,47.22,1.278,PASS,0
LOT_048_DIE_02047,LOT_048,125.31,3.583,502.29,10.596,2.645,0.7038,10.969,2.667,0.7026,11.322,11.97,2.697,0.6956,105.32,46.44,1.352,PASS,0
LOT_049_DIE_02048,LOT_049,127.7,3.588,477.32,12.269,2.209,0.6695,12.605,2.233,0.6665,13.355,14.091,2.254,0.6608,107.95,43.48,1.313,PASS,0
LOT_050_DIE_02049,LOT_050,124.32,3.603,485.38,9.818,2.633,0.6687,9.957,2.652,0.6661,10.785,11.687,2.649,0.6615,92.09,43.33,1.181,PASS,0
LOT_001_DIE_02050,LOT_001,124.59,3.48,458.09,12.789,2.681,0.7142,26.427,3.285,0.6857,46.458,88.704,4.733,0.6237,125.3,39.87,1.185,LATENT_DRIFT_RUNAWAY,1
LOT_002_DIE_02051,LOT_002,124.75,3.647,520.59,14.342,2.238,0.7261,14.878,2.271,0.7232,15.773,16.418,2.276,0.7215,104.52,43.28,1.172,PASS,0
LOT_003_DIE_02052,LOT_003,125.78,3.623,489.47,13.407,2.812,0.7321,13.681,2.834,0.7293,14.465,15.842,2.857,0.7259,105.63,49.0,1.365,PASS,0
LOT_004_DIE_02053,LOT_004,122.91,3.62,503.8,10.88,2.389,0.7245,11.05,2.395,0.7218,11.691,11.992,2.455,0.718,99.15,43.4,1.327,PASS,0
LOT_005_DIE_02054,LOT_005,123.82,3.564,502.71,6.518,2.169,0.7528,6.952,2.204,0.75,7.459,8.547,2.231,0.7473,105.31,39.75,1.18,PASS,0
LOT_006_DIE_02055,LOT_006,124.03,3.604,488.35,8.292,2.497,0.7615,8.702,2.521,0.7589,9.681,10.393,2.559,0.7534,92.87,43.36,1.37,PASS,0
LOT_007_DIE_02056,LOT_007,125.03,3.625,489.63,6.445,2.331,0.71,7.015,2.361,0.7058,7.606,8.157,2.378,0.7012,109.63,44.49,1.345,PASS,0
LOT_008_DIE_02057,LOT_008,124.25,3.624,522.61,13.87,2.441,0.6702,14.026,2.454,0.666,14.771,15.413,2.461,0.6596,101.16,44.11,1.226,PASS,0
LOT_009_DIE_02058,LOT_009,126.44,3.569,483.28,12.483,2.535,0.6766,13.162,2.548,0.6737,13.543,14.054,2.558,0.6704,97.93,44.19,1.21,PASS,0
LOT_010_DIE_02059,LOT_010,123.59,3.576,480.75,46.246,3.232,0.6774,54.49,3.89,0.6342,98.428,166.98,4.891,0.5563,115.5,37.16,1.314,LATENT_CONTEXTUAL_OUTLIER,1
LOT_011_DIE_02060,LOT_011,128.05,3.729,505.08,4.885,2.532,0.6813,5.418,2.549,0.6779,6.375,7.129,2.558,0.6719,92.52,41.08,1.219,PASS,0
LOT_012_DIE_02061,LOT_012,124.97,3.602,471.65,16.214,2.589,0.7104,16.724,2.599,0.7079,17.869,18.536,2.645,0.7023,100.39,49.31,1.223,PASS,0
LOT_013_DIE_02062,LOT_013,126.78,3.669,520.12,13.456,2.194,0.726,26.779,2.64,0.6992,46.231,78.501,3.843,0.653,112.93,38.15,1.273,LATENT_DRIFT_RUNAWAY,1
LOT_014_DIE_02063,LOT_014,125.4,3.548,518.11,9.38,2.604,0.7096,9.678,2.632,0.705,10.798,11.112,2.673,0.7006,102.78,43.61,1.275,PASS,0
LOT_015_DIE_02064,LOT_015,126.51,3.592,510.2,8.902,2.399,0.661,9.421,2.424,0.6567,10.625,11.114,2.424,0.6554,89.5,41.98,1.095,PASS,0
LOT_016_DIE_02065,LOT_016,125.4,3.578,508.55,9.178,2.668,0.707,9.883,2.701,0.7041,10.338,11.063,2.747,0.6969,104.81,46.48,1.382,PASS,0
LOT_017_DIE_02066,LOT_017,123.59,3.63,532.31,11.32,2.55,0.6886,11.602,2.557,0.6878,12.721,13.229,2.583,0.6766,98.18,48.12,1.272,PASS,0
LOT_018_DIE_02067,LOT_018,123.5,3.613,505.23,14.035,2.784,0.7682,14.296,2.792,0.7646,15.044,15.429,2.792,0.7595,96.92,48.7,1.277,PASS,0
LOT_019_DIE_02068,LOT_019,126.74,3.608,505.19,13.588,2.468,0.6842,27.391,3.015,0.6597,46.524,78.513,4.489,0.6277,114.89,42.1,1.091,LATENT_DRIFT_RUNAWAY,1
LOT_020_DIE_02069,LOT_020,125.49,3.584,480.45,9.262,2.312,0.7354,9.89,2.316,0.7328,10.039,10.455,2.358,0.7304,98.34,42.02,1.268,PASS,0
LOT_021_DIE_02070,LOT_021,125.95,3.595,518.78,11.11,2.329,0.7515,11.412,2.358,0.7499,12.249,13.234,2.348,0.739,95.87,43.29,1.27,PASS,0
LOT_022_DIE_02071,LOT_022,124.36,3.609,515.18,8.969,2.686,0.7049,9.242,2.706,0.7009,10.427,11.39,2.75,0.6964,106.82,41.95,1.281,PASS,0
LOT_023_DIE_02072,LOT_023,124.97,3.607,489.22,8.518,2.721,0.6674,9.056,2.742,0.6659,9.453,9.9,2.787,0.6591,100.82,46.68,1.436,PASS,0
LOT_024_DIE_02073,LOT_024,125.14,3.641,482.15,9.085,2.598,0.7153,9.397,2.605,0.7149,9.863,10.485,2.672,0.7084,105.31,44.23,1.211,PASS,0
LOT_025_DIE_02074,LOT_025,128.76,3.674,479.13,11.22,2.453,0.7245,11.869,2.472,0.7223,12.817,12.97,2.507,0.7195,96.39,42.93,1.149,PASS,0
LOT_026_DIE_02075,LOT_026,127.11,3.66,493.65,12.85,2.671,0.7147,13.379,2.68,0.7115,14.245,14.797,2.747,0.7079,99.63,47.88,1.291,PASS,0
LOT_027_DIE_02076,LOT_027,124.38,3.519,499.96,41.201,3.908,0.7125,53.218,4.737,0.6885,89.447,128.421,6.98,0.6153,108.67,37.95,1.242,LATENT_CONTEXTUAL_OUTLIER,1
LOT_028_DIE_02077,LOT_028,124.11,3.626,500.99,13.261,2.655,0.6632,13.7,2.676,0.6595,14.637,15.468,2.703,0.654,100.87,44.75,1.359,PASS,0
LOT_029_DIE_02078,LOT_029,127.4,3.586,475.79,13.099,2.685,0.6828,13.443,2.706,0.6792,14.706,15.155,2.758,0.6784,98.54,45.95,1.232,PASS,0
LOT_030_DIE_02079,LOT_030,125.04,3.656,515.77,10.129,2.492,0.6798,10.483,2.523,0.6757,10.803,11.265,2.494,0.6718,99.95,42.67,1.256,PASS,0
LOT_031_DIE_02080,LOT_031,124.71,3.582,499.43,14.191,2.48,0.7399,15.062,2.504,0.7361,15.612,16.291,2.537,0.7283,94.26,42.74,1.3,PASS,0
LOT_032_DIE_02081,LOT_032,126.85,3.581,485.93,11.616,2.309,0.7297,11.933,2.321,0.7265,12.971,13.689,2.381,0.7231,81.84,40.43,1.231,PASS,0
LOT_033_DIE_02082,LOT_033,123.9,3.638,495.55,8.876,2.451,0.7048,9.419,2.488,0.7026,10.065,10.523,2.465,0.6963,102.76,47.89,1.244,PASS,0
LOT_034_DIE_02083,LOT_034,125.53,3.579,489.25,16.379,2.389,0.69,16.98,2.407,0.6871,17.844,18.498,2.398,0.679,97.82,45.44,1.18,PASS,0
LOT_035_DIE_02084,LOT_035,125.01,3.558,517.28,17.163,2.49,0.6945,17.115,2.513,0.6911,17.972,18.787,2.513,0.6863,100.75,46.23,1.335,PASS,0
LOT_036_DIE_02085,LOT_036,123.91,3.636,493.92,14.957,2.732,0.6977,15.599,2.763,0.6945,16.81,17.588,2.77,0.6892,106.32,44.45,1.171,PASS,0
LOT_037_DIE_02086,LOT_037,125.02,3.643,485.95,10.73,2.495,0.7457,10.963,2.519,0.7429,11.605,11.867,2.53,0.7412,100.23,46.27,1.257,PASS,0
LOT_038_DIE_02087,LOT_038,124.58,3.537,499.3,8.402,2.459,0.7315,8.533,2.479,0.7286,9.172,9.668,2.531,0.7194,106.28,46.32,1.238,PASS,0
LOT_039_DIE_02088,LOT_039,126.84,3.606,486.88,42.058,4.21,0.7036,52.156,5.274,0.6669,92.005,146.943,6.968,0.5832,112.99,36.33,1.2,LATENT_CONTEXTUAL_OUTLIER,1
LOT_040_DIE_02089,LOT_040,123.45,3.564,503.82,10.074,2.721,0.7255,10.559,2.747,0.7236,11.795,12.29,2.731,0.713,90.82,45.27,1.125,PASS,0
LOT_041_DIE_02090,LOT_041,124.65,3.661,537.58,10.615,2.487,0.6999,11.208,2.502,0.6978,12.21,12.631,2.513,0.693,93.12,45.97,1.265,PASS,0
LOT_042_DIE_02091,LOT_042,125.26,3.563,497.26,12.527,2.452,0.7258,13.156,2.474,0.723,14.082,14.193,2.504,0.719,92.1,45.47,1.22,PASS,0
LOT_043_DIE_02092,LOT_043,125.14,3.627,508.52,8.254,2.705,0.7004,8.784,2.737,0.6969,9.052,9.919,2.755,0.6923,100.77,43.51,1.405,PASS,0
LOT_044_DIE_02093,LOT_044,125.49,3.602,488.02,14.603,2.467,0.7468,15.091,2.502,0.742,16.163,16.365,2.511,0.7381,109.71,46.95,1.235,PASS,0
LOT_045_DIE_02094,LOT_045,121.8,3.611,483.98,8.348,2.407,0.7271,8.799,2.404,0.7226,9.828,10.704,2.422,0.7207,100.75,43.37,1.31,PASS,0
LOT_046_DIE_02095,LOT_046,124.9,3.652,469.08,13.549,2.305,0.7016,13.696,2.328,0.6994,13.848,14.579,2.376,0.6928,110.99,45.37,1.183,PASS,0
LOT_047_DIE_02096,LOT_047,121.76,3.56,496.8,10.148,2.654,0.6852,10.695,2.677,0.6818,11.292,11.796,2.7,0.679,103.32,43.11,1.046,PASS,0
LOT_048_DIE_02097,LOT_048,124.37,3.65,492.19,10.327,2.701,0.7138,10.694,2.709,0.7097,11.491,12.22,2.757,0.703,108.49,43.99,1.211,PASS,0
LOT_049_DIE_02098,LOT_049,125.17,3.67,495.21,12.811,2.493,0.6828,13.411,2.518,0.6824,14.66,15.244,2.544,0.6744,108.57,43.2,1.338,PASS,0
LOT_050_DIE_02099,LOT_050,122.42,3.609,483.31,7.732,2.46,0.6967,8.174,2.482,0.6926,9.163,9.652,2.491,0.6898,102.0,49.26,1.273,PASS,0
LOT_001_DIE_02100,LOT_001,124.6,3.621,500.29,10.304,2.494,0.7421,11.146,2.516,0.7398,11.64,12.172,2.543,0.7329,106.11,42.65,1.4,PASS,0
LOT_002_DIE_02101,LOT_002,124.27,3.612,504.2,14.899,2.496,0.7234,15.127,2.508,0.7213,15.74,16.425,2.531,0.7165,108.22,44.97,1.272,PASS,0
LOT_003_DIE_02102,LOT_003,123.93,3.541,504.06,14.625,2.471,0.7295,14.979,2.473,0.7254,15.581,16.521,2.526,0.7256,93.95,46.19,1.167,PASS,0
LOT_004_DIE_02103,LOT_004,127.15,3.646,500.64,12.929,2.396,0.714,13.355,2.41,0.7124,13.617,14.206,2.466,0.7063,106.27,48.82,1.334,PASS,0
LOT_005_DIE_02104,LOT_005,126.31,3.685,490.95,6.638,2.509,0.6845,6.663,2.526,0.682,7.191,7.795,2.574,0.6755,100.97,43.85,1.247,PASS,0
LOT_006_DIE_02105,LOT_006,124.92,3.614,495.78,8.025,2.448,0.7438,8.264,2.472,0.7422,8.804,9.142,2.507,0.7305,96.6,46.72,1.209,PASS,0
LOT_007_DIE_02106,LOT_007,127.44,3.547,510.42,9.978,2.451,0.696,10.219,2.47,0.6935,11.625,11.727,2.521,0.6897,103.89,47.47,1.265,PASS,0
LOT_008_DIE_02107,LOT_008,125.09,3.658,500.84,15.12,2.427,0.6992,15.42,2.448,0.6953,16.505,17.302,2.493,0.6899,102.77,42.12,1.282,PASS,0
LOT_009_DIE_02108,LOT_009,126.15,3.663,489.86,12.171,2.74,0.6665,12.321,2.754,0.6635,13.317,13.891,2.811,0.6602,106.34,47.64,1.123,PASS,0
LOT_010_DIE_02109,LOT_010,125.33,3.634,497.23,13.084,2.659,0.6876,13.253,2.679,0.6839,14.518,15.535,2.693,0.6753,100.47,45.19,1.31,PASS,0
LOT_011_DIE_02110,LOT_011,124.69,3.68,498.18,8.966,2.723,0.705,9.587,2.733,0.7021,10.948,10.978,2.766,0.696,101.1,43.35,1.102,PASS,0
LOT_012_DIE_02111,LOT_012,125.29,3.626,478.72,15.798,2.643,0.7069,23.077,3.096,0.6814,49.092,84.574,4.568,0.64,115.82,40.7,1.265,LATENT_DRIFT_RUNAWAY,1
LOT_013_DIE_02112,LOT_013,126.33,3.531,506.99,12.393,2.695,0.7206,12.678,2.721,0.7187,13.591,14.264,2.75,0.7165,99.14,49.32,1.139,PASS,0
LOT_014_DIE_02113,LOT_014,122.28,3.532,521.13,8.008,2.582,0.7129,8.625,2.583,0.7088,9.297,10.229,2.668,0.7033,97.48,45.03,1.129,PASS,0
LOT_015_DIE_02114,LOT_015,123.33,3.651,502.1,8.682,2.581,0.7214,9.048,2.612,0.7184,10.218,11.028,2.623,0.7129,105.85,45.57,1.279,PASS,0
LOT_016_DIE_02115,LOT_016,124.4,3.572,505.7,8.357,2.459,0.6769,8.711,2.489,0.6735,9.642,9.674,2.501,0.6691,97.19,48.53,1.221,PASS,0
LOT_017_DIE_02116,LOT_017,123.7,3.56,510.9,10.009,2.461,0.6952,10.323,2.487,0.6926,10.656,11.606,2.48,0.6855,103.98,42.23,1.21,PASS,0
LOT_018_DIE_02117,LOT_018,126.27,3.648,489.3,11.396,2.377,0.7186,11.841,2.377,0.7165,12.246,12.573,2.404,0.7092,99.53,42.86,1.296,PASS,0
LOT_019_DIE_02118,LOT_019,127.16,3.59,517.43,11.376,2.567,0.7044,11.762,2.593,0.6994,12.291,12.901,2.633,0.6991,95.59,46.07,1.198,PASS,0
LOT_020_DIE_02119,LOT_020,126.51,3.638,506.4,10.786,2.73,0.7499,11.513,2.749,0.7473,12.584,12.714,2.818,0.7393,95.92,45.71,1.263,PASS,0
LOT_021_DIE_02120,LOT_021,126.57,3.579,513.15,11.624,2.265,0.7417,11.869,2.281,0.7388,12.576,12.96,2.344,0.7335,97.9,48.8,1.365,PASS,0
LOT_022_DIE_02121,LOT_022,124.69,3.586,503.13,8.879,2.677,0.6729,9.374,2.68,0.671,10.113,11.154,2.756,0.6629,106.82,47.33,1.299,PASS,0
LOT_023_DIE_02122,LOT_023,126.67,3.592,504.44,10.434,2.568,0.6752,10.768,2.573,0.6711,11.347,12.825,2.62,0.6692,104.68,48.05,1.178,PASS,0
LOT_024_DIE_02123,LOT_024,125.61,3.628,493.23,10.426,2.582,0.7431,10.81,2.627,0.7402,12.059,12.918,2.595,0.7321,106.88,43.97,1.377,PASS,0
LOT_025_DIE_02124,LOT_025,123.7,3.583,470.76,11.001,2.286,0.7155,10.977,2.307,0.7121,11.835,12.624,2.343,0.7088,96.89,48.23,1.253,PASS,0
LOT_026_DIE_02125,LOT_026,126.06,3.605,516.22,15.617,2.897,0.7326,27.331,3.413,0.7163,56.52,85.387,4.735,0.6626,113.54,33.72,1.25,LATENT_DRIFT_RUNAWAY,1
LOT_027_DIE_02126,LOT_027,123.65,3.631,505.68,11.533,2.362,0.7129,12.014,2.383,0.7091,13.316,13.448,2.433,0.7088,96.35,41.71,1.267,PASS,0
LOT_028_DIE_02127,LOT_028,123.79,3.625,526.92,11.958,2.46,0.6819,12.541,2.492,0.6784,13.807,14.143,2.524,0.6765,104.76,43.57,1.31,PASS,0
LOT_029_DIE_02128,LOT_029,122.58,3.615,472.88,11.584,2.385,0.6787,12.031,2.425,0.6775,12.918,13.3,2.451,0.6678,103.47,44.45,1.305,PASS,0
LOT_030_DIE_02129,LOT_030,122.91,3.644,499.75,10.706,2.848,0.6844,23.256,3.315,0.6735,50.276,92.306,3.86,0.6235,113.33,38.39,1.435,THERMAL_VOLTAGE_STRESS_FAILURE,1
LOT_031_DIE_02130,LOT_031,125.49,3.634,487.0,12.68,2.4,0.734,12.984,2.419,0.7324,13.534,13.844,2.485,0.7257,102.66,45.4,1.192,PASS,0
LOT_032_DIE_02131,LOT_032,125.78,3.576,492.7,7.951,2.653,0.6887,8.38,2.674,0.6859,8.978,9.721,2.695,0.6837,103.87,43.51,1.242,PASS,0
LOT_033_DIE_02132,LOT_033,124.77,3.586,490.2,8.961,2.712,0.7124,9.517,2.732,0.7099,10.364,11.02,2.754,0.7061,102.12,46.2,1.27,PASS,0
LOT_034_DIE_02133,LOT_034,124.95,3.648,485.57,16.981,2.381,0.6899,17.534,2.393,0.688,18.519,19.197,2.424,0.6846,91.31,45.45,1.129,PASS,0
LOT_035_DIE_02134,LOT_035,125.9,3.527,512.63,14.614,2.436,0.672,15.144,2.449,0.6685,15.581,16.324,2.495,0.6647,95.31,42.22,1.192,PASS,0
LOT_036_DIE_02135,LOT_036,125.98,3.693,482.32,14.525,2.27,0.6843,14.881,2.284,0.6804,15.471,16.488,2.336,0.6782,96.37,42.62,1.226,PASS,0
LOT_037_DIE_02136,LOT_037,123.67,3.577,500.99,10.929,2.414,0.7153,11.51,2.42,0.7125,12.472,13.037,2.433,0.7039,87.55,43.91,1.326,PASS,0
LOT_038_DIE_02137,LOT_038,123.32,3.642,515.06,8.621,2.514,0.7263,8.89,2.537,0.723,9.859,10.278,2.591,0.7157,91.77,44.06,1.364,PASS,0
LOT_039_DIE_02138,LOT_039,125.55,3.556,512.2,12.537,2.588,0.7359,12.964,2.614,0.7316,13.87,14.662,2.636,0.7291,105.37,49.56,1.187,PASS,0
LOT_040_DIE_02139,LOT_040,124.88,3.606,511.72,12.619,2.496,0.6585,12.96,2.497,0.6534,13.882,14.669,2.561,0.654,97.23,40.2,1.288,PASS,0
LOT_041_DIE_02140,LOT_041,125.86,3.632,507.98,11.949,2.419,0.6989,12.574,2.448,0.6957,12.978,13.934,2.486,0.6938,100.86,47.02,1.21,PASS,0
LOT_042_DIE_02141,LOT_042,125.15,3.577,490.4,10.725,2.636,0.7127,11.044,2.663,0.711,12.432,12.746,2.718,0.7032,96.91,47.47,1.224,PASS,0
LOT_043_DIE_02142,LOT_043,126.73,3.597,497.3,10.092,2.432,0.717,10.415,2.448,0.7138,11.359,11.83,2.489,0.7078,97.35,44.66,1.252,PASS,0
LOT_044_DIE_02143,LOT_044,127.24,3.61,489.17,11.571,2.527,0.7314,12.081,2.532,0.7287,12.77,13.528,2.58,0.7294,97.62,44.4,1.313,PASS,0
LOT_045_DIE_02144,LOT_045,126.4,3.651,486.05,11.906,2.66,0.7486,12.411,2.677,0.7461,13.722,14.661,2.69,0.7386,101.19,44.67,1.254,PASS,0
LOT_046_DIE_02145,LOT_046,126.28,3.597,462.43,12.615,2.616,0.6973,13.015,2.631,0.6947,13.279,14.207,2.667,0.6909,107.92,42.65,1.161,PASS,0
LOT_047_DIE_02146,LOT_047,122.32,3.59,494.52,10.272,2.494,0.7138,10.789,2.516,0.7104,11.906,12.207,2.558,0.7079,95.27,49.08,1.217,PASS,0
LOT_048_DIE_02147,LOT_048,124.14,3.636,480.52,11.036,2.418,0.7025,11.146,2.43,0.6976,11.961,12.146,2.472,0.6943,96.41,43.45,1.131,PASS,0
LOT_049_DIE_02148,LOT_049,125.06,3.594,488.36,10.672,2.421,0.6984,10.724,2.455,0.6969,11.572,12.157,2.483,0.6898,105.88,43.95,1.064,PASS,0
LOT_050_DIE_02149,LOT_050,126.22,3.595,493.62,9.432,2.346,0.6882,9.874,2.363,0.6867,10.417,11.785,2.405,0.6808,94.66,44.02,1.212,PASS,0
LOT_001_DIE_02150,LOT_001,126.46,3.638,474.76,10.94,2.376,0.7466,11.55,2.398,0.7416,12.229,12.908,2.443,0.7405,95.65,45.72,1.145,PASS,0
LOT_002_DIE_02151,LOT_002,124.13,3.663,481.51,14.119,2.554,0.718,14.759,2.578,0.7155,15.524,15.891,2.617,0.7071,105.91,45.03,1.439,PASS,0
LOT_003_DIE_02152,LOT_003,125.84,3.552,491.41,13.045,2.393,0.7378,13.419,2.419,0.7335,14.2,14.964,2.423,0.7258,99.2,40.72,1.271,PASS,0
LOT_004_DIE_02153,LOT_004,123.53,3.518,513.41,10.785,2.338,0.739,11.196,2.353,0.7352,11.839,12.265,2.37,0.7314,103.63,45.32,1.329,PASS,0
LOT_005_DIE_02154,LOT_005,126.02,3.637,509.66,10.682,2.613,0.7232,11.232,2.622,0.7187,12.132,12.899,2.668,0.7154,100.49,45.96,1.325,PASS,0
LOT_006_DIE_02155,LOT_006,125.48,3.682,505.58,9.592,2.726,0.7396,10.139,2.745,0.7379,11.109,11.706,2.781,0.7305,84.47,45.56,1.181,PASS,0
LOT_007_DIE_02156,LOT_007,124.66,3.629,474.07,7.417,2.619,0.6753,7.706,2.633,0.6718,8.279,9.065,2.679,0.6665,106.16,44.28,1.335,PASS,0
LOT_008_DIE_02157,LOT_008,124.09,3.561,507.45,16.022,2.817,0.6917,29.262,3.177,0.6762,50.999,80.571,3.704,0.6376,120.88,41.84,1.141,THERMAL_VOLTAGE_STRESS_FAILURE,1
LOT_009_DIE_02158,LOT_009,125.67,3.646,496.23,12.404,2.452,0.6778,12.856,2.459,0.673,14.007,14.404,2.519,0.6683,92.33,42.09,1.242,PASS,0
LOT_010_DIE_02159,LOT_010,125.0,3.55,480.97,10.989,2.399,0.7046,11.611,2.416,0.7016,12.707,13.005,2.458,0.6952,89.73,48.74,1.341,PASS,0
LOT_011_DIE_02160,LOT_011,123.87,3.584,492.84,7.974,2.445,0.7272,8.353,2.456,0.7232,8.993,9.676,2.477,0.7187,103.52,42.4,1.196,PASS,0
LOT_012_DIE_02161,LOT_012,125.73,3.619,481.16,16.916,2.425,0.6724,17.105,2.433,0.6698,18.262,18.524,2.509,0.6658,99.24,45.67,1.08,PASS,0
LOT_013_DIE_02162,LOT_013,124.73,3.597,528.33,13.139,2.309,0.7151,13.587,2.334,0.7112,14.752,15.225,2.341,0.7075,110.54,44.06,1.081,PASS,0
LOT_014_DIE_02163,LOT_014,125.57,3.475,520.63,10.161,2.598,0.702,10.29,2.611,0.6999,11.19,11.784,2.665,0.6928,86.65,44.06,1.299,PASS,0
LOT_015_DIE_02164,LOT_015,126.09,3.568,489.66,8.948,2.489,0.7098,9.087,2.512,0.7056,9.525,10.401,2.496,0.7,98.78,38.05,1.312,PASS,0
LOT_016_DIE_02165,LOT_016,125.72,3.642,525.91,12.03,2.557,0.7086,23.43,2.98,0.6893,45.172,66.688,4.221,0.6433,124.05,34.59,1.235,THERMAL_VOLTAGE_STRESS_FAILURE,1
LOT_017_DIE_02166,LOT_017,124.55,3.658,491.42,9.148,2.239,0.6766,9.704,2.274,0.6748,10.728,10.761,2.276,0.668,95.85,43.71,1.191,PASS,0
LOT_018_DIE_02167,LOT_018,124.36,3.594,496.11,11.38,2.688,0.7161,11.367,2.712,0.7128,12.285,12.973,2.767,0.7075,98.79,50.39,1.205,PASS,0
LOT_019_DIE_02168,LOT_019,125.51,3.53,522.89,11.593,2.458,0.6931,11.903,2.483,0.6894,12.77,13.436,2.505,0.6823,106.29,48.04,1.303,PASS,0
LOT_020_DIE_02169,LOT_020,125.3,3.542,505.95,9.952,2.586,0.7322,10.191,2.629,0.7299,10.96,11.524,2.638,0.7236,91.02,47.92,0.991,PASS,0
LOT_021_DIE_02170,LOT_021,125.86,3.569,512.69,12.625,2.31,0.7162,12.709,2.341,0.7139,13.636,14.022,2.373,0.7072,102.0,48.15,1.162,PASS,0
LOT_022_DIE_02171,LOT_022,123.29,3.58,500.23,38.748,3.918,0.6403,52.56,4.777,0.5941,90.961,126.757,6.408,0.5348,121.48,36.04,1.213,LATENT_CONTEXTUAL_OUTLIER,1
LOT_023_DIE_02172,LOT_023,125.37,3.636,505.19,10.123,2.701,0.6827,10.579,2.751,0.6773,11.538,12.014,2.73,0.6731,97.4,46.0,1.213,PASS,0
LOT_024_DIE_02173,LOT_024,124.96,3.559,492.0,10.303,2.233,0.7289,10.45,2.261,0.7258,11.205,12.064,2.27,0.7195,100.46,48.24,1.35,PASS,0
LOT_025_DIE_02174,LOT_025,126.11,3.595,472.2,9.378,2.471,0.7268,10.033,2.482,0.724,10.398,11.336,2.547,0.7149,94.7,46.43,1.273,PASS,0
LOT_026_DIE_02175,LOT_026,122.06,3.635,507.38,13.212,2.38,0.713,13.482,2.388,0.7095,14.432,14.988,2.448,0.7031,100.43,41.48,1.247,PASS,0
LOT_027_DIE_02176,LOT_027,122.23,3.649,518.44,7.112,2.498,0.7153,7.587,2.514,0.7105,8.299,9.216,2.547,0.7063,102.48,44.62,1.317,PASS,0
LOT_028_DIE_02177,LOT_028,125.59,3.608,517.72,12.795,2.249,0.6953,13.293,2.276,0.692,14.476,14.482,2.296,0.6899,93.56,42.64,1.145,PASS,0
LOT_029_DIE_02178,LOT_029,124.96,3.599,495.36,14.158,2.465,0.6826,14.413,2.49,0.6797,14.795,15.431,2.542,0.674,100.71,46.93,1.294,PASS,0
LOT_030_DIE_02179,LOT_030,125.02,3.63,506.15,8.153,2.499,0.6689,8.43,2.535,0.6655,9.737,10.398,2.555,0.6612,111.31,45.37,1.257,PASS,0
LOT_031_DIE_02180,LOT_031,125.62,3.547,489.85,12.262,2.247,0.7145,12.693,2.268,0.7111,13.146,13.508,2.3,0.7063,98.07,47.52,1.294,PASS,0
LOT_032_DIE_02181,LOT_032,122.91,3.471,478.86,9.265,2.338,0.7045,9.621,2.347,0.702,10.753,11.247,2.436,0.6943,97.96,43.66,1.239,PASS,0
LOT_033_DIE_02182,LOT_033,122.12,3.612,477.96,7.089,2.447,0.7115,7.163,2.467,0.7092,8.186,9.027,2.51,0.7015,105.01,43.46,0.991,PASS,0
LOT_034_DIE_02183,LOT_034,125.1,3.618,491.23,14.245,2.744,0.6963,14.758,2.756,0.6939,15.579,16.176,2.831,0.6876,104.02,44.08,1.241,PASS,0
LOT_035_DIE_02184,LOT_035,124.01,3.556,517.8,15.777,2.283,0.7249,16.278,2.309,0.7219,17.713,18.387,2.326,0.7153,103.31,47.92,1.294,PASS,0
LOT_036_DIE_02185,LOT_036,124.03,3.613,510.32,13.825,2.567,0.717,14.352,2.572,0.715,15.488,16.363,2.631,0.7111,101.0,45.81,1.419,PASS,0
LOT_037_DIE_02186,LOT_037,124.69,3.601,492.44,8.343,2.722,0.7109,8.773,2.732,0.706,9.768,10.008,2.764,0.7001,93.9,45.56,1.238,PASS,0
LOT_038_DIE_02187,LOT_038,125.06,3.607,515.54,7.674,2.338,0.7169,8.426,2.348,0.7143,9.159,9.418,2.385,0.7092,98.78,43.58,1.176,PASS,0
LOT_039_DIE_02188,LOT_039,125.13,3.664,498.16,11.36,2.246,0.724,11.952,2.278,0.7208,12.656,13.405,2.296,0.7136,102.89,47.43,1.401,PASS,0
LOT_040_DIE_02189,LOT_040,121.9,3.614,512.71,11.518,2.61,0.7125,12.127,2.636,0.7103,12.874,13.5,2.653,0.7046,103.83,47.31,1.235,PASS,0
LOT_041_DIE_02190,LOT_041,123.93,3.652,529.68,8.0,2.334,0.6897,8.19,2.325,0.6871,9.707,10.077,2.391,0.6803,99.54,46.99,1.168,PASS,0
LOT_042_DIE_02191,LOT_042,123.48,3.618,487.61,11.646,2.496,0.7225,11.911,2.527,0.7195,13.0,13.515,2.568,0.715,90.95,42.84,1.305,PASS,0
LOT_043_DIE_02192,LOT_043,125.96,3.606,507.69,6.21,2.38,0.7569,6.637,2.389,0.7537,7.244,8.212,2.385,0.7484,91.11,41.8,1.238,PASS,0
LOT_044_DIE_02193,LOT_044,124.0,3.6,487.37,13.783,2.525,0.7068,14.375,2.537,0.7047,15.027,15.574,2.578,0.7,96.06,43.03,1.271,PASS,0
LOT_045_DIE_02194,LOT_045,125.87,3.64,496.77,11.81,2.761,0.6961,21.132,3.292,0.6736,43.85,73.422,4.91,0.6161,115.9,33.37,1.264,LATENT_DRIFT_RUNAWAY,1
LOT_046_DIE_02195,LOT_046,122.95,3.614,475.85,11.596,2.312,0.7111,12.017,2.33,0.7072,12.771,13.746,2.34,0.7059,103.73,47.37,1.312,PASS,0
LOT_047_DIE_02196,LOT_047,125.75,3.612,500.95,11.299,2.233,0.7176,24.467,2.721,0.6901,49.261,94.686,4.237,0.627,111.42,36.4,1.226,LATENT_DRIFT_RUNAWAY,1
LOT_048_DIE_02197,LOT_048,126.25,3.632,503.12,11.819,2.666,0.7096,12.137,2.673,0.7061,12.737,13.17,2.738,0.702,108.39,43.63,1.313,PASS,0
LOT_049_DIE_02198,LOT_049,123.78,3.614,491.47,9.851,2.577,0.66,10.098,2.584,0.6581,11.469,12.505,2.59,0.6551,95.55,47.32,1.315,PASS,0
LOT_050_DIE_02199,LOT_050,127.88,3.524,496.26,11.73,2.65,0.7017,11.92,2.678,0.6984,12.87,13.291,2.679,0.694,96.67,44.88,1.136,PASS,0
LOT_001_DIE_02200,LOT_001,125.62,3.522,490.3,11.354,2.734,0.7439,11.742,2.755,0.7407,12.628,13.442,2.759,0.7348,106.8,44.39,1.304,PASS,0
LOT_002_DIE_02201,LOT_002,124.54,3.675,507.24,14.562,2.579,0.7535,14.86,2.603,0.7506,15.772,16.412,2.617,0.7421,106.21,42.01,1.339,PASS,0
LOT_003_DIE_02202,LOT_003,127.47,3.607,485.97,11.109,2.222,0.7248,11.415,2.241,0.7204,12.345,12.596,2.251,0.7162,97.26,42.55,1.408,PASS,0
LOT_004_DIE_02203,LOT_004,124.16,3.552,502.14,13.769,2.485,0.7123,14.135,2.52,0.7098,15.08,15.517,2.533,0.7035,103.68,44.27,1.2,PASS,0
LOT_005_DIE_02204,LOT_005,127.36,3.569,530.45,7.806,2.349,0.7169,7.949,2.383,0.7153,8.637,9.241,2.405,0.7105,99.48,44.3,1.219,PASS,0
LOT_006_DIE_02205,LOT_006,126.64,3.592,485.28,8.239,2.805,0.7426,8.646,2.82,0.7385,9.349,9.867,2.899,0.7365,97.04,45.57,1.214,PASS,0
LOT_007_DIE_02206,LOT_007,122.2,3.605,486.41,8.334,2.667,0.6866,8.548,2.696,0.6834,9.471,10.107,2.692,0.6782,94.92,46.06,1.242,PASS,0
LOT_008_DIE_02207,LOT_008,126.15,3.694,509.18,16.926,2.76,0.7033,17.117,2.781,0.7023,18.111,18.271,2.804,0.6923,100.39,47.19,1.298,PASS,0
LOT_009_DIE_02208,LOT_009,123.73,3.622,503.49,14.096,2.516,0.6915,14.65,2.526,0.6881,15.375,15.988,2.593,0.6852,95.47,46.59,1.339,PASS,0
LOT_010_DIE_02209,LOT_010,124.48,3.574,504.38,13.402,2.518,0.6904,13.949,2.526,0.6871,14.82,15.395,2.578,0.6847,97.99,49.92,1.353,PASS,0
LOT_011_DIE_02210,LOT_011,126.25,3.572,488.14,7.174,2.554,0.6801,7.62,2.571,0.6792,8.627,9.146,2.575,0.6721,98.53,50.28,1.19,PASS,0
LOT_012_DIE_02211,LOT_012,123.88,3.646,470.86,14.177,2.5,0.7123,14.74,2.527,0.7087,15.416,16.304,2.537,0.7098,100.75,48.0,1.286,PASS,0
LOT_013_DIE_02212,LOT_013,125.78,3.611,504.2,14.78,2.615,0.7106,15.241,2.641,0.7092,16.425,16.553,2.647,0.7031,101.83,46.7,1.289,PASS,0
LOT_014_DIE_02213,LOT_014,123.82,3.625,519.58,9.026,2.435,0.7348,9.697,2.454,0.7311,10.15,10.816,2.46,0.7262,103.26,51.15,1.383,PASS,0
LOT_015_DIE_02214,LOT_015,126.79,3.613,496.24,10.746,2.509,0.6857,11.143,2.539,0.6824,12.137,12.262,2.543,0.6761,99.63,44.01,1.241,PASS,0
LOT_016_DIE_02215,LOT_016,124.95,3.594,517.74,7.275,2.606,0.7078,7.5,2.608,0.705,8.516,9.071,2.66,0.7005,94.38,46.89,1.124,PASS,0
LOT_017_DIE_02216,LOT_017,125.63,3.579,522.32,9.335,2.591,0.6769,9.732,2.587,0.674,10.621,11.175,2.681,0.669,95.94,42.45,1.361,PASS,0
LOT_018_DIE_02217,LOT_018,126.19,3.584,501.22,10.377,2.511,0.7397,10.631,2.548,0.7371,11.564,11.785,2.591,0.7311,100.42,44.21,1.252,PASS,0
LOT_019_DIE_02218,LOT_019,125.18,3.586,521.49,10.95,2.415,0.7187,11.35,2.437,0.7151,11.843,12.556,2.482,0.7141,98.49,44.92,1.253,PASS,0
LOT_020_DIE_02219,LOT_020,126.26,3.609,489.01,8.611,2.261,0.7605,8.783,2.297,0.7585,9.21,10.019,2.298,0.7523,102.56,45.62,1.334,PASS,0
LOT_021_DIE_02220,LOT_021,125.32,3.595,514.26,12.744,2.455,0.7471,13.309,2.481,0.743,14.041,14.491,2.52,0.7386,97.9,41.81,1.249,PASS,0
LOT_022_DIE_02221,LOT_022,124.2,3.62,516.16,8.62,2.496,0.7035,9.112,2.515,0.7007,9.527,10.249,2.537,0.6925,105.22,43.6,1.353,PASS,0
LOT_023_DIE_02222,LOT_023,125.69,3.583,494.54,10.269,2.73,0.6936,10.695,2.774,0.6907,11.118,12.133,2.771,0.6828,98.32,45.18,1.157,PASS,0
LOT_024_DIE_02223,LOT_024,124.78,3.616,501.84,11.005,2.532,0.7231,11.495,2.552,0.72,11.577,12.068,2.605,0.7156,105.31,43.14,1.092,PASS,0
LOT_025_DIE_02224,LOT_025,125.26,3.54,497.81,10.916,2.524,0.7408,11.446,2.544,0.7377,12.337,12.647,2.578,0.732,93.28,43.38,1.064,PASS,0
LOT_026_DIE_02225,LOT_026,124.57,3.589,490.24,13.073,2.677,0.7038,13.266,2.686,0.6997,14.443,15.059,2.733,0.6982,97.03,45.07,1.304,PASS,0
LOT_027_DIE_02226,LOT_027,127.13,3.671,515.1,10.356,2.507,0.7271,10.707,2.531,0.724,12.061,12.806,2.561,0.7188,94.47,42.29,1.306,PASS,0
LOT_028_DIE_02227,LOT_028,124.62,3.608,513.96,11.818,2.581,0.6926,12.219,2.601,0.6897,12.864,13.093,2.646,0.6825,104.15,45.07,1.264,PASS,0
LOT_029_DIE_02228,LOT_029,125.26,3.55,490.51,13.923,2.492,0.6949,21.575,2.94,0.6718,50.724,89.725,4.638,0.6357,120.43,30.4,1.201,LATENT_DRIFT_RUNAWAY,1
LOT_030_DIE_02229,LOT_030,125.07,3.553,478.95,10.927,2.501,0.6821,11.448,2.51,0.678,12.163,12.35,2.539,0.6755,98.64,45.33,1.209,PASS,0
LOT_031_DIE_02230,LOT_031,125.04,3.7,510.59,11.486,2.612,0.7173,11.936,2.63,0.7148,12.832,13.259,2.657,0.7083,108.01,47.62,1.117,PASS,0
LOT_032_DIE_02231,LOT_032,126.25,3.577,504.48,8.105,2.453,0.7011,8.45,2.477,0.6966,8.873,9.618,2.478,0.6943,107.92,45.29,1.242,PASS,0
LOT_033_DIE_02232,LOT_033,126.06,3.701,481.4,10.869,2.369,0.698,11.17,2.384,0.6948,12.098,12.774,2.434,0.6886,106.81,43.72,1.297,PASS,0
LOT_034_DIE_02233,LOT_034,124.54,3.609,497.29,15.402,2.392,0.6846,15.711,2.43,0.6831,16.853,17.608,2.388,0.6776,100.6,41.53,1.317,PASS,0
LOT_035_DIE_02234,LOT_035,123.64,3.554,513.44,14.575,2.494,0.6878,15.066,2.528,0.6859,15.715,15.94,2.601,0.6837,102.45,42.3,1.128,PASS,0
LOT_036_DIE_02235,LOT_036,124.9,3.581,493.4,14.429,2.406,0.7217,14.715,2.424,0.7182,15.364,15.616,2.455,0.7156,105.3,47.95,1.287,PASS,0
LOT_037_DIE_02236,LOT_037,124.06,3.619,506.42,9.703,2.536,0.7267,10.151,2.553,0.7244,10.997,11.57,2.567,0.7169,101.02,44.48,1.271,PASS,0
LOT_038_DIE_02237,LOT_038,123.25,3.548,521.16,9.546,2.645,0.7063,23.02,3.015,0.6894,45.383,77.375,4.78,0.6281,120.37,34.98,1.316,LATENT_DRIFT_RUNAWAY,1
LOT_039_DIE_02238,LOT_039,124.23,3.641,497.26,13.107,2.4,0.702,13.405,2.422,0.6997,13.965,14.348,2.453,0.6939,97.25,47.1,1.349,PASS,0
LOT_040_DIE_02239,LOT_040,123.67,3.667,508.79,11.401,2.52,0.7139,11.952,2.572,0.7077,12.885,14.09,2.553,0.7061,95.34,48.32,1.217,PASS,0
LOT_041_DIE_02240,LOT_041,124.33,3.709,503.95,9.991,2.427,0.675,10.307,2.442,0.6705,10.923,11.771,2.472,0.6665,102.33,44.08,1.137,PASS,0
LOT_042_DIE_02241,LOT_042,125.61,3.648,501.62,12.077,2.546,0.7286,12.622,2.579,0.7251,13.901,14.26,2.644,0.7247,90.08,43.01,1.296,PASS,0
LOT_043_DIE_02242,LOT_043,125.06,3.648,488.36,9.384,2.694,0.7272,9.48,2.707,0.7235,9.685,10.446,2.754,0.7205,101.55,47.16,1.217,PASS,0
LOT_044_DIE_02243,LOT_044,124.67,3.619,485.03,12.93,2.498,0.7172,13.431,2.518,0.713,14.103,15.297,2.515,0.7106,101.07,47.12,1.163,PASS,0
LOT_045_DIE_02244,LOT_045,123.34,3.568,496.42,10.501,2.853,0.7396,11.336,2.873,0.7362,12.177,12.554,2.906,0.7328,100.39,43.09,1.277,PASS,0
LOT_046_DIE_02245,LOT_046,126.99,3.606,473.13,13.437,2.663,0.6833,13.773,2.671,0.6785,14.714,15.306,2.735,0.6781,102.52,47.88,1.128,PASS,0
LOT_047_DIE_02246,LOT_047,124.8,3.554,487.58,10.069,2.275,0.6938,10.772,2.304,0.6894,11.134,11.441,2.313,0.6826,102.87,40.68,1.086,PASS,0
LOT_048_DIE_02247,LOT_048,125.31,3.709,500.62,12.006,2.398,0.7055,12.344,2.425,0.7016,13.104,13.942,2.437,0.6953,95.08,44.05,1.207,PASS,0
LOT_049_DIE_02248,LOT_049,125.0,3.595,485.99,11.301,2.383,0.6717,11.965,2.416,0.6692,12.46,12.764,2.43,0.6666,95.51,40.83,1.319,PASS,0
LOT_050_DIE_02249,LOT_050,125.33,3.641,509.03,8.234,2.441,0.6894,8.925,2.454,0.6855,9.178,10.455,2.493,0.6835,92.67,44.45,1.241,PASS,0
LOT_001_DIE_02250,LOT_001,121.73,3.609,470.36,9.235,2.733,0.7649,9.632,2.732,0.7623,10.614,11.349,2.74,0.7532,102.57,41.71,1.132,PASS,0
LOT_002_DIE_02251,LOT_002,122.37,3.572,500.28,15.638,2.658,0.7363,16.179,2.673,0.7344,16.721,17.59,2.732,0.7308,104.99,51.13,1.408,PASS,0
LOT_003_DIE_02252,LOT_003,125.95,3.616,475.67,11.639,2.33,0.7372,11.871,2.358,0.7352,13.156,13.477,2.372,0.7275,89.29,42.89,1.217,PASS,0
LOT_004_DIE_02253,LOT_004,123.6,3.59,511.19,12.849,2.648,0.7436,13.23,2.685,0.7399,14.461,15.305,2.697,0.7366,97.51,46.3,1.099,PASS,0
LOT_005_DIE_02254,LOT_005,126.54,3.663,503.62,8.145,2.516,0.692,8.317,2.543,0.6894,9.566,10.014,2.559,0.6849,98.65,42.33,1.416,PASS,0
LOT_006_DIE_02255,LOT_006,125.06,3.591,491.27,8.162,2.489,0.725,8.515,2.508,0.7222,9.414,10.299,2.561,0.7154,99.52,45.32,1.261,PASS,0
LOT_007_DIE_02256,LOT_007,124.88,3.625,506.48,9.741,2.467,0.7147,10.182,2.483,0.7114,11.008,11.577,2.514,0.7076,93.06,47.22,1.214,PASS,0
LOT_008_DIE_02257,LOT_008,124.43,3.687,498.03,15.341,2.685,0.6992,15.798,2.704,0.6954,15.816,16.359,2.724,0.6901,98.29,46.39,1.311,PASS,0
LOT_009_DIE_02258,LOT_009,123.59,3.588,500.58,8.707,2.638,0.6881,9.005,2.646,0.6868,9.999,10.661,2.693,0.6803,98.93,48.34,1.15,PASS,0
LOT_010_DIE_02259,LOT_010,122.65,3.565,475.2,12.25,2.497,0.7157,12.697,2.515,0.711,13.588,14.354,2.549,0.706,98.18,41.85,1.155,PASS,0
LOT_011_DIE_02260,LOT_011,126.24,3.592,490.45,9.919,2.394,0.7136,10.227,2.415,0.7085,11.484,12.323,2.452,0.706,96.24,43.51,1.336,PASS,0
LOT_012_DIE_02261,LOT_012,126.41,3.527,489.71,15.385,2.42,0.6712,15.647,2.428,0.6676,16.005,16.972,2.455,0.6609,99.32,45.79,1.24,PASS,0
LOT_013_DIE_02262,LOT_013,124.75,3.655,490.79,14.385,2.542,0.7545,14.716,2.559,0.7523,15.696,16.115,2.57,0.748,102.75,45.37,1.154,PASS,0
LOT_014_DIE_02263,LOT_014,122.45,3.619,503.91,10.363,2.391,0.7167,10.805,2.422,0.7127,12.35,12.852,2.412,0.7085,92.55,43.39,1.431,PASS,0
LOT_015_DIE_02264,LOT_015,126.64,3.626,514.63,10.46,2.362,0.6808,11.249,2.375,0.6774,12.407,12.849,2.405,0.6709,98.34,47.98,1.226,PASS,0
LOT_016_DIE_02265,LOT_016,125.51,3.626,528.14,41.816,4.005,0.6875,56.157,5.171,0.6397,83.922,141.538,7.169,0.5877,118.6,38.51,1.252,LATENT_CONTEXTUAL_OUTLIER,1
LOT_017_DIE_02266,LOT_017,126.05,3.586,531.07,9.82,2.3,0.6785,10.006,2.33,0.6763,11.327,11.833,2.356,0.6686,102.29,40.92,1.304,PASS,0
LOT_018_DIE_02267,LOT_018,123.82,3.681,495.66,10.206,2.428,0.7212,10.772,2.448,0.7179,12.138,13.052,2.458,0.7122,98.42,46.57,1.232,PASS,0
LOT_019_DIE_02268,LOT_019,125.2,3.608,522.55,10.663,2.487,0.7139,11.262,2.496,0.7106,11.453,12.043,2.52,0.7063,102.1,43.21,1.23,PASS,0
LOT_020_DIE_02269,LOT_020,123.53,3.558,498.08,11.152,2.288,0.7503,11.786,2.309,0.7469,12.5,12.908,2.328,0.7405,100.28,40.73,1.179,PASS,0
LOT_021_DIE_02270,LOT_021,124.24,3.62,505.79,12.44,2.444,0.7051,12.948,2.457,0.7031,13.597,14.128,2.494,0.6993,103.67,48.6,1.209,PASS,0
LOT_022_DIE_02271,LOT_022,124.89,3.631,518.05,5.462,2.404,0.6908,5.836,2.419,0.6888,6.608,7.048,2.469,0.6813,102.82,42.96,1.231,PASS,0
LOT_023_DIE_02272,LOT_023,125.32,3.626,494.67,11.564,2.526,0.6583,11.828,2.535,0.6558,12.798,13.945,2.585,0.6487,100.48,45.8,1.34,PASS,0
LOT_024_DIE_02273,LOT_024,125.34,3.591,481.02,11.331,2.622,0.7378,11.765,2.644,0.7361,12.76,13.57,2.695,0.731,101.74,46.75,1.196,PASS,0
LOT_025_DIE_02274,LOT_025,125.37,3.641,494.92,9.933,2.466,0.7072,10.214,2.476,0.7063,10.977,11.707,2.499,0.6977,94.78,45.31,1.241,PASS,0
LOT_026_DIE_02275,LOT_026,124.65,3.583,487.04,14.69,2.474,0.7469,14.615,2.502,0.7451,15.211,15.827,2.537,0.7333,105.21,45.22,1.383,PASS,0
LOT_027_DIE_02276,LOT_027,126.64,3.599,522.91,9.041,2.777,0.7483,9.392,2.795,0.7477,10.19,10.723,2.826,0.7399,93.92,49.16,1.154,PASS,0
LOT_028_DIE_02277,LOT_028,124.68,3.608,515.09,10.081,2.542,0.6948,10.662,2.551,0.692,11.37,12.404,2.557,0.6853,90.64,44.33,1.225,PASS,0
LOT_029_DIE_02278,LOT_029,123.09,3.564,494.66,12.479,2.721,0.6729,12.553,2.734,0.6707,13.68,14.496,2.751,0.6592,103.64,42.41,1.214,PASS,0
LOT_030_DIE_02279,LOT_030,125.98,3.612,494.72,9.093,2.381,0.7076,9.622,2.388,0.703,9.909,10.702,2.426,0.6999,102.38,47.68,1.318,PASS,0
LOT_031_DIE_02280,LOT_031,124.75,3.502,487.76,11.058,2.505,0.7433,11.382,2.516,0.7425,12.031,12.74,2.561,0.7371,101.49,47.71,1.139,PASS,0
LOT_032_DIE_02281,LOT_032,123.67,3.589,483.06,7.741,2.487,0.713,8.186,2.507,0.7097,9.024,9.96,2.529,0.7053,102.14,43.77,1.132,PASS,0
LOT_033_DIE_02282,LOT_033,125.85,3.608,491.2,7.771,2.598,0.6908,8.107,2.605,0.6874,9.243,10.079,2.611,0.6836,95.6,46.57,1.238,PASS,0
LOT_034_DIE_02283,LOT_034,125.54,3.626,488.34,14.113,2.307,0.7141,14.814,2.323,0.7097,15.538,15.861,2.346,0.7081,99.16,49.25,1.31,PASS,0
LOT_035_DIE_02284,LOT_035,125.2,3.631,509.06,13.039,2.374,0.695,13.378,2.395,0.6913,14.204,14.55,2.444,0.6847,94.43,43.45,1.199,PASS,0
LOT_036_DIE_02285,LOT_036,123.65,3.53,501.34,14.406,2.38,0.7162,15.144,2.387,0.7129,15.747,16.153,2.404,0.7075,91.97,49.26,1.336,PASS,0
LOT_037_DIE_02286,LOT_037,124.81,3.582,513.68,8.888,2.614,0.7196,9.466,2.626,0.7172,9.607,10.518,2.655,0.7126,106.77,45.58,1.202,PASS,0
LOT_038_DIE_02287,LOT_038,126.06,3.589,496.29,8.162,2.788,0.726,22.034,3.279,0.7083,50.895,79.518,5.042,0.6502,110.4,33.98,1.304,LATENT_DRIFT_RUNAWAY,1
LOT_039_DIE_02288,LOT_039,124.32,3.632,497.11,12.533,2.755,0.7194,12.712,2.78,0.7173,13.974,14.708,2.803,0.7128,99.12,40.83,1.339,PASS,0
LOT_040_DIE_02289,LOT_040,124.1,3.569,540.1,11.179,2.643,0.6893,11.592,2.67,0.6863,11.684,12.323,2.7,0.6845,100.38,47.72,1.05,PASS,0
LOT_041_DIE_02290,LOT_041,124.37,3.602,515.75,8.559,2.649,0.7166,8.816,2.684,0.7149,9.71,10.18,2.693,0.7072,105.44,45.65,1.203,PASS,0
LOT_042_DIE_02291,LOT_042,124.61,3.593,484.87,11.453,2.526,0.7146,11.876,2.542,0.712,12.451,12.441,2.604,0.7051,90.55,46.08,1.261,PASS,0
LOT_043_DIE_02292,LOT_043,124.29,3.686,513.84,7.77,2.565,0.7048,8.449,2.585,0.7013,9.13,9.712,2.624,0.693,96.81,44.38,1.317,PASS,0
LOT_044_DIE_02293,LOT_044,124.62,3.56,495.46,15.517,2.261,0.7143,15.887,2.299,0.7113,17.095,17.841,2.328,0.7079,106.2,49.9,1.303,PASS,0
LOT_045_DIE_02294,LOT_045,122.54,3.571,487.0,7.935,2.441,0.7057,8.19,2.463,0.7008,8.61,9.11,2.48,0.698,102.13,44.62,1.22,PASS,0
LOT_046_DIE_02295,LOT_046,125.2,3.584,467.07,10.709,2.371,0.6914,11.14,2.395,0.6882,11.953,12.378,2.431,0.6821,98.09,47.31,1.272,PASS,0
LOT_047_DIE_02296,LOT_047,124.06,3.581,501.88,9.829,2.724,0.7098,10.455,2.753,0.7052,11.206,11.925,2.811,0.702,103.25,42.39,1.339,PASS,0
LOT_048_DIE_02297,LOT_048,123.36,3.561,489.54,8.865,2.321,0.6932,8.995,2.356,0.6895,9.728,10.199,2.378,0.6886,102.72,47.63,1.282,PASS,0
LOT_049_DIE_02298,LOT_049,125.26,3.599,484.32,12.628,2.82,0.6913,12.907,2.838,0.6892,13.307,13.236,2.861,0.6861,98.25,40.62,1.306,PASS,0
LOT_050_DIE_02299,LOT_050,124.62,3.615,491.34,11.644,2.552,0.6906,11.947,2.575,0.6881,12.526,14.152,2.633,0.6843,99.0,48.46,1.197,PASS,0
LOT_001_DIE_02300,LOT_001,124.79,3.602,477.82,11.776,2.559,0.7298,12.196,2.579,0.7271,13.049,14.089,2.625,0.7213,95.94,42.78,1.213,PASS,0
LOT_002_DIE_02301,LOT_002,124.93,3.588,531.7,13.672,2.42,0.7115,14.162,2.445,0.7094,14.886,15.355,2.489,0.7044,103.53,48.25,1.276,PASS,0
LOT_003_DIE_02302,LOT_003,124.27,3.584,505.06,14.711,2.47,0.7437,15.195,2.485,0.742,16.007,16.685,2.535,0.7365,98.51,45.56,1.227,PASS,0
LOT_004_DIE_02303,LOT_004,123.9,3.619,496.35,13.618,2.615,0.7325,14.09,2.629,0.7302,15.643,15.916,2.668,0.7253,96.44,46.63,1.268,PASS,0
LOT_005_DIE_02304,LOT_005,125.48,3.55,533.88,8.615,2.557,0.689,8.754,2.569,0.6852,9.719,10.583,2.577,0.68,103.31,47.81,1.292,PASS,0
LOT_006_DIE_02305,LOT_006,122.61,3.64,493.48,9.793,2.226,0.7465,10.222,2.235,0.7428,11.381,12.003,2.283,0.7388,95.87,45.6,1.256,PASS,0
LOT_007_DIE_02306,LOT_007,124.56,3.636,510.67,9.399,2.482,0.6918,9.908,2.503,0.688,10.747,11.445,2.546,0.6848,101.16,49.59,1.032,PASS,0
LOT_008_DIE_02307,LOT_008,125.19,3.672,518.41,13.854,2.301,0.7119,13.929,2.318,0.7101,14.621,15.275,2.325,0.7088,107.61,43.5,1.208,PASS,0
LOT_009_DIE_02308,LOT_009,124.03,3.595,484.24,11.179,2.771,0.6896,11.477,2.79,0.6859,12.517,12.869,2.79,0.6861,104.56,44.84,1.144,PASS,0
LOT_010_DIE_02309,LOT_010,124.62,3.557,475.42,10.962,2.558,0.6822,11.273,2.573,0.6794,12.178,12.692,2.606,0.673,100.91,44.89,1.301,PASS,0
LOT_011_DIE_02310,LOT_011,123.63,3.54,504.69,6.848,2.304,0.6861,7.407,2.317,0.6845,8.292,8.779,2.371,0.6765,98.74,39.26,1.213,PASS,0
LOT_012_DIE_02311,LOT_012,124.23,3.537,465.02,17.139,2.435,0.6838,17.287,2.453,0.6815,18.315,18.634,2.481,0.6763,103.38,46.02,1.221,PASS,0
LOT_013_DIE_02312,LOT_013,125.98,3.653,507.8,15.31,2.514,0.7401,15.758,2.539,0.7382,17.013,17.359,2.535,0.733,93.39,49.95,1.214,PASS,0
LOT_014_DIE_02313,LOT_014,125.22,3.636,520.79,9.395,2.298,0.69,9.916,2.31,0.6853,10.686,11.181,2.367,0.6815,100.89,43.68,1.184,PASS,0
LOT_015_DIE_02314,LOT_015,125.39,3.645,503.33,8.362,2.26,0.7023,8.697,2.275,0.6984,9.427,10.217,2.328,0.6899,94.55,44.07,1.227,PASS,0
LOT_016_DIE_02315,LOT_016,124.4,3.607,520.16,10.918,2.532,0.7119,11.375,2.55,0.7093,11.918,12.451,2.565,0.7035,94.45,47.6,1.216,PASS,0
LOT_017_DIE_02316,LOT_017,124.85,3.639,513.39,10.11,2.58,0.69,10.746,2.606,0.686,11.492,12.672,2.647,0.6785,100.28,47.34,1.384,PASS,0
LOT_018_DIE_02317,LOT_018,125.34,3.629,477.93,11.163,2.527,0.7271,11.432,2.549,0.7246,12.245,12.64,2.632,0.7184,101.98,45.51,1.159,PASS,0
LOT_019_DIE_02318,LOT_019,125.31,3.589,532.99,12.095,2.648,0.6886,12.63,2.672,0.686,13.676,14.171,2.702,0.6781,90.82,49.32,1.198,PASS,0
LOT_020_DIE_02319,LOT_020,127.04,3.604,492.34,10.091,2.628,0.7288,10.413,2.648,0.7265,10.98,11.454,2.689,0.7217,101.69,42.81,1.354,PASS,0
LOT_021_DIE_02320,LOT_021,125.46,3.573,527.01,10.624,2.411,0.7249,11.085,2.449,0.7233,11.837,12.114,2.477,0.7182,95.14,45.21,1.186,PASS,0
LOT_022_DIE_02321,LOT_022,125.64,3.538,539.14,6.917,2.629,0.6929,7.397,2.641,0.6889,8.521,9.183,2.679,0.6829,88.76,47.33,1.249,PASS,0
LOT_023_DIE_02322,LOT_023,124.28,3.583,495.82,10.736,2.557,0.6938,10.974,2.562,0.6907,11.623,11.902,2.618,0.6886,105.68,46.49,1.184,PASS,0
LOT_024_DIE_02323,LOT_024,122.32,3.572,498.79,12.115,2.312,0.7424,12.386,2.324,0.7405,13.269,14.145,2.372,0.7383,104.35,49.52,1.232,PASS,0
LOT_025_DIE_02324,LOT_025,123.81,3.66,480.81,10.506,2.218,0.7359,10.899,2.238,0.7321,11.984,12.468,2.252,0.7313,97.99,47.62,1.171,PASS,0
LOT_026_DIE_02325,LOT_026,125.69,3.531,499.17,12.814,2.432,0.7128,13.2,2.434,0.7099,14.049,14.609,2.471,0.7072,104.77,43.52,1.231,PASS,0
LOT_027_DIE_02326,LOT_027,125.65,3.601,520.32,6.925,2.578,0.7185,7.268,2.597,0.7141,7.67,8.755,2.642,0.7102,99.97,46.45,1.133,PASS,0
LOT_028_DIE_02327,LOT_028,122.24,3.611,504.04,12.218,2.548,0.6795,12.512,2.55,0.675,13.417,13.946,2.603,0.6753,93.42,43.41,1.227,PASS,0
LOT_029_DIE_02328,LOT_029,124.1,3.594,478.13,10.813,2.577,0.7029,24.007,3.153,0.6792,58.144,91.122,4.046,0.6099,111.39,38.12,1.227,LATENT_DRIFT_RUNAWAY,1
LOT_030_DIE_02329,LOT_030,125.53,3.527,517.78,7.422,2.429,0.6681,8.128,2.442,0.6647,9.001,9.394,2.464,0.6596,97.24,44.42,1.217,PASS,0
LOT_031_DIE_02330,LOT_031,126.66,3.581,487.79,13.088,2.438,0.7145,13.555,2.463,0.7116,14.041,14.517,2.461,0.7052,92.56,42.5,1.154,PASS,0
LOT_032_DIE_02331,LOT_032,125.63,3.591,481.61,7.97,2.566,0.727,8.098,2.59,0.7215,9.072,9.537,2.614,0.7189,94.54,41.48,1.158,PASS,0
LOT_033_DIE_02332,LOT_033,127.0,3.622,476.74,7.521,2.593,0.7036,7.97,2.613,0.7003,8.818,9.533,2.632,0.6958,97.6,39.72,0.956,PASS,0
LOT_034_DIE_02333,LOT_034,125.43,3.647,499.47,16.097,2.479,0.7144,16.421,2.491,0.7106,17.228,17.627,2.535,0.7077,102.78,42.19,1.173,PASS,0
LOT_035_DIE_02334,LOT_035,125.73,3.569,522.61,15.234,2.475,0.7053,15.579,2.503,0.7029,15.957,16.202,2.511,0.6985,100.91,44.94,1.265,PASS,0
LOT_036_DIE_02335,LOT_036,124.43,3.62,496.56,39.056,3.694,0.6552,51.572,4.792,0.6181,84.334,129.011,5.888,0.5321,114.6,32.82,1.465,LATENT_CONTEXTUAL_OUTLIER,1
LOT_037_DIE_02336,LOT_037,126.56,3.608,505.02,9.053,2.346,0.7195,9.718,2.356,0.7163,10.286,10.381,2.37,0.7097,102.39,43.0,1.22,PASS,0
LOT_038_DIE_02337,LOT_038,126.36,3.574,498.27,7.642,2.431,0.7271,8.021,2.439,0.725,8.859,9.314,2.467,0.7179,98.87,43.23,1.039,PASS,0
LOT_039_DIE_02338,LOT_039,124.72,3.612,493.73,13.571,2.621,0.7477,13.939,2.642,0.7441,14.379,14.826,2.702,0.7433,98.22,45.54,1.278,PASS,0
LOT_040_DIE_02339,LOT_040,124.96,3.623,523.49,12.819,2.611,0.711,13.656,2.634,0.7075,14.131,14.768,2.709,0.7024,92.09,45.57,1.312,PASS,0
LOT_041_DIE_02340,LOT_041,125.84,3.568,514.42,8.322,2.515,0.683,8.829,2.539,0.6787,10.066,10.239,2.607,0.6764,96.79,40.9,1.114,PASS,0
LOT_042_DIE_02341,LOT_042,125.01,3.551,493.95,13.62,2.57,0.7323,13.877,2.595,0.7295,14.915,15.026,2.588,0.7224,103.2,50.13,1.284,PASS,0
LOT_043_DIE_02342,LOT_043,123.61,3.581,504.92,7.619,2.237,0.7389,8.223,2.258,0.738,9.072,9.598,2.297,0.7319,102.55,50.42,1.244,PASS,0
LOT_044_DIE_02343,LOT_044,126.01,3.647,488.53,14.22,2.613,0.6996,14.784,2.64,0.6958,15.89,16.563,2.677,0.6889,104.68,49.66,1.174,PASS,0
LOT_045_DIE_02344,LOT_045,125.12,3.647,477.76,10.021,2.546,0.7246,10.649,2.549,0.7225,11.424,11.822,2.594,0.7173,97.66,42.89,1.231,PASS,0
LOT_046_DIE_02345,LOT_046,124.57,3.663,474.13,14.786,2.582,0.6863,15.042,2.592,0.6834,16.369,17.16,2.611,0.6759,104.08,45.05,1.244,PASS,0
LOT_047_DIE_02346,LOT_047,123.59,3.705,501.97,11.114,2.682,0.7316,18.686,3.308,0.706,41.317,75.603,4.728,0.6381,110.09,41.05,1.472,LATENT_DRIFT_RUNAWAY,1
LOT_048_DIE_02347,LOT_048,124.55,3.633,483.15,11.777,2.776,0.6957,12.251,2.802,0.693,13.62,14.316,2.815,0.6876,94.45,40.4,1.199,PASS,0
LOT_049_DIE_02348,LOT_049,126.43,3.597,486.51,15.653,2.771,0.6946,25.372,3.114,0.668,46.878,91.943,4.532,0.6237,116.45,36.14,1.223,LATENT_DRIFT_RUNAWAY,1
LOT_050_DIE_02349,LOT_050,124.39,3.611,500.99,8.757,2.54,0.668,8.902,2.57,0.6664,9.748,10.128,2.564,0.6591,95.58,44.46,1.32,PASS,0
LOT_001_DIE_02350,LOT_001,125.14,3.516,477.54,9.416,2.275,0.7387,9.791,2.302,0.7353,10.768,10.959,2.328,0.7304,103.05,46.13,1.301,PASS,0
LOT_002_DIE_02351,LOT_002,123.39,3.584,499.78,15.654,2.492,0.7179,16.137,2.511,0.7154,16.848,17.463,2.559,0.7131,106.8,39.17,1.376,PASS,0
LOT_003_DIE_02352,LOT_003,125.63,3.553,492.58,11.748,2.453,0.7379,12.372,2.463,0.7344,12.855,13.688,2.515,0.7275,100.9,46.39,1.226,PASS,0
LOT_004_DIE_02353,LOT_004,124.91,3.549,510.56,11.657,2.185,0.7592,11.962,2.217,0.7562,12.821,13.465,2.243,0.7526,99.15,42.53,1.208,PASS,0
LOT_005_DIE_02354,LOT_005,125.08,3.545,508.87,10.112,2.419,0.7326,10.365,2.438,0.7287,11.062,11.804,2.459,0.7252,99.88,42.55,1.364,PASS,0
LOT_006_DIE_02355,LOT_006,125.23,3.579,482.16,7.964,2.584,0.7438,8.383,2.625,0.7403,9.337,9.913,2.65,0.7417,108.73,39.05,1.349,PASS,0
LOT_007_DIE_02356,LOT_007,124.67,3.568,496.16,6.887,2.453,0.6974,7.146,2.486,0.6942,8.179,8.837,2.508,0.6882,101.81,47.38,1.153,PASS,0
LOT_008_DIE_02357,LOT_008,123.79,3.553,529.76,12.913,2.734,0.6975,13.215,2.746,0.6942,13.614,14.44,2.747,0.6894,106.51,47.71,1.342,PASS,0
LOT_009_DIE_02358,LOT_009,124.91,3.579,492.9,11.695,2.43,0.7008,12.347,2.432,0.6984,12.843,13.681,2.489,0.6944,96.34,46.35,1.233,PASS,0
LOT_010_DIE_02359,LOT_010,126.3,3.532,488.88,12.225,2.448,0.709,12.521,2.446,0.7056,13.142,13.641,2.509,0.703,101.21,46.58,1.112,PASS,0
LOT_011_DIE_02360,LOT_011,125.93,3.579,483.99,6.834,2.48,0.6956,7.313,2.498,0.692,8.318,8.617,2.534,0.6872,101.72,44.69,1.294,PASS,0
LOT_012_DIE_02361,LOT_012,125.68,3.625,500.38,13.039,2.355,0.703,13.667,2.399,0.6996,14.413,15.063,2.393,0.6966,105.05,41.67,1.259,PASS,0
LOT_013_DIE_02362,LOT_013,125.47,3.584,516.29,14.262,2.101,0.7059,14.711,2.139,0.7031,15.67,15.952,2.141,0.6994,106.83,50.46,1.216,PASS,0
LOT_014_DIE_02363,LOT_014,124.89,3.623,515.51,8.571,2.668,0.718,9.045,2.685,0.7146,10.058,10.147,2.687,0.7095,102.32,41.41,1.363,PASS,0
LOT_015_DIE_02364,LOT_015,123.82,3.577,498.02,9.864,2.587,0.6854,10.372,2.614,0.6842,11.145,11.882,2.6,0.6774,101.86,42.56,1.214,PASS,0
LOT_016_DIE_02365,LOT_016,126.2,3.626,527.12,9.706,2.663,0.7142,10.208,2.69,0.7115,10.978,11.63,2.705,0.7057,101.35,45.5,1.229,PASS,0
LOT_017_DIE_02366,LOT_017,124.82,3.602,512.7,11.566,2.358,0.6897,12.081,2.389,0.6873,13.456,13.876,2.378,0.6813,101.4,45.95,1.304,PASS,0
LOT_018_DIE_02367,LOT_018,123.09,3.617,485.3,9.17,2.193,0.7221,9.795,2.224,0.7181,10.018,10.429,2.226,0.7124,99.24,41.53,1.208,PASS,0
LOT_019_DIE_02368,LOT_019,125.62,3.513,491.46,13.244,2.433,0.6707,13.591,2.453,0.6679,14.581,14.723,2.492,0.6615,99.71,45.83,1.301,PASS,0
LOT_020_DIE_02369,LOT_020,125.92,3.609,503.0,8.128,2.78,0.7361,8.705,2.81,0.7327,9.741,10.486,2.793,0.7281,100.77,46.64,1.12,PASS,0
LOT_021_DIE_02370,LOT_021,127.61,3.54,511.67,13.64,2.388,0.7353,13.877,2.406,0.7326,14.696,15.115,2.439,0.7257,97.67,45.19,1.265,PASS,0
LOT_022_DIE_02371,LOT_022,123.57,3.652,505.58,10.546,2.402,0.6998,10.911,2.431,0.6974,11.733,11.932,2.484,0.69,94.43,41.67,1.256,PASS,0
LOT_023_DIE_02372,LOT_023,124.71,3.595,497.99,10.043,2.767,0.7024,10.472,2.793,0.6984,10.977,11.795,2.837,0.6971,102.07,43.37,1.138,PASS,0
LOT_024_DIE_02373,LOT_024,124.45,3.616,480.15,11.3,2.476,0.7224,11.598,2.501,0.7197,12.153,12.683,2.535,0.7145,99.07,45.34,1.278,PASS,0
LOT_025_DIE_02374,LOT_025,124.21,3.567,492.87,12.077,2.554,0.7087,23.635,3.011,0.6977,51.54,83.984,4.171,0.6532,110.75,35.59,1.13,THERMAL_VOLTAGE_STRESS_FAILURE,1
LOT_026_DIE_02375,LOT_026,124.86,3.633,499.22,13.549,2.11,0.7214,14.053,2.136,0.7195,14.832,15.591,2.154,0.7124,98.82,44.62,1.005,PASS,0
LOT_027_DIE_02376,LOT_027,124.99,3.568,520.46,8.765,2.381,0.7214,9.2,2.404,0.7181,10.237,10.916,2.45,0.7127,108.22,47.36,1.329,PASS,0
LOT_028_DIE_02377,LOT_028,123.56,3.621,525.89,12.878,2.365,0.6658,13.389,2.392,0.6639,14.288,14.575,2.436,0.659,105.15,46.02,1.366,PASS,0
LOT_029_DIE_02378,LOT_029,126.22,3.554,478.98,12.348,2.461,0.7323,12.925,2.477,0.7286,13.584,14.331,2.554,0.7212,109.91,47.03,1.433,PASS,0
LOT_030_DIE_02379,LOT_030,124.25,3.637,491.9,8.81,2.602,0.6853,9.079,2.618,0.6826,9.548,10.079,2.623,0.6761,95.86,46.26,1.141,PASS,0
LOT_031_DIE_02380,LOT_031,127.3,3.673,489.52,12.701,2.879,0.7317,13.041,2.885,0.7277,14.06,14.569,2.943,0.7218,101.33,47.9,1.113,PASS,0
LOT_032_DIE_02381,LOT_032,124.75,3.633,491.38,9.089,2.509,0.7185,9.732,2.515,0.715,10.749,11.751,2.571,0.712,98.97,43.47,1.225,PASS,0
LOT_033_DIE_02382,LOT_033,122.81,3.621,476.24,7.585,2.75,0.7321,7.889,2.768,0.7292,8.722,9.279,2.784,0.7235,103.89,44.85,1.116,PASS,0
LOT_034_DIE_02383,LOT_034,124.99,3.588,499.13,16.351,2.948,0.6816,16.944,2.978,0.6783,17.48,17.957,2.991,0.6729,89.89,44.3,1.3,PASS,0
LOT_035_DIE_02384,LOT_035,125.79,3.639,515.69,15.171,2.698,0.7288,15.483,2.717,0.7254,16.05,16.213,2.721,0.7214,96.22,40.96,1.283,PASS,0
LOT_036_DIE_02385,LOT_036,125.43,3.612,481.6,11.984,2.658,0.6897,12.19,2.677,0.6871,13.32,13.901,2.702,0.6812,102.03,47.84,1.203,PASS,0
LOT_037_DIE_02386,LOT_037,126.33,3.588,499.84,11.108,2.502,0.7152,11.343,2.529,0.7125,12.214,12.814,2.538,0.7083,100.63,48.51,1.256,PASS,0
LOT_038_DIE_02387,LOT_038,124.35,3.612,506.89,8.956,2.511,0.7178,9.406,2.524,0.7145,10.187,10.682,2.568,0.7107,104.07,44.48,1.098,PASS,0
LOT_039_DIE_02388,LOT_039,125.33,3.624,495.67,11.907,2.425,0.7471,11.843,2.44,0.7441,13.038,13.032,2.494,0.7368,95.14,44.72,1.276,PASS,0
LOT_040_DIE_02389,LOT_040,127.26,3.545,507.57,10.561,2.403,0.7147,11.145,2.424,0.7131,11.614,12.299,2.478,0.7063,94.32,49.02,1.384,PASS,0
LOT_041_DIE_02390,LOT_041,124.44,3.612,511.13,7.968,2.33,0.7126,8.26,2.336,0.7086,9.134,9.984,2.367,0.7054,104.22,49.53,1.255,PASS,0
LOT_042_DIE_02391,LOT_042,124.37,3.629,502.11,10.876,2.52,0.7463,11.315,2.539,0.7418,12.119,12.277,2.554,0.736,98.89,47.09,1.219,PASS,0
LOT_043_DIE_02392,LOT_043,123.79,3.643,475.61,7.802,2.708,0.7248,7.965,2.736,0.7213,8.845,9.706,2.761,0.7157,103.29,49.36,1.101,PASS,0
LOT_044_DIE_02393,LOT_044,125.99,3.515,499.81,13.716,2.588,0.7215,14.163,2.601,0.7181,14.618,15.43,2.623,0.7134,111.47,47.11,1.28,PASS,0
LOT_045_DIE_02394,LOT_045,127.2,3.581,498.83,9.601,2.735,0.7321,9.902,2.753,0.73,10.919,11.168,2.748,0.726,95.86,49.28,1.199,PASS,0
LOT_046_DIE_02395,LOT_046,126.63,3.599,484.19,13.928,2.465,0.6954,14.177,2.487,0.6931,15.242,15.523,2.51,0.6866,89.56,46.14,1.216,PASS,0
LOT_047_DIE_02396,LOT_047,125.75,3.533,507.4,9.083,2.522,0.7164,9.543,2.555,0.7148,10.076,10.707,2.614,0.7103,96.4,44.94,1.252,PASS,0
LOT_048_DIE_02397,LOT_048,124.96,3.643,494.69,12.328,2.439,0.7177,12.695,2.459,0.7142,13.132,13.96,2.489,0.7098,95.75,44.83,1.301,PASS,0
LOT_049_DIE_02398,LOT_049,121.8,3.595,465.62,8.989,2.362,0.6713,9.351,2.382,0.6682,10.397,11.042,2.427,0.664,103.2,46.52,1.275,PASS,0
LOT_050_DIE_02399,LOT_050,128.18,3.525,491.66,7.738,2.734,0.6902,7.967,2.752,0.6858,8.62,9.622,2.814,0.6803,96.68,46.97,1.108,PASS,0
LOT_001_DIE_02400,LOT_001,126.01,3.623,501.92,9.949,2.462,0.7594,10.359,2.473,0.7579,10.7,11.741,2.51,0.7529,92.56,48.66,1.241,PASS,0
LOT_002_DIE_02401,LOT_002,124.51,3.581,507.0,14.124,2.46,0.7066,14.498,2.499,0.7034,15.215,15.737,2.502,0.6991,98.82,46.91,1.287,PASS,0
LOT_003_DIE_02402,LOT_003,126.43,3.595,467.2,13.894,2.555,0.7252,14.618,2.585,0.7229,15.621,16.361,2.607,0.7186,97.6,46.26,1.222,PASS,0
LOT_004_DIE_02403,LOT_004,123.15,3.651,489.18,10.629,2.683,0.7336,10.875,2.718,0.7299,11.494,12.334,2.754,0.7276,103.67,40.56,1.241,PASS,0
LOT_005_DIE_02404,LOT_005,125.48,3.538,525.95,10.121,2.437,0.7124,10.316,2.444,0.7097,11.411,11.436,2.505,0.7002,99.45,42.55,1.299,PASS,0
LOT_006_DIE_02405,LOT_006,123.55,3.5,476.52,8.258,2.41,0.7343,8.848,2.423,0.7308,9.776,10.857,2.47,0.7262,100.46,44.6,1.363,PASS,0
LOT_007_DIE_02406,LOT_007,125.03,3.581,485.3,9.339,2.648,0.6702,9.886,2.667,0.6661,10.546,11.298,2.691,0.6614,96.31,43.88,1.361,PASS,0
LOT_008_DIE_02407,LOT_008,125.49,3.571,518.83,16.303,2.568,0.6965,16.562,2.589,0.6938,17.923,18.421,2.611,0.6884,102.37,43.44,1.207,PASS,0
LOT_009_DIE_02408,LOT_009,126.02,3.651,481.56,11.156,2.472,0.6696,11.398,2.489,0.6664,12.174,12.979,2.512,0.6604,93.45,43.6,1.171,PASS,0
LOT_010_DIE_02409,LOT_010,125.48,3.614,488.97,12.949,2.713,0.7312,13.574,2.736,0.7282,13.623,14.244,2.74,0.7226,102.17,47.24,1.261,PASS,0
LOT_011_DIE_02410,LOT_011,124.96,3.63,491.95,8.653,2.4,0.7068,9.256,2.426,0.7037,9.336,10.124,2.449,0.7009,98.94,44.39,1.222,PASS,0
LOT_012_DIE_02411,LOT_012,126.14,3.661,493.32,16.021,2.467,0.6982,16.625,2.493,0.6954,17.426,18.441,2.54,0.6918,98.81,43.56,1.185,PASS,0
LOT_013_DIE_02412,LOT_013,123.22,3.576,508.3,12.762,2.39,0.7133,12.919,2.424,0.7104,13.396,14.004,2.446,0.7051,108.62,50.15,1.342,PASS,0
LOT_014_DIE_02413,LOT_014,124.6,3.561,509.5,8.677,2.759,0.7353,8.817,2.764,0.7331,9.712,9.918,2.805,0.7282,97.96,41.2,1.213,PASS,0
LOT_015_DIE_02414,LOT_015,125.04,3.603,499.27,10.215,2.432,0.6994,10.511,2.455,0.6953,11.392,12.039,2.481,0.692,96.84,44.75,1.107,PASS,0
LOT_016_DIE_02415,LOT_016,126.67,3.594,509.85,11.063,2.618,0.7122,11.408,2.664,0.7099,12.533,12.866,2.65,0.7061,108.86,44.32,1.221,PASS,0
LOT_017_DIE_02416,LOT_017,124.29,3.611,516.97,10.718,2.641,0.7056,11.311,2.66,0.7034,12.019,12.246,2.719,0.6977,98.12,47.0,1.25,PASS,0
LOT_018_DIE_02417,LOT_018,126.09,3.564,484.03,13.409,2.446,0.7336,13.707,2.449,0.7317,14.266,15.313,2.519,0.7295,103.37,44.33,1.236,PASS,0
LOT_019_DIE_02418,LOT_019,127.17,3.591,523.13,12.126,2.562,0.6981,12.637,2.572,0.6973,13.593,13.892,2.579,0.6905,89.68,44.0,1.315,PASS,0
LOT_020_DIE_02419,LOT_020,124.16,3.625,493.7,12.288,2.724,0.7392,12.633,2.738,0.7346,13.293,13.988,2.774,0.7298,106.25,43.09,1.204,PASS,0
LOT_021_DIE_02420,LOT_021,125.81,3.551,503.72,14.416,2.762,0.7352,14.811,2.776,0.7322,15.533,16.342,2.815,0.7275,114.54,43.91,1.317,PASS,0
LOT_022_DIE_02421,LOT_022,126.96,3.604,530.24,6.225,2.719,0.6846,6.849,2.741,0.6812,7.717,8.091,2.756,0.6774,102.29,45.02,1.27,PASS,0
LOT_023_DIE_02422,LOT_023,125.26,3.63,492.66,8.778,2.729,0.6752,9.201,2.763,0.6705,8.977,9.547,2.775,0.6667,92.63,45.57,1.383,PASS,0
LOT_024_DIE_02423,LOT_024,126.9,3.591,492.59,11.598,2.596,0.7082,11.991,2.631,0.7047,12.747,13.547,2.628,0.7033,97.07,42.86,1.21,PASS,0
LOT_025_DIE_02424,LOT_025,126.36,3.566,480.49,10.452,2.668,0.7123,11.268,2.689,0.7089,11.818,12.792,2.727,0.7053,95.32,42.69,1.201,PASS,0
LOT_026_DIE_02425,LOT_026,123.92,3.598,501.56,13.27,2.384,0.7223,13.633,2.405,0.7171,14.336,14.842,2.45,0.7157,105.09,42.34,1.376,PASS,0
LOT_027_DIE_02426,LOT_027,125.41,3.576,517.01,7.149,2.419,0.7159,7.74,2.432,0.7134,8.418,9.08,2.463,0.7088,95.8,43.55,1.16,PASS,0
LOT_028_DIE_02427,LOT_028,126.17,3.579,508.38,12.637,2.476,0.6934,13.123,2.504,0.6902,13.82,14.591,2.558,0.6817,91.11,46.01,1.183,PASS,0
LOT_029_DIE_02428,LOT_029,124.62,3.582,473.4,10.719,2.554,0.6913,11.683,2.59,0.6886,12.239,12.711,2.634,0.6791,105.59,45.2,1.359,PASS,0
LOT_030_DIE_02429,LOT_030,124.91,3.644,507.1,9.93,2.709,0.6817,10.367,2.72,0.6803,11.61,12.062,2.719,0.6751,99.14,46.62,1.222,PASS,0
LOT_031_DIE_02430,LOT_031,124.21,3.575,499.98,12.916,2.496,0.7436,13.711,2.515,0.7394,14.173,14.901,2.538,0.7346,96.07,49.17,1.278,PASS,0
LOT_032_DIE_02431,LOT_032,124.43,3.599,486.02,8.133,2.37,0.7168,8.579,2.392,0.7146,9.368,9.874,2.453,0.7089,96.5,45.51,1.191,PASS,0
LOT_033_DIE_02432,LOT_033,125.15,3.609,479.08,9.049,2.515,0.6737,9.639,2.534,0.6702,10.166,11.229,2.578,0.6687,95.33,45.58,1.151,PASS,0
LOT_034_DIE_02433,LOT_034,126.19,3.572,481.52,14.415,2.406,0.6709,14.656,2.415,0.6671,15.639,16.024,2.458,0.6638,104.6,45.5,1.318,PASS,0
LOT_035_DIE_02434,LOT_035,125.32,3.528,519.98,15.976,2.409,0.7136,16.384,2.423,0.7112,16.75,17.605,2.447,0.7067,102.51,46.27,1.172,PASS,0
LOT_036_DIE_02435,LOT_036,127.17,3.682,490.03,12.344,2.457,0.7013,13.095,2.473,0.698,13.595,14.329,2.482,0.6962,93.47,44.57,1.264,PASS,0
LOT_037_DIE_02436,LOT_037,125.24,3.651,495.86,12.945,2.633,0.7141,27.026,2.964,0.6954,46.303,74.494,3.63,0.6459,111.56,37.46,1.326,THERMAL_VOLTAGE_STRESS_FAILURE,1
LOT_038_DIE_02437,LOT_038,125.07,3.646,515.07,9.085,2.455,0.7082,9.353,2.477,0.7042,10.057,10.417,2.466,0.698,97.42,46.55,1.165,PASS,0
LOT_039_DIE_02438,LOT_039,126.0,3.592,478.07,11.01,2.259,0.7368,11.501,2.248,0.7321,11.781,12.855,2.331,0.7265,98.67,48.47,1.169,PASS,0
LOT_040_DIE_02439,LOT_040,124.25,3.601,521.52,8.428,2.252,0.7264,8.841,2.266,0.7231,9.816,10.131,2.277,0.7194,96.85,44.77,1.251,PASS,0
LOT_041_DIE_02440,LOT_041,123.6,3.555,524.28,9.658,2.548,0.6935,9.881,2.569,0.6895,10.778,11.346,2.616,0.6818,95.99,46.2,1.323,PASS,0
LOT_042_DIE_02441,LOT_042,123.88,3.626,494.25,11.563,2.425,0.7266,12.159,2.435,0.723,12.728,13.602,2.472,0.716,95.54,42.93,1.277,PASS,0
LOT_043_DIE_02442,LOT_043,125.15,3.602,509.4,8.779,2.625,0.7295,9.388,2.656,0.7263,9.886,10.278,2.67,0.7208,99.28,45.34,1.094,PASS,0
LOT_044_DIE_02443,LOT_044,125.27,3.602,497.04,14.201,2.333,0.7228,14.542,2.346,0.7194,14.812,15.636,2.408,0.713,100.0,46.93,1.181,PASS,0
LOT_045_DIE_02444,LOT_045,125.64,3.565,485.24,10.063,2.396,0.7208,10.304,2.422,0.7159,11.171,11.532,2.445,0.7148,94.07,46.04,1.284,PASS,0
LOT_046_DIE_02445,LOT_046,126.31,3.582,483.96,11.999,2.556,0.7195,12.548,2.577,0.7142,13.49,14.222,2.589,0.712,99.63,47.81,1.348,PASS,0
LOT_047_DIE_02446,LOT_047,123.6,3.565,490.7,10.105,2.544,0.7341,10.449,2.544,0.7321,11.692,12.241,2.573,0.7288,108.81,42.29,1.362,PASS,0
LOT_048_DIE_02447,LOT_048,127.69,3.579,498.53,12.444,2.715,0.7052,12.734,2.741,0.7019,13.66,14.459,2.825,0.6972,100.98,44.43,1.256,PASS,0
LOT_049_DIE_02448,LOT_049,125.15,3.584,498.23,10.408,2.445,0.6811,10.785,2.454,0.678,11.659,12.085,2.504,0.6746,98.94,44.66,1.168,PASS,0
LOT_050_DIE_02449,LOT_050,125.59,3.564,484.82,8.592,2.365,0.6903,8.929,2.41,0.6877,9.803,10.575,2.41,0.6849,111.17,43.6,1.249,PASS,0
LOT_001_DIE_02450,LOT_001,124.06,3.603,474.73,11.986,2.236,0.7114,12.502,2.234,0.7076,13.284,13.951,2.288,0.7027,101.47,46.76,1.239,PASS,0
LOT_002_DIE_02451,LOT_002,125.42,3.634,502.47,15.427,2.492,0.715,15.73,2.5,0.711,16.512,16.765,2.53,0.7101,96.9,45.32,1.235,PASS,0
LOT_003_DIE_02452,LOT_003,123.59,3.614,495.31,12.746,2.645,0.7356,13.467,2.666,0.7333,14.744,15.215,2.707,0.7296,91.7,46.77,1.249,PASS,0
LOT_004_DIE_02453,LOT_004,124.2,3.619,505.24,11.97,2.616,0.7502,20.411,3.234,0.7338,48.154,93.043,4.18,0.681,112.65,38.48,1.218,LATENT_DRIFT_RUNAWAY,1
LOT_005_DIE_02454,LOT_005,124.52,3.582,510.25,8.656,2.514,0.7024,9.245,2.548,0.7014,10.751,11.521,2.569,0.6956,92.36,44.48,1.256,PASS,0
LOT_006_DIE_02455,LOT_006,125.16,3.653,495.49,6.541,2.741,0.7455,6.651,2.766,0.7423,7.705,8.061,2.785,0.7407,98.02,43.13,1.267,PASS,0
LOT_007_DIE_02456,LOT_007,124.03,3.631,495.49,8.878,2.479,0.6898,9.299,2.523,0.6864,10.112,10.369,2.51,0.6837,95.12,45.75,1.184,PASS,0
LOT_008_DIE_02457,LOT_008,125.4,3.595,516.36,13.578,2.409,0.674,13.831,2.44,0.6698,14.115,14.793,2.461,0.6673,94.6,43.54,1.228,PASS,0
LOT_009_DIE_02458,LOT_009,126.45,3.585,489.16,9.914,2.796,0.6548,10.239,2.79,0.6526,11.535,12.678,2.865,0.6472,105.45,44.84,1.291,PASS,0
LOT_010_DIE_02459,LOT_010,125.99,3.634,478.96,15.443,2.743,0.7076,15.817,2.747,0.7056,16.933,17.718,2.816,0.6988,104.44,44.54,1.373,PASS,0
LOT_011_DIE_02460,LOT_011,124.55,3.615,497.29,8.53,2.366,0.6938,8.627,2.386,0.6912,9.553,10.048,2.409,0.6853,98.02,43.52,1.162,PASS,0
LOT_012_DIE_02461,LOT_012,125.47,3.616,474.28,14.411,2.523,0.6921,14.997,2.548,0.6889,15.906,16.547,2.575,0.6835,102.73,46.12,1.136,PASS,0
LOT_013_DIE_02462,LOT_013,124.53,3.64,526.43,13.147,2.316,0.7324,13.796,2.323,0.7289,14.409,14.501,2.384,0.7231,100.42,48.53,1.288,PASS,0
LOT_014_DIE_02463,LOT_014,124.92,3.56,515.62,11.41,2.535,0.7091,22.659,2.852,0.6908,38.507,77.068,4.264,0.6684,115.5,36.71,1.347,THERMAL_VOLTAGE_STRESS_FAILURE,1
LOT_015_DIE_02464,LOT_015,124.93,3.521,499.68,9.214,2.595,0.709,9.845,2.617,0.7061,10.891,11.525,2.67,0.6999,95.89,44.53,1.211,PASS,0
LOT_016_DIE_02465,LOT_016,125.31,3.554,496.92,10.608,2.447,0.6803,11.004,2.465,0.6749,11.155,11.763,2.486,0.6723,104.5,48.58,1.342,PASS,0
LOT_017_DIE_02466,LOT_017,127.89,3.615,508.1,11.355,2.389,0.6976,11.713,2.403,0.6963,12.471,12.947,2.451,0.6899,95.69,42.81,1.177,PASS,0
LOT_018_DIE_02467,LOT_018,123.82,3.623,482.7,11.907,2.6,0.7174,12.603,2.621,0.7155,13.159,13.756,2.641,0.7142,101.14,44.4,1.19,PASS,0
LOT_019_DIE_02468,LOT_019,124.29,3.641,517.08,11.288,2.536,0.6981,11.974,2.552,0.6953,12.676,13.036,2.593,0.6892,96.02,47.22,1.226,PASS,0
LOT_020_DIE_02469,LOT_020,124.18,3.567,484.41,7.984,2.351,0.7358,8.429,2.375,0.7322,9.161,9.923,2.4,0.7251,93.53,48.06,1.258,PASS,0
LOT_021_DIE_02470,LOT_021,124.63,3.583,523.1,12.262,2.367,0.748,12.839,2.391,0.7469,13.459,13.86,2.36,0.7402,96.59,45.62,1.342,PASS,0
LOT_022_DIE_02471,LOT_022,125.0,3.582,536.7,9.088,2.522,0.6966,9.46,2.559,0.6939,10.535,11.374,2.606,0.6878,100.59,44.36,1.245,PASS,0
LOT_023_DIE_02472,LOT_023,124.9,3.579,491.1,8.296,2.516,0.6668,8.752,2.536,0.6647,9.253,9.803,2.552,0.6586,99.51,41.11,1.241,PASS,0
LOT_024_DIE_02473,LOT_024,122.6,3.58,470.76,13.125,2.301,0.7476,13.611,2.323,0.7447,14.022,14.477,2.377,0.7439,102.44,44.85,1.216,PASS,0
LOT_025_DIE_02474,LOT_025,126.4,3.575,480.1,12.013,2.385,0.73,12.428,2.424,0.7281,13.556,14.195,2.474,0.7199,97.19,46.7,1.394,PASS,0
LOT_026_DIE_02475,LOT_026,124.25,3.594,483.58,14.116,2.704,0.7396,14.603,2.705,0.7361,15.098,15.346,2.773,0.7308,95.46,47.42,1.25,PASS,0
LOT_027_DIE_02476,LOT_027,125.32,3.64,513.78,9.046,2.481,0.7382,9.33,2.484,0.7357,10.628,11.561,2.486,0.7316,95.22,43.6,1.226,PASS,0
LOT_028_DIE_02477,LOT_028,122.86,3.574,516.28,9.662,2.681,0.672,10.039,2.707,0.6685,10.943,10.927,2.721,0.664,108.26,44.48,1.139,PASS,0
LOT_029_DIE_02478,LOT_029,125.58,3.628,470.94,12.927,2.652,0.7165,13.305,2.684,0.7146,14.207,14.743,2.688,0.7107,104.21,47.42,1.418,PASS,0
LOT_030_DIE_02479,LOT_030,124.2,3.629,500.88,8.761,2.322,0.6801,9.405,2.338,0.6758,10.664,10.938,2.374,0.6681,95.75,47.39,1.238,PASS,0
LOT_031_DIE_02480,LOT_031,125.6,3.563,494.58,12.494,2.458,0.7125,12.86,2.479,0.7093,13.288,14.011,2.524,0.704,99.22,44.94,1.18,PASS,0
LOT_032_DIE_02481,LOT_032,125.77,3.573,487.38,10.091,2.461,0.7186,10.44,2.482,0.7157,10.847,11.207,2.508,0.71,96.99,48.45,1.171,PASS,0
LOT_033_DIE_02482,LOT_033,122.82,3.645,488.39,8.623,2.484,0.6895,9.229,2.509,0.6855,9.803,10.47,2.508,0.6832,88.83,44.3,1.499,PASS,0
LOT_034_DIE_02483,LOT_034,125.7,3.542,487.12,15.606,2.473,0.6944,16.2,2.5,0.6924,17.052,18.081,2.522,0.6883,98.03,44.91,1.279,PASS,0
LOT_035_DIE_02484,LOT_035,125.23,3.687,509.68,13.073,2.647,0.6987,13.608,2.655,0.6948,14.647,15.206,2.686,0.6924,100.22,44.35,1.139,PASS,0
LOT_036_DIE_02485,LOT_036,122.75,3.626,490.64,13.098,2.568,0.6915,13.719,2.588,0.6898,14.74,15.288,2.627,0.6852,100.18,50.26,1.311,PASS,0
LOT_037_DIE_02486,LOT_037,125.76,3.555,500.66,11.373,2.657,0.7389,12.066,2.682,0.736,12.514,13.113,2.664,0.7304,99.06,43.28,1.251,PASS,0
LOT_038_DIE_02487,LOT_038,126.08,3.618,503.24,8.265,2.675,0.7206,8.782,2.695,0.7163,8.827,9.531,2.688,0.7136,99.69,45.04,1.375,PASS,0
LOT_039_DIE_02488,LOT_039,126.99,3.626,489.66,11.211,2.338,0.7068,11.635,2.361,0.7026,12.507,13.34,2.396,0.6982,100.75,46.83,1.208,PASS,0
LOT_040_DIE_02489,LOT_040,127.07,3.657,520.95,12.561,2.566,0.6986,12.861,2.585,0.6957,13.512,14.016,2.632,0.6906,95.27,41.36,1.397,PASS,0
LOT_041_DIE_02490,LOT_041,123.85,3.554,511.55,8.656,2.5,0.681,9.171,2.523,0.6775,10.329,10.848,2.546,0.6775,99.42,44.94,1.278,PASS,0
LOT_042_DIE_02491,LOT_042,125.99,3.639,479.68,13.011,2.642,0.7489,13.555,2.638,0.7456,14.0,14.998,2.667,0.736,109.45,42.97,1.145,PASS,0
LOT_043_DIE_02492,LOT_043,125.04,3.615,504.2,7.089,2.301,0.7132,7.522,2.314,0.7089,8.154,8.907,2.308,0.7043,101.29,45.57,1.199,PASS,0
LOT_044_DIE_02493,LOT_044,124.8,3.545,489.64,14.043,2.471,0.6956,14.451,2.502,0.6927,15.09,15.851,2.526,0.6889,100.98,44.41,1.307,PASS,0
LOT_045_DIE_02494,LOT_045,124.91,3.626,479.87,9.19,2.749,0.7394,9.532,2.775,0.737,10.212,11.047,2.809,0.7337,97.41,45.1,1.012,PASS,0
LOT_046_DIE_02495,LOT_046,125.13,3.619,479.47,13.065,2.422,0.7057,13.474,2.44,0.7031,14.737,14.98,2.455,0.698,101.31,44.37,1.346,PASS,0
LOT_047_DIE_02496,LOT_047,126.54,3.63,519.75,8.681,2.406,0.7035,9.148,2.426,0.7012,9.96,10.611,2.463,0.6984,99.13,41.42,1.199,PASS,0
LOT_048_DIE_02497,LOT_048,125.74,3.575,484.35,10.101,2.561,0.7195,10.412,2.562,0.7167,10.88,11.546,2.63,0.7135,96.25,48.25,1.289,PASS,0
LOT_049_DIE_02498,LOT_049,123.79,3.599,485.59,9.531,2.56,0.6985,9.98,2.607,0.6951,10.889,11.847,2.593,0.6915,97.58,45.81,1.274,PASS,0
LOT_050_DIE_02499,LOT_050,125.43,3.548,476.31,10.096,2.563,0.6723,10.416,2.586,0.6699,11.232,12.328,2.609,0.6651,89.04,48.49,1.18,PASS,0
LOT_001_DIE_02500,LOT_001,124.32,3.653,482.52,12.131,2.484,0.7366,12.444,2.504,0.7324,13.221,14.044,2.525,0.7305,96.09,42.59,1.32,PASS,0
LOT_002_DIE_02501,LOT_002,125.08,3.618,513.67,15.404,2.613,0.711,15.872,2.641,0.7101,16.05,16.449,2.661,0.7042,86.46,47.11,1.242,PASS,0
LOT_003_DIE_02502,LOT_003,123.93,3.59,505.44,12.833,2.28,0.743,12.998,2.3,0.7391,13.867,14.07,2.35,0.7353,99.57,39.92,1.346,PASS,0
LOT_004_DIE_02503,LOT_004,124.02,3.654,502.17,14.847,2.597,0.7324,15.415,2.642,0.73,16.243,17.089,2.632,0.7224,94.38,42.03,1.257,PASS,0
LOT_005_DIE_02504,LOT_005,123.24,3.599,514.68,8.895,2.561,0.7056,9.354,2.592,0.7045,10.238,10.515,2.633,0.6968,95.71,46.1,1.216,PASS,0
LOT_006_DIE_02505,LOT_006,125.46,3.531,490.88,6.828,2.46,0.7329,7.255,2.482,0.7313,7.799,8.529,2.498,0.726,101.21,47.62,1.299,PASS,0
LOT_007_DIE_02506,LOT_007,126.03,3.559,500.49,9.076,2.745,0.6827,9.328,2.768,0.6806,10.073,10.366,2.779,0.6752,104.1,46.84,1.264,PASS,0
LOT_008_DIE_02507,LOT_008,124.63,3.678,508.62,15.084,2.331,0.6825,15.432,2.361,0.6791,16.411,16.953,2.349,0.6735,102.13,47.25,1.318,PASS,0
LOT_009_DIE_02508,LOT_009,124.47,3.615,500.03,15.454,2.233,0.6745,29.527,2.617,0.6565,51.941,91.365,3.938,0.6194,109.77,32.63,1.321,LATENT_DRIFT_RUNAWAY,1
LOT_010_DIE_02509,LOT_010,125.63,3.582,483.6,12.574,2.611,0.6942,13.199,2.631,0.6914,14.062,14.858,2.673,0.6865,98.68,46.43,1.316,PASS,0
LOT_011_DIE_02510,LOT_011,126.49,3.674,496.49,7.388,2.645,0.6807,7.646,2.663,0.6796,8.582,9.132,2.7,0.6732,103.47,45.73,1.296,PASS,0
LOT_012_DIE_02511,LOT_012,122.42,3.637,491.93,42.276,4.249,0.6771,50.43,5.164,0.6381,86.374,119.551,6.197,0.5805,115.27,33.85,1.171,LATENT_CONTEXTUAL_OUTLIER,1
LOT_013_DIE_02512,LOT_013,124.55,3.628,528.82,13.265,2.62,0.7446,13.6,2.651,0.741,14.076,14.754,2.647,0.7378,97.11,44.54,1.133,PASS,0
LOT_014_DIE_02513,LOT_014,125.35,3.62,509.64,11.35,2.518,0.668,11.743,2.56,0.6655,12.637,13.07,2.565,0.6577,101.3,47.85,1.251,PASS,0
LOT_015_DIE_02514,LOT_015,126.9,3.627,519.6,8.076,2.596,0.7195,8.607,2.616,0.7168,9.58,9.689,2.658,0.7115,100.36,41.57,1.15,PASS,0
LOT_016_DIE_02515,LOT_016,123.07,3.608,524.54,8.827,2.575,0.7084,9.423,2.593,0.7039,9.937,10.87,2.597,0.7002,96.59,43.03,1.227,PASS,0
LOT_017_DIE_02516,LOT_017,125.82,3.584,511.3,9.787,2.268,0.6928,10.086,2.281,0.69,11.32,11.927,2.281,0.6834,99.93,42.94,1.254,PASS,0
LOT_018_DIE_02517,LOT_018,125.24,3.657,470.87,11.165,2.786,0.7356,11.453,2.811,0.7328,12.371,12.723,2.855,0.728,95.1,48.11,1.075,PASS,0
LOT_019_DIE_02518,LOT_019,126.6,3.598,520.95,10.016,2.435,0.6716,10.587,2.488,0.6687,11.384,12.449,2.492,0.6622,100.2,44.79,1.195,PASS,0
LOT_020_DIE_02519,LOT_020,124.39,3.617,502.92,11.014,2.542,0.7435,11.446,2.566,0.7399,12.123,12.314,2.569,0.7353,101.46,46.69,1.273,PASS,0
LOT_021_DIE_02520,LOT_021,123.01,3.638,516.0,10.963,2.453,0.7218,11.472,2.473,0.7177,12.861,13.551,2.461,0.7122,101.91,40.12,1.3,PASS,0
LOT_022_DIE_02521,LOT_022,125.16,3.585,533.86,10.338,2.369,0.6969,10.863,2.395,0.694,11.016,11.992,2.411,0.6878,89.5,46.49,1.28,PASS,0
LOT_023_DIE_02522,LOT_023,125.39,3.582,507.05,8.426,2.429,0.674,8.724,2.446,0.6726,9.861,10.493,2.471,0.6646,103.61,50.36,1.315,PASS,0
LOT_024_DIE_02523,LOT_024,125.03,3.586,483.83,9.874,2.491,0.7199,10.518,2.504,0.7152,10.602,10.984,2.56,0.7141,99.47,48.55,1.266,PASS,0
LOT_025_DIE_02524,LOT_025,126.19,3.586,502.06,12.552,2.595,0.7544,13.184,2.627,0.7515,13.48,14.024,2.645,0.7447,97.23,42.88,1.303,PASS,0
LOT_026_DIE_02525,LOT_026,127.08,3.578,482.0,14.136,2.652,0.748,14.397,2.681,0.7455,15.346,16.302,2.75,0.7413,104.53,45.29,1.135,PASS,0
LOT_027_DIE_02526,LOT_027,125.57,3.604,527.7,9.846,2.59,0.701,10.209,2.608,0.6991,10.738,11.494,2.694,0.695,89.69,42.67,1.373,PASS,0
LOT_028_DIE_02527,LOT_028,124.15,3.633,534.91,10.489,2.61,0.6849,10.917,2.627,0.683,11.639,12.403,2.673,0.6765,95.15,47.43,1.194,PASS,0
LOT_029_DIE_02528,LOT_029,126.31,3.621,475.38,13.711,2.773,0.6749,14.142,2.795,0.6723,14.547,14.904,2.851,0.6688,103.85,46.86,1.18,PASS,0
LOT_030_DIE_02529,LOT_030,126.54,3.588,490.18,8.111,2.558,0.6864,8.84,2.567,0.6834,9.318,9.946,2.594,0.6814,96.59,43.76,1.421,PASS,0
LOT_031_DIE_02530,LOT_031,127.75,3.572,493.69,13.777,2.672,0.7429,14.329,2.705,0.7404,15.406,15.841,2.706,0.7338,99.24,44.75,1.141,PASS,0
LOT_032_DIE_02531,LOT_032,127.77,3.568,496.31,9.447,2.714,0.7064,10.001,2.732,0.7033,10.493,10.875,2.737,0.7007,97.24,41.27,1.137,PASS,0
LOT_033_DIE_02532,LOT_033,127.73,3.598,484.93,9.412,2.706,0.7202,10.236,2.731,0.7168,11.058,11.556,2.729,0.7163,105.98,43.52,1.068,PASS,0
LOT_034_DIE_02533,LOT_034,124.62,3.544,513.57,13.732,2.412,0.6985,14.006,2.452,0.6945,14.817,15.565,2.491,0.6914,98.44,43.71,1.197,PASS,0
LOT_035_DIE_02534,LOT_035,124.63,3.591,513.74,11.298,2.518,0.7211,11.742,2.527,0.7174,12.375,12.761,2.587,0.714,102.36,39.1,1.312,PASS,0
LOT_036_DIE_02535,LOT_036,123.8,3.607,483.64,12.426,2.599,0.6567,12.704,2.608,0.6548,13.91,14.434,2.652,0.6462,94.83,46.6,1.251,PASS,0
LOT_037_DIE_02536,LOT_037,127.72,3.628,494.92,10.278,2.323,0.7109,10.945,2.351,0.7074,11.861,11.813,2.37,0.705,101.0,42.41,1.183,PASS,0
LOT_038_DIE_02537,LOT_038,127.49,3.598,510.58,7.136,2.363,0.7303,7.459,2.377,0.727,7.952,8.507,2.387,0.7207,105.28,45.27,1.331,PASS,0
LOT_039_DIE_02538,LOT_039,124.44,3.639,492.55,12.749,2.469,0.7572,13.119,2.492,0.7569,13.621,14.443,2.548,0.7479,100.39,39.82,1.277,PASS,0
LOT_040_DIE_02539,LOT_040,126.63,3.637,510.13,10.83,2.764,0.6775,11.342,2.78,0.675,11.573,11.982,2.776,0.669,104.82,47.82,1.26,PASS,0
LOT_041_DIE_02540,LOT_041,122.86,3.576,508.02,8.825,2.442,0.7166,9.529,2.465,0.7137,9.672,9.81,2.501,0.7082,101.18,46.42,1.196,PASS,0
LOT_042_DIE_02541,LOT_042,124.32,3.659,473.07,11.302,2.205,0.7314,11.677,2.223,0.7289,12.698,13.902,2.263,0.7242,96.47,44.97,1.214,PASS,0
LOT_043_DIE_02542,LOT_043,123.64,3.637,508.15,9.595,2.148,0.7284,10.127,2.149,0.7269,11.531,11.982,2.19,0.7182,95.32,44.92,1.344,PASS,0
LOT_044_DIE_02543,LOT_044,126.0,3.695,492.11,13.702,2.615,0.7154,14.086,2.643,0.7114,14.995,15.631,2.641,0.7061,97.1,44.79,1.138,PASS,0
LOT_045_DIE_02544,LOT_045,124.84,3.677,500.1,10.325,2.722,0.7114,10.908,2.756,0.7068,11.857,12.328,2.796,0.7059,108.04,46.45,1.324,PASS,0
LOT_046_DIE_02545,LOT_046,125.31,3.601,478.36,13.017,2.324,0.7044,13.373,2.329,0.7007,14.255,14.84,2.378,0.6987,95.79,44.78,1.154,PASS,0
LOT_047_DIE_02546,LOT_047,124.74,3.571,493.84,9.338,2.371,0.714,9.457,2.386,0.7116,10.251,10.701,2.467,0.7052,101.68,47.31,1.256,PASS,0
LOT_048_DIE_02547,LOT_048,124.73,3.576,517.85,11.393,2.373,0.7029,11.941,2.399,0.6997,12.538,13.198,2.467,0.6965,102.53,43.65,1.331,PASS,0
LOT_049_DIE_02548,LOT_049,124.8,3.545,486.0,13.482,2.445,0.6811,14.378,2.472,0.6778,14.966,15.656,2.496,0.6726,104.39,45.97,1.326,PASS,0
LOT_050_DIE_02549,LOT_050,124.67,3.59,497.76,8.866,2.701,0.668,9.303,2.711,0.666,10.017,11.012,2.761,0.6579,91.38,45.59,1.242,PASS,0
LOT_001_DIE_02550,LOT_001,126.66,3.57,477.02,9.396,2.388,0.7539,9.947,2.41,0.7504,11.125,11.953,2.455,0.7447,94.32,39.78,1.125,PASS,0
LOT_002_DIE_02551,LOT_002,125.12,3.564,500.05,14.089,2.457,0.7251,14.719,2.466,0.7222,15.652,16.533,2.481,0.7158,102.53,42.86,1.277,PASS,0
LOT_003_DIE_02552,LOT_003,124.57,3.638,504.32,12.813,2.67,0.7328,13.285,2.686,0.7278,14.337,15.527,2.715,0.7282,107.07,42.73,1.262,PASS,0
LOT_004_DIE_02553,LOT_004,125.86,3.612,506.05,11.479,2.777,0.7365,11.752,2.798,0.7329,12.321,12.758,2.829,0.7306,102.32,45.52,1.312,PASS,0
LOT_005_DIE_02554,LOT_005,125.29,3.633,495.39,9.128,2.451,0.7086,9.34,2.461,0.7054,9.986,10.228,2.5,0.7022,104.24,46.88,1.246,PASS,0
LOT_006_DIE_02555,LOT_006,125.81,3.626,495.5,9.93,2.457,0.7467,10.622,2.481,0.7437,11.135,12.084,2.488,0.7387,96.81,42.46,1.434,PASS,0
LOT_007_DIE_02556,LOT_007,123.18,3.529,497.36,7.157,2.338,0.6739,7.441,2.369,0.6705,8.471,8.989,2.406,0.6637,104.11,44.55,1.183,PASS,0
LOT_008_DIE_02557,LOT_008,124.83,3.686,519.29,13.918,2.519,0.6843,14.234,2.54,0.6818,14.888,15.939,2.617,0.6809,99.15,46.79,1.314,PASS,0
LOT_009_DIE_02558,LOT_009,124.62,3.558,497.6,12.473,2.499,0.7014,12.873,2.512,0.6973,13.813,14.548,2.545,0.69,111.6,43.39,1.344,PASS,0
LOT_010_DIE_02559,LOT_010,125.28,3.597,476.12,16.557,2.667,0.7078,29.813,3.019,0.6936,51.228,88.637,3.622,0.6617,113.81,34.88,1.079,THERMAL_VOLTAGE_STRESS_FAILURE,1
LOT_011_DIE_02560,LOT_011,125.87,3.555,517.16,7.47,2.647,0.7244,7.944,2.65,0.7217,8.536,9.273,2.684,0.714,99.48,42.74,1.223,PASS,0
LOT_012_DIE_02561,LOT_012,124.35,3.55,480.02,15.457,2.325,0.7077,15.64,2.336,0.7052,16.494,16.727,2.348,0.7029,101.98,48.47,1.295,PASS,0
LOT_013_DIE_02562,LOT_013,124.58,3.61,513.87,12.497,2.271,0.7278,13.051,2.298,0.7262,13.914,14.418,2.355,0.7204,101.09,49.17,1.219,PASS,0
LOT_014_DIE_02563,LOT_014,126.04,3.614,516.07,11.126,2.333,0.6975,11.535,2.357,0.6926,12.563,13.141,2.401,0.6891,94.64,42.49,1.255,PASS,0
LOT_015_DIE_02564,LOT_015,125.68,3.59,513.58,9.812,2.268,0.6794,10.19,2.291,0.677,10.916,11.674,2.3,0.6723,96.51,45.63,1.217,PASS,0
LOT_016_DIE_02565,LOT_016,123.99,3.606,506.13,10.241,2.391,0.7176,10.882,2.403,0.7133,11.252,11.802,2.449,0.7103,98.13,47.39,1.173,PASS,0
LOT_017_DIE_02566,LOT_017,124.33,3.607,497.91,11.598,2.694,0.7096,11.871,2.722,0.7072,12.145,12.643,2.762,0.701,106.86,44.05,1.395,PASS,0
LOT_018_DIE_02567,LOT_018,123.77,3.577,489.97,11.833,2.416,0.7299,12.074,2.455,0.728,12.9,14.081,2.482,0.7202,98.5,41.29,1.276,PASS,0
LOT_019_DIE_02568,LOT_019,124.84,3.596,523.47,11.732,2.609,0.6868,12.225,2.631,0.6853,13.06,13.232,2.689,0.6769,106.2,49.48,1.256,PASS,0
LOT_020_DIE_02569,LOT_020,124.06,3.67,496.12,10.146,2.637,0.7462,10.622,2.661,0.7451,11.376,12.007,2.695,0.7399,95.73,43.22,1.277,PASS,0
LOT_021_DIE_02570,LOT_021,122.52,3.662,527.14,11.508,2.382,0.6918,11.792,2.391,0.6876,12.81,13.121,2.418,0.6865,102.7,52.5,1.217,PASS,0
LOT_022_DIE_02571,LOT_022,125.43,3.512,517.81,9.694,2.363,0.6703,9.978,2.392,0.6683,10.482,11.034,2.422,0.6638,104.97,46.5,1.102,PASS,0
LOT_023_DIE_02572,LOT_023,125.61,3.611,498.11,40.208,3.55,0.6526,57.53,4.05,0.6326,93.13,136.9,5.648,0.5793,115.05,35.27,1.32,LATENT_CONTEXTUAL_OUTLIER,1
LOT_024_DIE_02573,LOT_024,126.47,3.612,474.42,10.342,2.445,0.7378,10.218,2.475,0.7351,10.827,11.58,2.494,0.7295,106.99,46.98,1.24,PASS,0
LOT_025_DIE_02574,LOT_025,125.73,3.614,492.63,11.063,2.455,0.7229,11.368,2.477,0.7196,12.073,12.828,2.488,0.7141,103.29,44.76,1.36,PASS,0
LOT_026_DIE_02575,LOT_026,123.86,3.601,503.47,14.072,2.799,0.7234,27.995,3.121,0.7114,48.913,87.263,3.663,0.6905,121.46,37.36,1.15,THERMAL_VOLTAGE_STRESS_FAILURE,1
LOT_027_DIE_02576,LOT_027,125.46,3.605,512.59,8.181,2.375,0.7118,8.611,2.38,0.7104,9.829,10.264,2.395,0.7019,102.97,43.5,1.048,PASS,0
LOT_028_DIE_02577,LOT_028,122.82,3.636,503.61,12.236,2.427,0.6923,12.505,2.45,0.6901,12.807,13.611,2.473,0.6856,100.02,47.45,1.138,PASS,0
LOT_029_DIE_02578,LOT_029,125.9,3.552,485.45,13.135,2.361,0.718,13.435,2.381,0.7139,14.199,14.723,2.43,0.709,95.92,50.25,1.337,PASS,0
LOT_030_DIE_02579,LOT_030,125.04,3.623,487.22,8.028,2.489,0.6962,8.528,2.5,0.6921,9.025,9.351,2.541,0.6899,103.04,45.17,1.195,PASS,0
LOT_031_DIE_02580,LOT_031,125.1,3.586,485.72,10.815,2.475,0.7294,10.93,2.518,0.7275,11.953,12.685,2.535,0.722,92.8,44.51,1.189,PASS,0
LOT_032_DIE_02581,LOT_032,122.79,3.613,479.17,10.911,2.27,0.7202,10.95,2.311,0.7185,12.277,12.3,2.334,0.7144,94.48,48.88,1.307,PASS,0
LOT_033_DIE_02582,LOT_033,123.84,3.632,477.4,8.922,2.484,0.7226,9.115,2.504,0.7186,10.129,10.869,2.56,0.7142,95.89,46.73,1.269,PASS,0
LOT_034_DIE_02583,LOT_034,126.73,3.523,489.84,15.206,2.308,0.7157,15.242,2.321,0.712,16.566,16.755,2.37,0.7089,100.62,43.4,1.25,PASS,0
LOT_035_DIE_02584,LOT_035,124.45,3.562,514.19,13.251,2.241,0.6867,13.806,2.266,0.6845,14.617,15.206,2.276,0.6796,96.0,47.22,1.175,PASS,0
LOT_036_DIE_02585,LOT_036,126.87,3.643,493.75,11.397,2.674,0.6892,12.067,2.686,0.6849,13.378,12.961,2.743,0.6811,100.34,43.47,1.298,PASS,0
LOT_037_DIE_02586,LOT_037,125.21,3.608,510.63,11.175,2.285,0.7225,11.806,2.298,0.7214,12.589,13.006,2.321,0.7165,102.29,45.31,1.35,PASS,0
LOT_038_DIE_02587,LOT_038,126.3,3.583,498.88,9.355,2.389,0.7112,9.459,2.409,0.7085,10.323,11.124,2.426,0.703,103.95,46.17,1.213,PASS,0
LOT_039_DIE_02588,LOT_039,124.12,3.617,509.89,12.776,2.339,0.7253,13.637,2.372,0.7228,14.146,14.805,2.372,0.7172,101.81,46.62,1.11,PASS,0
LOT_040_DIE_02589,LOT_040,124.69,3.559,514.01,10.7,2.337,0.6924,11.119,2.348,0.6903,11.719,11.999,2.356,0.6864,104.32,41.21,1.136,PASS,0
LOT_041_DIE_02590,LOT_041,124.59,3.639,519.94,7.94,2.565,0.6835,8.181,2.59,0.6809,8.552,8.936,2.628,0.675,103.8,43.49,1.062,PASS,0
LOT_042_DIE_02591,LOT_042,122.75,3.591,493.18,11.892,2.364,0.7189,12.444,2.375,0.7153,12.855,13.764,2.408,0.7069,106.92,45.36,1.252,PASS,0
LOT_043_DIE_02592,LOT_043,124.7,3.606,503.7,9.688,2.635,0.6987,9.875,2.662,0.694,10.58,11.353,2.675,0.6904,107.54,42.95,1.368,PASS,0
LOT_044_DIE_02593,LOT_044,124.86,3.593,487.6,15.039,2.683,0.7032,15.478,2.705,0.7005,16.197,16.495,2.733,0.6949,105.22,47.01,1.282,PASS,0
LOT_045_DIE_02594,LOT_045,123.27,3.613,506.17,7.583,2.722,0.7379,8.061,2.754,0.7345,8.609,9.143,2.77,0.7287,103.68,43.89,1.175,PASS,0
LOT_046_DIE_02595,LOT_046,126.7,3.594,477.14,13.192,2.789,0.7177,13.648,2.807,0.7148,13.928,14.294,2.877,0.7086,106.84,47.94,1.245,PASS,0
LOT_047_DIE_02596,LOT_047,123.26,3.641,508.55,11.338,2.505,0.7563,11.842,2.528,0.7533,12.318,12.706,2.547,0.7471,103.79,42.91,1.346,PASS,0
LOT_048_DIE_02597,LOT_048,124.16,3.641,485.83,10.269,2.429,0.6806,10.721,2.444,0.6773,12.188,12.62,2.451,0.6735,97.44,42.66,1.177,PASS,0
LOT_049_DIE_02598,LOT_049,124.94,3.619,500.01,12.559,2.907,0.691,12.831,2.928,0.6856,14.066,14.865,2.924,0.68,99.85,44.12,1.093,PASS,0
LOT_050_DIE_02599,LOT_050,125.21,3.621,493.18,7.49,2.426,0.703,7.934,2.462,0.6995,8.829,9.71,2.469,0.696,99.3,44.62,1.37,PASS,0
LOT_001_DIE_02600,LOT_001,126.07,3.56,490.92,10.939,2.268,0.7365,11.516,2.288,0.7332,12.49,12.892,2.349,0.7278,104.04,43.99,1.218,PASS,0
LOT_002_DIE_02601,LOT_002,123.88,3.512,511.86,15.618,2.266,0.7037,15.856,2.287,0.6995,16.695,16.896,2.318,0.6933,91.0,45.55,1.351,PASS,0
LOT_003_DIE_02602,LOT_003,127.31,3.548,502.54,12.791,2.273,0.7282,12.621,2.275,0.7245,13.63,14.199,2.33,0.7202,100.3,48.55,1.136,PASS,0
LOT_004_DIE_02603,LOT_004,126.16,3.62,501.35,11.623,2.711,0.7397,12.026,2.749,0.7393,12.466,13.178,2.803,0.7321,90.59,44.59,1.282,PASS,0
LOT_005_DIE_02604,LOT_005,124.83,3.657,512.42,8.765,2.647,0.7121,8.945,2.665,0.7097,9.571,10.404,2.701,0.7021,106.21,43.86,1.259,PASS,0
LOT_006_DIE_02605,LOT_006,126.72,3.626,477.37,9.962,2.713,0.6962,10.357,2.737,0.6939,10.693,11.146,2.773,0.6895,98.57,44.38,1.248,PASS,0
LOT_007_DIE_02606,LOT_007,124.27,3.533,497.08,9.296,2.458,0.692,9.812,2.474,0.6864,10.422,11.426,2.527,0.6806,95.33,45.93,1.341,PASS,0
LOT_008_DIE_02607,LOT_008,125.32,3.594,497.0,15.805,2.567,0.7012,16.338,2.597,0.6997,17.348,17.665,2.62,0.692,104.41,50.41,1.208,PASS,0
LOT_009_DIE_02608,LOT_009,124.68,3.577,497.4,12.909,2.27,0.6686,13.301,2.285,0.6659,13.773,14.672,2.328,0.6599,99.91,44.05,1.284,PASS,0
LOT_010_DIE_02609,LOT_010,124.97,3.71,480.77,12.182,2.435,0.678,12.747,2.444,0.6764,13.387,14.305,2.5,0.6706,104.89,42.89,1.411,PASS,0
LOT_011_DIE_02610,LOT_011,122.47,3.665,494.57,7.886,2.558,0.6817,8.274,2.588,0.6794,9.064,9.457,2.607,0.673,95.12,48.04,1.281,PASS,0
LOT_012_DIE_02611,LOT_012,124.83,3.643,485.66,14.491,2.699,0.6951,14.85,2.718,0.6909,15.685,16.098,2.743,0.691,94.14,43.31,1.101,PASS,0
LOT_013_DIE_02612,LOT_013,124.63,3.61,518.98,15.034,2.817,0.7261,15.176,2.84,0.7239,15.79,16.147,2.866,0.7176,105.59,41.93,1.308,PASS,0
LOT_014_DIE_02613,LOT_014,125.57,3.591,500.84,9.26,2.66,0.7329,9.723,2.677,0.731,10.896,11.749,2.684,0.725,102.86,45.27,1.317,PASS,0
LOT_015_DIE_02614,LOT_015,125.44,3.665,493.08,9.561,2.325,0.7122,10.036,2.342,0.7105,10.893,11.536,2.396,0.7068,104.25,46.36,1.312,PASS,0
LOT_016_DIE_02615,LOT_016,124.67,3.571,524.79,9.736,2.509,0.7117,10.056,2.521,0.7096,11.229,11.884,2.569,0.7017,95.14,45.71,1.191,PASS,0
LOT_017_DIE_02616,LOT_017,124.62,3.571,515.1,12.412,2.367,0.6922,12.908,2.377,0.6899,13.448,14.405,2.388,0.6842,101.32,43.0,1.385,PASS,0
LOT_018_DIE_02617,LOT_018,124.42,3.624,502.63,10.986,2.316,0.7371,11.472,2.331,0.7333,11.881,12.573,2.371,0.731,100.0,46.17,1.224,PASS,0
LOT_019_DIE_02618,LOT_019,126.18,3.651,544.39,10.893,2.536,0.6895,11.19,2.553,0.6872,11.938,12.807,2.596,0.6807,101.99,45.37,1.309,PASS,0
LOT_020_DIE_02619,LOT_020,124.03,3.563,511.9,9.787,2.27,0.7335,10.055,2.298,0.7304,10.697,11.344,2.323,0.7311,88.66,45.96,1.136,PASS,0
LOT_021_DIE_02620,LOT_021,126.0,3.666,501.56,11.471,2.34,0.7406,11.745,2.355,0.7376,12.33,13.037,2.365,0.7323,82.33,47.75,1.097,PASS,0
LOT_022_DIE_02621,LOT_022,125.09,3.649,517.84,41.262,3.829,0.6705,59.013,4.603,0.6403,91.276,127.435,6.74,0.5655,115.49,37.39,1.24,LATENT_CONTEXTUAL_OUTLIER,1
LOT_023_DIE_02622,LOT_023,125.03,3.614,497.0,8.467,2.557,0.6819,8.832,2.578,0.6763,8.937,9.614,2.623,0.6764,108.92,41.02,1.215,PASS,0
LOT_024_DIE_02623,LOT_024,125.01,3.592,504.18,10.286,2.437,0.7374,10.964,2.458,0.7367,11.605,12.201,2.456,0.7304,107.39,44.75,1.312,PASS,0
LOT_025_DIE_02624,LOT_025,125.41,3.65,503.96,10.973,2.196,0.7166,11.611,2.209,0.7134,12.271,12.827,2.272,0.7081,101.66,41.92,1.165,PASS,0
LOT_026_DIE_02625,LOT_026,125.3,3.572,492.46,13.252,2.648,0.7204,13.794,2.658,0.7166,14.906,14.963,2.686,0.7126,100.49,48.31,1.149,PASS,0
LOT_027_DIE_02626,LOT_027,125.12,3.625,528.87,9.161,2.486,0.7284,9.517,2.488,0.727,10.452,11.18,2.552,0.721,104.62,44.89,1.288,PASS,0
LOT_028_DIE_02627,LOT_028,125.05,3.578,526.04,11.568,2.421,0.7113,12.249,2.442,0.7087,12.948,13.031,2.49,0.6996,107.32,44.44,1.268,PASS,0
LOT_029_DIE_02628,LOT_029,127.07,3.567,496.84,12.683,2.53,0.7097,13.259,2.524,0.7063,14.098,14.947,2.599,0.7029,102.52,47.21,1.213,PASS,0
LOT_030_DIE_02629,LOT_030,127.16,3.579,503.84,10.155,2.362,0.685,10.715,2.369,0.6817,11.338,11.813,2.436,0.6751,95.89,46.93,1.178,PASS,0
LOT_031_DIE_02630,LOT_031,123.99,3.586,493.79,12.506,2.644,0.7473,13.014,2.653,0.7417,13.976,14.111,2.699,0.7386,100.16,42.2,1.329,PASS,0
LOT_032_DIE_02631,LOT_032,123.24,3.719,502.4,7.147,2.499,0.7121,7.964,2.496,0.7097,8.5,8.941,2.554,0.7023,102.06,46.44,1.102,PASS,0
LOT_033_DIE_02632,LOT_033,124.68,3.584,486.62,6.598,2.766,0.6725,7.312,2.785,0.6699,8.175,8.872,2.834,0.6639,102.59,48.33,1.221,PASS,0
LOT_034_DIE_02633,LOT_034,124.46,3.665,506.61,14.166,2.841,0.686,14.83,2.85,0.6823,15.731,16.3,2.911,0.6754,104.01,46.88,1.299,PASS,0
LOT_035_DIE_02634,LOT_035,126.43,3.575,521.39,14.081,2.477,0.6586,14.469,2.493,0.656,15.23,15.357,2.521,0.6484,102.85,41.72,1.166,PASS,0
LOT_036_DIE_02635,LOT_036,124.24,3.697,499.98,14.42,2.547,0.692,14.727,2.574,0.688,15.577,16.27,2.587,0.6871,101.54,43.65,1.369,PASS,0
LOT_037_DIE_02636,LOT_037,125.32,3.649,507.85,13.839,3.08,0.73,24.797,3.365,0.7146,46.765,68.37,4.312,0.6915,120.77,38.76,1.304,THERMAL_VOLTAGE_STRESS_FAILURE,1
LOT_038_DIE_02637,LOT_038,126.03,3.606,490.36,10.281,2.649,0.7222,10.741,2.663,0.7184,11.153,11.68,2.71,0.7186,109.21,44.34,1.436,PASS,0
LOT_039_DIE_02638,LOT_039,125.2,3.606,495.33,12.758,2.446,0.7535,13.114,2.468,0.7509,13.402,13.925,2.478,0.7479,98.67,45.6,1.272,PASS,0
LOT_040_DIE_02639,LOT_040,125.76,3.539,511.25,10.522,2.434,0.6762,10.753,2.458,0.673,11.163,12.023,2.495,0.6717,103.62,49.18,1.287,PASS,0
LOT_041_DIE_02640,LOT_041,125.1,3.579,535.47,7.932,2.567,0.6754,8.104,2.578,0.6708,9.21,9.643,2.671,0.6645,102.85,45.8,1.292,PASS,0
LOT_042_DIE_02641,LOT_042,125.67,3.561,509.68,40.697,3.503,0.7103,52.077,4.231,0.67,95.998,133.878,6.197,0.6141,114.28,40.17,1.17,LATENT_CONTEXTUAL_OUTLIER,1
LOT_043_DIE_02642,LOT_043,124.38,3.662,506.18,7.167,2.261,0.7388,7.662,2.288,0.7341,8.69,9.207,2.326,0.7283,97.56,45.3,1.224,PASS,0
LOT_044_DIE_02643,LOT_044,124.9,3.611,496.4,13.498,2.767,0.6991,25.985,3.099,0.6795,51.927,95.02,4.38,0.6358,114.01,38.75,1.27,THERMAL_VOLTAGE_STRESS_FAILURE,1
LOT_045_DIE_02644,LOT_045,124.34,3.647,505.53,10.406,2.556,0.7466,10.796,2.57,0.7436,11.88,12.399,2.561,0.7365,101.36,47.1,1.296,PASS,0
LOT_046_DIE_02645,LOT_046,124.64,3.566,483.28,12.059,2.339,0.7233,12.489,2.361,0.7204,12.998,13.601,2.389,0.713,94.05,46.64,1.334,PASS,0
LOT_047_DIE_02646,LOT_047,124.25,3.615,521.81,9.986,2.461,0.7129,10.883,2.476,0.7102,11.58,12.333,2.511,0.7078,104.59,46.61,1.228,PASS,0
LOT_048_DIE_02647,LOT_048,125.5,3.596,495.2,9.694,2.202,0.7182,10.337,2.235,0.7153,10.95,11.623,2.276,0.7067,96.78,48.18,1.343,PASS,0
LOT_049_DIE_02648,LOT_049,126.6,3.584,475.09,12.921,2.505,0.6812,13.165,2.508,0.6799,14.202,14.339,2.575,0.6681,104.53,51.02,1.139,PASS,0
LOT_050_DIE_02649,LOT_050,124.68,3.648,491.64,10.145,2.639,0.7001,10.465,2.66,0.6963,11.519,11.696,2.646,0.6933,93.42,47.55,1.153,PASS,0
LOT_001_DIE_02650,LOT_001,125.83,3.662,505.11,9.706,2.369,0.7413,10.003,2.387,0.7401,10.693,11.328,2.415,0.7321,99.34,44.27,1.306,PASS,0
LOT_002_DIE_02651,LOT_002,124.61,3.612,512.85,13.388,2.518,0.7255,13.867,2.532,0.7225,14.983,15.471,2.59,0.7182,103.27,43.73,1.192,PASS,0
LOT_003_DIE_02652,LOT_003,122.88,3.554,494.45,12.31,2.399,0.6984,12.572,2.44,0.6962,13.623,13.907,2.457,0.6873,100.66,44.77,1.274,PASS,0
LOT_004_DIE_02653,LOT_004,124.49,3.517,509.94,13.26,2.591,0.7214,13.369,2.621,0.7158,14.451,15.215,2.645,0.7139,98.5,44.5,1.284,PASS,0
LOT_005_DIE_02654,LOT_005,123.0,3.591,520.04,8.403,2.492,0.6952,8.617,2.505,0.6914,9.753,10.308,2.56,0.6824,102.41,42.01,1.274,PASS,0
LOT_006_DIE_02655,LOT_006,125.9,3.63,486.87,9.572,2.561,0.76,10.136,2.57,0.7578,11.284,11.083,2.634,0.7513,92.75,43.63,1.112,PASS,0
LOT_007_DIE_02656,LOT_007,124.79,3.594,513.56,9.648,2.468,0.6909,10.379,2.474,0.688,10.973,11.688,2.487,0.684,98.02,46.03,1.382,PASS,0
LOT_008_DIE_02657,LOT_008,123.78,3.575,513.74,14.498,2.366,0.7048,14.739,2.37,0.7012,15.462,15.781,2.403,0.6965,102.28,48.78,1.159,PASS,0
LOT_009_DIE_02658,LOT_009,123.78,3.64,504.03,11.422,2.538,0.6776,11.643,2.576,0.6737,12.402,13.292,2.618,0.6704,100.06,44.8,1.311,PASS,0
LOT_010_DIE_02659,LOT_010,124.68,3.599,485.9,11.212,2.508,0.6799,11.699,2.534,0.6765,12.134,12.871,2.587,0.6705,98.7,51.17,1.264,PASS,0
LOT_011_DIE_02660,LOT_011,125.02,3.628,493.18,8.643,2.403,0.7114,8.812,2.422,0.7089,9.618,10.33,2.461,0.7072,93.52,48.54,1.315,PASS,0
LOT_012_DIE_02661,LOT_012,126.84,3.608,485.75,16.016,2.462,0.7157,16.513,2.454,0.7123,17.313,18.372,2.479,0.7078,101.25,48.31,1.357,PASS,0
LOT_013_DIE_02662,LOT_013,123.44,3.683,519.47,14.414,2.333,0.711,14.622,2.352,0.708,15.55,15.964,2.392,0.7061,99.88,45.71,1.541,PASS,0
LOT_014_DIE_02663,LOT_014,126.05,3.527,518.82,10.246,2.681,0.7058,10.641,2.702,0.7029,11.055,11.693,2.741,0.6979,102.2,45.37,1.169,PASS,0
LOT_015_DIE_02664,LOT_015,125.83,3.623,479.31,9.415,2.563,0.7398,9.934,2.568,0.7385,10.857,11.257,2.63,0.7285,95.84,45.95,1.346,PASS,0
LOT_016_DIE_02665,LOT_016,122.26,3.698,511.39,9.691,2.749,0.716,10.398,2.781,0.7114,11.202,11.754,2.79,0.7044,100.88,43.91,1.2,PASS,0
LOT_017_DIE_02666,LOT_017,125.49,3.516,512.82,9.639,2.579,0.7142,9.955,2.605,0.709,10.924,11.296,2.602,0.7032,93.15,46.11,1.266,PASS,0
LOT_018_DIE_02667,LOT_018,125.74,3.6,486.98,12.709,2.625,0.7297,12.919,2.631,0.7259,13.832,14.215,2.645,0.719,93.22,45.48,1.354,PASS,0
LOT_019_DIE_02668,LOT_019,126.53,3.682,522.06,11.382,2.498,0.7005,11.596,2.529,0.6978,12.488,13.192,2.563,0.6908,96.16,42.15,1.122,PASS,0
LOT_020_DIE_02669,LOT_020,125.75,3.67,500.19,10.494,2.33,0.7338,10.706,2.352,0.7319,11.641,12.367,2.375,0.7273,104.98,43.75,1.147,PASS,0
LOT_021_DIE_02670,LOT_021,124.6,3.566,514.92,11.836,2.423,0.7008,11.935,2.447,0.698,13.048,13.345,2.462,0.6921,99.19,37.27,1.266,PASS,0
LOT_022_DIE_02671,LOT_022,126.37,3.536,529.68,10.699,2.216,0.7108,11.021,2.24,0.7062,11.664,12.341,2.282,0.6966,101.8,47.4,1.299,PASS,0
LOT_023_DIE_02672,LOT_023,125.52,3.558,494.2,9.867,2.457,0.6816,10.107,2.493,0.6806,11.119,11.496,2.471,0.6722,101.82,45.55,1.269,PASS,0
LOT_024_DIE_02673,LOT_024,125.92,3.596,496.34,11.783,2.294,0.715,12.202,2.313,0.7112,13.127,13.647,2.344,0.7058,111.13,40.46,1.164,PASS,0
LOT_025_DIE_02674,LOT_025,126.52,3.606,493.54,10.915,2.558,0.7211,11.185,2.593,0.7181,11.915,12.556,2.639,0.712,97.58,41.49,1.26,PASS,0
LOT_026_DIE_02675,LOT_026,122.75,3.533,501.18,13.163,2.728,0.7449,13.397,2.748,0.7405,14.065,14.791,2.776,0.7362,100.8,45.34,1.273,PASS,0
LOT_027_DIE_02676,LOT_027,125.52,3.627,527.18,12.201,2.755,0.7071,12.47,2.775,0.7051,13.157,13.875,2.82,0.6974,96.54,48.98,1.247,PASS,0
LOT_028_DIE_02677,LOT_028,124.06,3.67,514.5,12.364,2.507,0.6936,12.676,2.521,0.6903,13.738,14.574,2.549,0.6838,102.41,40.76,1.128,PASS,0
LOT_029_DIE_02678,LOT_029,126.02,3.548,479.08,12.881,2.412,0.7102,13.126,2.438,0.7063,13.905,14.295,2.451,0.703,107.87,45.64,1.162,PASS,0
LOT_030_DIE_02679,LOT_030,126.14,3.613,507.1,9.134,2.774,0.6827,21.767,3.242,0.665,41.374,72.262,4.286,0.6202,108.16,37.7,1.107,LATENT_DRIFT_RUNAWAY,1
LOT_031_DIE_02680,LOT_031,124.92,3.599,500.29,10.76,2.433,0.7661,10.998,2.451,0.765,11.8,12.134,2.433,0.7572,109.71,45.7,1.296,PASS,0
LOT_032_DIE_02681,LOT_032,126.48,3.604,504.19,9.289,2.568,0.7091,9.286,2.57,0.7062,10.129,10.707,2.612,0.7002,103.75,43.08,1.258,PASS,0
LOT_033_DIE_02682,LOT_033,125.22,3.588,485.8,7.199,2.334,0.6825,7.385,2.347,0.6777,7.971,8.526,2.355,0.6749,105.53,49.46,1.392,PASS,0
LOT_034_DIE_02683,LOT_034,125.13,3.597,490.44,16.243,2.462,0.6843,16.401,2.487,0.6804,17.612,18.053,2.516,0.6757,97.34,42.87,1.293,PASS,0
LOT_035_DIE_02684,LOT_035,122.06,3.508,514.79,15.632,2.273,0.6784,16.121,2.266,0.6754,16.896,17.783,2.355,0.6697,88.19,41.31,1.31,PASS,0
LOT_036_DIE_02685,LOT_036,123.45,3.647,499.75,13.066,2.587,0.6797,13.265,2.601,0.6766,13.845,14.317,2.638,0.6754,103.09,49.39,1.216,PASS,0
LOT_037_DIE_02686,LOT_037,125.89,3.618,510.83,8.318,2.243,0.7206,8.554,2.264,0.717,9.361,10.307,2.323,0.7115,103.15,44.09,1.241,PASS,0
LOT_038_DIE_02687,LOT_038,127.02,3.632,484.58,6.646,2.234,0.728,6.967,2.242,0.725,7.552,8.242,2.332,0.7208,104.19,43.52,1.228,PASS,0
LOT_039_DIE_02688,LOT_039,122.06,3.568,497.08,13.012,2.503,0.7396,13.215,2.512,0.7367,14.073,14.695,2.597,0.7315,107.7,39.52,1.327,PASS,0
LOT_040_DIE_02689,LOT_040,125.64,3.592,524.34,12.535,2.584,0.6992,12.879,2.617,0.696,13.588,14.266,2.609,0.6916,99.43,48.65,1.074,PASS,0
LOT_041_DIE_02690,LOT_041,125.84,3.615,515.22,8.209,2.321,0.6936,8.993,2.33,0.69,10.258,10.731,2.377,0.6858,103.4,44.81,1.312,PASS,0
LOT_042_DIE_02691,LOT_042,124.51,3.63,485.33,12.815,2.351,0.705,13.116,2.375,0.7031,14.039,14.199,2.396,0.6951,112.11,45.48,1.332,PASS,0
LOT_043_DIE_02692,LOT_043,123.42,3.575,502.21,10.229,2.278,0.7303,10.663,2.308,0.7272,12.33,12.922,2.34,0.7216,102.93,46.44,1.278,PASS,0
LOT_044_DIE_02693,LOT_044,125.46,3.628,494.1,14.619,2.605,0.6919,15.479,2.63,0.6898,15.92,17.043,2.661,0.6854,97.07,47.61,1.153,PASS,0
LOT_045_DIE_02694,LOT_045,126.93,3.627,487.69,8.922,2.244,0.7163,9.312,2.278,0.7143,9.758,10.38,2.291,0.7079,102.66,45.02,1.385,PASS,0
LOT_046_DIE_02695,LOT_046,123.18,3.606,483.41,10.916,2.514,0.6838,11.372,2.534,0.6806,11.714,12.274,2.58,0.6778,100.65,45.19,1.332,PASS,0
LOT_047_DIE_02696,LOT_047,124.71,3.542,504.86,10.172,2.735,0.7284,10.684,2.746,0.7277,11.008,12.268,2.749,0.7222,96.07,41.95,1.202,PASS,0
LOT_048_DIE_02697,LOT_048,124.95,3.611,507.04,10.519,2.267,0.692,11.094,2.295,0.6888,12.327,12.7,2.313,0.6829,103.81,42.11,1.214,PASS,0
LOT_049_DIE_02698,LOT_049,122.97,3.562,498.69,11.611,2.298,0.6677,12.002,2.33,0.6657,12.18,12.884,2.354,0.6586,90.07,45.38,1.265,PASS,0
LOT_050_DIE_02699,LOT_050,126.36,3.588,510.24,8.761,2.334,0.6764,9.48,2.344,0.6726,9.789,10.42,2.428,0.6702,103.64,46.72,1.06,PASS,0
LOT_001_DIE_02700,LOT_001,124.59,3.677,487.91,11.787,2.399,0.7265,11.938,2.407,0.7229,12.982,13.753,2.454,0.7186,101.24,42.65,1.211,PASS,0
LOT_002_DIE_02701,LOT_002,123.37,3.561,504.16,14.072,2.47,0.6981,14.565,2.479,0.6928,15.335,15.795,2.534,0.6874,100.82,43.72,1.224,PASS,0
LOT_003_DIE_02702,LOT_003,124.87,3.648,484.21,13.728,2.27,0.7409,14.228,2.28,0.7387,15.165,15.802,2.324,0.728,93.6,43.29,1.345,PASS,0
LOT_004_DIE_02703,LOT_004,126.96,3.61,488.48,12.088,2.308,0.7475,12.525,2.321,0.7451,13.101,13.596,2.385,0.7372,102.45,47.95,1.178,PASS,0
LOT_005_DIE_02704,LOT_005,122.98,3.664,515.24,5.44,2.564,0.6828,5.799,2.591,0.6794,6.264,7.007,2.632,0.6761,105.0,50.74,1.299,PASS,0
LOT_006_DIE_02705,LOT_006,125.32,3.625,492.32,6.918,2.562,0.7572,7.218,2.591,0.7533,8.099,8.807,2.623,0.7483,103.54,39.8,1.241,PASS,0
LOT_007_DIE_02706,LOT_007,124.26,3.621,499.54,7.691,2.397,0.6892,8.392,2.431,0.6842,8.856,9.298,2.444,0.6816,102.15,42.01,1.23,PASS,0
LOT_008_DIE_02707,LOT_008,125.89,3.505,530.42,14.177,2.649,0.7037,14.395,2.645,0.7012,15.43,15.826,2.72,0.6957,104.57,43.12,1.109,PASS,0
LOT_009_DIE_02708,LOT_009,123.22,3.667,483.29,12.997,2.495,0.6764,13.527,2.51,0.6739,14.41,14.965,2.55,0.6691,96.69,46.97,1.184,PASS,0
LOT_010_DIE_02709,LOT_010,124.31,3.692,480.26,13.909,2.625,0.6839,14.098,2.649,0.6824,14.926,15.206,2.675,0.6732,100.83,46.13,1.236,PASS,0
LOT_011_DIE_02710,LOT_011,124.08,3.593,496.85,7.66,2.573,0.689,8.108,2.591,0.6876,8.732,9.259,2.65,0.6837,103.15,49.62,1.265,PASS,0
LOT_012_DIE_02711,LOT_012,123.83,3.632,495.96,17.746,2.618,0.6864,18.329,2.637,0.6829,19.096,19.33,2.674,0.6764,99.76,46.39,1.077,PASS,0
LOT_013_DIE_02712,LOT_013,124.92,3.662,514.81,13.782,2.774,0.7163,14.328,2.79,0.7131,15.263,15.703,2.805,0.7096,95.51,41.04,1.385,PASS,0
LOT_014_DIE_02713,LOT_014,124.88,3.557,500.99,11.072,2.464,0.7127,11.491,2.49,0.7106,12.337,12.943,2.473,0.7045,107.59,40.24,1.404,PASS,0
LOT_015_DIE_02714,LOT_015,127.25,3.558,488.49,7.77,2.511,0.6587,8.005,2.536,0.6561,8.415,8.551,2.559,0.6488,106.22,48.12,1.201,PASS,0
LOT_016_DIE_02715,LOT_016,121.41,3.553,515.57,9.989,2.666,0.7064,10.385,2.672,0.7034,11.748,12.208,2.715,0.6981,104.8,43.29,1.158,PASS,0
LOT_017_DIE_02716,LOT_017,124.19,3.614,524.86,10.327,2.564,0.7032,10.53,2.575,0.7012,11.422,11.658,2.636,0.6989,95.62,43.65,1.243,PASS,0
LOT_018_DIE_02717,LOT_018,125.76,3.608,478.71,13.411,2.545,0.7269,13.922,2.56,0.7222,14.574,15.341,2.579,0.7189,102.34,45.07,1.413,PASS,0
LOT_019_DIE_02718,LOT_019,124.98,3.576,518.82,12.01,2.255,0.656,26.101,2.954,0.638,54.968,85.466,4.295,0.5922,113.95,39.17,1.384,LATENT_DRIFT_RUNAWAY,1
LOT_020_DIE_02719,LOT_020,124.51,3.599,499.94,10.484,2.536,0.7461,10.665,2.576,0.742,11.176,11.392,2.537,0.7415,109.91,46.71,1.148,PASS,0
LOT_021_DIE_02720,LOT_021,123.87,3.66,505.78,11.347,2.637,0.7261,11.872,2.645,0.7232,12.9,13.811,2.657,0.7147,114.38,44.51,1.41,PASS,0
LOT_022_DIE_02721,LOT_022,123.87,3.616,524.93,7.607,2.361,0.6925,7.792,2.38,0.6896,8.641,9.01,2.4,0.688,103.43,45.82,1.361,PASS,0
LOT_023_DIE_02722,LOT_023,125.29,3.581,495.17,8.691,2.379,0.6701,9.061,2.373,0.6682,9.508,10.274,2.407,0.664,99.11,48.7,1.243,PASS,0
LOT_024_DIE_02723,LOT_024,122.65,3.62,474.7,10.825,2.512,0.7478,11.16,2.534,0.7461,12.069,13.0,2.55,0.7376,98.63,49.52,1.282,PASS,0
LOT_025_DIE_02724,LOT_025,124.65,3.531,512.03,9.152,2.436,0.7198,9.832,2.468,0.7174,10.585,10.792,2.471,0.7104,98.91,47.43,1.272,PASS,0
LOT_026_DIE_02725,LOT_026,125.24,3.553,504.0,13.432,2.432,0.7251,13.796,2.442,0.7237,15.175,15.709,2.478,0.7165,97.17,42.76,1.2,PASS,0
LOT_027_DIE_02726,LOT_027,126.36,3.664,503.14,9.399,2.467,0.7093,9.574,2.49,0.7061,10.942,11.181,2.494,0.6991,105.03,47.34,1.246,PASS,0
LOT_028_DIE_02727,LOT_028,124.27,3.621,511.25,13.394,2.155,0.6809,14.13,2.181,0.679,14.695,15.051,2.226,0.6693,96.71,44.32,1.317,PASS,0
LOT_029_DIE_02728,LOT_029,123.94,3.568,476.4,11.608,2.66,0.7021,12.227,2.673,0.6987,13.081,13.953,2.727,0.6918,100.41,44.55,1.241,PASS,0
LOT_030_DIE_02729,LOT_030,124.08,3.585,496.84,7.77,2.388,0.6582,8.122,2.414,0.6551,8.963,9.918,2.433,0.6502,97.58,40.86,1.275,PASS,0
LOT_031_DIE_02730,LOT_031,126.69,3.58,494.39,14.153,2.869,0.7209,14.687,2.892,0.7161,15.545,16.011,2.909,0.7092,101.78,44.17,1.202,PASS,0
LOT_032_DIE_02731,LOT_032,126.3,3.594,486.84,8.391,2.47,0.6958,8.992,2.493,0.6928,9.633,9.714,2.528,0.69,102.12,44.35,1.14,PASS,0
LOT_033_DIE_02732,LOT_033,125.16,3.511,486.84,8.987,2.484,0.6954,9.746,2.51,0.692,10.913,11.637,2.534,0.684,103.9,42.93,1.283,PASS,0
LOT_034_DIE_02733,LOT_034,125.23,3.657,484.41,15.006,2.416,0.6831,15.084,2.458,0.6802,15.84,16.816,2.458,0.6748,108.01,46.57,1.252,PASS,0
LOT_035_DIE_02734,LOT_035,124.42,3.549,523.82,17.191,2.549,0.6979,17.443,2.56,0.6956,18.293,19.095,2.549,0.6851,110.45,41.49,1.132,PASS,0
LOT_036_DIE_02735,LOT_036,125.4,3.649,496.94,15.876,2.91,0.6854,31.003,3.111,0.6717,50.134,81.271,4.227,0.6461,106.19,37.03,1.153,THERMAL_VOLTAGE_STRESS_FAILURE,1
LOT_037_DIE_02736,LOT_037,123.62,3.667,504.83,11.465,2.838,0.7096,11.673,2.86,0.7057,12.173,12.675,2.913,0.6994,106.79,39.67,1.265,PASS,0
LOT_038_DIE_02737,LOT_038,124.56,3.584,523.45,8.819,2.654,0.7277,9.453,2.67,0.7259,9.814,10.273,2.688,0.722,105.11,41.13,1.25,PASS,0
LOT_039_DIE_02738,LOT_039,125.71,3.579,494.85,14.031,2.339,0.7343,14.438,2.356,0.7326,15.131,15.412,2.377,0.7301,107.1,50.4,1.191,PASS,0
LOT_040_DIE_02739,LOT_040,124.26,3.561,525.23,10.852,2.468,0.6908,11.05,2.488,0.6882,12.033,12.557,2.521,0.6841,99.42,44.15,1.258,PASS,0
LOT_041_DIE_02740,LOT_041,125.28,3.699,517.53,5.644,2.828,0.6795,6.18,2.843,0.6771,6.938,6.902,2.864,0.6705,93.05,46.01,1.327,PASS,0
LOT_042_DIE_02741,LOT_042,126.57,3.656,498.53,10.131,2.674,0.7216,10.65,2.679,0.7181,11.411,12.009,2.711,0.7126,98.43,46.78,1.175,PASS,0
LOT_043_DIE_02742,LOT_043,125.95,3.645,507.72,9.456,2.476,0.7456,9.587,2.5,0.7424,10.719,11.344,2.506,0.7398,100.24,45.06,1.335,PASS,0
LOT_044_DIE_02743,LOT_044,124.71,3.591,491.81,13.907,2.233,0.7096,14.472,2.263,0.7061,15.056,15.369,2.251,0.7003,101.36,49.53,1.222,PASS,0
LOT_045_DIE_02744,LOT_045,126.3,3.604,492.22,10.597,2.491,0.7482,10.979,2.519,0.7446,12.449,12.922,2.547,0.7396,96.1,40.5,1.254,PASS,0
LOT_046_DIE_02745,LOT_046,126.3,3.696,480.62,14.565,2.439,0.7257,15.127,2.462,0.7224,16.157,16.675,2.491,0.7122,103.95,45.6,1.236,PASS,0
LOT_047_DIE_02746,LOT_047,123.0,3.575,503.55,9.77,2.455,0.6914,10.475,2.468,0.6903,11.469,11.921,2.48,0.682,95.04,41.96,1.528,PASS,0
LOT_048_DIE_02747,LOT_048,124.01,3.615,479.78,11.959,2.466,0.7224,12.339,2.483,0.7195,13.263,13.48,2.482,0.7189,104.79,41.39,1.227,PASS,0
LOT_049_DIE_02748,LOT_049,124.34,3.693,489.66,11.216,2.565,0.6882,11.527,2.589,0.6848,12.565,13.205,2.621,0.6806,98.82,47.51,1.22,PASS,0
LOT_050_DIE_02749,LOT_050,124.6,3.6,491.22,10.402,2.635,0.6565,10.858,2.635,0.6529,11.757,12.299,2.691,0.6505,96.08,46.25,1.152,PASS,0
LOT_001_DIE_02750,LOT_001,122.47,3.647,474.14,10.005,2.653,0.6985,10.499,2.662,0.6953,10.988,12.288,2.733,0.6894,108.71,44.63,1.193,PASS,0
LOT_002_DIE_02751,LOT_002,124.21,3.632,479.97,16.073,2.485,0.7579,16.408,2.51,0.7552,17.188,17.563,2.529,0.751,100.05,44.52,1.071,PASS,0
LOT_003_DIE_02752,LOT_003,123.53,3.532,482.04,13.136,2.347,0.723,13.758,2.379,0.7191,14.118,14.905,2.387,0.7111,98.16,48.02,1.324,PASS,0
LOT_004_DIE_02753,LOT_004,124.6,3.575,496.7,12.398,2.431,0.7261,13.072,2.464,0.7225,13.653,14.313,2.506,0.7186,101.73,46.58,1.283,PASS,0
LOT_005_DIE_02754,LOT_005,123.53,3.604,533.26,10.801,2.507,0.7344,11.064,2.526,0.732,11.772,11.812,2.593,0.727,95.43,44.41,1.212,PASS,0
LOT_006_DIE_02755,LOT_006,123.83,3.582,483.1,10.159,2.751,0.7364,10.415,2.769,0.7325,11.595,11.668,2.8,0.7299,101.39,44.93,1.242,PASS,0
LOT_007_DIE_02756,LOT_007,124.27,3.602,497.61,9.139,2.492,0.6785,9.534,2.514,0.6755,10.671,10.8,2.538,0.6732,97.62,43.69,1.304,PASS,0
LOT_008_DIE_02757,LOT_008,123.47,3.53,512.03,13.25,2.573,0.693,13.593,2.588,0.6913,14.568,15.025,2.61,0.689,105.96,43.43,1.229,PASS,0
LOT_009_DIE_02758,LOT_009,123.79,3.654,472.77,11.828,2.616,0.6719,12.303,2.649,0.6697,13.015,13.973,2.668,0.6638,97.41,44.01,1.234,PASS,0
LOT_010_DIE_02759,LOT_010,125.6,3.601,489.54,12.025,2.631,0.7139,12.049,2.655,0.7099,12.874,13.588,2.655,0.7091,108.81,46.99,1.202,PASS,0
LOT_011_DIE_02760,LOT_011,125.05,3.585,511.51,9.655,2.281,0.735,10.061,2.302,0.7315,10.654,11.331,2.325,0.7277,104.72,48.17,1.251,PASS,0
LOT_012_DIE_02761,LOT_012,124.55,3.494,495.35,14.91,2.34,0.6978,15.503,2.355,0.6936,15.899,16.139,2.365,0.6927,106.95,47.58,1.196,PASS,0
LOT_013_DIE_02762,LOT_013,124.65,3.567,520.27,14.184,2.582,0.7186,14.455,2.611,0.715,15.36,15.996,2.639,0.7113,95.1,47.2,1.238,PASS,0
LOT_014_DIE_02763,LOT_014,122.67,3.574,524.78,9.14,2.17,0.6914,9.7,2.194,0.6891,10.295,10.745,2.232,0.6808,98.36,42.49,1.179,PASS,0
LOT_015_DIE_02764,LOT_015,123.75,3.592,493.07,10.402,2.551,0.6748,10.574,2.572,0.6741,11.227,11.34,2.627,0.668,96.38,44.73,1.264,PASS,0
LOT_016_DIE_02765,LOT_016,125.39,3.519,510.95,7.373,2.326,0.7265,7.511,2.362,0.7228,8.101,8.698,2.387,0.7175,102.91,46.77,1.016,PASS,0
LOT_017_DIE_02766,LOT_017,123.84,3.626,514.24,10.185,2.773,0.6718,10.544,2.767,0.6699,11.044,11.808,2.842,0.6658,105.6,42.68,1.159,PASS,0
LOT_018_DIE_02767,LOT_018,126.95,3.554,507.05,12.065,2.363,0.7136,12.687,2.389,0.7106,13.37,14.034,2.384,0.7071,96.16,48.41,1.237,PASS,0
LOT_019_DIE_02768,LOT_019,125.39,3.579,522.33,11.74,2.59,0.7056,11.856,2.597,0.7021,12.939,13.652,2.694,0.6994,97.41,45.97,1.257,PASS,0
LOT_020_DIE_02769,LOT_020,125.15,3.699,512.43,11.518,2.432,0.7359,11.972,2.458,0.7325,12.516,13.157,2.475,0.727,106.01,43.0,1.311,PASS,0
LOT_021_DIE_02770,LOT_021,123.91,3.565,532.47,13.012,2.626,0.7238,13.545,2.634,0.7217,14.426,15.215,2.696,0.7202,87.31,42.07,1.308,PASS,0
LOT_022_DIE_02771,LOT_022,125.24,3.628,516.53,9.372,2.465,0.6946,9.481,2.477,0.6904,10.352,10.632,2.548,0.6872,91.62,50.18,1.203,PASS,0
LOT_023_DIE_02772,LOT_023,124.62,3.661,473.42,9.891,2.67,0.6918,10.277,2.681,0.6877,10.975,11.347,2.74,0.6832,100.77,39.59,1.242,PASS,0
LOT_024_DIE_02773,LOT_024,124.23,3.572,476.0,11.207,2.519,0.736,11.8,2.529,0.7319,12.47,13.119,2.561,0.7305,101.09,47.43,1.38,PASS,0
LOT_025_DIE_02774,LOT_025,125.18,3.714,494.01,10.753,2.455,0.7383,10.962,2.455,0.7361,11.937,12.792,2.501,0.7281,103.78,44.32,1.315,PASS,0
LOT_026_DIE_02775,LOT_026,124.22,3.634,508.53,14.853,2.597,0.7395,14.757,2.615,0.7365,15.937,16.305,2.634,0.7322,95.7,45.83,1.262,PASS,0
LOT_027_DIE_02776,LOT_027,125.25,3.519,517.18,7.943,2.595,0.728,8.103,2.603,0.7251,9.483,10.618,2.652,0.719,96.99,48.6,1.142,PASS,0
LOT_028_DIE_02777,LOT_028,123.92,3.672,504.48,11.409,2.52,0.701,11.816,2.542,0.6956,12.959,13.936,2.576,0.6932,96.18,44.91,1.219,PASS,0
LOT_029_DIE_02778,LOT_029,124.92,3.615,470.85,10.839,2.579,0.7102,11.525,2.596,0.7061,11.857,12.427,2.644,0.7005,104.89,48.88,1.255,PASS,0
LOT_030_DIE_02779,LOT_030,126.41,3.612,500.03,10.296,2.555,0.6857,10.473,2.553,0.6826,11.351,11.239,2.597,0.6798,105.09,50.75,1.315,PASS,0
LOT_031_DIE_02780,LOT_031,128.85,3.552,502.72,13.579,2.117,0.7096,13.811,2.129,0.7082,14.674,15.787,2.163,0.7049,106.0,44.28,1.308,PASS,0
LOT_032_DIE_02781,LOT_032,123.71,3.585,497.99,8.113,2.384,0.734,8.392,2.389,0.7315,9.532,10.211,2.459,0.7285,100.65,46.43,1.332,PASS,0
LOT_033_DIE_02782,LOT_033,125.57,3.567,477.78,40.688,3.774,0.6755,53.461,4.432,0.6501,74.371,137.148,6.036,0.6057,116.37,35.04,1.28,LATENT_CONTEXTUAL_OUTLIER,1
LOT_034_DIE_02783,LOT_034,126.63,3.612,474.73,15.488,2.293,0.7074,15.865,2.316,0.7047,16.552,17.105,2.31,0.7002,97.25,41.96,1.298,PASS,0
LOT_035_DIE_02784,LOT_035,126.31,3.578,514.05,14.434,2.896,0.7097,21.641,3.5,0.6847,49.397,89.813,5.218,0.6544,115.73,37.48,1.239,LATENT_DRIFT_RUNAWAY,1
LOT_036_DIE_02785,LOT_036,126.91,3.52,490.62,12.618,2.782,0.6887,12.889,2.822,0.6853,13.792,14.427,2.805,0.6836,109.9,46.37,1.229,PASS,0
LOT_037_DIE_02786,LOT_037,125.43,3.653,503.2,11.192,2.639,0.7363,11.348,2.665,0.7346,12.877,13.364,2.677,0.7275,99.09,45.51,1.235,PASS,0
LOT_038_DIE_02787,LOT_038,124.49,3.603,506.51,10.485,2.846,0.7283,11.252,2.852,0.7257,12.099,12.548,2.907,0.7237,99.39,41.42,1.158,PASS,0
LOT_039_DIE_02788,LOT_039,125.13,3.504,508.2,12.605,2.334,0.7186,12.916,2.354,0.7155,13.561,14.138,2.384,0.7148,93.31,49.28,1.133,PASS,0
LOT_040_DIE_02789,LOT_040,124.6,3.549,535.3,13.721,2.314,0.7213,13.907,2.339,0.7207,14.384,15.028,2.372,0.7153,108.22,45.46,1.215,PASS,0
LOT_041_DIE_02790,LOT_041,124.85,3.624,521.0,8.676,2.455,0.6894,9.043,2.476,0.6864,9.717,9.716,2.5,0.6777,92.33,43.05,1.223,PASS,0
LOT_042_DIE_02791,LOT_042,126.3,3.55,498.86,10.729,2.725,0.7022,11.272,2.717,0.6991,11.402,11.571,2.758,0.6906,103.8,41.94,1.339,PASS,0
LOT_043_DIE_02792,LOT_043,125.2,3.603,515.64,7.493,2.647,0.7214,20.002,3.196,0.7022,44.739,73.471,4.75,0.6716,116.48,37.38,1.308,LATENT_DRIFT_RUNAWAY,1
LOT_044_DIE_02793,LOT_044,123.15,3.54,506.86,16.448,2.563,0.7306,16.537,2.584,0.7267,17.429,18.297,2.593,0.722,103.21,44.38,1.328,PASS,0
LOT_045_DIE_02794,LOT_045,125.89,3.624,487.22,10.391,2.58,0.7413,10.752,2.591,0.7394,11.593,12.185,2.651,0.7354,109.02,47.95,1.243,PASS,0
LOT_046_DIE_02795,LOT_046,124.86,3.667,483.44,13.997,2.457,0.7188,14.515,2.462,0.7166,15.101,16.006,2.485,0.7128,104.05,49.16,1.407,PASS,0
LOT_047_DIE_02796,LOT_047,126.86,3.559,495.3,11.439,2.491,0.7126,11.779,2.505,0.7109,12.259,12.805,2.569,0.704,98.75,43.12,1.185,PASS,0
LOT_048_DIE_02797,LOT_048,124.35,3.579,524.85,12.092,2.433,0.7041,12.666,2.447,0.7008,13.746,14.174,2.479,0.6931,110.17,47.77,1.243,PASS,0
LOT_049_DIE_02798,LOT_049,126.44,3.603,482.62,13.438,2.374,0.662,13.612,2.404,0.658,14.157,14.893,2.423,0.6481,103.65,43.58,1.233,PASS,0
LOT_050_DIE_02799,LOT_050,125.61,3.632,465.49,9.603,2.315,0.6997,9.861,2.327,0.698,10.569,11.056,2.357,0.6931,101.9,48.46,1.322,PASS,0
LOT_001_DIE_02800,LOT_001,126.49,3.636,484.55,10.542,2.692,0.7222,10.748,2.692,0.7178,11.323,11.775,2.744,0.7157,97.04,42.25,1.268,PASS,0
LOT_002_DIE_02801,LOT_002,124.33,3.643,519.94,15.129,2.475,0.7028,15.284,2.497,0.6986,16.504,16.726,2.516,0.6944,90.53,44.02,1.215,PASS,0
LOT_003_DIE_02802,LOT_003,125.43,3.64,489.54,15.203,2.338,0.7618,15.582,2.359,0.7594,16.112,16.477,2.371,0.7529,109.44,45.76,1.211,PASS,0
LOT_004_DIE_02803,LOT_004,125.93,3.561,516.84,13.692,2.688,0.7302,14.065,2.715,0.727,14.856,15.47,2.724,0.7192,102.73,43.11,1.259,PASS,0
LOT_005_DIE_02804,LOT_005,125.29,3.655,494.55,8.031,2.552,0.716,8.584,2.562,0.7132,9.531,10.074,2.594,0.7065,105.61,43.43,1.167,PASS,0
LOT_006_DIE_02805,LOT_006,122.57,3.645,502.08,9.217,2.324,0.7076,9.576,2.353,0.7054,10.489,10.712,2.375,0.6979,91.69,43.71,1.368,PASS,0
LOT_007_DIE_02806,LOT_007,124.76,3.637,499.67,7.387,2.443,0.6927,7.962,2.465,0.6913,8.114,8.479,2.506,0.6854,104.98,51.8,1.248,PASS,0
LOT_008_DIE_02807,LOT_008,124.2,3.584,513.28,12.959,2.5,0.6895,13.653,2.52,0.6841,13.894,14.504,2.551,0.6813,96.36,46.51,1.305,PASS,0
LOT_009_DIE_02808,LOT_009,125.34,3.563,484.84,10.758,2.255,0.6737,11.136,2.3,0.6704,11.913,12.425,2.314,0.6657,102.32,47.95,1.312,PASS,0
LOT_010_DIE_02809,LOT_010,124.41,3.576,483.1,13.274,2.599,0.7056,13.611,2.619,0.7038,14.397,15.21,2.613,0.6981,101.66,46.63,1.355,PASS,0
LOT_011_DIE_02810,LOT_011,125.5,3.567,503.46,8.564,2.494,0.6993,9.081,2.5,0.6952,9.648,10.626,2.547,0.6936,91.51,43.09,1.282,PASS,0
LOT_012_DIE_02811,LOT_012,123.78,3.63,487.46,14.976,2.613,0.7082,15.403,2.643,0.7059,16.396,17.056,2.653,0.6957,96.32,45.52,1.186,PASS,0
LOT_013_DIE_02812,LOT_013,125.51,3.656,513.99,13.382,2.536,0.7178,13.858,2.562,0.7134,14.655,15.813,2.582,0.7133,101.03,45.25,1.164,PASS,0
LOT_014_DIE_02813,LOT_014,122.17,3.621,489.55,10.508,2.331,0.6836,11.015,2.345,0.6824,11.85,12.854,2.364,0.675,104.17,45.24,1.016,PASS,0
LOT_015_DIE_02814,LOT_015,127.32,3.556,516.08,8.097,2.432,0.7259,8.452,2.461,0.7214,8.794,9.529,2.479,0.7175,102.52,47.16,1.311,PASS,0
LOT_016_DIE_02815,LOT_016,126.99,3.57,527.88,11.334,2.812,0.6936,23.645,3.06,0.6792,49.603,88.651,3.657,0.6443,105.5,43.24,1.283,THERMAL_VOLTAGE_STRESS_FAILURE,1
LOT_017_DIE_02816,LOT_017,124.81,3.618,513.12,10.206,2.448,0.6398,10.824,2.479,0.6358,11.745,12.481,2.501,0.6301,101.56,43.69,1.287,PASS,0
LOT_018_DIE_02817,LOT_018,123.8,3.607,483.18,9.892,2.447,0.7349,10.398,2.459,0.7319,11.628,11.448,2.482,0.7269,107.12,45.85,1.152,PASS,0
LOT_019_DIE_02818,LOT_019,125.19,3.619,513.41,11.19,2.686,0.6966,11.668,2.709,0.694,12.646,13.809,2.719,0.6902,92.16,44.82,1.261,PASS,0
LOT_020_DIE_02819,LOT_020,124.84,3.564,500.47,8.889,2.555,0.7464,9.43,2.577,0.7432,10.134,10.507,2.584,0.7418,114.07,43.8,1.244,PASS,0
LOT_021_DIE_02820,LOT_021,124.31,3.586,526.97,9.812,2.39,0.7208,10.205,2.42,0.7179,11.217,12.1,2.413,0.7106,92.62,41.09,1.209,PASS,0
LOT_022_DIE_02821,LOT_022,126.48,3.622,520.52,8.677,2.583,0.6707,8.975,2.596,0.668,9.852,10.23,2.659,0.6655,92.98,45.84,1.194,PASS,0
LOT_023_DIE_02822,LOT_023,122.43,3.643,477.19,10.535,2.379,0.674,10.839,2.378,0.6714,11.149,11.4,2.421,0.6665,103.78,44.19,1.407,PASS,0
LOT_024_DIE_02823,LOT_024,123.94,3.633,491.95,9.62,2.382,0.7257,10.164,2.397,0.721,10.83,11.504,2.44,0.7157,104.24,41.3,1.212,PASS,0
LOT_025_DIE_02824,LOT_025,124.93,3.619,493.01,11.805,2.529,0.7221,12.029,2.561,0.7196,12.865,13.026,2.568,0.7147,103.19,43.83,1.299,PASS,0
LOT_026_DIE_02825,LOT_026,126.43,3.665,479.76,12.971,2.33,0.7204,13.22,2.333,0.717,13.867,14.723,2.38,0.7158,98.57,40.62,1.238,PASS,0
LOT_027_DIE_02826,LOT_027,125.13,3.54,504.23,8.482,2.726,0.7407,8.868,2.73,0.7369,9.751,10.309,2.764,0.7343,94.08,49.13,1.262,PASS,0
LOT_028_DIE_02827,LOT_028,125.33,3.664,508.83,12.741,2.697,0.6834,13.129,2.728,0.6798,14.115,14.857,2.746,0.6755,96.04,42.87,1.297,PASS,0
LOT_029_DIE_02828,LOT_029,124.69,3.631,488.16,12.739,2.608,0.7092,13.035,2.631,0.7066,14.233,14.381,2.633,0.701,101.94,45.55,1.198,PASS,0
LOT_030_DIE_02829,LOT_030,126.08,3.581,512.74,6.506,2.246,0.6909,7.021,2.264,0.6868,7.586,8.653,2.312,0.6792,107.87,44.07,1.298,PASS,0
LOT_031_DIE_02830,LOT_031,124.23,3.646,478.21,14.675,2.48,0.7559,15.383,2.502,0.7526,16.611,17.005,2.528,0.7491,101.81,46.95,1.235,PASS,0
LOT_032_DIE_02831,LOT_032,125.99,3.6,491.17,8.976,2.354,0.7165,9.319,2.364,0.716,9.89,11.072,2.429,0.7076,98.06,43.76,1.324,PASS,0
LOT_033_DIE_02832,LOT_033,123.02,3.596,485.11,9.155,2.677,0.7111,19.281,3.371,0.6906,41.401,78.149,5.117,0.634,113.53,36.73,1.007,LATENT_DRIFT_RUNAWAY,1
LOT_034_DIE_02833,LOT_034,124.8,3.583,500.98,13.31,2.75,0.6935,13.634,2.774,0.6887,14.528,14.972,2.81,0.6879,104.04,44.34,1.132,PASS,0
LOT_035_DIE_02834,LOT_035,126.86,3.561,537.62,14.176,2.708,0.6632,14.319,2.726,0.6595,14.848,15.657,2.756,0.6537,95.77,44.86,1.173,PASS,0
LOT_036_DIE_02835,LOT_036,126.64,3.557,480.66,13.118,2.506,0.7037,13.564,2.522,0.7004,14.384,14.495,2.516,0.6938,93.31,45.8,1.22,PASS,0
LOT_037_DIE_02836,LOT_037,123.15,3.632,486.78,10.595,2.498,0.7221,10.823,2.511,0.7174,11.47,11.813,2.537,0.7168,96.71,41.85,1.207,PASS,0
LOT_038_DIE_02837,LOT_038,125.7,3.626,537.33,10.546,2.702,0.7451,10.997,2.733,0.7426,12.018,12.496,2.782,0.7389,91.74,44.99,1.356,PASS,0
LOT_039_DIE_02838,LOT_039,124.96,3.675,501.52,10.872,2.393,0.7268,11.386,2.413,0.7228,12.054,12.64,2.43,0.7182,97.73,48.38,1.266,PASS,0
LOT_040_DIE_02839,LOT_040,126.23,3.603,512.33,12.393,2.531,0.7193,12.502,2.528,0.7157,13.489,13.99,2.603,0.709,100.92,46.18,1.295,PASS,0
LOT_041_DIE_02840,LOT_041,124.11,3.565,508.96,8.627,2.692,0.683,9.022,2.718,0.6803,9.097,9.718,2.738,0.6758,102.83,48.23,1.204,PASS,0
LOT_042_DIE_02841,LOT_042,126.35,3.587,490.68,11.751,2.443,0.7198,12.287,2.458,0.7155,13.313,13.92,2.517,0.7109,94.01,44.83,1.19,PASS,0
LOT_043_DIE_02842,LOT_043,123.31,3.562,493.33,6.854,2.518,0.7548,7.162,2.523,0.7533,8.058,8.767,2.586,0.7462,91.85,41.48,1.238,PASS,0
LOT_044_DIE_02843,LOT_044,124.48,3.597,509.0,15.279,2.482,0.6992,15.341,2.513,0.6954,16.437,16.944,2.516,0.6937,99.82,44.81,1.257,PASS,0
LOT_045_DIE_02844,LOT_045,126.49,3.584,491.03,12.199,2.604,0.7209,27.211,2.965,0.7108,46.708,68.377,4.391,0.6669,125.17,40.66,1.166,THERMAL_VOLTAGE_STRESS_FAILURE,1
LOT_046_DIE_02845,LOT_046,123.27,3.666,478.17,12.892,2.642,0.7235,13.034,2.663,0.7216,13.687,14.212,2.658,0.7175,101.24,45.73,1.304,PASS,0
LOT_047_DIE_02846,LOT_047,125.26,3.603,524.94,8.581,2.085,0.718,9.288,2.107,0.717,10.181,10.446,2.11,0.712,111.9,43.67,1.254,PASS,0
LOT_048_DIE_02847,LOT_048,124.44,3.668,512.08,13.218,2.583,0.7184,13.611,2.619,0.7183,14.226,14.562,2.619,0.7103,102.64,46.9,1.2,PASS,0
LOT_049_DIE_02848,LOT_049,124.63,3.619,488.43,12.923,2.506,0.6772,13.21,2.53,0.6761,13.941,14.75,2.593,0.6705,93.29,47.41,1.297,PASS,0
LOT_050_DIE_02849,LOT_050,124.09,3.653,482.58,9.764,2.688,0.6873,10.405,2.706,0.6854,11.665,12.203,2.718,0.6795,103.13,45.42,1.334,PASS,0
LOT_001_DIE_02850,LOT_001,122.08,3.608,482.89,8.812,2.51,0.7338,9.338,2.528,0.7314,9.953,10.494,2.555,0.7259,95.52,46.51,1.371,PASS,0
LOT_002_DIE_02851,LOT_002,127.86,3.609,512.94,15.037,2.453,0.7307,15.462,2.483,0.7273,16.362,16.746,2.486,0.7263,101.51,40.24,1.281,PASS,0
LOT_003_DIE_02852,LOT_003,124.11,3.588,482.3,11.695,2.379,0.7444,12.141,2.397,0.7409,12.999,13.538,2.395,0.7371,97.56,45.77,1.197,PASS,0
LOT_004_DIE_02853,LOT_004,124.68,3.654,501.96,13.23,2.421,0.7425,13.688,2.433,0.7381,14.762,15.435,2.442,0.7348,108.0,46.95,1.35,PASS,0
LOT_005_DIE_02854,LOT_005,123.42,3.6,525.08,9.919,2.487,0.7107,10.227,2.509,0.7069,11.388,12.033,2.554,0.7012,98.94,46.11,1.292,PASS,0
LOT_006_DIE_02855,LOT_006,124.3,3.598,498.75,8.044,2.362,0.7179,8.553,2.367,0.7146,9.171,9.916,2.374,0.7101,95.42,46.26,1.222,PASS,0
LOT_007_DIE_02856,LOT_007,124.98,3.63,503.6,8.975,2.677,0.6868,8.959,2.684,0.6845,9.985,10.913,2.731,0.6777,101.63,38.25,1.256,PASS,0
LOT_008_DIE_02857,LOT_008,123.8,3.64,493.41,14.143,2.191,0.6837,14.692,2.192,0.681,15.89,16.146,2.247,0.672,99.33,42.36,1.318,PASS,0
LOT_009_DIE_02858,LOT_009,122.41,3.68,491.2,11.836,2.62,0.6697,12.261,2.651,0.6678,12.839,13.256,2.686,0.6613,102.11,46.83,1.367,PASS,0
LOT_010_DIE_02859,LOT_010,127.23,3.561,487.0,12.523,2.438,0.7036,12.738,2.457,0.6986,13.172,13.744,2.534,0.6955,100.46,49.58,1.301,PASS,0
LOT_011_DIE_02860,LOT_011,123.92,3.619,502.11,7.057,2.518,0.6846,7.286,2.541,0.6809,7.913,8.967,2.558,0.6762,91.75,43.59,1.486,PASS,0
LOT_012_DIE_02861,LOT_012,125.63,3.562,490.84,15.096,2.502,0.7065,15.522,2.493,0.7041,15.881,16.894,2.558,0.6977,100.88,44.58,1.226,PASS,0
LOT_013_DIE_02862,LOT_013,122.98,3.58,521.64,13.783,2.508,0.7256,14.098,2.525,0.724,14.652,15.285,2.542,0.7181,107.78,45.57,1.248,PASS,0
LOT_014_DIE_02863,LOT_014,123.81,3.506,528.0,9.446,2.446,0.6895,9.962,2.464,0.6848,10.744,11.352,2.511,0.6802,93.84,44.92,1.163,PASS,0
LOT_015_DIE_02864,LOT_015,125.2,3.578,507.09,10.873,2.471,0.6924,11.512,2.478,0.6894,12.194,12.841,2.503,0.6873,93.32,45.38,1.295,PASS,0
LOT_016_DIE_02865,LOT_016,124.97,3.64,511.13,9.252,2.462,0.7331,9.706,2.483,0.7323,10.315,11.467,2.531,0.7255,99.18,45.59,1.2,PASS,0
LOT_017_DIE_02866,LOT_017,124.74,3.639,521.12,8.447,2.382,0.6965,8.726,2.395,0.6927,9.254,10.697,2.464,0.6889,101.95,42.76,1.287,PASS,0
LOT_018_DIE_02867,LOT_018,125.0,3.576,483.04,12.01,2.596,0.7462,12.572,2.618,0.744,13.556,14.31,2.638,0.7365,92.07,43.85,1.383,PASS,0
LOT_019_DIE_02868,LOT_019,123.05,3.623,499.34,10.496,2.711,0.6974,11.255,2.731,0.6945,11.859,12.314,2.756,0.692,101.95,45.68,1.166,PASS,0
LOT_020_DIE_02869,LOT_020,127.12,3.618,492.41,10.282,2.359,0.7314,10.871,2.382,0.7283,11.641,12.576,2.367,0.722,97.62,43.02,1.258,PASS,0
LOT_021_DIE_02870,LOT_021,124.48,3.62,523.81,12.936,2.22,0.7525,13.468,2.238,0.75,13.996,14.652,2.23,0.7434,111.22,45.33,1.405,PASS,0
LOT_022_DIE_02871,LOT_022,123.61,3.61,517.02,9.529,2.546,0.7014,9.834,2.57,0.6988,10.6,11.309,2.588,0.6919,99.87,43.99,1.331,PASS,0
LOT_023_DIE_02872,LOT_023,126.57,3.602,493.67,9.117,2.217,0.668,9.709,2.235,0.6654,9.873,10.695,2.266,0.6554,99.07,46.4,1.303,PASS,0
LOT_024_DIE_02873,LOT_024,123.25,3.604,494.75,10.121,2.303,0.7597,10.407,2.319,0.7567,11.489,11.572,2.352,0.7529,94.12,45.41,1.248,PASS,0
LOT_025_DIE_02874,LOT_025,123.75,3.559,488.41,11.584,2.297,0.7269,12.222,2.327,0.7233,13.055,13.652,2.375,0.7181,106.08,44.56,1.186,PASS,0
LOT_026_DIE_02875,LOT_026,126.51,3.637,482.67,12.621,2.492,0.7228,12.848,2.523,0.7196,13.776,14.731,2.528,0.716,93.67,42.38,1.253,PASS,0
LOT_027_DIE_02876,LOT_027,125.25,3.611,528.13,8.666,2.7,0.7199,9.155,2.717,0.717,9.984,10.553,2.741,0.7117,103.74,42.91,1.371,PASS,0
LOT_028_DIE_02877,LOT_028,124.02,3.602,520.17,12.919,2.56,0.7072,13.634,2.595,0.7048,14.607,15.487,2.648,0.6929,99.64,46.87,1.258,PASS,0
LOT_029_DIE_02878,LOT_029,125.44,3.588,475.94,13.628,2.594,0.7165,14.334,2.609,0.7137,15.086,15.874,2.646,0.7081,100.81,47.61,1.246,PASS,0
LOT_030_DIE_02879,LOT_030,124.7,3.668,490.27,10.16,2.737,0.6935,10.477,2.772,0.6894,10.999,11.818,2.785,0.6844,106.82,45.61,1.361,PASS,0
LOT_031_DIE_02880,LOT_031,126.12,3.624,491.97,14.507,2.633,0.7249,15.082,2.654,0.7212,15.709,16.073,2.666,0.7176,106.33,44.69,1.093,PASS,0
LOT_032_DIE_02881,LOT_032,125.34,3.6,483.68,38.756,4.422,0.6667,50.053,5.463,0.629,75.081,140.926,7.955,0.5803,109.74,38.65,1.16,LATENT_CONTEXTUAL_OUTLIER,1
LOT_033_DIE_02882,LOT_033,124.83,3.647,494.68,8.521,2.601,0.7087,9.123,2.62,0.7054,9.508,9.874,2.664,0.6997,101.14,43.34,1.271,PASS,0
LOT_034_DIE_02883,LOT_034,124.37,3.588,498.95,15.945,2.621,0.699,16.257,2.633,0.697,16.651,17.445,2.647,0.6917,107.7,44.48,1.242,PASS,0
LOT_035_DIE_02884,LOT_035,126.79,3.634,527.99,17.344,2.362,0.6736,17.808,2.382,0.6716,18.316,19.296,2.417,0.6643,95.0,44.87,1.278,PASS,0
LOT_036_DIE_02885,LOT_036,124.37,3.586,510.23,13.65,2.722,0.7206,14.062,2.728,0.7176,15.264,16.465,2.775,0.7121,93.94,45.71,1.31,PASS,0
LOT_037_DIE_02886,LOT_037,124.61,3.524,507.31,11.311,2.306,0.7017,11.356,2.325,0.6992,11.844,12.606,2.346,0.6964,105.08,40.9,1.172,PASS,0
LOT_038_DIE_02887,LOT_038,124.96,3.609,510.86,8.045,2.546,0.7283,8.294,2.566,0.7274,8.672,9.003,2.575,0.7195,105.11,42.09,1.265,PASS,0
LOT_039_DIE_02888,LOT_039,125.85,3.659,500.42,12.338,2.778,0.7263,12.691,2.804,0.7232,13.157,14.152,2.819,0.7159,97.5,52.95,1.332,PASS,0
LOT_040_DIE_02889,LOT_040,126.36,3.649,522.77,12.172,2.215,0.702,12.489,2.236,0.6982,13.4,13.581,2.265,0.6964,97.48,42.91,1.21,PASS,0
LOT_041_DIE_02890,LOT_041,124.78,3.572,521.32,9.252,2.454,0.6785,9.892,2.457,0.6753,10.561,11.061,2.512,0.6693,93.6,44.97,1.209,PASS,0
LOT_042_DIE_02891,LOT_042,124.56,3.608,474.61,10.813,2.401,0.7114,11.321,2.413,0.7091,12.286,12.7,2.445,0.7042,98.35,45.52,1.213,PASS,0
LOT_043_DIE_02892,LOT_043,127.12,3.597,506.35,8.442,2.401,0.7188,8.875,2.429,0.7164,10.188,10.705,2.445,0.7099,109.19,45.25,1.229,PASS,0
LOT_044_DIE_02893,LOT_044,124.22,3.59,497.43,14.751,2.328,0.7004,15.241,2.358,0.6969,16.2,16.968,2.341,0.6937,101.06,44.5,1.215,PASS,0
LOT_045_DIE_02894,LOT_045,123.57,3.603,483.85,10.331,2.48,0.7128,10.896,2.513,0.7109,11.766,11.866,2.523,0.7058,97.61,44.33,1.356,PASS,0
LOT_046_DIE_02895,LOT_046,124.74,3.595,486.61,11.655,2.404,0.7039,11.951,2.446,0.6994,12.386,13.046,2.415,0.697,94.05,45.73,1.26,PASS,0
LOT_047_DIE_02896,LOT_047,125.11,3.524,508.16,9.231,2.561,0.709,9.6,2.602,0.7063,10.29,10.822,2.585,0.7016,103.05,47.35,1.186,PASS,0
LOT_048_DIE_02897,LOT_048,124.95,3.645,495.01,11.204,2.272,0.7311,11.427,2.29,0.7286,12.017,12.856,2.3,0.7245,96.93,41.44,1.173,PASS,0
LOT_049_DIE_02898,LOT_049,123.47,3.655,468.15,12.177,2.358,0.6982,12.457,2.383,0.6956,12.907,13.231,2.427,0.6892,100.32,42.19,1.246,PASS,0
LOT_050_DIE_02899,LOT_050,124.94,3.672,495.08,7.815,2.368,0.6903,8.145,2.377,0.6871,9.25,9.506,2.396,0.6833,100.98,40.62,1.222,PASS,0
LOT_001_DIE_02900,LOT_001,123.24,3.558,486.48,10.438,2.605,0.7172,10.712,2.654,0.7128,12.341,13.29,2.654,0.7087,106.22,41.95,1.191,PASS,0
LOT_002_DIE_02901,LOT_002,123.49,3.611,528.1,14.557,2.629,0.7229,14.882,2.659,0.7187,15.575,16.296,2.662,0.7142,101.19,42.61,1.276,PASS,0
LOT_003_DIE_02902,LOT_003,125.15,3.574,482.47,11.88,2.38,0.7409,12.679,2.41,0.7375,13.612,14.549,2.455,0.733,94.1,48.87,1.19,PASS,0
LOT_004_DIE_02903,LOT_004,125.31,3.596,504.16,12.431,2.584,0.7564,12.93,2.616,0.7537,13.396,13.849,2.667,0.7446,106.53,47.42,1.158,PASS,0
LOT_005_DIE_02904,LOT_005,123.36,3.566,502.97,8.206,2.333,0.7239,8.783,2.382,0.7229,9.521,9.98,2.397,0.7164,94.11,41.23,1.196,PASS,0
LOT_006_DIE_02905,LOT_006,125.76,3.642,479.09,9.976,2.34,0.7295,10.462,2.348,0.7277,11.53,11.65,2.383,0.721,99.27,44.05,1.225,PASS,0
LOT_007_DIE_02906,LOT_007,125.81,3.581,485.84,7.226,2.425,0.6865,7.681,2.457,0.6838,7.922,8.746,2.47,0.6796,103.31,42.61,1.242,PASS,0
LOT_008_DIE_02907,LOT_008,122.8,3.54,500.31,13.529,2.587,0.6781,13.745,2.618,0.6733,14.54,15.135,2.633,0.672,104.79,42.95,1.196,PASS,0
LOT_009_DIE_02908,LOT_009,123.72,3.608,490.56,13.947,2.351,0.6852,14.587,2.381,0.6805,14.848,15.714,2.375,0.6723,102.32,43.36,1.256,PASS,0
LOT_010_DIE_02909,LOT_010,123.17,3.593,478.09,14.085,2.297,0.7325,14.513,2.327,0.7285,14.956,15.364,2.373,0.723,107.12,43.42,1.159,PASS,0
LOT_011_DIE_02910,LOT_011,124.46,3.666,478.33,8.776,2.513,0.7048,9.217,2.527,0.7021,9.92,10.718,2.574,0.6966,101.65,48.35,1.262,PASS,0
LOT_012_DIE_02911,LOT_012,125.86,3.576,487.2,14.497,2.373,0.6867,14.803,2.403,0.6839,15.527,16.162,2.462,0.6816,112.71,40.56,1.159,PASS,0
LOT_013_DIE_02912,LOT_013,124.68,3.6,524.25,15.795,2.574,0.7176,16.211,2.594,0.7143,17.248,17.67,2.655,0.7084,97.21,44.66,1.235,PASS,0
LOT_014_DIE_02913,LOT_014,125.69,3.536,507.43,8.6,2.617,0.6967,8.953,2.633,0.6942,9.975,10.653,2.683,0.6893,101.09,44.94,1.226,PASS,0
LOT_015_DIE_02914,LOT_015,125.19,3.558,510.11,8.348,2.712,0.6788,8.894,2.735,0.6765,9.816,10.075,2.77,0.6694,99.89,42.4,1.231,PASS,0
LOT_016_DIE_02915,LOT_016,125.06,3.584,527.63,7.298,2.625,0.7137,7.601,2.644,0.7103,8.515,9.492,2.639,0.7068,102.04,44.13,1.314,PASS,0
LOT_017_DIE_02916,LOT_017,126.36,3.645,532.51,8.433,2.597,0.7009,9.124,2.63,0.6972,10.075,10.893,2.631,0.6961,98.48,43.45,1.304,PASS,0
LOT_018_DIE_02917,LOT_018,125.08,3.603,495.6,11.767,2.34,0.7207,12.125,2.357,0.7171,12.874,13.524,2.363,0.714,102.62,45.99,1.366,PASS,0
LOT_019_DIE_02918,LOT_019,123.37,3.648,518.5,10.844,2.491,0.6986,11.523,2.522,0.6952,12.937,13.625,2.535,0.6889,101.28,43.66,1.428,PASS,0
LOT_020_DIE_02919,LOT_020,124.2,3.611,488.87,10.402,2.663,0.7078,11.207,2.673,0.7042,11.855,12.287,2.674,0.6976,96.44,40.61,1.264,PASS,0
LOT_021_DIE_02920,LOT_021,123.39,3.611,534.74,12.286,2.396,0.7188,12.259,2.399,0.7152,13.275,13.102,2.449,0.7114,95.41,40.68,1.201,PASS,0
LOT_022_DIE_02921,LOT_022,125.78,3.596,502.1,8.037,2.514,0.7126,8.449,2.535,0.7085,9.16,10.267,2.549,0.7007,99.27,47.71,1.261,PASS,0
LOT_023_DIE_02922,LOT_023,125.06,3.645,498.9,10.105,2.422,0.6767,10.248,2.451,0.6742,10.78,11.512,2.48,0.6697,101.07,41.07,1.153,PASS,0
LOT_024_DIE_02923,LOT_024,125.24,3.507,478.96,9.634,2.571,0.7227,9.971,2.603,0.7218,10.515,11.096,2.608,0.714,95.33,42.06,1.199,PASS,0
LOT_025_DIE_02924,LOT_025,127.16,3.632,502.39,12.365,2.403,0.7152,12.728,2.399,0.7115,13.84,14.546,2.513,0.7083,102.03,48.19,1.126,PASS,0
LOT_026_DIE_02925,LOT_026,124.7,3.599,488.32,41.211,4.071,0.6949,58.631,4.976,0.6497,92.995,149.942,6.827,0.5752,119.35,39.96,1.225,LATENT_CONTEXTUAL_OUTLIER,1
LOT_027_DIE_02926,LOT_027,124.54,3.612,510.9,11.222,2.293,0.7071,11.542,2.31,0.704,11.912,12.513,2.317,0.6988,112.85,46.73,1.302,PASS,0
LOT_028_DIE_02927,LOT_028,125.49,3.62,515.86,11.876,2.578,0.6753,11.985,2.597,0.6725,13.105,14.025,2.64,0.6681,101.53,48.69,1.294,PASS,0
LOT_029_DIE_02928,LOT_029,125.76,3.738,481.97,14.444,2.323,0.69,14.856,2.338,0.6875,16.295,16.914,2.384,0.6814,105.24,43.31,1.208,PASS,0
LOT_030_DIE_02929,LOT_030,124.22,3.546,509.75,9.176,2.632,0.6798,9.175,2.643,0.6782,9.791,10.327,2.677,0.6713,101.26,47.67,1.159,PASS,0
LOT_031_DIE_02930,LOT_031,125.08,3.565,504.02,12.013,2.389,0.738,12.518,2.403,0.7359,13.474,14.055,2.43,0.7312,95.42,45.63,1.398,PASS,0
LOT_032_DIE_02931,LOT_032,125.21,3.627,487.9,6.89,3.018,0.7179,7.737,3.037,0.716,8.429,9.447,3.08,0.7093,104.58,42.64,1.132,PASS,0
LOT_033_DIE_02932,LOT_033,124.48,3.554,484.7,8.898,2.513,0.6921,9.275,2.54,0.688,9.833,10.281,2.578,0.6866,106.04,40.92,1.224,PASS,0
LOT_034_DIE_02933,LOT_034,125.09,3.62,502.46,18.882,2.831,0.7012,30.195,3.158,0.6857,48.37,89.903,4.491,0.665,108.23,38.39,1.378,THERMAL_VOLTAGE_STRESS_FAILURE,1
LOT_035_DIE_02934,LOT_035,124.71,3.657,529.24,13.861,2.514,0.706,14.447,2.537,0.7034,15.012,15.506,2.525,0.6979,93.33,44.29,1.181,PASS,0
LOT_036_DIE_02935,LOT_036,124.73,3.583,498.25,14.614,2.584,0.6981,14.654,2.609,0.695,15.815,16.129,2.638,0.6912,98.0,44.12,1.353,PASS,0
LOT_037_DIE_02936,LOT_037,123.8,3.619,499.21,10.73,2.465,0.7337,11.088,2.484,0.7299,11.831,12.501,2.533,0.7274,94.93,47.56,1.217,PASS,0
LOT_038_DIE_02937,LOT_038,124.14,3.579,524.23,7.8,2.464,0.7047,7.802,2.482,0.7008,8.849,9.718,2.525,0.6975,94.06,43.12,1.323,PASS,0
LOT_039_DIE_02938,LOT_039,123.75,3.519,504.95,14.416,2.364,0.7209,14.747,2.381,0.718,15.423,15.82,2.411,0.7146,100.11,44.83,1.19,PASS,0
LOT_040_DIE_02939,LOT_040,126.03,3.651,533.38,12.317,2.603,0.7149,12.964,2.624,0.7109,13.862,14.652,2.675,0.7066,92.23,46.62,1.046,PASS,0
LOT_041_DIE_02940,LOT_041,126.59,3.621,506.11,8.136,2.627,0.6818,8.272,2.658,0.6784,8.993,9.683,2.653,0.6751,96.84,45.88,1.261,PASS,0
LOT_042_DIE_02941,LOT_042,125.64,3.619,500.81,12.514,2.601,0.7217,12.905,2.603,0.7184,13.991,14.562,2.609,0.718,100.0,44.14,1.185,PASS,0
LOT_043_DIE_02942,LOT_043,124.35,3.635,478.01,8.181,2.616,0.7175,8.478,2.644,0.7143,9.187,9.43,2.651,0.709,96.48,44.96,1.348,PASS,0
LOT_044_DIE_02943,LOT_044,126.03,3.57,482.74,12.25,2.274,0.7281,12.591,2.292,0.7256,13.55,14.049,2.304,0.7234,100.41,46.32,1.316,PASS,0
LOT_045_DIE_02944,LOT_045,123.72,3.604,495.09,10.416,2.629,0.7336,11.126,2.644,0.7309,12.028,12.904,2.686,0.7233,97.34,47.32,1.345,PASS,0
LOT_046_DIE_02945,LOT_046,124.18,3.604,486.13,13.203,2.34,0.6901,13.982,2.353,0.6868,14.635,15.428,2.404,0.684,103.21,46.85,1.277,PASS,0
LOT_047_DIE_02946,LOT_047,128.44,3.53,490.09,10.198,2.357,0.7179,10.67,2.369,0.7165,11.844,12.448,2.39,0.7115,106.1,45.74,1.37,PASS,0
LOT_048_DIE_02947,LOT_048,124.94,3.553,495.93,12.157,2.402,0.7007,12.339,2.405,0.6974,13.292,13.817,2.429,0.6936,100.01,45.43,1.169,PASS,0
LOT_049_DIE_02948,LOT_049,125.97,3.623,491.85,11.191,2.464,0.6839,11.343,2.473,0.6788,12.729,13.328,2.525,0.6748,108.95,44.86,1.138,PASS,0
LOT_050_DIE_02949,LOT_050,124.74,3.623,488.04,10.25,2.465,0.6933,10.725,2.486,0.6905,11.495,12.314,2.538,0.6889,99.92,44.67,1.275,PASS,0
LOT_001_DIE_02950,LOT_001,124.32,3.568,476.66,12.369,2.345,0.7319,12.835,2.381,0.7295,13.793,14.705,2.389,0.722,101.48,45.49,1.178,PASS,0
LOT_002_DIE_02951,LOT_002,125.98,3.616,507.12,13.582,2.431,0.7318,14.042,2.455,0.7279,14.848,14.658,2.457,0.7268,103.66,46.99,1.407,PASS,0
LOT_003_DIE_02952,LOT_003,126.11,3.589,502.05,12.907,2.347,0.7265,13.284,2.376,0.7222,13.811,14.49,2.389,0.7136,108.24,39.94,1.215,PASS,0
LOT_004_DIE_02953,LOT_004,124.75,3.68,499.8,10.251,2.477,0.74,10.595,2.495,0.7364,11.425,12.17,2.541,0.7351,95.46,48.81,1.296,PASS,0
LOT_005_DIE_02954,LOT_005,125.81,3.608,510.12,8.296,2.741,0.7104,9.159,2.743,0.708,10.143,10.668,2.771,0.6974,95.94,43.28,1.134,PASS,0
LOT_006_DIE_02955,LOT_006,125.29,3.619,481.91,10.386,2.384,0.7194,10.835,2.407,0.7155,11.686,12.028,2.439,0.7139,107.82,48.33,1.09,PASS,0
LOT_007_DIE_02956,LOT_007,125.54,3.511,488.01,6.993,2.637,0.6871,7.724,2.662,0.6857,8.341,8.777,2.68,0.6785,100.38,47.46,1.2,PASS,0
LOT_008_DIE_02957,LOT_008,123.35,3.569,505.47,13.326,2.445,0.6971,13.593,2.448,0.6946,14.709,15.123,2.504,0.6873,100.97,43.95,1.33,PASS,0
LOT_009_DIE_02958,LOT_009,125.34,3.59,480.87,11.676,2.6,0.7139,11.961,2.631,0.7092,12.789,13.25,2.65,0.7025,91.7,42.75,1.146,PASS,0
LOT_010_DIE_02959,LOT_010,125.44,3.618,493.62,13.664,2.387,0.6846,14.171,2.395,0.6823,14.89,15.6,2.48,0.6762,105.24,49.58,1.052,PASS,0
LOT_011_DIE_02960,LOT_011,124.86,3.603,493.75,8.573,2.438,0.7116,9.201,2.448,0.7079,10.036,10.971,2.483,0.7082,99.57,44.35,1.306,PASS,0
LOT_012_DIE_02961,LOT_012,125.1,3.549,484.06,15.0,2.398,0.7008,15.446,2.402,0.6975,16.14,17.071,2.422,0.6917,99.79,40.89,1.359,PASS,0
LOT_013_DIE_02962,LOT_013,123.91,3.61,512.45,13.226,2.355,0.7744,13.493,2.372,0.7733,14.455,14.991,2.419,0.7676,104.55,46.16,1.288,PASS,0
LOT_014_DIE_02963,LOT_014,124.63,3.598,505.22,8.698,2.302,0.7029,9.198,2.321,0.6991,9.834,10.574,2.358,0.6954,94.32,44.05,1.417,PASS,0
LOT_015_DIE_02964,LOT_015,126.31,3.641,496.43,9.191,2.372,0.6866,9.289,2.395,0.6839,9.954,10.922,2.446,0.6811,97.29,44.8,1.248,PASS,0
LOT_016_DIE_02965,LOT_016,125.63,3.595,500.87,8.877,2.798,0.7191,9.305,2.807,0.7144,10.245,10.781,2.84,0.7156,101.81,44.47,1.377,PASS,0
LOT_017_DIE_02966,LOT_017,124.97,3.557,508.41,13.425,2.611,0.6871,27.312,3.089,0.6713,55.673,91.585,4.38,0.6033,111.48,34.65,1.267,LATENT_DRIFT_RUNAWAY,1
LOT_018_DIE_02967,LOT_018,124.08,3.623,483.56,10.736,2.561,0.7364,11.175,2.591,0.7317,12.196,12.853,2.565,0.7301,98.74,44.34,1.559,PASS,0
LOT_019_DIE_02968,LOT_019,123.11,3.639,507.78,13.167,2.357,0.6912,13.34,2.374,0.6882,14.073,15.071,2.435,0.6847,108.42,40.78,1.296,PASS,0
LOT_020_DIE_02969,LOT_020,123.83,3.616,510.71,10.901,2.397,0.7522,11.106,2.414,0.7498,11.782,12.555,2.451,0.7469,109.3,46.39,1.269,PASS,0
LOT_021_DIE_02970,LOT_021,123.12,3.577,496.07,13.132,2.691,0.7298,13.617,2.713,0.7258,14.583,15.012,2.757,0.7221,92.13,45.89,1.106,PASS,0
LOT_022_DIE_02971,LOT_022,123.6,3.625,521.27,8.794,2.666,0.7043,9.05,2.693,0.7035,9.996,10.616,2.703,0.6964,94.11,49.62,1.265,PASS,0
LOT_023_DIE_02972,LOT_023,123.38,3.644,493.59,10.703,2.301,0.7007,10.761,2.308,0.6979,11.449,12.171,2.338,0.6934,96.23,48.37,1.254,PASS,0
LOT_024_DIE_02973,LOT_024,125.19,3.654,483.8,9.501,2.819,0.7442,10.03,2.845,0.7411,11.173,11.808,2.859,0.7352,110.51,42.36,1.215,PASS,0
LOT_025_DIE_02974,LOT_025,125.97,3.577,498.2,43.017,3.477,0.6649,53.027,4.49,0.6205,95.586,157.316,6.01,0.5525,115.43,35.48,1.314,LATENT_CONTEXTUAL_OUTLIER,1
LOT_026_DIE_02975,LOT_026,124.3,3.599,493.56,14.216,2.528,0.7327,14.743,2.562,0.7295,15.225,15.957,2.594,0.7245,100.66,43.98,1.259,PASS,0
LOT_027_DIE_02976,LOT_027,125.38,3.549,520.3,10.311,2.386,0.7042,11.019,2.402,0.701,11.896,12.584,2.441,0.6949,107.63,40.55,1.279,PASS,0
LOT_028_DIE_02977,LOT_028,126.85,3.646,497.17,15.224,2.575,0.6835,30.265,3.25,0.6657,58.432,90.747,4.245,0.6084,119.85,37.2,1.353,LATENT_DRIFT_RUNAWAY,1
LOT_029_DIE_02978,LOT_029,126.15,3.601,498.39,11.365,2.589,0.6795,11.879,2.617,0.677,13.143,13.753,2.642,0.672,102.26,43.84,1.136,PASS,0
LOT_030_DIE_02979,LOT_030,125.9,3.626,517.35,6.456,2.559,0.7039,6.796,2.59,0.7013,7.414,8.381,2.617,0.6956,108.64,42.31,1.192,PASS,0
LOT_031_DIE_02980,LOT_031,125.7,3.655,479.6,10.409,2.453,0.7236,10.754,2.453,0.7203,11.815,12.34,2.495,0.7172,101.69,45.38,1.215,PASS,0
LOT_032_DIE_02981,LOT_032,125.8,3.602,500.37,7.906,2.464,0.7442,7.906,2.496,0.7391,8.989,10.074,2.475,0.7367,96.36,46.86,1.327,PASS,0
LOT_033_DIE_02982,LOT_033,126.93,3.613,470.31,8.4,2.593,0.7135,8.803,2.609,0.7113,9.852,10.494,2.661,0.7023,93.59,46.56,1.363,PASS,0
LOT_034_DIE_02983,LOT_034,125.46,3.629,500.56,15.938,2.452,0.6631,16.538,2.477,0.6583,17.283,17.549,2.526,0.6533,105.84,46.71,1.183,PASS,0
LOT_035_DIE_02984,LOT_035,123.46,3.623,512.7,13.441,2.561,0.7027,13.466,2.569,0.7004,14.38,14.83,2.604,0.6908,100.21,44.45,1.262,PASS,0
LOT_036_DIE_02985,LOT_036,126.59,3.598,495.13,13.698,2.713,0.6821,14.107,2.74,0.6786,15.202,15.863,2.732,0.6731,98.87,46.73,1.24,PASS,0
LOT_037_DIE_02986,LOT_037,126.91,3.536,495.77,9.411,2.522,0.7266,10.101,2.546,0.7229,10.687,11.065,2.551,0.7174,106.67,48.3,1.199,PASS,0
LOT_038_DIE_02987,LOT_038,126.34,3.617,504.87,10.284,2.606,0.7405,10.828,2.627,0.7376,12.135,12.313,2.619,0.7329,97.96,39.01,1.44,PASS,0
LOT_039_DIE_02988,LOT_039,125.76,3.577,513.38,13.292,2.466,0.7065,13.869,2.486,0.7013,14.141,14.816,2.506,0.6932,100.49,43.25,1.307,PASS,0
LOT_040_DIE_02989,LOT_040,124.04,3.625,504.56,11.532,2.432,0.7284,11.858,2.449,0.7264,12.24,12.591,2.502,0.717,101.18,42.49,1.412,PASS,0
LOT_041_DIE_02990,LOT_041,125.92,3.644,519.01,8.156,2.5,0.672,8.46,2.518,0.6701,9.879,10.367,2.535,0.6618,104.86,44.83,1.28,PASS,0
LOT_042_DIE_02991,LOT_042,124.63,3.613,504.17,11.054,2.569,0.7349,11.572,2.592,0.7304,12.142,12.769,2.605,0.7286,104.1,47.24,1.397,PASS,0
LOT_043_DIE_02992,LOT_043,124.51,3.605,492.56,7.063,2.482,0.7369,7.458,2.51,0.7325,7.818,8.447,2.551,0.7284,100.9,46.15,1.174,PASS,0
LOT_044_DIE_02993,LOT_044,125.1,3.629,489.26,13.358,2.482,0.7158,13.753,2.509,0.7141,14.27,14.853,2.519,0.7081,101.94,42.36,1.364,PASS,0
LOT_045_DIE_02994,LOT_045,125.34,3.72,485.1,11.21,2.682,0.7342,11.896,2.705,0.7305,12.647,13.221,2.744,0.7253,104.85,42.67,1.228,PASS,0
LOT_046_DIE_02995,LOT_046,123.72,3.496,475.56,12.791,2.386,0.6841,13.255,2.403,0.6805,13.867,14.381,2.458,0.6726,106.55,48.13,1.225,PASS,0
LOT_047_DIE_02996,LOT_047,126.52,3.595,509.75,9.948,2.425,0.6966,10.403,2.446,0.6919,10.897,11.682,2.486,0.6869,94.99,47.58,1.052,PASS,0
LOT_048_DIE_02997,LOT_048,123.61,3.576,498.0,11.894,2.513,0.7128,12.713,2.538,0.7108,13.714,14.606,2.57,0.7036,103.58,47.51,1.178,PASS,0
LOT_049_DIE_02998,LOT_049,124.52,3.552,477.57,11.392,2.364,0.6633,11.915,2.398,0.6604,12.534,12.83,2.405,0.6598,99.07,50.43,1.233,PASS,0
LOT_050_DIE_02999,LOT_050,127.08,3.615,499.11,10.861,2.515,0.6855,11.31,2.548,0.6832,11.812,12.356,2.587,0.6785,101.73,42.08,1.358,PASS,0
LOT_001_DIE_03000,LOT_001,126.82,3.566,480.93,9.246,2.646,0.73,9.582,2.668,0.7259,9.862,10.498,2.685,0.72,104.29,48.7,1.254,PASS,0
LOT_002_DIE_03001,LOT_002,124.13,3.631,499.13,47.642,4.129,0.6783,60.551,4.8,0.6454,90.689,129.925,5.983,0.5549,118.99,40.65,1.218,LATENT_CONTEXTUAL_OUTLIER,1
LOT_003_DIE_03002,LOT_003,124.67,3.588,484.87,13.141,2.498,0.7371,13.484,2.506,0.7341,13.919,14.61,2.535,0.7311,97.49,44.97,1.268,PASS,0
LOT_004_DIE_03003,LOT_004,125.15,3.581,487.93,13.807,2.528,0.7307,13.851,2.547,0.7279,14.819,15.272,2.562,0.7227,105.79,48.17,1.307,PASS,0
LOT_005_DIE_03004,LOT_005,124.85,3.6,512.18,8.752,2.407,0.7276,8.969,2.424,0.7256,9.117,9.86,2.454,0.7201,103.52,42.72,1.18,PASS,0
LOT_006_DIE_03005,LOT_006,123.41,3.54,492.25,9.512,2.635,0.7492,10.02,2.654,0.7471,10.843,11.723,2.703,0.7438,102.21,47.36,1.236,PASS,0
LOT_007_DIE_03006,LOT_007,124.67,3.622,496.27,6.01,2.531,0.6886,6.459,2.552,0.6852,7.017,7.456,2.582,0.6793,101.44,44.97,1.184,PASS,0
LOT_008_DIE_03007,LOT_008,124.75,3.579,513.77,16.496,2.508,0.7041,16.926,2.504,0.6995,17.778,18.853,2.561,0.6965,96.29,45.09,1.324,PASS,0
LOT_009_DIE_03008,LOT_009,125.4,3.608,495.2,12.783,2.347,0.6796,13.143,2.366,0.6769,14.023,14.618,2.386,0.6726,103.48,46.84,1.349,PASS,0
LOT_010_DIE_03009,LOT_010,124.55,3.65,490.1,12.029,2.685,0.7287,12.723,2.695,0.7269,13.451,14.04,2.74,0.7208,99.38,45.12,1.242,PASS,0
LOT_011_DIE_03010,LOT_011,124.91,3.534,495.23,8.189,2.548,0.6821,8.792,2.565,0.6781,9.65,10.212,2.58,0.6698,106.26,49.49,1.143,PASS,0
LOT_012_DIE_03011,LOT_012,122.43,3.628,483.72,14.054,2.27,0.6962,14.365,2.286,0.6923,15.083,15.959,2.294,0.6863,102.86,43.79,1.261,PASS,0
LOT_013_DIE_03012,LOT_013,127.74,3.615,503.72,13.941,2.555,0.7239,14.524,2.58,0.7221,15.4,15.973,2.599,0.7141,103.7,47.26,1.176,PASS,0
LOT_014_DIE_03013,LOT_014,124.79,3.697,503.85,8.331,2.406,0.714,8.672,2.431,0.7122,9.56,10.143,2.445,0.7065,107.69,45.36,1.239,PASS,0
LOT_015_DIE_03014,LOT_015,126.65,3.587,519.42,7.64,2.335,0.6667,7.931,2.38,0.6647,9.108,9.371,2.38,0.6605,92.7,48.33,1.119,PASS,0
LOT_016_DIE_03015,LOT_016,125.88,3.673,513.45,10.638,2.323,0.713,11.563,2.329,0.7098,12.362,12.961,2.357,0.7024,94.97,47.42,1.182,PASS,0
LOT_017_DIE_03016,LOT_017,125.7,3.552,512.98,10.838,2.579,0.678,11.367,2.588,0.6757,12.351,12.712,2.615,0.6694,100.03,43.53,1.335,PASS,0
LOT_018_DIE_03017,LOT_018,123.77,3.563,487.18,12.906,2.532,0.7387,13.483,2.552,0.7357,14.388,15.083,2.613,0.7337,100.65,46.25,1.285,PASS,0
LOT_019_DIE_03018,LOT_019,124.32,3.593,509.73,11.115,2.237,0.66,11.514,2.254,0.6573,12.371,12.176,2.293,0.6495,90.92,48.07,1.172,PASS,0
LOT_020_DIE_03019,LOT_020,124.79,3.582,493.83,11.055,2.332,0.7649,22.453,2.779,0.7448,40.51,87.616,3.811,0.7005,113.29,40.72,1.172,LATENT_DRIFT_RUNAWAY,1
LOT_021_DIE_03020,LOT_021,126.52,3.596,519.26,12.875,2.563,0.7065,13.212,2.589,0.7017,14.164,15.153,2.611,0.7005,100.43,45.66,1.265,PASS,0
LOT_022_DIE_03021,LOT_022,124.73,3.612,517.66,8.138,2.594,0.6721,8.434,2.632,0.6705,8.953,9.976,2.66,0.666,105.91,47.65,1.313,PASS,0
LOT_023_DIE_03022,LOT_023,123.38,3.57,509.17,11.345,2.377,0.6621,11.731,2.4,0.6592,13.276,14.119,2.41,0.652,101.08,42.56,1.259,PASS,0
LOT_024_DIE_03023,LOT_024,124.61,3.567,486.42,10.653,2.36,0.7451,10.896,2.384,0.7406,11.426,12.071,2.397,0.7345,98.3,42.52,1.191,PASS,0
LOT_025_DIE_03024,LOT_025,126.09,3.704,486.65,10.925,2.221,0.7085,11.245,2.249,0.7036,11.516,12.3,2.266,0.6992,97.02,41.0,1.364,PASS,0
LOT_026_DIE_03025,LOT_026,123.8,3.627,484.85,12.517,2.476,0.7162,12.666,2.5,0.7134,13.603,14.024,2.48,0.7095,103.15,48.43,1.297,PASS,0
LOT_027_DIE_03026,LOT_027,126.17,3.613,508.93,8.256,2.421,0.7358,8.546,2.459,0.7316,9.464,10.132,2.473,0.7271,98.67,43.19,1.315,PASS,0
LOT_028_DIE_03027,LOT_028,125.16,3.583,520.72,11.944,2.549,0.6938,12.174,2.554,0.6918,12.916,13.445,2.574,0.6889,100.01,46.33,1.299,PASS,0
LOT_029_DIE_03028,LOT_029,122.93,3.518,477.27,13.493,2.523,0.6951,13.738,2.551,0.6906,14.024,14.897,2.624,0.6883,109.01,40.74,1.175,PASS,0
LOT_030_DIE_03029,LOT_030,125.2,3.578,505.34,8.749,2.579,0.6914,8.906,2.604,0.687,9.619,10.254,2.649,0.6815,103.93,39.78,1.231,PASS,0
LOT_031_DIE_03030,LOT_031,123.98,3.601,481.76,14.032,2.562,0.7406,14.675,2.579,0.7367,15.616,16.578,2.626,0.7336,99.07,42.77,1.068,PASS,0
LOT_032_DIE_03031,LOT_032,125.77,3.64,511.92,10.17,2.594,0.6817,10.782,2.615,0.6794,11.478,11.812,2.616,0.6758,96.36,45.45,1.329,PASS,0
LOT_033_DIE_03032,LOT_033,123.98,3.522,490.78,7.863,2.479,0.6965,8.41,2.508,0.6936,9.266,9.754,2.556,0.6884,101.71,46.13,1.345,PASS,0
LOT_034_DIE_03033,LOT_034,125.51,3.492,496.29,16.574,2.734,0.7154,17.093,2.754,0.7115,18.011,18.68,2.803,0.7072,97.54,47.41,1.136,PASS,0
LOT_035_DIE_03034,LOT_035,125.02,3.624,517.59,14.408,2.562,0.7036,14.644,2.581,0.6993,15.98,16.147,2.629,0.6954,101.93,49.46,1.278,PASS,0
LOT_036_DIE_03035,LOT_036,125.23,3.695,495.81,12.953,2.358,0.6911,13.525,2.361,0.6893,14.391,14.647,2.418,0.6847,91.24,42.41,1.203,PASS,0
LOT_037_DIE_03036,LOT_037,123.49,3.643,510.05,9.761,2.698,0.7326,9.927,2.703,0.7293,10.846,11.113,2.737,0.7229,107.44,46.39,1.183,PASS,0
LOT_038_DIE_03037,LOT_038,124.22,3.646,503.33,7.888,2.389,0.6969,8.08,2.402,0.6929,8.724,9.365,2.431,0.6868,106.05,44.63,1.343,PASS,0
LOT_039_DIE_03038,LOT_039,123.79,3.606,481.93,11.974,2.568,0.7361,12.379,2.588,0.7356,13.032,13.672,2.611,0.7313,108.23,45.35,1.089,PASS,0
LOT_040_DIE_03039,LOT_040,124.9,3.575,508.91,11.426,2.198,0.6982,11.729,2.229,0.6968,12.487,13.088,2.244,0.6876,99.6,45.44,1.304,PASS,0
LOT_041_DIE_03040,LOT_041,123.8,3.606,519.81,10.086,2.708,0.6416,10.494,2.707,0.6374,11.367,12.138,2.763,0.6363,100.89,44.11,1.34,PASS,0
LOT_042_DIE_03041,LOT_042,125.18,3.583,483.77,13.04,2.611,0.7115,13.484,2.639,0.7079,13.913,14.35,2.641,0.7039,100.67,48.5,1.416,PASS,0
LOT_043_DIE_03042,LOT_043,124.63,3.614,494.68,8.885,2.704,0.7471,9.274,2.719,0.7439,10.419,10.911,2.731,0.7373,97.45,42.49,1.262,PASS,0
LOT_044_DIE_03043,LOT_044,124.36,3.579,497.21,14.365,2.499,0.7315,14.758,2.516,0.7268,16.131,16.981,2.538,0.7257,104.76,44.34,1.248,PASS,0
LOT_045_DIE_03044,LOT_045,124.2,3.583,509.41,10.808,2.858,0.7321,11.024,2.881,0.7286,11.908,12.55,2.944,0.7267,106.28,46.01,1.272,PASS,0
LOT_046_DIE_03045,LOT_046,126.18,3.585,482.56,11.924,2.523,0.7238,12.565,2.525,0.7196,13.736,13.691,2.542,0.7158,94.42,41.59,1.344,PASS,0
LOT_047_DIE_03046,LOT_047,124.74,3.622,501.85,11.561,2.288,0.7236,12.015,2.299,0.7202,12.716,13.672,2.349,0.7148,106.23,44.29,1.134,PASS,0
LOT_048_DIE_03047,LOT_048,125.91,3.662,508.89,12.234,2.533,0.7023,12.544,2.567,0.6986,13.463,13.882,2.585,0.6937,96.95,43.91,1.198,PASS,0
LOT_049_DIE_03048,LOT_049,126.04,3.657,478.12,11.29,2.524,0.6727,11.644,2.529,0.6689,12.899,13.196,2.541,0.6629,102.41,41.84,1.155,PASS,0
LOT_050_DIE_03049,LOT_050,125.08,3.625,493.07,7.87,2.196,0.677,8.607,2.213,0.6738,9.18,9.537,2.259,0.6679,108.27,45.95,1.199,PASS,0
LOT_001_DIE_03050,LOT_001,124.88,3.589,459.67,8.512,2.582,0.7517,9.147,2.588,0.7465,10.161,10.9,2.635,0.7471,92.6,44.71,1.159,PASS,0
LOT_002_DIE_03051,LOT_002,125.1,3.63,522.7,14.921,2.602,0.7222,15.506,2.63,0.7187,16.895,17.343,2.653,0.7113,102.28,44.63,1.344,PASS,0
LOT_003_DIE_03052,LOT_003,125.43,3.51,494.37,12.15,2.737,0.7321,12.562,2.755,0.7291,13.455,14.092,2.787,0.7225,106.54,46.51,1.1,PASS,0
LOT_004_DIE_03053,LOT_004,126.65,3.644,504.52,11.62,2.469,0.7324,12.083,2.489,0.7291,12.869,13.533,2.543,0.7251,99.85,43.5,1.169,PASS,0
LOT_005_DIE_03054,LOT_005,125.24,3.612,499.41,10.093,2.409,0.6998,10.097,2.421,0.697,11.214,11.759,2.453,0.6907,99.25,43.81,1.185,PASS,0
LOT_006_DIE_03055,LOT_006,124.41,3.651,489.38,9.761,2.486,0.7475,10.182,2.506,0.7454,11.303,11.51,2.546,0.7378,99.14,45.46,1.213,PASS,0
LOT_007_DIE_03056,LOT_007,125.68,3.586,495.07,9.993,2.509,0.6585,10.628,2.537,0.656,11.653,12.089,2.546,0.6507,107.27,49.31,1.274,PASS,0
LOT_008_DIE_03057,LOT_008,125.0,3.568,499.63,13.053,2.391,0.6743,13.519,2.41,0.6709,14.152,14.943,2.43,0.6637,95.15,42.33,1.316,PASS,0
LOT_009_DIE_03058,LOT_009,123.83,3.627,516.42,14.091,2.473,0.6942,14.398,2.488,0.6922,14.889,15.525,2.553,0.6841,102.88,40.8,1.202,PASS,0
LOT_010_DIE_03059,LOT_010,126.5,3.545,474.59,12.333,2.586,0.6923,12.593,2.612,0.6881,13.311,13.687,2.665,0.6846,104.17,47.97,1.209,PASS,0
LOT_011_DIE_03060,LOT_011,126.38,3.514,503.31,9.462,2.681,0.7051,9.796,2.703,0.703,10.325,11.027,2.726,0.6957,103.63,43.7,1.274,PASS,0
LOT_012_DIE_03061,LOT_012,125.77,3.582,494.72,14.844,2.519,0.7361,15.323,2.546,0.7331,15.979,16.529,2.597,0.7293,103.66,47.71,1.27,PASS,0
LOT_013_DIE_03062,LOT_013,125.34,3.605,531.03,13.381,2.67,0.7168,13.702,2.694,0.7132,14.573,15.13,2.716,0.7072,103.34,51.25,1.091,PASS,0
LOT_014_DIE_03063,LOT_014,124.27,3.636,521.62,8.252,2.538,0.6668,8.78,2.531,0.6634,9.447,9.843,2.599,0.6586,98.49,44.65,1.376,PASS,0
LOT_015_DIE_03064,LOT_015,125.51,3.629,490.59,9.839,2.811,0.7231,10.451,2.85,0.7213,11.221,11.421,2.931,0.7146,109.34,46.98,1.275,PASS,0
LOT_016_DIE_03065,LOT_016,126.58,3.554,514.66,10.135,2.138,0.6848,10.298,2.161,0.6812,11.356,12.231,2.236,0.6755,103.35,43.54,1.266,PASS,0
LOT_017_DIE_03066,LOT_017,126.52,3.553,514.93,8.496,2.422,0.6812,9.109,2.439,0.6784,9.976,10.664,2.477,0.6717,101.02,42.62,1.221,PASS,0
LOT_018_DIE_03067,LOT_018,124.58,3.611,482.85,11.15,2.717,0.7136,11.657,2.746,0.7095,12.884,13.351,2.754,0.7063,100.91,44.52,1.324,PASS,0
LOT_019_DIE_03068,LOT_019,124.22,3.647,532.68,11.047,2.561,0.6624,11.617,2.578,0.658,12.339,12.684,2.584,0.654,103.14,49.36,1.157,PASS,0
LOT_020_DIE_03069,LOT_020,125.97,3.596,501.34,8.23,2.435,0.7526,8.532,2.464,0.7486,9.726,10.303,2.48,0.7442,96.57,44.59,1.32,PASS,0
LOT_021_DIE_03070,LOT_021,124.74,3.62,515.22,14.341,2.353,0.7346,14.925,2.376,0.7319,15.589,15.945,2.367,0.7285,93.46,41.34,1.328,PASS,0
LOT_022_DIE_03071,LOT_022,126.05,3.64,520.14,10.526,2.227,0.7083,10.905,2.235,0.7043,11.647,12.326,2.272,0.6996,94.89,45.59,1.206,PASS,0
LOT_023_DIE_03072,LOT_023,125.08,3.606,513.34,8.921,2.521,0.6701,9.31,2.544,0.6674,10.414,11.717,2.568,0.6652,102.91,42.07,1.197,PASS,0
LOT_024_DIE_03073,LOT_024,123.9,3.547,496.06,10.308,2.453,0.7326,10.36,2.488,0.7292,11.192,11.757,2.476,0.7225,96.35,48.65,1.169,PASS,0
LOT_025_DIE_03074,LOT_025,127.05,3.612,484.96,11.597,2.451,0.7128,12.061,2.484,0.71,12.958,13.322,2.517,0.7031,106.96,46.72,1.391,PASS,0
LOT_026_DIE_03075,LOT_026,126.34,3.571,506.05,14.098,2.373,0.7579,14.47,2.402,0.7542,15.041,15.417,2.4,0.7507,93.0,46.76,1.238,PASS,0
LOT_027_DIE_03076,LOT_027,124.2,3.636,500.43,8.484,2.429,0.7456,8.857,2.451,0.7422,9.98,10.624,2.444,0.7373,90.81,40.06,1.322,PASS,0
LOT_028_DIE_03077,LOT_028,124.75,3.691,516.78,10.781,2.816,0.7005,11.219,2.831,0.6965,11.782,12.308,2.87,0.6934,90.16,47.86,1.1,PASS,0
LOT_029_DIE_03078,LOT_029,122.11,3.616,482.44,12.477,2.516,0.6966,12.47,2.539,0.693,13.302,13.973,2.533,0.6921,106.79,43.19,1.261,PASS,0
LOT_030_DIE_03079,LOT_030,125.0,3.612,509.07,7.758,2.087,0.7038,8.19,2.094,0.7022,9.156,9.767,2.109,0.6979,105.23,46.44,1.268,PASS,0
LOT_031_DIE_03080,LOT_031,126.23,3.649,499.29,12.211,2.524,0.7309,12.481,2.554,0.7281,13.353,13.709,2.588,0.7258,107.76,45.61,1.277,PASS,0
LOT_032_DIE_03081,LOT_032,124.37,3.594,473.17,8.734,2.315,0.7173,9.315,2.335,0.7134,10.681,11.179,2.366,0.7106,95.91,42.58,1.149,PASS,0
LOT_033_DIE_03082,LOT_033,127.39,3.581,492.69,9.69,2.628,0.7054,9.919,2.642,0.7036,10.472,11.203,2.66,0.6963,99.53,43.5,1.28,PASS,0
LOT_034_DIE_03083,LOT_034,126.58,3.616,494.66,16.593,2.375,0.6956,16.941,2.374,0.691,17.577,18.823,2.428,0.6895,100.54,45.03,1.21,PASS,0
LOT_035_DIE_03084,LOT_035,126.59,3.549,501.51,15.14,2.454,0.7264,15.629,2.474,0.7219,16.318,17.368,2.525,0.7197,97.71,40.91,1.188,PASS,0
LOT_036_DIE_03085,LOT_036,125.06,3.615,495.34,11.755,2.556,0.7163,12.273,2.597,0.7119,12.895,13.279,2.586,0.7082,105.67,42.11,1.287,PASS,0
LOT_037_DIE_03086,LOT_037,126.3,3.591,493.84,12.817,2.758,0.7175,24.317,3.419,0.6962,46.988,87.031,5.109,0.6462,117.2,32.62,1.293,LATENT_DRIFT_RUNAWAY,1
LOT_038_DIE_03087,LOT_038,124.13,3.631,500.09,11.224,2.304,0.7286,11.491,2.335,0.7262,12.031,12.95,2.341,0.7207,97.97,43.16,1.298,PASS,0
LOT_039_DIE_03088,LOT_039,123.72,3.625,502.03,9.762,2.467,0.7359,10.123,2.471,0.7331,10.963,11.917,2.49,0.7272,101.42,49.19,1.248,PASS,0
LOT_040_DIE_03089,LOT_040,125.51,3.611,530.54,9.902,2.513,0.7103,10.169,2.559,0.7083,10.761,11.62,2.575,0.6985,101.47,41.12,1.208,PASS,0
LOT_041_DIE_03090,LOT_041,124.0,3.538,528.08,9.65,2.44,0.7004,9.802,2.469,0.6999,10.722,11.527,2.497,0.69,97.96,45.98,1.194,PASS,0
LOT_042_DIE_03091,LOT_042,126.49,3.531,466.51,9.06,2.496,0.7015,9.339,2.505,0.6985,10.293,11.369,2.584,0.6942,98.57,43.48,1.308,PASS,0
LOT_043_DIE_03092,LOT_043,126.12,3.543,487.7,8.417,2.466,0.7419,8.596,2.471,0.7392,8.957,9.544,2.533,0.7297,105.35,43.38,1.334,PASS,0
LOT_044_DIE_03093,LOT_044,124.38,3.624,510.65,13.818,2.463,0.732,14.133,2.486,0.7282,15.384,15.975,2.513,0.724,100.39,42.72,1.195,PASS,0
LOT_045_DIE_03094,LOT_045,123.08,3.632,504.01,11.102,2.712,0.7256,11.156,2.73,0.7219,11.897,12.338,2.738,0.7162,107.89,44.04,1.105,PASS,0
LOT_046_DIE_03095,LOT_046,125.83,3.662,482.52,12.266,2.436,0.7326,12.602,2.455,0.729,13.421,14.047,2.475,0.7246,109.92,40.67,1.193,PASS,0
LOT_047_DIE_03096,LOT_047,125.17,3.615,500.01,12.753,2.734,0.7176,24.046,3.419,0.6908,52.028,91.679,4.398,0.6251,117.77,37.8,1.272,LATENT_DRIFT_RUNAWAY,1
LOT_048_DIE_03097,LOT_048,123.46,3.591,492.73,10.249,2.537,0.7175,10.64,2.558,0.7148,11.397,12.082,2.577,0.7106,96.64,44.38,1.31,PASS,0
LOT_049_DIE_03098,LOT_049,126.0,3.633,476.23,12.677,2.579,0.679,13.407,2.586,0.6765,14.41,15.029,2.626,0.6716,105.51,47.79,1.269,PASS,0
LOT_050_DIE_03099,LOT_050,124.59,3.602,492.03,10.052,2.362,0.699,10.394,2.402,0.6975,10.837,11.256,2.471,0.6934,94.66,42.97,1.125,PASS,0
LOT_001_DIE_03100,LOT_001,124.83,3.584,461.0,11.614,2.501,0.7472,12.053,2.531,0.744,12.848,13.587,2.549,0.7365,104.46,38.3,1.037,PASS,0
LOT_002_DIE_03101,LOT_002,127.16,3.675,502.41,13.51,2.639,0.6965,13.876,2.652,0.6935,15.058,15.103,2.695,0.6878,89.82,42.78,1.378,PASS,0
LOT_003_DIE_03102,LOT_003,125.61,3.573,481.75,12.6,2.474,0.7557,12.752,2.484,0.7515,13.424,13.495,2.571,0.7499,101.58,46.85,1.317,PASS,0
LOT_004_DIE_03103,LOT_004,123.57,3.623,506.77,11.762,2.448,0.7289,12.036,2.454,0.7237,13.388,14.009,2.468,0.7198,88.17,45.91,1.263,PASS,0
LOT_005_DIE_03104,LOT_005,124.29,3.615,535.11,9.105,2.394,0.7399,9.544,2.415,0.7384,10.392,11.404,2.434,0.7324,97.64,43.35,1.185,PASS,0
LOT_006_DIE_03105,LOT_006,125.99,3.592,474.78,8.187,2.608,0.7413,8.684,2.622,0.7393,9.134,9.658,2.657,0.7356,95.57,44.63,1.183,PASS,0
LOT_007_DIE_03106,LOT_007,124.94,3.58,478.99,10.744,2.557,0.6759,11.225,2.585,0.6725,12.208,12.662,2.591,0.6686,114.21,49.17,1.206,PASS,0
LOT_008_DIE_03107,LOT_008,124.11,3.639,518.1,13.333,2.536,0.6885,13.677,2.563,0.6859,14.273,15.034,2.607,0.6839,95.95,41.71,1.27,PASS,0
LOT_009_DIE_03108,LOT_009,126.03,3.568,514.12,11.475,2.34,0.6873,12.05,2.363,0.684,13.125,13.428,2.398,0.6777,101.75,43.79,1.23,PASS,0
LOT_010_DIE_03109,LOT_010,124.01,3.6,485.57,13.381,2.356,0.6949,13.746,2.378,0.6932,14.649,15.17,2.395,0.6862,98.95,43.79,1.368,PASS,0
LOT_011_DIE_03110,LOT_011,123.58,3.633,485.0,8.649,2.607,0.6787,9.367,2.63,0.6763,10.144,10.873,2.662,0.669,100.81,39.92,1.197,PASS,0
LOT_012_DIE_03111,LOT_012,122.99,3.578,473.71,16.118,2.434,0.7094,16.706,2.454,0.7061,17.676,18.339,2.442,0.7023,103.06,42.89,1.239,PASS,0
LOT_013_DIE_03112,LOT_013,124.83,3.651,510.63,12.563,2.784,0.7078,13.247,2.805,0.7049,13.959,14.815,2.833,0.7016,99.08,42.0,1.24,PASS,0
LOT_014_DIE_03113,LOT_014,126.19,3.657,502.5,11.03,2.489,0.7319,11.407,2.497,0.7277,12.696,13.016,2.554,0.7207,98.85,43.85,1.303,PASS,0
LOT_015_DIE_03114,LOT_015,125.36,3.569,491.18,10.128,2.711,0.691,10.546,2.724,0.6871,11.436,12.23,2.716,0.684,103.89,43.15,1.162,PASS,0
LOT_016_DIE_03115,LOT_016,126.06,3.588,523.45,9.122,2.356,0.7198,9.595,2.363,0.7156,10.964,11.725,2.407,0.7077,92.8,43.74,1.297,PASS,0
LOT_017_DIE_03116,LOT_017,123.62,3.651,507.9,10.852,2.478,0.7084,11.039,2.496,0.7059,11.918,12.262,2.526,0.7016,98.26,45.14,1.313,PASS,0
LOT_018_DIE_03117,LOT_018,124.19,3.634,501.12,11.377,2.525,0.7381,11.54,2.545,0.7367,12.651,13.578,2.577,0.7317,97.39,45.55,1.285,PASS,0
LOT_019_DIE_03118,LOT_019,124.89,3.6,509.2,11.728,2.502,0.661,12.382,2.519,0.6584,13.819,14.347,2.565,0.6542,87.31,43.13,1.245,PASS,0
LOT_020_DIE_03119,LOT_020,125.37,3.556,488.97,9.715,2.621,0.7487,10.16,2.632,0.7459,10.864,11.653,2.682,0.7375,96.7,46.07,1.279,PASS,0
LOT_021_DIE_03120,LOT_021,124.31,3.617,517.43,10.912,2.372,0.7007,11.149,2.405,0.6985,11.606,12.357,2.446,0.6934,109.25,47.49,1.454,PASS,0
LOT_022_DIE_03121,LOT_022,124.71,3.617,501.74,8.686,2.323,0.6801,9.289,2.353,0.6763,9.842,10.374,2.34,0.6707,101.24,47.27,1.389,PASS,0
LOT_023_DIE_03122,LOT_023,124.72,3.547,477.24,11.309,2.495,0.674,11.746,2.515,0.6712,12.11,12.767,2.525,0.6668,104.51,46.08,1.175,PASS,0
LOT_024_DIE_03123,LOT_024,124.19,3.692,464.1,10.557,2.515,0.7258,11.212,2.533,0.7243,11.805,12.412,2.584,0.715,97.95,40.12,1.216,PASS,0
LOT_025_DIE_03124,LOT_025,125.2,3.605,481.81,12.624,2.535,0.7487,13.146,2.56,0.7478,13.911,14.547,2.574,0.7421,104.03,43.99,1.239,PASS,0
LOT_026_DIE_03125,LOT_026,125.62,3.592,491.63,14.754,2.461,0.7525,15.222,2.483,0.7473,15.846,16.486,2.491,0.7454,106.39,45.66,1.358,PASS,0
LOT_027_DIE_03126,LOT_027,127.0,3.637,510.6,8.015,2.462,0.7402,8.317,2.477,0.7387,9.021,9.309,2.515,0.7306,101.69,41.25,1.341,PASS,0
LOT_028_DIE_03127,LOT_028,126.33,3.616,520.69,10.89,2.328,0.667,10.959,2.344,0.6646,12.132,12.476,2.422,0.661,99.46,46.02,1.329,PASS,0
LOT_029_DIE_03128,LOT_029,124.47,3.574,481.53,14.452,2.333,0.7022,15.224,2.346,0.6997,16.175,17.278,2.422,0.6945,103.33,45.49,1.211,PASS,0
LOT_030_DIE_03129,LOT_030,125.61,3.563,503.87,8.668,2.578,0.6909,9.109,2.596,0.6882,10.109,10.709,2.639,0.6819,102.15,45.45,1.253,PASS,0
LOT_031_DIE_03130,LOT_031,124.52,3.595,490.28,10.834,2.625,0.7208,11.256,2.641,0.7159,11.924,12.857,2.668,0.7141,98.66,40.78,1.187,PASS,0
LOT_032_DIE_03131,LOT_032,126.95,3.584,475.93,9.667,2.377,0.7174,10.242,2.416,0.7141,11.099,11.74,2.443,0.707,107.25,43.91,1.385,PASS,0
LOT_033_DIE_03132,LOT_033,124.34,3.616,469.87,8.456,2.622,0.6762,8.917,2.645,0.6732,9.394,10.23,2.675,0.6725,102.27,47.66,1.182,PASS,0
LOT_034_DIE_03133,LOT_034,124.45,3.6,491.79,14.907,2.427,0.6994,15.126,2.45,0.6963,15.77,16.749,2.464,0.6898,98.55,44.68,1.267,PASS,0
LOT_035_DIE_03134,LOT_035,126.97,3.647,518.14,13.238,2.395,0.6958,14.149,2.418,0.6921,14.802,15.112,2.43,0.689,94.07,41.36,1.251,PASS,0
LOT_036_DIE_03135,LOT_036,122.18,3.572,497.46,12.929,2.574,0.6896,13.817,2.592,0.6863,14.411,14.964,2.634,0.6817,105.5,45.45,1.442,PASS,0
LOT_037_DIE_03136,LOT_037,126.41,3.602,503.46,10.122,2.472,0.707,10.415,2.481,0.7034,11.452,12.146,2.475,0.6997,106.69,45.82,1.365,PASS,0
LOT_038_DIE_03137,LOT_038,125.08,3.599,520.03,8.376,2.634,0.7374,8.983,2.659,0.7337,9.562,10.739,2.663,0.7307,102.36,42.81,1.148,PASS,0
LOT_039_DIE_03138,LOT_039,122.81,3.557,485.15,14.441,2.855,0.7394,27.548,3.317,0.7185,46.004,73.215,4.99,0.6563,111.4,31.84,1.308,LATENT_DRIFT_RUNAWAY,1
LOT_040_DIE_03139,LOT_040,125.7,3.683,515.9,11.732,2.383,0.7011,11.874,2.411,0.6972,12.845,13.137,2.42,0.6945,102.53,42.52,1.407,PASS,0
LOT_041_DIE_03140,LOT_041,126.25,3.546,513.76,8.395,2.56,0.6822,9.126,2.585,0.6785,10.01,10.407,2.598,0.6752,103.37,41.26,1.261,PASS,0
LOT_042_DIE_03141,LOT_042,123.21,3.628,493.46,13.314,2.381,0.7289,13.343,2.396,0.7262,14.483,15.059,2.449,0.7227,96.93,50.11,1.245,PASS,0
LOT_043_DIE_03142,LOT_043,123.38,3.649,491.09,6.75,2.207,0.7215,7.221,2.231,0.7187,7.689,8.439,2.262,0.7155,94.5,44.58,1.196,PASS,0
LOT_044_DIE_03143,LOT_044,125.21,3.603,479.04,13.305,2.815,0.7073,13.918,2.834,0.7055,14.454,14.964,2.908,0.6997,97.37,42.04,1.174,PASS,0
LOT_045_DIE_03144,LOT_045,123.16,3.667,491.26,9.019,2.641,0.7454,9.435,2.655,0.7421,9.965,10.076,2.665,0.7374,91.1,41.3,1.211,PASS,0
LOT_046_DIE_03145,LOT_046,125.2,3.674,463.27,13.147,2.692,0.7014,13.614,2.722,0.6995,14.417,14.891,2.71,0.6917,91.7,48.24,1.315,PASS,0
LOT_047_DIE_03146,LOT_047,124.28,3.611,503.15,9.975,2.471,0.724,10.154,2.503,0.7203,10.822,11.985,2.542,0.7164,99.97,40.78,1.138,PASS,0
LOT_048_DIE_03147,LOT_048,125.48,3.669,497.54,11.162,2.634,0.7049,11.798,2.651,0.7012,12.506,13.571,2.707,0.7,95.36,45.64,1.289,PASS,0
LOT_049_DIE_03148,LOT_049,124.37,3.681,475.05,13.327,2.619,0.6998,14.002,2.654,0.698,14.724,15.208,2.674,0.6876,105.66,42.99,1.373,PASS,0
LOT_050_DIE_03149,LOT_050,125.99,3.618,481.66,7.602,2.29,0.7057,7.821,2.303,0.7023,8.979,9.249,2.302,0.6947,103.2,47.56,1.304,PASS,0
LOT_001_DIE_03150,LOT_001,125.2,3.572,484.79,10.642,2.331,0.7382,10.912,2.345,0.7354,11.731,12.556,2.339,0.732,99.3,45.22,1.246,PASS,0
LOT_002_DIE_03151,LOT_002,123.75,3.589,506.29,15.133,2.628,0.7137,15.647,2.64,0.7116,16.712,16.834,2.667,0.7052,95.63,45.38,1.236,PASS,0
LOT_003_DIE_03152,LOT_003,125.76,3.631,485.52,13.688,2.495,0.7512,14.245,2.517,0.7473,14.568,14.837,2.554,0.7434,106.94,47.06,1.32,PASS,0
LOT_004_DIE_03153,LOT_004,124.59,3.664,508.22,12.283,2.734,0.7191,12.671,2.765,0.7183,13.417,13.962,2.786,0.7101,104.12,45.72,1.156,PASS,0
LOT_005_DIE_03154,LOT_005,125.41,3.554,526.35,9.844,2.914,0.7035,10.412,2.936,0.7019,10.916,11.525,2.974,0.6968,110.43,45.81,1.182,PASS,0
LOT_006_DIE_03155,LOT_006,126.26,3.571,484.75,9.302,2.486,0.7329,9.709,2.497,0.7304,11.284,11.895,2.536,0.7279,101.08,47.78,1.172,PASS,0
LOT_007_DIE_03156,LOT_007,126.69,3.541,479.83,8.949,2.532,0.6655,9.381,2.547,0.6633,9.951,10.427,2.589,0.6539,104.06,45.0,1.316,PASS,0
LOT_008_DIE_03157,LOT_008,124.03,3.622,508.87,16.159,2.455,0.715,16.548,2.482,0.7124,16.928,17.657,2.481,0.7082,92.63,45.69,1.2,PASS,0
LOT_009_DIE_03158,LOT_009,123.72,3.598,485.51,13.019,2.481,0.6956,13.679,2.521,0.6917,14.456,15.53,2.554,0.6874,92.19,44.55,1.365,PASS,0
LOT_010_DIE_03159,LOT_010,123.75,3.518,489.06,13.961,2.604,0.716,14.363,2.636,0.7136,14.712,16.023,2.657,0.706,100.08,47.43,1.186,PASS,0
LOT_011_DIE_03160,LOT_011,126.43,3.595,486.8,9.382,2.418,0.684,9.69,2.422,0.681,10.644,11.209,2.442,0.6774,100.43,43.07,1.23,PASS,0
LOT_012_DIE_03161,LOT_012,126.78,3.589,495.08,13.306,2.522,0.6951,13.842,2.532,0.6919,15.137,15.893,2.584,0.6877,96.86,49.36,1.346,PASS,0
LOT_013_DIE_03162,LOT_013,123.96,3.63,523.78,12.764,2.32,0.7048,13.08,2.325,0.701,13.766,14.446,2.364,0.6993,90.33,41.61,1.208,PASS,0
LOT_014_DIE_03163,LOT_014,124.93,3.585,517.43,10.429,2.536,0.6981,10.852,2.552,0.6949,11.987,12.537,2.563,0.6901,100.41,47.15,1.252,PASS,0
LOT_015_DIE_03164,LOT_015,126.94,3.616,499.21,8.838,2.592,0.715,8.95,2.633,0.7116,9.546,10.353,2.632,0.7055,100.96,47.25,1.205,PASS,0
LOT_016_DIE_03165,LOT_016,124.58,3.645,518.06,7.327,2.514,0.7344,7.552,2.527,0.7319,8.448,8.951,2.592,0.7245,95.27,44.82,1.162,PASS,0
LOT_017_DIE_03166,LOT_017,126.0,3.625,523.26,9.316,2.473,0.6715,9.827,2.487,0.6683,10.519,10.94,2.525,0.6636,108.85,49.72,1.15,PASS,0
LOT_018_DIE_03167,LOT_018,125.87,3.634,475.26,12.216,2.546,0.7551,12.491,2.567,0.7521,13.251,14.211,2.577,0.7501,100.73,45.06,1.085,PASS,0
LOT_019_DIE_03168,LOT_019,125.67,3.619,515.92,9.249,2.646,0.7038,9.84,2.659,0.6986,10.933,11.609,2.715,0.6946,96.35,45.53,1.328,PASS,0
LOT_020_DIE_03169,LOT_020,125.0,3.616,506.23,9.743,2.564,0.7076,10.334,2.58,0.7046,10.527,11.389,2.652,0.6995,107.9,44.02,1.318,PASS,0
LOT_021_DIE_03170,LOT_021,125.2,3.493,502.64,12.984,2.272,0.7144,13.32,2.298,0.7113,14.124,14.501,2.302,0.7063,94.88,46.37,1.138,PASS,0
LOT_022_DIE_03171,LOT_022,124.81,3.516,526.8,11.329,2.507,0.6745,11.692,2.538,0.6713,12.256,13.194,2.577,0.6654,105.44,47.61,1.272,PASS,0
LOT_023_DIE_03172,LOT_023,123.62,3.574,481.91,8.185,2.311,0.6606,8.676,2.305,0.6575,8.952,9.976,2.394,0.6519,102.47,46.2,1.259,PASS,0
LOT_024_DIE_03173,LOT_024,124.34,3.537,502.87,10.805,2.449,0.7314,11.139,2.468,0.7276,11.962,12.739,2.487,0.7251,101.96,44.76,1.343,PASS,0
LOT_025_DIE_03174,LOT_025,123.43,3.584,487.59,11.484,2.329,0.7262,11.785,2.366,0.7236,12.722,13.53,2.365,0.7178,99.79,40.57,1.263,PASS,0
LOT_026_DIE_03175,LOT_026,124.08,3.574,491.95,11.958,2.744,0.7088,12.098,2.749,0.7058,12.681,12.87,2.8,0.7021,92.31,40.52,1.237,PASS,0
LOT_027_DIE_03176,LOT_027,125.24,3.658,497.37,8.924,2.601,0.7141,9.17,2.603,0.7108,10.083,10.607,2.663,0.7023,101.79,44.93,1.288,PASS,0
LOT_028_DIE_03177,LOT_028,121.85,3.567,495.56,10.139,2.354,0.7094,10.396,2.374,0.7053,11.478,12.147,2.427,0.7028,104.36,47.26,1.481,PASS,0
LOT_029_DIE_03178,LOT_029,124.68,3.609,485.49,11.569,2.406,0.7187,11.679,2.439,0.7158,12.689,13.071,2.452,0.7087,95.36,43.35,1.422,PASS,0
LOT_030_DIE_03179,LOT_030,124.78,3.59,499.31,9.333,2.804,0.7099,9.631,2.816,0.7085,10.449,10.952,2.858,0.7013,101.3,45.5,1.456,PASS,0
LOT_031_DIE_03180,LOT_031,122.29,3.558,508.62,12.013,2.323,0.7461,12.401,2.345,0.7439,13.51,14.43,2.372,0.7349,99.18,45.59,1.169,PASS,0
LOT_032_DIE_03181,LOT_032,124.17,3.556,493.54,10.308,2.521,0.7013,10.782,2.532,0.6991,11.511,12.162,2.549,0.6903,101.47,44.3,1.191,PASS,0
LOT_033_DIE_03182,LOT_033,126.38,3.642,467.84,9.569,2.629,0.7357,9.997,2.641,0.7324,10.748,11.912,2.651,0.7292,103.22,46.38,1.245,PASS,0
LOT_034_DIE_03183,LOT_034,125.85,3.553,503.12,14.63,2.328,0.6746,15.205,2.345,0.6709,15.763,16.512,2.377,0.6621,106.8,43.84,1.166,PASS,0
LOT_035_DIE_03184,LOT_035,123.3,3.535,535.52,15.181,2.567,0.6596,15.64,2.567,0.6569,16.639,17.219,2.631,0.6526,99.49,45.04,1.271,PASS,0
LOT_036_DIE_03185,LOT_036,127.59,3.613,486.89,12.859,2.406,0.6926,13.212,2.401,0.6895,13.867,14.217,2.458,0.6846,109.81,43.76,1.271,PASS,0
LOT_037_DIE_03186,LOT_037,128.12,3.594,513.08,11.686,2.529,0.7249,12.087,2.551,0.7206,13.014,13.74,2.592,0.7171,108.97,40.82,1.201,PASS,0
LOT_038_DIE_03187,LOT_038,125.86,3.647,512.8,8.892,2.654,0.7133,9.407,2.668,0.7103,10.094,10.346,2.695,0.7056,97.53,46.57,1.206,PASS,0
LOT_039_DIE_03188,LOT_039,127.19,3.646,497.64,15.031,2.288,0.7142,15.387,2.315,0.7105,16.052,16.719,2.367,0.7063,90.45,46.73,1.224,PASS,0
LOT_040_DIE_03189,LOT_040,124.91,3.548,531.04,11.59,2.391,0.7114,11.947,2.396,0.7081,13.119,14.297,2.443,0.7043,98.02,47.39,1.262,PASS,0
LOT_041_DIE_03190,LOT_041,125.18,3.641,501.07,9.253,2.612,0.6805,9.629,2.622,0.6783,9.781,10.348,2.619,0.6701,95.75,46.02,1.236,PASS,0
LOT_042_DIE_03191,LOT_042,123.37,3.6,505.48,12.863,2.383,0.7272,13.26,2.409,0.7223,13.721,14.436,2.465,0.7195,93.78,46.89,1.169,PASS,0
LOT_043_DIE_03192,LOT_043,125.67,3.633,507.98,7.644,2.313,0.7653,7.997,2.332,0.763,8.646,9.336,2.37,0.7583,99.23,46.87,1.338,PASS,0
LOT_044_DIE_03193,LOT_044,126.22,3.638,487.05,14.006,2.728,0.7109,14.373,2.743,0.7071,14.55,14.805,2.758,0.6997,106.78,44.12,1.297,PASS,0
LOT_045_DIE_03194,LOT_045,124.21,3.645,490.59,10.34,2.487,0.7461,10.87,2.479,0.7427,12.084,13.035,2.527,0.7365,110.38,40.83,1.308,PASS,0
LOT_046_DIE_03195,LOT_046,124.15,3.582,481.87,13.002,2.653,0.6834,13.221,2.687,0.6821,14.466,15.383,2.719,0.6774,101.49,41.01,1.263,PASS,0
LOT_047_DIE_03196,LOT_047,124.75,3.538,504.58,10.829,2.955,0.6913,10.883,2.985,0.6879,11.808,11.967,3.001,0.6828,103.2,43.72,1.168,PASS,0
LOT_048_DIE_03197,LOT_048,127.55,3.582,507.26,10.893,2.454,0.7105,11.183,2.455,0.7087,11.585,11.735,2.481,0.7029,99.0,43.36,1.351,PASS,0
LOT_049_DIE_03198,LOT_049,124.83,3.607,479.24,12.769,2.468,0.6704,13.089,2.485,0.666,13.607,14.018,2.536,0.662,100.41,40.46,1.18,PASS,0
LOT_050_DIE_03199,LOT_050,124.08,3.618,492.32,9.636,2.614,0.6666,10.198,2.636,0.664,10.426,10.704,2.654,0.6583,100.61,48.18,1.355,PASS,0
LOT_001_DIE_03200,LOT_001,125.4,3.619,501.14,11.091,2.5,0.7374,11.394,2.526,0.7329,11.76,12.44,2.611,0.7314,103.58,41.82,1.318,PASS,0
LOT_002_DIE_03201,LOT_002,125.12,3.653,514.99,15.655,2.447,0.7493,15.749,2.454,0.7444,16.584,17.242,2.468,0.7443,101.26,44.18,1.335,PASS,0
LOT_003_DIE_03202,LOT_003,125.72,3.591,496.65,13.576,2.227,0.7257,13.654,2.239,0.7224,14.418,14.77,2.255,0.7183,104.17,42.79,1.193,PASS,0
LOT_004_DIE_03203,LOT_004,126.25,3.599,489.42,37.287,4.017,0.7246,47.681,4.589,0.6937,90.226,133.965,5.769,0.6002,114.13,36.26,1.194,LATENT_CONTEXTUAL_OUTLIER,1
LOT_005_DIE_03204,LOT_005,126.81,3.566,502.68,10.613,2.571,0.7115,11.03,2.59,0.7062,12.206,13.313,2.599,0.6995,99.14,45.47,1.173,PASS,0
LOT_006_DIE_03205,LOT_006,125.16,3.603,493.08,11.509,2.501,0.7185,12.186,2.507,0.716,12.849,13.064,2.539,0.7117,109.13,48.67,1.246,PASS,0
LOT_007_DIE_03206,LOT_007,123.27,3.573,502.36,7.699,2.432,0.6721,8.17,2.436,0.6696,8.87,9.475,2.456,0.6646,96.79,42.29,1.187,PASS,0
LOT_008_DIE_03207,LOT_008,124.95,3.59,515.16,14.777,2.354,0.7004,15.22,2.389,0.6967,15.905,16.551,2.389,0.6934,95.07,45.89,1.292,PASS,0
LOT_009_DIE_03208,LOT_009,125.41,3.571,489.38,11.429,2.51,0.6629,11.58,2.533,0.6602,12.921,13.654,2.593,0.655,99.77,42.57,1.107,PASS,0
LOT_010_DIE_03209,LOT_010,124.33,3.535,481.36,12.865,2.182,0.6806,13.106,2.212,0.6757,14.286,15.233,2.218,0.6717,96.34,42.22,1.229,PASS,0
LOT_011_DIE_03210,LOT_011,125.67,3.609,482.56,7.121,2.464,0.6859,7.425,2.479,0.6827,8.817,9.131,2.505,0.6763,95.32,47.78,1.337,PASS,0
LOT_012_DIE_03211,LOT_012,124.57,3.556,494.1,12.445,2.688,0.6957,12.957,2.71,0.6929,13.77,14.639,2.712,0.6864,91.83,43.43,1.251,PASS,0
LOT_013_DIE_03212,LOT_013,124.24,3.674,513.83,14.123,2.319,0.7294,14.13,2.321,0.7253,14.847,15.718,2.407,0.7235,97.66,44.11,1.166,PASS,0
LOT_014_DIE_03213,LOT_014,124.32,3.647,506.18,9.982,2.819,0.7326,10.255,2.854,0.7297,11.06,11.584,2.87,0.7278,98.69,44.99,1.252,PASS,0
LOT_015_DIE_03214,LOT_015,125.44,3.539,512.88,8.937,2.431,0.6896,9.519,2.463,0.6888,10.312,10.776,2.483,0.6815,99.86,42.61,1.162,PASS,0
LOT_016_DIE_03215,LOT_016,124.65,3.583,513.19,12.64,3.104,0.6981,23.519,3.371,0.6786,44.877,77.266,4.708,0.6297,117.98,34.43,1.214,THERMAL_VOLTAGE_STRESS_FAILURE,1
LOT_017_DIE_03216,LOT_017,125.15,3.641,501.46,11.551,2.419,0.7051,12.031,2.437,0.7021,13.042,13.379,2.481,0.6971,98.38,46.78,1.261,PASS,0
LOT_018_DIE_03217,LOT_018,124.65,3.611,489.82,12.304,2.476,0.725,12.523,2.504,0.7226,13.475,14.333,2.515,0.716,107.48,46.71,1.352,PASS,0
LOT_019_DIE_03218,LOT_019,125.77,3.593,529.55,13.258,2.69,0.6954,13.739,2.71,0.6917,14.528,15.368,2.731,0.6851,104.02,48.55,1.1,PASS,0
LOT_020_DIE_03219,LOT_020,126.15,3.6,515.13,9.096,2.29,0.7501,9.811,2.311,0.7452,10.635,11.233,2.331,0.7447,95.48,46.35,1.16,PASS,0
LOT_021_DIE_03220,LOT_021,124.21,3.625,512.64,9.764,2.493,0.7121,10.237,2.508,0.7082,11.305,11.878,2.562,0.7058,106.01,46.16,1.244,PASS,0
LOT_022_DIE_03221,LOT_022,125.27,3.599,511.97,8.234,2.834,0.6701,8.487,2.845,0.6665,9.315,9.933,2.897,0.6582,98.92,46.58,1.206,PASS,0
LOT_023_DIE_03222,LOT_023,123.68,3.613,496.91,9.623,2.509,0.6797,10.127,2.55,0.6762,10.715,11.33,2.61,0.672,107.62,46.19,1.207,PASS,0
LOT_024_DIE_03223,LOT_024,123.88,3.633,485.8,10.826,2.824,0.7063,11.092,2.847,0.7021,11.734,11.993,2.872,0.6986,100.72,45.09,1.317,PASS,0
LOT_025_DIE_03224,LOT_025,126.77,3.617,484.41,10.652,2.308,0.7181,10.889,2.333,0.7164,11.484,11.718,2.365,0.7088,95.71,46.17,1.464,PASS,0
LOT_026_DIE_03225,LOT_026,122.91,3.524,506.11,13.677,2.527,0.707,14.384,2.557,0.7053,14.87,15.504,2.576,0.6968,97.99,43.65,1.252,PASS,0
LOT_027_DIE_03226,LOT_027,125.19,3.661,518.99,8.769,2.627,0.7068,9.09,2.663,0.7051,10.196,10.805,2.676,0.7019,102.74,47.29,1.332,PASS,0
LOT_028_DIE_03227,LOT_028,122.32,3.628,519.3,11.955,2.571,0.6797,12.102,2.585,0.6785,12.391,13.106,2.61,0.6712,107.4,43.75,1.283,PASS,0
LOT_029_DIE_03228,LOT_029,126.78,3.633,481.74,14.788,2.449,0.687,14.954,2.474,0.6852,15.975,16.432,2.486,0.6773,103.99,48.54,1.435,PASS,0
LOT_030_DIE_03229,LOT_030,124.24,3.583,505.41,6.357,2.403,0.6698,6.664,2.426,0.6667,7.684,7.884,2.448,0.662,101.74,40.07,1.2,PASS,0
LOT_031_DIE_03230,LOT_031,124.92,3.533,486.2,12.316,2.476,0.7354,12.86,2.496,0.7331,14.072,14.147,2.528,0.7248,100.51,45.68,1.175,PASS,0
LOT_032_DIE_03231,LOT_032,126.07,3.611,482.61,8.578,2.535,0.724,8.805,2.568,0.7196,9.828,10.573,2.598,0.7154,99.58,42.08,1.186,PASS,0
LOT_033_DIE_03232,LOT_033,125.09,3.601,479.35,8.787,2.368,0.6866,9.071,2.376,0.6843,10.252,10.778,2.4,0.6783,98.83,46.12,1.266,PASS,0
LOT_034_DIE_03233,LOT_034,124.73,3.627,494.25,14.73,2.488,0.6871,15.108,2.491,0.6822,16.106,16.527,2.545,0.6813,99.05,47.56,1.206,PASS,0
LOT_035_DIE_03234,LOT_035,126.37,3.627,533.2,15.017,2.473,0.7253,15.257,2.501,0.7211,15.712,16.182,2.501,0.7197,105.4,45.71,1.246,PASS,0
LOT_036_DIE_03235,LOT_036,124.93,3.603,492.78,14.855,2.509,0.6908,15.27,2.54,0.6889,16.181,16.757,2.58,0.6826,105.48,41.73,1.237,PASS,0
LOT_037_DIE_03236,LOT_037,129.46,3.645,503.34,10.733,2.479,0.7308,11.238,2.491,0.728,12.02,12.445,2.524,0.7236,102.94,47.19,1.298,PASS,0
LOT_038_DIE_03237,LOT_038,125.25,3.561,500.7,9.109,2.442,0.7196,9.49,2.457,0.7179,10.149,10.816,2.498,0.7123,96.7,44.67,1.288,PASS,0
LOT_039_DIE_03238,LOT_039,126.11,3.598,507.04,47.862,4.104,0.6919,55.846,4.921,0.662,78.603,129.949,7.334,0.5696,111.41,38.22,1.057,LATENT_CONTEXTUAL_OUTLIER,1
LOT_040_DIE_03239,LOT_040,124.13,3.607,518.94,11.621,2.479,0.7228,11.884,2.506,0.7188,12.952,13.847,2.529,0.7171,105.47,44.48,1.166,PASS,0
LOT_041_DIE_03240,LOT_041,123.58,3.606,523.13,9.261,2.542,0.6789,9.689,2.563,0.6742,10.871,12.045,2.594,0.6725,95.08,42.9,1.334,PASS,0
LOT_042_DIE_03241,LOT_042,125.29,3.563,501.11,12.481,2.625,0.7522,12.679,2.624,0.7483,12.879,13.897,2.668,0.744,99.78,45.37,1.166,PASS,0
LOT_043_DIE_03242,LOT_043,123.54,3.635,498.65,7.362,2.335,0.7242,8.293,2.353,0.7227,8.8,9.592,2.399,0.7177,100.28,44.3,1.315,PASS,0
LOT_044_DIE_03243,LOT_044,125.2,3.656,493.89,14.294,2.562,0.7326,14.941,2.584,0.7283,15.436,16.087,2.603,0.7217,98.25,48.88,1.31,PASS,0
LOT_045_DIE_03244,LOT_045,125.76,3.64,490.7,7.749,2.633,0.7446,8.062,2.639,0.7421,8.158,8.782,2.696,0.7375,107.29,45.02,1.298,PASS,0
LOT_046_DIE_03245,LOT_046,122.45,3.679,494.0,12.446,2.647,0.7039,12.91,2.673,0.7013,13.826,13.803,2.669,0.6959,98.24,47.02,1.173,PASS,0
LOT_047_DIE_03246,LOT_047,127.35,3.685,503.64,8.955,2.398,0.7037,9.65,2.426,0.7003,10.122,10.727,2.404,0.6975,96.51,45.67,1.209,PASS,0
LOT_048_DIE_03247,LOT_048,123.61,3.592,488.94,14.663,3.065,0.701,27.962,3.539,0.6815,50.716,92.126,4.386,0.6364,108.07,29.94,1.29,THERMAL_VOLTAGE_STRESS_FAILURE,1
LOT_049_DIE_03248,LOT_049,126.19,3.686,499.2,11.017,2.35,0.6902,11.431,2.387,0.6867,12.228,12.697,2.391,0.6835,102.96,47.52,1.314,PASS,0
LOT_050_DIE_03249,LOT_050,123.31,3.594,483.8,12.248,2.879,0.6884,24.886,3.318,0.6717,48.792,87.426,3.857,0.6292,119.54,34.59,1.347,THERMAL_VOLTAGE_STRESS_FAILURE,1
LOT_001_DIE_03250,LOT_001,123.46,3.615,496.99,11.659,2.636,0.7496,11.899,2.651,0.7478,12.968,13.518,2.709,0.741,88.02,44.64,1.249,PASS,0
LOT_002_DIE_03251,LOT_002,122.3,3.538,502.21,15.268,2.447,0.7067,15.564,2.445,0.7035,16.83,17.682,2.474,0.701,102.73,47.39,1.166,PASS,0
LOT_003_DIE_03252,LOT_003,123.77,3.569,493.96,13.502,2.317,0.7264,13.759,2.332,0.7232,14.524,15.43,2.375,0.7212,103.23,42.45,1.317,PASS,0
LOT_004_DIE_03253,LOT_004,125.01,3.571,503.44,11.846,2.778,0.7383,12.337,2.791,0.7352,13.144,13.287,2.849,0.7285,102.31,40.97,1.151,PASS,0
LOT_005_DIE_03254,LOT_005,126.24,3.519,523.94,9.377,2.746,0.7233,10.213,2.746,0.7196,11.423,11.953,2.82,0.7162,95.91,46.5,1.285,PASS,0
LOT_006_DIE_03255,LOT_006,123.26,3.611,519.15,10.886,2.591,0.7486,11.2,2.611,0.745,12.187,13.189,2.64,0.7404,95.71,45.13,1.097,PASS,0
LOT_007_DIE_03256,LOT_007,126.22,3.564,511.77,5.924,2.589,0.6824,6.447,2.613,0.6795,7.233,7.863,2.636,0.6744,103.17,48.78,1.386,PASS,0
LOT_008_DIE_03257,LOT_008,126.72,3.651,510.3,11.182,2.618,0.6888,11.664,2.634,0.6844,12.457,13.283,2.66,0.6782,95.69,44.35,1.414,PASS,0
LOT_009_DIE_03258,LOT_009,126.23,3.613,508.69,14.301,2.713,0.6895,14.308,2.733,0.6883,15.223,15.528,2.778,0.6839,105.06,46.39,1.192,PASS,0
LOT_010_DIE_03259,LOT_010,126.66,3.623,485.9,12.784,2.391,0.6959,13.292,2.405,0.6903,13.735,14.54,2.474,0.6909,104.78,48.4,1.25,PASS,0
LOT_011_DIE_03260,LOT_011,125.9,3.606,476.65,9.288,2.663,0.7065,9.87,2.68,0.7036,10.347,11.248,2.729,0.6983,104.74,46.31,1.228,PASS,0
LOT_012_DIE_03261,LOT_012,126.16,3.507,494.92,12.913,2.461,0.7104,13.115,2.477,0.7079,14.17,14.385,2.522,0.7002,98.38,45.43,1.256,PASS,0
LOT_013_DIE_03262,LOT_013,124.21,3.603,502.91,16.076,2.332,0.7398,16.536,2.352,0.7364,17.209,18.017,2.364,0.7335,97.9,45.54,1.243,PASS,0
LOT_014_DIE_03263,LOT_014,124.07,3.62,504.97,10.274,2.549,0.7158,10.717,2.578,0.7125,11.578,12.642,2.592,0.7078,99.18,46.65,1.237,PASS,0
LOT_015_DIE_03264,LOT_015,123.93,3.633,520.17,9.214,2.443,0.7034,9.415,2.458,0.7008,10.276,10.569,2.508,0.696,103.16,45.84,1.063,PASS,0
LOT_016_DIE_03265,LOT_016,124.71,3.552,519.53,9.016,2.51,0.7279,9.318,2.537,0.7261,10.245,10.733,2.513,0.7198,97.45,48.24,1.224,PASS,0
LOT_017_DIE_03266,LOT_017,123.12,3.554,501.63,8.594,2.576,0.6946,9.008,2.582,0.692,9.942,10.532,2.583,0.6893,95.3,45.0,1.216,PASS,0
LOT_018_DIE_03267,LOT_018,124.59,3.583,482.29,12.133,2.284,0.7414,12.339,2.31,0.7408,13.073,13.597,2.354,0.7344,99.16,47.82,1.287,PASS,0
LOT_019_DIE_03268,LOT_019,124.82,3.578,509.41,10.493,2.388,0.6845,11.263,2.403,0.6826,11.646,11.948,2.425,0.678,108.03,41.09,1.336,PASS,0
LOT_020_DIE_03269,LOT_020,125.14,3.603,517.98,11.033,2.362,0.7361,11.24,2.364,0.7335,11.883,12.588,2.386,0.7286,105.99,40.69,1.217,PASS,0
LOT_021_DIE_03270,LOT_021,125.19,3.606,497.83,11.553,2.577,0.709,11.962,2.576,0.7047,13.331,14.12,2.616,0.7059,102.03,43.66,1.109,PASS,0
LOT_022_DIE_03271,LOT_022,126.91,3.619,524.07,9.174,2.466,0.7082,9.885,2.495,0.7055,10.945,11.791,2.496,0.7,100.75,43.24,1.226,PASS,0
LOT_023_DIE_03272,LOT_023,126.01,3.625,484.85,11.126,2.629,0.6926,11.564,2.632,0.6884,12.058,12.47,2.696,0.6832,98.73,39.04,1.189,PASS,0
LOT_024_DIE_03273,LOT_024,124.01,3.599,479.27,9.398,2.6,0.7394,10.025,2.627,0.7346,10.455,11.1,2.639,0.7311,111.2,45.1,1.225,PASS,0
LOT_025_DIE_03274,LOT_025,124.16,3.572,500.61,12.186,2.587,0.7403,12.714,2.634,0.7389,13.665,14.022,2.636,0.7345,105.09,43.69,1.185,PASS,0
LOT_026_DIE_03275,LOT_026,125.44,3.556,487.74,14.836,2.409,0.7386,15.45,2.427,0.7347,16.593,17.118,2.5,0.7309,103.81,45.47,1.298,PASS,0
LOT_027_DIE_03276,LOT_027,124.3,3.555,512.05,12.127,2.632,0.7372,12.25,2.658,0.7329,13.427,13.927,2.691,0.7287,102.84,48.48,1.132,PASS,0
LOT_028_DIE_03277,LOT_028,126.15,3.637,503.48,11.792,2.48,0.689,11.915,2.502,0.6852,12.36,13.27,2.557,0.6839,95.73,40.65,1.256,PASS,0
LOT_029_DIE_03278,LOT_029,122.79,3.623,480.17,13.411,2.516,0.6935,14.072,2.532,0.6892,15.157,15.863,2.582,0.6841,98.88,43.98,1.139,PASS,0
LOT_030_DIE_03279,LOT_030,125.05,3.603,509.13,9.74,2.484,0.6805,9.978,2.515,0.6767,10.68,11.002,2.535,0.6726,98.5,44.01,1.234,PASS,0
LOT_031_DIE_03280,LOT_031,123.83,3.645,486.38,13.158,2.648,0.7228,13.798,2.675,0.7205,14.418,15.757,2.734,0.7168,96.35,46.19,1.363,PASS,0
LOT_032_DIE_03281,LOT_032,125.32,3.617,474.22,9.371,2.498,0.6957,9.634,2.534,0.6934,10.525,10.745,2.558,0.686,98.98,44.27,1.345,PASS,0
LOT_033_DIE_03282,LOT_033,124.34,3.529,477.96,5.418,2.39,0.6864,5.935,2.408,0.6842,7.077,7.775,2.493,0.682,97.13,48.55,1.203,PASS,0
LOT_034_DIE_03283,LOT_034,126.49,3.611,512.96,14.749,2.569,0.67,15.053,2.592,0.6671,16.276,16.684,2.593,0.6614,97.44,43.78,1.33,PASS,0
LOT_035_DIE_03284,LOT_035,124.4,3.602,529.74,13.867,2.448,0.6944,14.018,2.477,0.693,15.28,15.524,2.527,0.6857,106.15,45.9,1.249,PASS,0
LOT_036_DIE_03285,LOT_036,126.35,3.604,496.87,12.731,2.261,0.7168,13.112,2.291,0.7142,13.747,13.911,2.294,0.7107,106.86,46.58,1.246,PASS,0
LOT_037_DIE_03286,LOT_037,126.24,3.589,502.88,9.952,2.622,0.7103,10.478,2.659,0.7049,11.061,12.02,2.7,0.7043,86.79,42.55,1.217,PASS,0
LOT_038_DIE_03287,LOT_038,125.68,3.602,508.01,9.303,2.484,0.7156,9.418,2.506,0.7133,11.019,11.121,2.545,0.7096,104.13,45.04,1.277,PASS,0
LOT_039_DIE_03288,LOT_039,125.06,3.602,485.93,13.426,2.484,0.7407,13.54,2.508,0.7373,14.517,15.394,2.539,0.7339,92.1,45.92,1.247,PASS,0
LOT_040_DIE_03289,LOT_040,124.33,3.587,506.54,12.12,2.426,0.7371,12.387,2.45,0.7351,13.192,13.569,2.454,0.7264,101.42,43.16,1.313,PASS,0
LOT_041_DIE_03290,LOT_041,123.63,3.615,516.02,7.957,2.708,0.7186,7.939,2.706,0.7152,8.044,8.851,2.783,0.7107,103.96,46.23,1.291,PASS,0
LOT_042_DIE_03291,LOT_042,126.0,3.626,480.77,12.731,2.362,0.7207,13.455,2.396,0.7174,14.05,14.404,2.436,0.7124,98.05,48.2,1.441,PASS,0
LOT_043_DIE_03292,LOT_043,126.53,3.626,512.44,7.892,2.524,0.7455,8.222,2.548,0.7433,9.28,9.689,2.577,0.7348,98.44,41.56,1.236,PASS,0
LOT_044_DIE_03293,LOT_044,124.76,3.606,483.63,12.355,2.612,0.6991,13.028,2.631,0.6955,13.623,14.158,2.709,0.6901,98.75,48.2,1.33,PASS,0
LOT_045_DIE_03294,LOT_045,125.78,3.598,493.43,9.217,2.273,0.7211,9.473,2.282,0.7191,10.116,10.926,2.338,0.7129,98.1,44.54,1.243,PASS,0
LOT_046_DIE_03295,LOT_046,126.69,3.573,487.67,11.29,2.319,0.7239,11.424,2.325,0.7194,12.731,13.872,2.346,0.7148,99.53,39.22,1.291,PASS,0
LOT_047_DIE_03296,LOT_047,125.1,3.543,500.19,11.668,2.412,0.6916,12.081,2.426,0.6879,13.262,13.724,2.502,0.6854,97.85,46.38,1.351,PASS,0
LOT_048_DIE_03297,LOT_048,125.19,3.575,487.43,10.737,2.459,0.706,11.228,2.482,0.7023,11.798,12.408,2.493,0.6976,99.11,44.02,1.255,PASS,0
LOT_049_DIE_03298,LOT_049,124.23,3.64,472.9,9.437,2.599,0.6973,9.617,2.636,0.6946,9.868,10.421,2.678,0.6935,104.11,46.04,1.207,PASS,0
LOT_050_DIE_03299,LOT_050,126.0,3.67,502.49,8.321,2.497,0.6917,8.689,2.511,0.6879,9.213,9.488,2.571,0.6845,100.88,42.36,1.254,PASS,0
LOT_001_DIE_03300,LOT_001,124.63,3.588,464.45,11.238,2.387,0.7505,11.799,2.39,0.7468,12.706,13.477,2.446,0.7469,99.0,46.49,1.363,PASS,0
LOT_002_DIE_03301,LOT_002,125.09,3.591,506.0,16.461,2.206,0.7303,16.697,2.218,0.7267,17.28,17.76,2.236,0.7213,79.5,48.72,1.235,PASS,0
LOT_003_DIE_03302,LOT_003,124.04,3.646,493.87,14.099,2.561,0.7498,14.36,2.576,0.7478,14.766,15.283,2.599,0.7376,108.1,44.22,1.143,PASS,0
LOT_004_DIE_03303,LOT_004,124.46,3.603,501.19,14.555,2.648,0.7396,15.084,2.67,0.7361,16.198,16.613,2.736,0.7321,100.91,47.69,1.274,PASS,0
LOT_005_DIE_03304,LOT_005,123.97,3.581,526.9,10.667,2.307,0.7426,11.104,2.305,0.7407,12.162,12.801,2.372,0.7399,89.23,37.25,1.298,PASS,0
LOT_006_DIE_03305,LOT_006,125.57,3.54,517.61,9.079,2.759,0.7448,9.698,2.767,0.7411,10.432,10.918,2.822,0.7365,101.85,44.81,1.157,PASS,0
LOT_007_DIE_03306,LOT_007,125.21,3.571,488.89,11.039,2.664,0.6937,25.456,3.032,0.6778,42.667,64.452,3.895,0.6549,103.72,36.91,1.313,THERMAL_VOLTAGE_STRESS_FAILURE,1
LOT_008_DIE_03307,LOT_008,126.83,3.644,516.92,11.957,2.56,0.6493,12.142,2.577,0.6452,13.069,14.002,2.598,0.6436,105.18,45.55,1.27,PASS,0
LOT_009_DIE_03308,LOT_009,124.62,3.507,495.11,12.327,2.44,0.6573,12.89,2.452,0.6556,14.044,14.651,2.466,0.6492,90.66,46.95,1.346,PASS,0
LOT_010_DIE_03309,LOT_010,124.31,3.663,493.54,11.736,2.623,0.6879,11.766,2.643,0.6837,12.572,12.912,2.688,0.6797,97.78,45.85,1.15,PASS,0
LOT_011_DIE_03310,LOT_011,124.77,3.569,496.72,7.255,2.854,0.7118,7.546,2.893,0.7107,8.404,8.824,2.93,0.7044,94.67,43.86,1.199,PASS,0
LOT_012_DIE_03311,LOT_012,124.96,3.66,482.31,15.225,2.575,0.6999,15.634,2.596,0.6957,16.691,17.116,2.61,0.6893,100.69,42.19,1.229,PASS,0
LOT_013_DIE_03312,LOT_013,126.43,3.62,509.94,15.902,2.81,0.7306,16.329,2.834,0.7277,17.315,18.021,2.846,0.7224,97.12,43.98,1.271,PASS,0
LOT_014_DIE_03313,LOT_014,123.14,3.571,507.45,8.252,2.435,0.659,8.729,2.438,0.6564,9.815,9.925,2.51,0.6514,92.48,45.22,1.268,PASS,0
LOT_015_DIE_03314,LOT_015,125.68,3.695,500.06,6.909,2.447,0.6785,7.381,2.474,0.6749,7.911,9.055,2.512,0.6691,105.71,43.88,1.169,PASS,0
LOT_016_DIE_03315,LOT_016,123.91,3.708,523.84,8.859,2.398,0.7171,9.243,2.412,0.715,9.972,10.64,2.468,0.7055,101.55,45.11,1.232,PASS,0
LOT_017_DIE_03316,LOT_017,124.06,3.564,508.27,8.285,2.281,0.6898,8.578,2.3,0.687,9.142,9.864,2.308,0.6807,103.6,47.46,1.243,PASS,0
LOT_018_DIE_03317,LOT_018,126.86,3.633,483.88,10.638,2.526,0.7478,11.084,2.539,0.7454,11.538,11.935,2.555,0.7392,94.72,45.42,1.173,PASS,0
LOT_019_DIE_03318,LOT_019,126.36,3.571,514.03,9.291,2.65,0.6819,9.672,2.691,0.6784,10.045,11.109,2.703,0.6762,102.47,39.53,1.244,PASS,0
LOT_020_DIE_03319,LOT_020,126.5,3.585,490.91,9.626,2.503,0.749,9.957,2.525,0.7461,11.017,12.093,2.574,0.74,98.3,48.75,1.236,PASS,0
LOT_021_DIE_03320,LOT_021,124.91,3.579,507.98,11.455,2.688,0.7269,11.891,2.706,0.7247,12.763,13.625,2.762,0.7163,104.69,46.41,1.238,PASS,0
LOT_022_DIE_03321,LOT_022,125.49,3.586,518.15,10.293,2.529,0.6839,10.54,2.549,0.6795,11.164,11.829,2.601,0.679,101.72,46.0,1.373,PASS,0
LOT_023_DIE_03322,LOT_023,124.74,3.6,498.74,10.125,2.551,0.6941,10.395,2.577,0.6903,11.499,11.6,2.637,0.6854,101.09,43.93,1.119,PASS,0
LOT_024_DIE_03323,LOT_024,125.27,3.633,491.74,9.51,2.471,0.7063,10.045,2.487,0.704,11.094,11.754,2.534,0.6998,96.4,43.49,1.329,PASS,0
LOT_025_DIE_03324,LOT_025,124.7,3.618,490.82,8.898,2.657,0.6867,9.095,2.671,0.6826,9.824,10.381,2.707,0.6764,105.33,42.52,1.189,PASS,0
LOT_026_DIE_03325,LOT_026,125.21,3.552,490.93,14.086,2.668,0.7094,14.545,2.679,0.7055,15.161,15.965,2.704,0.6971,98.8,45.55,1.153,PASS,0
LOT_027_DIE_03326,LOT_027,124.76,3.57,505.85,9.471,2.625,0.7119,10.024,2.65,0.7097,11.082,11.485,2.671,0.7054,104.96,43.9,1.389,PASS,0
LOT_028_DIE_03327,LOT_028,125.64,3.61,515.6,13.139,2.698,0.679,13.588,2.704,0.6758,14.526,14.566,2.759,0.6731,96.94,47.37,1.296,PASS,0
LOT_029_DIE_03328,LOT_029,125.81,3.562,479.27,12.365,2.45,0.6965,13.182,2.472,0.6929,14.378,14.834,2.488,0.6915,99.51,46.22,1.282,PASS,0
LOT_030_DIE_03329,LOT_030,123.98,3.622,521.34,9.091,2.644,0.664,9.578,2.667,0.6603,10.604,11.26,2.699,0.6556,107.11,45.27,1.204,PASS,0
LOT_031_DIE_03330,LOT_031,124.33,3.669,494.96,13.441,2.301,0.7294,13.786,2.331,0.7259,14.543,15.458,2.345,0.7212,100.06,47.77,1.165,PASS,0
LOT_032_DIE_03331,LOT_032,126.58,3.636,490.8,10.357,2.661,0.7139,10.81,2.678,0.7104,11.376,12.013,2.703,0.7056,98.51,47.71,1.064,PASS,0
LOT_033_DIE_03332,LOT_033,125.71,3.641,470.85,7.807,2.556,0.694,8.227,2.56,0.6899,9.018,9.834,2.633,0.6877,100.07,42.58,1.298,PASS,0
LOT_034_DIE_03333,LOT_034,125.61,3.564,492.74,15.99,2.625,0.6957,16.241,2.638,0.6941,17.23,17.844,2.675,0.6891,94.29,49.66,1.251,PASS,0
LOT_035_DIE_03334,LOT_035,124.62,3.565,504.49,13.149,2.765,0.7053,13.338,2.78,0.7019,14.086,14.622,2.814,0.6961,98.41,45.32,1.228,PASS,0
LOT_036_DIE_03335,LOT_036,126.12,3.621,494.8,14.001,2.73,0.7335,14.558,2.736,0.7307,15.778,16.208,2.777,0.7244,103.66,44.84,1.268,PASS,0
LOT_037_DIE_03336,LOT_037,123.89,3.591,497.25,11.82,2.597,0.7557,12.738,2.607,0.7523,13.417,14.301,2.632,0.7519,106.38,44.47,1.206,PASS,0
LOT_038_DIE_03337,LOT_038,127.0,3.631,511.33,12.104,2.614,0.7092,12.462,2.638,0.7052,12.628,12.861,2.67,0.7059,108.33,41.81,1.343,PASS,0
LOT_039_DIE_03338,LOT_039,127.72,3.625,498.1,13.187,2.49,0.7583,13.438,2.519,0.7561,13.699,14.017,2.562,0.7537,101.3,45.45,1.289,PASS,0
LOT_040_DIE_03339,LOT_040,126.82,3.508,500.51,10.975,2.327,0.6956,11.152,2.35,0.693,12.085,12.808,2.379,0.6844,97.08,45.22,1.13,PASS,0
LOT_041_DIE_03340,LOT_041,124.7,3.615,493.53,8.688,2.646,0.6816,9.373,2.666,0.6772,10.901,11.604,2.694,0.6736,102.06,42.59,1.102,PASS,0
LOT_042_DIE_03341,LOT_042,126.94,3.547,482.15,11.661,2.378,0.7208,12.087,2.402,0.7178,13.03,13.333,2.447,0.7165,94.04,42.89,1.168,PASS,0
LOT_043_DIE_03342,LOT_043,125.02,3.56,492.35,7.896,2.219,0.7307,8.206,2.244,0.7287,8.981,9.396,2.312,0.7239,100.07,47.28,1.217,PASS,0
LOT_044_DIE_03343,LOT_044,126.94,3.565,482.3,15.263,2.272,0.7059,15.649,2.31,0.7019,16.294,16.586,2.308,0.6979,97.84,45.23,1.178,PASS,0
LOT_045_DIE_03344,LOT_045,122.75,3.595,467.84,7.893,2.604,0.7379,8.414,2.619,0.7356,9.103,9.031,2.628,0.7289,106.44,45.78,1.171,PASS,0
LOT_046_DIE_03345,LOT_046,124.21,3.56,478.0,12.913,2.294,0.7075,13.196,2.312,0.7034,14.347,15.258,2.361,0.6985,98.12,44.61,1.336,PASS,0
LOT_047_DIE_03346,LOT_047,124.93,3.572,498.37,10.47,2.518,0.7074,10.753,2.531,0.702,11.09,11.55,2.577,0.6935,100.57,46.62,1.201,PASS,0
LOT_048_DIE_03347,LOT_048,124.08,3.641,484.92,14.286,2.606,0.6989,26.823,2.926,0.6698,52.896,102.671,3.752,0.6185,114.62,35.81,1.238,LATENT_DRIFT_RUNAWAY,1
LOT_049_DIE_03348,LOT_049,125.52,3.631,477.59,12.189,2.522,0.7346,12.574,2.534,0.7296,13.349,13.935,2.594,0.7264,95.78,39.1,1.221,PASS,0
LOT_050_DIE_03349,LOT_050,124.41,3.585,486.21,10.15,2.486,0.6808,10.629,2.519,0.6784,11.31,11.536,2.562,0.674,95.39,48.07,1.276,PASS,0
LOT_001_DIE_03350,LOT_001,124.05,3.602,480.31,11.195,2.637,0.719,11.841,2.65,0.7157,12.344,13.154,2.699,0.713,103.71,42.44,1.266,PASS,0
LOT_002_DIE_03351,LOT_002,126.32,3.614,507.76,42.815,4.034,0.6649,57.067,4.796,0.6326,96.724,147.328,6.404,0.5729,112.06,38.09,1.246,LATENT_CONTEXTUAL_OUTLIER,1
LOT_003_DIE_03352,LOT_003,126.1,3.53,495.44,12.537,2.395,0.7295,12.992,2.409,0.7265,13.371,13.886,2.44,0.7197,101.89,45.11,1.239,PASS,0
LOT_004_DIE_03353,LOT_004,124.91,3.601,510.86,13.353,2.643,0.7599,13.878,2.68,0.7542,14.203,14.836,2.677,0.752,96.99,48.14,1.206,PASS,0
LOT_005_DIE_03354,LOT_005,125.73,3.625,526.7,8.333,2.531,0.7121,8.904,2.555,0.7072,10.125,10.614,2.58,0.7037,104.54,42.56,1.133,PASS,0
LOT_006_DIE_03355,LOT_006,126.2,3.586,484.59,9.975,2.485,0.7232,10.348,2.492,0.7201,11.314,12.089,2.505,0.7147,97.94,45.75,1.228,PASS,0
LOT_007_DIE_03356,LOT_007,126.14,3.573,500.42,8.672,2.477,0.6662,9.134,2.502,0.6634,9.829,10.836,2.52,0.6561,94.42,47.0,1.21,PASS,0
LOT_008_DIE_03357,LOT_008,125.04,3.524,515.66,14.476,2.718,0.7145,14.89,2.729,0.711,16.025,16.55,2.764,0.7032,101.55,47.47,1.157,PASS,0
LOT_009_DIE_03358,LOT_009,123.85,3.593,486.79,12.978,2.654,0.67,13.365,2.669,0.6672,13.39,14.011,2.706,0.6616,99.42,45.04,1.278,PASS,0
LOT_010_DIE_03359,LOT_010,125.47,3.583,484.49,12.089,2.396,0.7084,12.028,2.411,0.7051,12.899,13.929,2.448,0.7,90.42,42.57,1.281,PASS,0
LOT_011_DIE_03360,LOT_011,127.44,3.631,489.06,7.67,2.742,0.6895,7.976,2.755,0.6871,8.713,9.107,2.826,0.6802,97.17,44.33,1.251,PASS,0
LOT_012_DIE_03361,LOT_012,125.95,3.566,492.79,17.171,2.568,0.668,24.448,3.04,0.6409,45.372,89.56,4.215,0.6098,115.7,39.19,1.274,LATENT_DRIFT_RUNAWAY,1
LOT_013_DIE_03362,LOT_013,123.33,3.576,515.13,13.89,2.61,0.7215,13.841,2.621,0.7183,15.082,15.863,2.68,0.7131,95.18,45.56,1.155,PASS,0
LOT_014_DIE_03363,LOT_014,127.01,3.589,498.31,9.553,2.52,0.6879,9.893,2.528,0.6847,10.445,11.254,2.582,0.6783,92.1,43.93,1.211,PASS,0
LOT_015_DIE_03364,LOT_015,124.06,3.546,504.63,8.376,2.443,0.6903,8.606,2.455,0.6882,9.491,9.68,2.505,0.684,94.62,51.25,1.217,PASS,0
LOT_016_DIE_03365,LOT_016,124.33,3.604,503.05,9.257,2.281,0.701,9.459,2.298,0.6974,9.838,10.708,2.318,0.6972,110.46,45.27,1.344,PASS,0
LOT_017_DIE_03366,LOT_017,123.04,3.611,514.3,9.598,2.415,0.7124,10.165,2.422,0.7098,10.817,11.932,2.476,0.7073,101.65,45.27,1.174,PASS,0
LOT_018_DIE_03367,LOT_018,124.24,3.596,488.82,10.458,2.47,0.7178,10.475,2.48,0.7148,11.714,12.067,2.545,0.7098,103.66,44.61,1.393,PASS,0
LOT_019_DIE_03368,LOT_019,123.61,3.637,524.41,11.481,2.364,0.6997,11.928,2.368,0.6966,12.074,12.993,2.429,0.6919,100.74,44.83,1.247,PASS,0
LOT_020_DIE_03369,LOT_020,125.77,3.592,476.12,8.699,2.406,0.7344,9.291,2.424,0.732,10.408,10.894,2.492,0.7279,101.59,43.66,1.156,PASS,0
LOT_021_DIE_03370,LOT_021,125.42,3.603,531.48,12.486,2.304,0.7206,12.835,2.331,0.7188,13.38,14.253,2.348,0.7124,97.32,44.97,1.153,PASS,0
LOT_022_DIE_03371,LOT_022,125.05,3.562,499.7,10.764,2.42,0.7116,10.895,2.465,0.7089,11.588,12.44,2.467,0.7049,98.65,47.96,1.482,PASS,0
LOT_023_DIE_03372,LOT_023,124.16,3.627,504.45,9.312,2.267,0.6886,9.97,2.27,0.6862,10.406,10.9,2.314,0.6829,107.0,42.94,1.042,PASS,0
LOT_024_DIE_03373,LOT_024,125.21,3.631,479.16,7.286,2.609,0.7425,7.342,2.63,0.7385,7.962,8.519,2.676,0.732,96.94,49.8,1.31,PASS,0
LOT_025_DIE_03374,LOT_025,124.25,3.6,482.16,10.864,2.407,0.7038,11.278,2.446,0.701,11.504,12.198,2.492,0.699,95.43,41.94,1.3,PASS,0
LOT_026_DIE_03375,LOT_026,127.19,3.632,484.77,12.529,2.251,0.7136,12.86,2.258,0.7113,13.747,14.544,2.299,0.7053,103.44,47.33,1.251,PASS,0
LOT_027_DIE_03376,LOT_027,124.17,3.562,509.83,8.613,2.612,0.7416,8.9,2.631,0.7387,9.673,10.411,2.722,0.734,106.7,46.76,1.219,PASS,0
LOT_028_DIE_03377,LOT_028,125.26,3.642,530.79,11.438,2.538,0.6952,12.157,2.571,0.6927,13.226,13.417,2.598,0.6815,104.74,47.17,1.304,PASS,0
LOT_029_DIE_03378,LOT_029,125.27,3.582,484.96,13.859,2.561,0.6997,14.367,2.577,0.6971,15.017,15.08,2.594,0.6916,110.94,48.67,1.193,PASS,0
LOT_030_DIE_03379,LOT_030,125.17,3.574,496.98,8.053,2.446,0.6796,8.745,2.465,0.6769,9.739,10.78,2.484,0.6696,101.43,47.12,1.275,PASS,0
LOT_031_DIE_03380,LOT_031,129.11,3.529,497.99,12.457,2.311,0.7337,12.6,2.334,0.7301,13.55,14.311,2.37,0.7241,96.27,44.25,1.317,PASS,0
LOT_032_DIE_03381,LOT_032,125.87,3.673,474.95,8.86,2.616,0.7342,9.141,2.631,0.7293,9.713,10.246,2.693,0.7239,88.49,44.29,1.287,PASS,0
LOT_033_DIE_03382,LOT_033,124.04,3.64,490.9,7.033,2.579,0.6814,7.786,2.599,0.6793,8.654,9.684,2.643,0.6772,106.89,43.28,1.392,PASS,0
LOT_034_DIE_03383,LOT_034,125.7,3.624,505.93,13.382,2.606,0.6805,13.814,2.634,0.6779,14.396,14.857,2.638,0.6706,100.42,46.81,1.288,PASS,0
LOT_035_DIE_03384,LOT_035,124.06,3.69,523.27,15.777,2.705,0.7101,16.072,2.721,0.7076,16.524,17.481,2.73,0.7005,104.35,44.71,1.247,PASS,0
LOT_036_DIE_03385,LOT_036,123.59,3.595,484.68,13.755,2.509,0.6962,13.886,2.523,0.6926,14.603,15.19,2.552,0.688,103.06,43.64,1.231,PASS,0
LOT_037_DIE_03386,LOT_037,124.96,3.573,502.8,9.4,2.632,0.7218,9.68,2.655,0.7192,10.458,11.102,2.641,0.7177,101.62,40.26,1.137,PASS,0
LOT_038_DIE_03387,LOT_038,125.42,3.533,506.78,9.771,2.268,0.7306,10.344,2.292,0.7282,11.011,11.909,2.328,0.7224,108.12,43.36,1.219,PASS,0
LOT_039_DIE_03388,LOT_039,122.85,3.545,493.57,11.407,2.6,0.7296,11.792,2.61,0.7264,12.421,12.964,2.643,0.7226,101.6,44.4,1.372,PASS,0
LOT_040_DIE_03389,LOT_040,124.04,3.539,518.12,10.443,2.55,0.7219,10.846,2.571,0.7193,11.256,11.379,2.626,0.7099,104.13,44.94,1.1,PASS,0
LOT_041_DIE_03390,LOT_041,125.59,3.648,536.7,8.759,2.477,0.6935,9.253,2.491,0.6893,10.443,10.921,2.562,0.684,98.64,41.04,1.411,PASS,0
LOT_042_DIE_03391,LOT_042,125.49,3.665,506.12,11.695,2.678,0.7259,11.909,2.7,0.7238,12.496,13.343,2.713,0.7211,104.14,43.06,1.331,PASS,0
LOT_043_DIE_03392,LOT_043,122.83,3.581,528.98,8.173,2.402,0.741,8.51,2.443,0.7389,9.2,10.408,2.462,0.7336,103.93,46.3,1.162,PASS,0
LOT_044_DIE_03393,LOT_044,124.65,3.606,493.91,16.447,2.633,0.7243,16.787,2.645,0.722,18.14,18.508,2.676,0.7191,100.12,49.21,1.251,PASS,0
LOT_045_DIE_03394,LOT_045,124.97,3.566,502.18,10.096,2.426,0.7249,10.768,2.454,0.721,11.271,11.897,2.471,0.7165,102.22,47.77,1.254,PASS,0
LOT_046_DIE_03395,LOT_046,124.63,3.624,482.65,12.069,2.661,0.704,12.699,2.683,0.7003,13.645,14.681,2.69,0.6967,98.4,44.33,1.254,PASS,0
LOT_047_DIE_03396,LOT_047,123.3,3.642,498.8,8.223,2.514,0.7273,8.645,2.527,0.7253,9.618,10.021,2.554,0.7205,94.87,43.37,1.273,PASS,0
LOT_048_DIE_03397,LOT_048,125.66,3.56,511.14,9.92,2.567,0.7174,10.274,2.594,0.7132,11.294,12.281,2.66,0.7063,94.27,44.75,1.172,PASS,0
LOT_049_DIE_03398,LOT_049,124.4,3.616,473.46,12.457,2.99,0.6777,12.597,3.031,0.6743,13.497,14.097,3.019,0.6703,98.87,46.26,1.418,PASS,0
LOT_050_DIE_03399,LOT_050,123.99,3.556,482.34,9.611,2.45,0.6556,10.062,2.462,0.6525,10.722,11.455,2.495,0.6462,107.88,42.2,1.259,PASS,0
LOT_001_DIE_03400,LOT_001,124.93,3.608,465.87,9.884,2.466,0.7362,10.46,2.495,0.7328,11.64,12.217,2.505,0.7256,101.05,44.29,1.102,PASS,0
LOT_002_DIE_03401,LOT_002,125.22,3.573,484.04,14.205,2.488,0.7275,14.551,2.512,0.7245,15.168,15.647,2.523,0.719,96.57,46.92,1.394,PASS,0
LOT_003_DIE_03402,LOT_003,123.21,3.598,492.85,13.398,2.377,0.7348,13.757,2.383,0.7324,14.955,15.403,2.411,0.7258,92.63,43.9,1.229,PASS,0
LOT_004_DIE_03403,LOT_004,126.1,3.579,490.26,11.881,2.61,0.7432,12.432,2.633,0.7406,13.55,14.924,2.659,0.7352,106.81,41.83,1.213,PASS,0
LOT_005_DIE_03404,LOT_005,125.2,3.578,536.72,9.0,2.551,0.7093,9.38,2.575,0.7045,10.203,10.772,2.594,0.7009,102.51,45.14,1.206,PASS,0
LOT_006_DIE_03405,LOT_006,124.86,3.581,495.15,8.435,2.528,0.7239,8.978,2.555,0.722,9.681,10.255,2.574,0.7143,89.81,45.93,1.076,PASS,0
LOT_007_DIE_03406,LOT_007,124.98,3.526,488.4,8.71,2.675,0.6773,9.228,2.694,0.6745,9.68,10.245,2.719,0.6706,87.82,40.74,1.257,PASS,0
LOT_008_DIE_03407,LOT_008,124.65,3.583,504.31,13.651,2.464,0.6621,14.03,2.47,0.6598,15.296,15.047,2.487,0.653,93.37,49.65,1.286,PASS,0
LOT_009_DIE_03408,LOT_009,123.31,3.555,481.49,12.663,2.37,0.6756,13.365,2.387,0.6742,14.828,15.75,2.419,0.6677,108.14,46.1,1.412,PASS,0
LOT_010_DIE_03409,LOT_010,123.32,3.614,481.97,12.368,2.49,0.7147,12.518,2.512,0.711,13.046,13.763,2.556,0.7057,102.26,44.8,1.186,PASS,0
LOT_011_DIE_03410,LOT_011,125.63,3.611,491.29,7.315,2.641,0.7023,7.729,2.658,0.6996,8.506,9.14,2.693,0.6953,101.55,48.32,1.109,PASS,0
LOT_012_DIE_03411,LOT_012,126.22,3.664,484.17,15.18,2.436,0.6547,15.509,2.459,0.6517,16.343,16.953,2.462,0.6494,105.42,40.01,1.213,PASS,0
LOT_013_DIE_03412,LOT_013,125.58,3.681,522.08,17.185,2.858,0.717,29.573,3.115,0.6989,52.997,86.839,3.738,0.6736,123.5,38.79,1.208,THERMAL_VOLTAGE_STRESS_FAILURE,1
LOT_014_DIE_03413,LOT_014,126.45,3.653,521.4,8.378,2.781,0.685,8.948,2.804,0.6808,10.044,10.723,2.835,0.6778,100.22,48.56,1.329,PASS,0
LOT_015_DIE_03414,LOT_015,124.73,3.607,511.77,8.795,2.435,0.6814,9.017,2.46,0.6783,9.527,10.041,2.489,0.6704,94.97,45.39,1.298,PASS,0
LOT_016_DIE_03415,LOT_016,126.05,3.565,508.33,10.875,2.51,0.7014,11.177,2.542,0.699,12.384,12.987,2.549,0.6941,94.67,48.25,1.424,PASS,0
LOT_017_DIE_03416,LOT_017,126.74,3.579,513.51,11.07,2.623,0.6808,11.504,2.642,0.6784,12.235,12.695,2.654,0.6703,95.13,49.42,1.249,PASS,0
LOT_018_DIE_03417,LOT_018,126.49,3.549,493.82,11.955,2.596,0.7352,12.335,2.624,0.7328,13.338,14.101,2.623,0.7287,96.56,48.29,1.323,PASS,0
LOT_019_DIE_03418,LOT_019,125.97,3.553,507.54,12.16,2.308,0.68,12.472,2.327,0.6761,13.075,13.699,2.362,0.672,106.89,46.56,1.225,PASS,0
LOT_020_DIE_03419,LOT_020,124.25,3.608,511.3,10.053,2.581,0.7446,10.63,2.584,0.7414,10.53,11.179,2.611,0.7371,102.67,41.64,1.332,PASS,0
LOT_021_DIE_03420,LOT_021,125.36,3.568,507.05,14.074,2.525,0.7208,14.527,2.531,0.7182,14.984,15.539,2.559,0.7131,97.02,41.55,1.36,PASS,0
LOT_022_DIE_03421,LOT_022,123.2,3.53,526.03,8.603,2.714,0.6674,9.269,2.725,0.6647,9.997,10.926,2.765,0.6593,100.67,43.53,1.306,PASS,0
LOT_023_DIE_03422,LOT_023,127.81,3.584,490.86,8.787,2.501,0.6644,9.214,2.501,0.6608,9.761,10.183,2.538,0.6549,94.18,46.84,1.232,PASS,0
LOT_024_DIE_03423,LOT_024,125.76,3.664,479.01,9.698,2.374,0.7204,9.868,2.404,0.7157,10.736,11.472,2.42,0.7123,93.53,45.2,1.145,PASS,0
LOT_025_DIE_03424,LOT_025,124.82,3.62,472.39,12.052,2.804,0.7089,12.488,2.82,0.705,13.326,13.862,2.88,0.7002,100.82,40.42,1.246,PASS,0
LOT_026_DIE_03425,LOT_026,125.64,3.584,486.73,10.883,2.415,0.726,11.233,2.435,0.7239,12.141,12.661,2.485,0.7175,98.98,47.53,1.15,PASS,0
LOT_027_DIE_03426,LOT_027,124.68,3.566,509.18,9.62,2.578,0.7313,10.231,2.605,0.7278,10.924,11.859,2.644,0.7215,108.5,45.56,1.259,PASS,0
LOT_028_DIE_03427,LOT_028,124.86,3.617,518.41,11.781,2.218,0.6765,12.028,2.248,0.6735,12.94,13.404,2.284,0.669,93.63,45.59,1.238,PASS,0
LOT_029_DIE_03428,LOT_029,125.89,3.573,481.28,12.048,2.322,0.7369,12.185,2.352,0.7335,12.836,13.043,2.375,0.73,90.31,43.67,1.288,PASS,0
LOT_030_DIE_03429,LOT_030,125.28,3.611,502.55,6.814,2.727,0.6906,7.204,2.745,0.6881,7.639,8.272,2.712,0.6838,97.0,46.23,1.384,PASS,0
LOT_031_DIE_03430,LOT_031,125.22,3.643,497.83,13.242,2.501,0.7506,13.587,2.534,0.7489,14.423,15.384,2.561,0.7416,103.25,43.2,1.307,PASS,0
LOT_032_DIE_03431,LOT_032,127.7,3.582,484.07,10.462,2.501,0.7372,10.838,2.528,0.7349,11.82,12.316,2.556,0.7301,110.17,46.73,1.21,PASS,0
LOT_033_DIE_03432,LOT_033,125.71,3.561,500.36,9.706,2.609,0.7061,10.061,2.626,0.7046,10.556,11.581,2.663,0.6991,99.8,45.53,1.234,PASS,0
LOT_034_DIE_03433,LOT_034,123.79,3.602,480.56,12.995,2.483,0.6803,13.321,2.492,0.6776,13.953,14.745,2.562,0.6727,101.16,45.19,1.178,PASS,0
LOT_035_DIE_03434,LOT_035,126.65,3.644,527.61,15.057,2.534,0.7115,15.352,2.571,0.7077,15.827,16.329,2.6,0.7007,106.53,42.7,1.316,PASS,0
LOT_036_DIE_03435,LOT_036,126.18,3.619,488.03,12.471,2.453,0.7205,13.287,2.47,0.7185,14.061,14.995,2.521,0.7107,97.87,43.13,1.25,PASS,0
LOT_037_DIE_03436,LOT_037,123.57,3.53,531.04,12.271,3.117,0.7402,20.278,3.483,0.7171,45.269,81.701,5.162,0.6796,113.56,38.53,1.414,LATENT_DRIFT_RUNAWAY,1
LOT_038_DIE_03437,LOT_038,123.09,3.559,492.83,6.788,2.429,0.741,7.158,2.434,0.7365,7.935,8.544,2.488,0.733,104.65,47.26,1.236,PASS,0
LOT_039_DIE_03438,LOT_039,124.8,3.616,484.28,11.684,2.375,0.7307,12.19,2.391,0.7269,13.035,13.559,2.434,0.7204,98.18,47.98,1.304,PASS,0
LOT_040_DIE_03439,LOT_040,124.31,3.597,510.75,10.891,2.452,0.6946,11.416,2.47,0.6923,11.861,12.668,2.512,0.6879,98.83,43.39,1.357,PASS,0
LOT_041_DIE_03440,LOT_041,125.24,3.637,503.43,8.89,2.301,0.6909,8.784,2.306,0.6878,9.702,10.347,2.371,0.682,104.21,43.01,1.31,PASS,0
LOT_042_DIE_03441,LOT_042,125.83,3.68,492.97,10.067,2.372,0.7093,10.786,2.396,0.7079,11.538,12.406,2.425,0.6982,103.96,49.2,1.153,PASS,0
LOT_043_DIE_03442,LOT_043,124.5,3.661,503.97,42.68,3.682,0.6696,52.738,4.259,0.6338,81.989,141.154,5.848,0.5605,110.47,37.34,1.241,LATENT_CONTEXTUAL_OUTLIER,1
LOT_044_DIE_03443,LOT_044,123.86,3.588,508.42,15.227,2.531,0.7132,15.548,2.568,0.7126,16.676,17.052,2.584,0.7089,90.35,41.36,1.188,PASS,0
LOT_045_DIE_03444,LOT_045,126.24,3.638,482.17,9.969,2.457,0.7397,10.098,2.473,0.7363,11.172,11.726,2.519,0.7259,98.41,46.04,1.204,PASS,0
LOT_046_DIE_03445,LOT_046,126.02,3.598,495.54,10.462,2.86,0.6901,10.878,2.871,0.6868,11.621,12.376,2.913,0.6831,99.97,46.04,1.246,PASS,0
LOT_047_DIE_03446,LOT_047,126.14,3.595,510.93,9.926,2.179,0.6969,10.549,2.19,0.6949,11.595,12.083,2.206,0.6869,101.84,41.03,1.318,PASS,0
LOT_048_DIE_03447,LOT_048,124.89,3.635,520.7,11.566,2.325,0.6993,11.883,2.344,0.6965,13.098,13.137,2.381,0.6934,104.12,43.34,1.284,PASS,0
LOT_049_DIE_03448,LOT_049,124.16,3.634,485.48,11.687,2.443,0.6536,12.286,2.454,0.6499,13.242,13.429,2.476,0.6449,105.13,44.22,1.117,PASS,0
LOT_050_DIE_03449,LOT_050,123.88,3.559,501.29,8.156,2.712,0.6762,8.463,2.725,0.6743,9.528,9.945,2.808,0.6677,96.98,44.74,1.278,PASS,0
LOT_001_DIE_03450,LOT_001,126.87,3.555,472.78,9.296,2.782,0.7207,9.73,2.809,0.7178,10.177,10.637,2.868,0.7142,110.26,42.75,1.293,PASS,0
LOT_002_DIE_03451,LOT_002,123.38,3.568,510.3,13.559,2.4,0.7243,14.008,2.409,0.7218,14.658,14.72,2.454,0.7197,94.24,44.42,1.118,PASS,0
LOT_003_DIE_03452,LOT_003,126.34,3.596,480.05,13.262,2.515,0.7285,13.397,2.538,0.7241,14.617,15.066,2.553,0.7198,100.03,44.88,1.115,PASS,0
LOT_004_DIE_03453,LOT_004,125.53,3.673,506.3,13.413,2.705,0.7564,13.685,2.716,0.7522,13.51,14.116,2.792,0.7498,104.13,43.85,1.281,PASS,0
LOT_005_DIE_03454,LOT_005,125.41,3.601,518.61,9.528,2.498,0.7232,16.84,3.063,0.6997,37.507,65.842,3.995,0.6593,115.2,37.8,1.281,LATENT_DRIFT_RUNAWAY,1
LOT_006_DIE_03455,LOT_006,126.63,3.623,476.82,10.136,2.408,0.7208,10.51,2.44,0.7174,11.384,11.753,2.446,0.7132,93.63,46.63,1.182,PASS,0
LOT_007_DIE_03456,LOT_007,124.97,3.604,500.24,7.416,2.342,0.7237,7.74,2.344,0.7203,8.608,9.116,2.382,0.7141,94.14,50.07,1.299,PASS,0
LOT_008_DIE_03457,LOT_008,125.32,3.566,518.98,13.934,2.649,0.6902,14.138,2.658,0.6861,14.938,15.432,2.727,0.6801,98.94,45.77,1.241,PASS,0
LOT_009_DIE_03458,LOT_009,125.57,3.602,491.54,12.702,2.777,0.7169,13.018,2.785,0.7142,13.652,14.122,2.824,0.7075,90.83,44.69,1.213,PASS,0
LOT_010_DIE_03459,LOT_010,125.75,3.623,476.34,12.234,2.683,0.7193,12.61,2.695,0.7155,13.288,13.678,2.721,0.7118,99.39,46.68,1.296,PASS,0
LOT_011_DIE_03460,LOT_011,124.11,3.59,507.78,8.58,2.432,0.6847,8.885,2.443,0.6825,9.633,10.032,2.448,0.677,101.18,44.77,1.236,PASS,0
LOT_012_DIE_03461,LOT_012,126.28,3.583,497.56,15.879,2.449,0.6886,16.147,2.468,0.6862,17.21,17.624,2.517,0.6825,95.74,47.46,1.191,PASS,0
LOT_013_DIE_03462,LOT_013,126.16,3.533,522.14,15.408,2.367,0.7089,15.985,2.386,0.7056,16.758,17.37,2.424,0.701,100.52,45.96,1.264,PASS,0
LOT_014_DIE_03463,LOT_014,127.81,3.648,491.31,11.154,2.74,0.7193,11.688,2.776,0.7155,12.567,13.071,2.769,0.7141,94.35,44.09,1.306,PASS,0
LOT_015_DIE_03464,LOT_015,126.62,3.653,513.42,9.931,2.553,0.6978,10.5,2.568,0.6965,11.607,11.852,2.605,0.6874,95.62,47.51,1.308,PASS,0
LOT_016_DIE_03465,LOT_016,125.07,3.576,507.34,12.485,2.618,0.7084,13.19,2.637,0.7042,14.27,14.599,2.678,0.6993,90.46,47.19,1.229,PASS,0
LOT_017_DIE_03466,LOT_017,124.06,3.582,522.79,11.625,2.345,0.682,11.785,2.374,0.6786,12.6,13.614,2.352,0.6755,95.99,46.37,1.361,PASS,0
LOT_018_DIE_03467,LOT_018,124.91,3.592,501.6,14.006,2.717,0.7223,14.418,2.743,0.717,15.349,16.149,2.747,0.7168,104.26,46.8,1.301,PASS,0
LOT_019_DIE_03468,LOT_019,124.12,3.631,517.97,13.141,2.376,0.6872,13.828,2.39,0.6855,14.668,14.949,2.438,0.6831,98.79,48.87,1.206,PASS,0
LOT_020_DIE_03469,LOT_020,125.26,3.555,510.58,12.611,2.453,0.73,27.387,3.012,0.7137,54.313,81.456,4.202,0.6581,115.31,38.45,1.173,LATENT_DRIFT_RUNAWAY,1
LOT_021_DIE_03470,LOT_021,125.01,3.61,526.46,12.562,2.411,0.745,13.356,2.435,0.7415,14.159,14.673,2.467,0.7369,97.68,44.65,1.247,PASS,0
LOT_022_DIE_03471,LOT_022,126.03,3.627,513.66,8.409,2.32,0.6928,8.514,2.349,0.6877,9.234,9.409,2.341,0.6856,99.18,46.61,1.219,PASS,0
LOT_023_DIE_03472,LOT_023,126.63,3.517,469.83,10.46,2.585,0.6878,11.033,2.594,0.6853,11.571,11.695,2.642,0.6786,98.72,43.78,1.339,PASS,0
LOT_024_DIE_03473,LOT_024,125.19,3.606,485.41,12.365,2.272,0.7383,12.8,2.278,0.7353,13.867,14.439,2.32,0.7316,99.26,47.42,1.347,PASS,0
LOT_025_DIE_03474,LOT_025,123.84,3.669,484.89,12.715,2.472,0.7259,13.097,2.512,0.7224,13.864,14.94,2.52,0.7172,101.66,36.52,1.219,PASS,0
LOT_026_DIE_03475,LOT_026,124.84,3.584,522.16,15.191,2.332,0.7417,15.706,2.363,0.736,16.312,16.534,2.364,0.7319,107.48,45.8,1.23,PASS,0
LOT_027_DIE_03476,LOT_027,123.91,3.651,519.48,9.357,2.581,0.7292,9.975,2.59,0.7268,10.895,11.882,2.657,0.7181,99.81,44.28,1.292,PASS,0
LOT_028_DIE_03477,LOT_028,124.54,3.574,515.17,10.327,2.386,0.6728,10.814,2.408,0.6693,11.846,12.32,2.444,0.6678,94.91,43.88,1.283,PASS,0
LOT_029_DIE_03478,LOT_029,124.62,3.614,477.13,11.9,2.35,0.6832,12.372,2.373,0.6786,12.874,13.182,2.393,0.6761,98.28,41.98,1.179,PASS,0
LOT_030_DIE_03479,LOT_030,123.46,3.585,508.77,9.399,2.504,0.6839,9.437,2.508,0.6806,10.502,11.209,2.556,0.6718,94.33,43.4,1.249,PASS,0
LOT_031_DIE_03480,LOT_031,123.46,3.591,472.82,14.037,2.65,0.7196,14.278,2.672,0.7154,15.444,16.034,2.673,0.7107,96.78,40.62,1.154,PASS,0
LOT_032_DIE_03481,LOT_032,125.58,3.608,473.7,10.559,2.549,0.6924,11.354,2.573,0.6883,12.021,12.066,2.555,0.6835,97.23,45.44,1.451,PASS,0
LOT_033_DIE_03482,LOT_033,124.69,3.604,476.74,8.632,2.473,0.6753,9.219,2.501,0.6724,10.068,11.056,2.528,0.6665,102.95,47.26,1.181,PASS,0
LOT_034_DIE_03483,LOT_034,125.01,3.65,486.44,14.944,2.509,0.6827,15.418,2.533,0.6811,16.148,16.618,2.547,0.6769,100.01,39.84,1.214,PASS,0
LOT_035_DIE_03484,LOT_035,126.66,3.638,515.66,46.513,4.791,0.653,62.926,5.841,0.6034,86.993,127.053,7.961,0.5131,115.45,32.47,1.285,LATENT_CONTEXTUAL_OUTLIER,1
LOT_036_DIE_03485,LOT_036,123.75,3.64,501.7,14.537,2.507,0.7185,14.668,2.522,0.7157,15.61,16.717,2.577,0.7121,102.43,44.66,1.317,PASS,0
LOT_037_DIE_03486,LOT_037,126.92,3.567,490.65,11.203,2.657,0.7151,11.759,2.693,0.7115,12.781,13.505,2.708,0.7059,105.58,46.76,1.174,PASS,0
LOT_038_DIE_03487,LOT_038,123.26,3.587,490.35,8.086,2.439,0.7296,8.695,2.466,0.7269,9.636,10.639,2.519,0.718,105.66,43.01,1.359,PASS,0
LOT_039_DIE_03488,LOT_039,123.43,3.539,497.79,14.309,2.547,0.7367,14.578,2.57,0.7345,15.651,16.113,2.565,0.7316,107.54,49.59,1.316,PASS,0
LOT_040_DIE_03489,LOT_040,125.81,3.608,517.04,11.645,2.479,0.7195,11.996,2.501,0.7161,12.63,13.582,2.501,0.7148,103.96,46.38,1.297,PASS,0
LOT_041_DIE_03490,LOT_041,125.74,3.602,527.62,7.377,2.677,0.6736,18.762,3.054,0.6457,37.592,72.603,4.615,0.5857,117.4,38.64,1.36,LATENT_DRIFT_RUNAWAY,1
LOT_042_DIE_03491,LOT_042,127.27,3.525,505.31,11.069,2.418,0.7121,11.349,2.446,0.7095,12.373,13.134,2.455,0.7049,93.1,42.02,1.18,PASS,0
LOT_043_DIE_03492,LOT_043,125.38,3.553,517.97,9.016,2.61,0.7107,9.24,2.627,0.7072,10.148,10.936,2.663,0.7032,96.91,42.45,1.281,PASS,0
LOT_044_DIE_03493,LOT_044,124.53,3.569,493.27,13.76,2.635,0.701,14.62,2.641,0.6977,15.007,15.658,2.686,0.6925,99.92,42.77,1.172,PASS,0
LOT_045_DIE_03494,LOT_045,127.06,3.606,498.85,8.58,2.41,0.7497,8.69,2.432,0.7455,9.155,9.658,2.414,0.7421,101.02,46.05,1.223,PASS,0
LOT_046_DIE_03495,LOT_046,125.83,3.75,499.34,12.753,2.359,0.6758,13.464,2.39,0.6735,14.215,14.753,2.421,0.6645,104.03,44.72,1.244,PASS,0
LOT_047_DIE_03496,LOT_047,124.05,3.637,505.24,8.858,2.63,0.7283,9.409,2.643,0.724,10.383,11.272,2.678,0.7218,97.75,46.45,1.029,PASS,0
LOT_048_DIE_03497,LOT_048,125.77,3.633,486.49,39.275,3.815,0.6647,51.189,4.638,0.6445,84.098,118.839,6.382,0.5839,115.57,40.27,1.231,LATENT_CONTEXTUAL_OUTLIER,1
LOT_049_DIE_03498,LOT_049,125.87,3.607,487.48,12.347,2.377,0.6797,12.634,2.397,0.6799,12.755,13.614,2.453,0.6719,82.44,46.82,1.202,PASS,0
LOT_050_DIE_03499,LOT_050,122.21,3.599,487.56,8.537,2.727,0.6902,8.844,2.763,0.6871,9.674,10.395,2.712,0.6811,108.73,42.61,1.263,PASS,0
LOT_001_DIE_03500,LOT_001,125.74,3.646,472.8,9.082,2.579,0.7503,9.758,2.596,0.7472,10.608,11.254,2.625,0.7441,96.51,42.72,1.225,PASS,0
LOT_002_DIE_03501,LOT_002,124.09,3.579,503.46,13.665,2.54,0.7275,14.532,2.544,0.7236,15.116,16.518,2.623,0.7207,102.31,45.68,1.286,PASS,0
LOT_003_DIE_03502,LOT_003,125.4,3.568,497.37,12.327,2.573,0.7228,12.777,2.588,0.7212,13.1,13.816,2.584,0.7144,87.67,46.5,1.346,PASS,0
LOT_004_DIE_03503,LOT_004,123.4,3.614,497.09,11.252,2.583,0.74,11.742,2.607,0.7372,12.559,13.195,2.654,0.7279,107.48,43.99,1.021,PASS,0
LOT_005_DIE_03504,LOT_005,123.79,3.57,536.82,8.584,2.421,0.7459,8.992,2.442,0.7425,10.002,10.28,2.496,0.7385,103.22,48.47,1.259,PASS,0
LOT_006_DIE_03505,LOT_006,125.33,3.605,498.8,9.234,2.738,0.7326,9.85,2.754,0.7283,10.094,11.038,2.786,0.7244,92.13,44.1,1.211,PASS,0
LOT_007_DIE_03506,LOT_007,124.61,3.467,511.53,11.481,2.688,0.6822,12.11,2.71,0.6779,12.825,13.412,2.727,0.678,98.6,45.5,1.438,PASS,0
LOT_008_DIE_03507,LOT_008,122.86,3.562,524.99,14.955,2.895,0.7145,23.11,3.267,0.6952,41.115,68.344,4.417,0.6506,116.76,36.72,1.462,THERMAL_VOLTAGE_STRESS_FAILURE,1
LOT_009_DIE_03508,LOT_009,127.82,3.569,494.53,13.006,2.339,0.6884,13.307,2.379,0.6856,14.849,15.591,2.404,0.6823,98.05,47.72,1.195,PASS,0
LOT_010_DIE_03509,LOT_010,127.11,3.553,472.48,13.046,2.367,0.6864,13.318,2.386,0.6845,13.86,14.24,2.437,0.6731,99.28,45.27,1.272,PASS,0
LOT_011_DIE_03510,LOT_011,122.9,3.602,485.38,7.208,2.847,0.7058,7.883,2.871,0.7015,8.511,9.0,2.893,0.6953,103.43,45.75,1.201,PASS,0
LOT_012_DIE_03511,LOT_012,123.56,3.645,487.2,13.465,2.453,0.6879,13.893,2.475,0.687,14.906,15.778,2.49,0.6781,105.97,45.96,1.235,PASS,0
LOT_013_DIE_03512,LOT_013,123.47,3.597,516.15,12.428,2.322,0.7343,12.638,2.336,0.731,13.286,13.894,2.387,0.7283,95.79,43.66,1.305,PASS,0
LOT_014_DIE_03513,LOT_014,124.17,3.636,523.47,9.124,2.265,0.7309,9.118,2.281,0.7294,10.15,10.257,2.337,0.7225,104.93,44.66,1.269,PASS,0
LOT_015_DIE_03514,LOT_015,126.11,3.562,510.69,7.656,2.338,0.7021,8.097,2.374,0.6995,9.279,9.816,2.423,0.696,107.86,48.67,1.237,PASS,0
LOT_016_DIE_03515,LOT_016,123.78,3.576,517.59,9.642,2.524,0.7207,10.296,2.544,0.7178,11.113,12.259,2.586,0.7107,107.13,41.77,1.389,PASS,0
LOT_017_DIE_03516,LOT_017,124.99,3.617,530.23,11.404,2.631,0.6855,11.512,2.631,0.6834,12.707,13.466,2.702,0.6767,106.94,46.98,1.318,PASS,0
LOT_018_DIE_03517,LOT_018,125.54,3.576,485.15,10.76,2.547,0.734,11.273,2.559,0.7296,11.825,12.672,2.612,0.7294,96.61,47.64,1.159,PASS,0
LOT_019_DIE_03518,LOT_019,124.97,3.584,532.91,11.631,2.413,0.6919,11.999,2.425,0.6895,13.123,13.767,2.438,0.683,100.7,46.7,1.239,PASS,0
LOT_020_DIE_03519,LOT_020,124.32,3.657,493.0,9.245,2.791,0.7418,9.643,2.805,0.7402,10.215,10.997,2.855,0.7303,94.13,41.63,1.454,PASS,0
LOT_021_DIE_03520,LOT_021,127.58,3.547,509.67,14.063,2.493,0.7164,14.377,2.512,0.7131,15.037,15.643,2.549,0.7072,110.77,42.15,1.304,PASS,0
LOT_022_DIE_03521,LOT_022,124.03,3.601,513.85,11.229,2.374,0.6877,11.673,2.385,0.6842,12.536,13.358,2.416,0.681,96.63,42.6,1.174,PASS,0
LOT_023_DIE_03522,LOT_023,124.31,3.619,500.05,10.733,2.717,0.6669,11.276,2.758,0.6623,12.444,12.854,2.769,0.6584,95.61,42.66,1.214,PASS,0
LOT_024_DIE_03523,LOT_024,124.92,3.581,486.81,11.028,2.323,0.7085,11.228,2.349,0.7063,12.096,12.661,2.357,0.7045,98.86,42.24,1.223,PASS,0
LOT_025_DIE_03524,LOT_025,123.95,3.522,495.33,11.166,2.707,0.73,11.494,2.707,0.7262,12.797,13.172,2.76,0.7224,100.5,45.15,1.242,PASS,0
LOT_026_DIE_03525,LOT_026,125.76,3.592,489.72,12.709,2.568,0.7177,12.988,2.586,0.7149,14.317,14.578,2.622,0.7128,97.87,40.66,1.143,PASS,0
LOT_027_DIE_03526,LOT_027,126.02,3.624,513.62,9.644,2.62,0.7507,9.65,2.646,0.7465,10.673,11.41,2.694,0.7435,105.38,46.4,1.447,PASS,0
LOT_028_DIE_03527,LOT_028,126.04,3.611,515.12,13.255,2.644,0.7008,13.923,2.668,0.6982,14.677,15.419,2.69,0.6936,108.12,43.13,1.36,PASS,0
LOT_029_DIE_03528,LOT_029,123.95,3.516,486.54,12.056,2.619,0.698,12.418,2.642,0.6961,13.335,13.609,2.703,0.6882,104.55,42.99,1.148,PASS,0
LOT_030_DIE_03529,LOT_030,124.86,3.484,509.97,7.818,2.477,0.6931,8.595,2.511,0.6903,9.434,9.952,2.543,0.6867,89.13,44.05,1.339,PASS,0
LOT_031_DIE_03530,LOT_031,127.4,3.641,495.42,14.056,2.428,0.7481,14.272,2.453,0.745,14.718,15.476,2.47,0.7395,98.53,41.53,1.332,PASS,0
LOT_032_DIE_03531,LOT_032,124.75,3.579,480.93,8.316,2.616,0.7305,8.616,2.654,0.7274,9.332,9.567,2.66,0.7185,92.32,46.53,1.112,PASS,0
LOT_033_DIE_03532,LOT_033,123.52,3.625,492.64,7.875,2.559,0.6689,8.434,2.574,0.6661,9.323,9.75,2.623,0.6647,103.8,46.76,1.291,PASS,0
LOT_034_DIE_03533,LOT_034,122.56,3.575,489.18,16.698,2.428,0.6856,17.181,2.435,0.6818,17.903,18.064,2.468,0.6775,96.46,41.6,1.244,PASS,0
LOT_035_DIE_03534,LOT_035,123.99,3.56,534.89,15.972,2.295,0.6957,16.316,2.325,0.6937,17.171,17.476,2.34,0.6868,98.79,51.08,1.386,PASS,0
LOT_036_DIE_03535,LOT_036,122.82,3.632,505.92,14.006,2.181,0.7062,14.507,2.215,0.7033,15.078,15.752,2.202,0.6957,103.92,50.0,1.179,PASS,0
LOT_037_DIE_03536,LOT_037,126.17,3.53,494.09,10.808,2.421,0.6904,11.136,2.458,0.6863,11.753,11.969,2.463,0.6829,103.64,47.51,1.228,PASS,0
LOT_038_DIE_03537,LOT_038,125.29,3.652,514.77,9.41,2.755,0.7287,9.733,2.77,0.7262,10.555,11.474,2.824,0.7234,103.94,41.92,1.267,PASS,0
LOT_039_DIE_03538,LOT_039,123.05,3.579,496.75,11.688,2.687,0.718,11.633,2.703,0.7159,12.279,12.652,2.742,0.7127,106.73,41.8,1.189,PASS,0
LOT_040_DIE_03539,LOT_040,126.39,3.577,533.74,11.182,2.365,0.6934,11.683,2.382,0.6894,12.563,12.733,2.452,0.6875,103.48,43.77,1.446,PASS,0
LOT_041_DIE_03540,LOT_041,125.4,3.578,513.95,10.063,2.668,0.7099,10.458,2.686,0.7055,11.352,12.039,2.677,0.7026,107.38,47.34,1.287,PASS,0
LOT_042_DIE_03541,LOT_042,125.41,3.618,485.48,41.2,4.198,0.7047,57.733,4.9,0.6605,90.404,121.113,6.13,0.5701,123.48,36.08,1.155,LATENT_CONTEXTUAL_OUTLIER,1
LOT_043_DIE_03542,LOT_043,125.5,3.608,494.82,5.142,2.699,0.751,5.891,2.735,0.7473,6.567,7.709,2.779,0.7414,96.05,46.04,1.19,PASS,0
LOT_044_DIE_03543,LOT_044,125.91,3.623,495.69,13.921,2.544,0.7234,14.239,2.564,0.7208,14.883,15.593,2.588,0.7161,99.93,44.64,1.185,PASS,0
LOT_045_DIE_03544,LOT_045,126.31,3.581,487.87,9.856,2.393,0.7266,10.607,2.412,0.7224,11.293,12.059,2.43,0.7178,106.07,44.22,1.428,PASS,0
LOT_046_DIE_03545,LOT_046,124.1,3.6,476.39,12.96,2.491,0.7127,13.568,2.537,0.7106,13.65,14.294,2.555,0.7044,98.26,43.05,1.211,PASS,0
LOT_047_DIE_03546,LOT_047,125.84,3.538,508.48,10.717,2.268,0.7189,10.62,2.276,0.7171,11.372,12.128,2.304,0.7095,105.47,45.04,1.331,PASS,0
LOT_048_DIE_03547,LOT_048,125.31,3.561,482.39,12.11,2.612,0.7152,12.591,2.643,0.7135,13.394,14.141,2.621,0.7073,99.23,43.34,1.204,PASS,0
LOT_049_DIE_03548,LOT_049,125.34,3.578,503.47,12.715,2.399,0.6771,13.22,2.411,0.6746,14.124,14.646,2.462,0.6723,104.51,43.58,1.345,PASS,0
LOT_050_DIE_03549,LOT_050,124.76,3.594,482.04,7.54,2.579,0.6657,8.112,2.588,0.6622,9.235,9.929,2.62,0.6527,111.9,44.85,1.203,PASS,0
LOT_001_DIE_03550,LOT_001,124.77,3.627,474.7,9.066,2.569,0.7456,9.509,2.572,0.7418,10.627,11.178,2.628,0.7367,108.7,43.85,1.252,PASS,0
LOT_002_DIE_03551,LOT_002,123.5,3.622,514.93,13.781,2.274,0.6976,14.262,2.289,0.6952,14.991,16.114,2.277,0.6908,100.98,41.49,1.201,PASS,0
LOT_003_DIE_03552,LOT_003,126.91,3.649,514.18,10.58,2.844,0.745,11.228,2.86,0.7401,12.087,12.704,2.877,0.7394,99.55,47.26,1.188,PASS,0
LOT_004_DIE_03553,LOT_004,124.98,3.604,499.71,13.027,2.54,0.7171,13.213,2.581,0.7141,14.235,14.641,2.597,0.7085,96.49,41.35,1.189,PASS,0
LOT_005_DIE_03554,LOT_005,123.3,3.591,505.21,8.605,2.599,0.7134,9.107,2.642,0.711,9.936,10.526,2.663,0.7053,100.86,47.88,1.236,PASS,0
LOT_006_DIE_03555,LOT_006,127.08,3.48,508.04,8.615,2.567,0.7624,8.738,2.587,0.7591,10.012,10.966,2.62,0.7553,96.39,44.68,1.066,PASS,0
LOT_007_DIE_03556,LOT_007,122.87,3.572,480.29,9.322,2.406,0.6918,9.76,2.434,0.6899,10.743,11.657,2.462,0.6841,108.61,43.78,1.207,PASS,0
LOT_008_DIE_03557,LOT_008,124.77,3.521,513.0,14.674,2.673,0.6855,15.16,2.694,0.6834,15.697,16.231,2.727,0.6781,98.28,39.08,1.143,PASS,0
LOT_009_DIE_03558,LOT_009,125.65,3.696,486.21,10.705,2.485,0.665,10.919,2.488,0.6629,11.729,12.826,2.552,0.6558,97.74,45.35,1.271,PASS,0
LOT_010_DIE_03559,LOT_010,125.51,3.594,483.04,12.755,2.533,0.709,12.865,2.549,0.7068,14.011,14.482,2.561,0.6962,101.69,44.68,1.262,PASS,0
LOT_011_DIE_03560,LOT_011,123.55,3.572,488.07,9.27,2.43,0.706,9.713,2.465,0.7037,10.008,10.904,2.471,0.6988,98.71,44.19,1.267,PASS,0
LOT_012_DIE_03561,LOT_012,124.77,3.56,484.12,14.929,2.641,0.6855,15.062,2.663,0.6833,16.193,16.109,2.675,0.6756,91.91,44.36,1.208,PASS,0
LOT_013_DIE_03562,LOT_013,123.76,3.537,504.28,14.181,2.668,0.7625,14.512,2.67,0.7575,15.574,16.221,2.71,0.7552,97.97,48.12,1.211,PASS,0
LOT_014_DIE_03563,LOT_014,125.48,3.563,507.81,11.273,2.588,0.7057,11.433,2.614,0.7038,12.29,13.291,2.663,0.6956,101.34,41.89,1.323,PASS,0
LOT_015_DIE_03564,LOT_015,125.66,3.528,510.6,6.606,2.323,0.6865,6.967,2.351,0.6841,7.383,7.8,2.367,0.6781,104.71,50.83,1.25,PASS,0
LOT_016_DIE_03565,LOT_016,122.71,3.691,510.89,9.447,2.427,0.724,9.61,2.436,0.722,10.03,10.682,2.491,0.7133,99.2,48.8,1.254,PASS,0
LOT_017_DIE_03566,LOT_017,123.77,3.618,534.69,10.391,2.385,0.7084,10.624,2.396,0.7053,11.806,12.582,2.408,0.7024,97.14,43.2,1.367,PASS,0
LOT_018_DIE_03567,LOT_018,124.04,3.613,487.17,14.634,2.376,0.7249,15.093,2.387,0.7226,15.653,15.98,2.434,0.715,101.05,44.43,1.229,PASS,0
LOT_019_DIE_03568,LOT_019,125.42,3.617,508.28,10.557,2.345,0.6745,10.809,2.37,0.6697,11.375,11.95,2.413,0.667,99.12,40.81,1.287,PASS,0
LOT_020_DIE_03569,LOT_020,126.22,3.59,488.4,11.202,2.666,0.7558,11.587,2.672,0.7525,12.531,13.088,2.739,0.7494,103.66,46.19,1.357,PASS,0
LOT_021_DIE_03570,LOT_021,122.39,3.538,509.64,10.871,2.624,0.727,10.929,2.626,0.7247,11.469,11.676,2.685,0.7208,104.76,48.27,1.223,PASS,0
LOT_022_DIE_03571,LOT_022,124.31,3.67,529.42,11.126,3.092,0.7272,26.617,3.541,0.713,46.761,67.056,4.049,0.6788,109.15,37.15,1.325,THERMAL_VOLTAGE_STRESS_FAILURE,1
LOT_023_DIE_03572,LOT_023,126.93,3.572,498.97,12.023,2.697,0.6847,12.62,2.714,0.683,13.589,14.472,2.751,0.6823,98.43,42.09,1.21,PASS,0
LOT_024_DIE_03573,LOT_024,126.14,3.623,468.53,10.364,2.556,0.7083,10.614,2.567,0.7026,11.428,12.05,2.58,0.7019,98.69,48.18,1.162,PASS,0
LOT_025_DIE_03574,LOT_025,123.42,3.635,484.66,11.529,2.594,0.6956,11.801,2.618,0.6933,12.758,12.975,2.608,0.6901,100.11,43.17,1.255,PASS,0
LOT_026_DIE_03575,LOT_026,125.08,3.575,489.14,13.795,2.594,0.7257,14.217,2.607,0.7237,14.798,15.734,2.645,0.7173,103.88,44.57,1.212,PASS,0
LOT_027_DIE_03576,LOT_027,124.47,3.629,506.0,9.223,2.484,0.7187,9.835,2.513,0.7182,11.084,11.406,2.573,0.7125,100.86,46.1,1.207,PASS,0
LOT_028_DIE_03577,LOT_028,124.67,3.679,512.09,10.807,2.494,0.6883,11.108,2.518,0.6855,12.168,12.816,2.544,0.681,103.5,43.82,1.226,PASS,0
LOT_029_DIE_03578,LOT_029,126.27,3.622,480.71,14.37,2.332,0.7036,14.899,2.326,0.7031,15.522,16.237,2.407,0.6935,96.84,49.66,1.24,PASS,0
LOT_030_DIE_03579,LOT_030,126.12,3.609,512.09,6.941,2.51,0.6976,7.427,2.534,0.6936,8.413,8.915,2.566,0.691,92.49,47.37,1.207,PASS,0
LOT_031_DIE_03580,LOT_031,124.55,3.647,501.72,11.232,2.469,0.7443,11.553,2.465,0.7414,11.95,12.439,2.547,0.7359,103.76,44.3,1.28,PASS,0
LOT_032_DIE_03581,LOT_032,122.08,3.586,505.76,10.12,2.265,0.7275,10.543,2.281,0.7256,11.179,11.606,2.351,0.7182,100.08,44.64,1.258,PASS,0
LOT_033_DIE_03582,LOT_033,126.3,3.58,480.26,6.259,2.427,0.701,6.452,2.458,0.6991,6.917,8.031,2.441,0.6954,96.23,45.23,1.245,PASS,0
LOT_034_DIE_03583,LOT_034,125.47,3.655,499.85,14.994,2.537,0.6541,15.369,2.564,0.6513,16.488,16.886,2.573,0.6474,105.07,46.89,1.194,PASS,0
LOT_035_DIE_03584,LOT_035,124.47,3.613,527.05,12.815,2.578,0.6812,13.219,2.583,0.6773,14.441,15.209,2.642,0.6739,96.29,50.66,1.335,PASS,0
LOT_036_DIE_03585,LOT_036,126.96,3.642,487.83,11.188,2.625,0.6883,11.63,2.651,0.6857,11.997,13.059,2.643,0.6797,97.33,44.48,1.337,PASS,0
LOT_037_DIE_03586,LOT_037,124.55,3.534,506.7,12.634,2.72,0.7355,12.573,2.738,0.7311,13.808,14.257,2.762,0.7281,89.61,40.55,1.265,PASS,0
LOT_038_DIE_03587,LOT_038,124.3,3.623,485.26,9.044,2.631,0.712,9.809,2.628,0.7107,10.559,11.34,2.683,0.7021,104.05,44.83,1.209,PASS,0
LOT_039_DIE_03588,LOT_039,123.81,3.576,467.12,14.123,2.397,0.7226,14.485,2.428,0.7204,15.218,15.481,2.488,0.7164,106.86,42.53,1.21,PASS,0
LOT_040_DIE_03589,LOT_040,123.48,3.584,534.98,11.768,2.646,0.6935,12.124,2.653,0.6912,13.188,13.795,2.682,0.685,98.1,42.21,1.334,PASS,0
LOT_041_DIE_03590,LOT_041,125.21,3.646,514.55,11.078,2.391,0.6745,11.226,2.413,0.6722,11.905,12.776,2.441,0.6653,102.15,41.0,1.174,PASS,0
LOT_042_DIE_03591,LOT_042,124.38,3.651,494.09,10.244,2.487,0.7175,10.706,2.507,0.7143,11.269,11.652,2.536,0.7108,102.7,43.91,1.253,PASS,0
LOT_043_DIE_03592,LOT_043,123.65,3.553,490.39,11.482,2.725,0.7409,26.436,3.056,0.7134,48.31,88.922,4.673,0.6574,110.54,41.62,1.217,LATENT_DRIFT_RUNAWAY,1
LOT_044_DIE_03593,LOT_044,125.9,3.641,485.21,15.027,2.333,0.7218,15.577,2.351,0.7217,15.839,16.621,2.36,0.7141,99.05,48.11,1.291,PASS,0
LOT_045_DIE_03594,LOT_045,126.14,3.63,482.31,10.243,2.688,0.718,10.785,2.691,0.7145,11.92,12.817,2.736,0.7115,95.1,43.34,1.226,PASS,0
LOT_046_DIE_03595,LOT_046,124.61,3.64,488.88,12.388,2.542,0.7425,26.685,3.114,0.7152,49.173,95.229,4.526,0.6632,115.54,35.05,1.175,LATENT_DRIFT_RUNAWAY,1
LOT_047_DIE_03596,LOT_047,124.98,3.581,524.44,10.606,2.546,0.6915,10.993,2.561,0.6885,11.708,12.253,2.592,0.6856,103.93,41.79,1.369,PASS,0
LOT_048_DIE_03597,LOT_048,123.13,3.617,490.47,11.137,2.608,0.7185,11.126,2.628,0.716,11.995,12.377,2.654,0.7071,91.27,43.78,1.277,PASS,0
LOT_049_DIE_03598,LOT_049,124.82,3.586,492.59,13.032,2.389,0.6833,13.406,2.418,0.6809,14.659,15.371,2.42,0.6743,92.34,37.01,1.414,PASS,0
LOT_050_DIE_03599,LOT_050,125.33,3.586,492.38,7.636,2.637,0.7366,7.894,2.639,0.7344,9.166,9.717,2.696,0.7262,95.24,46.02,1.174,PASS,0
LOT_001_DIE_03600,LOT_001,125.19,3.631,473.04,12.536,2.236,0.7333,12.871,2.248,0.7325,13.972,14.886,2.296,0.7267,97.53,42.86,1.262,PASS,0
LOT_002_DIE_03601,LOT_002,122.18,3.645,508.52,16.376,2.547,0.7357,16.649,2.579,0.7338,17.49,18.179,2.61,0.7289,103.99,44.65,1.164,PASS,0
LOT_003_DIE_03602,LOT_003,125.2,3.66,489.82,12.663,2.543,0.7491,13.308,2.556,0.7463,14.043,14.739,2.581,0.7416,98.04,43.64,1.251,PASS,0
LOT_004_DIE_03603,LOT_004,124.98,3.581,509.6,11.887,2.687,0.7381,12.486,2.721,0.7358,13.301,13.935,2.772,0.7267,102.56,45.4,1.064,PASS,0
LOT_005_DIE_03604,LOT_005,124.92,3.567,503.12,8.879,2.555,0.7316,9.335,2.567,0.7271,9.834,10.36,2.629,0.7269,97.75,44.2,1.213,PASS,0
LOT_006_DIE_03605,LOT_006,122.94,3.611,495.64,8.31,2.343,0.7355,8.579,2.342,0.7338,8.99,9.95,2.376,0.7288,106.96,45.91,1.301,PASS,0
LOT_007_DIE_03606,LOT_007,123.65,3.646,488.94,9.277,2.556,0.6707,9.888,2.596,0.6685,10.471,11.065,2.624,0.6603,97.34,41.59,1.319,PASS,0
LOT_008_DIE_03607,LOT_008,122.57,3.608,513.6,15.239,2.301,0.6581,15.627,2.318,0.6562,15.937,16.621,2.31,0.6517,108.14,46.78,1.279,PASS,0
LOT_009_DIE_03608,LOT_009,124.25,3.551,477.43,13.452,2.949,0.6783,26.773,3.355,0.6584,52.721,79.057,4.69,0.6232,120.72,38.58,1.278,THERMAL_VOLTAGE_STRESS_FAILURE,1
LOT_010_DIE_03609,LOT_010,124.7,3.604,482.37,13.841,2.321,0.6859,14.138,2.333,0.6817,14.82,15.231,2.362,0.6771,97.43,46.2,1.357,PASS,0
LOT_011_DIE_03610,LOT_011,125.48,3.599,475.18,4.866,2.585,0.7137,5.189,2.603,0.7109,6.017,6.628,2.632,0.7049,98.03,44.75,1.18,PASS,0
LOT_012_DIE_03611,LOT_012,123.05,3.602,483.69,16.879,2.585,0.6995,29.873,3.051,0.6796,52.926,100.96,4.791,0.6264,107.08,37.5,1.059,LATENT_DRIFT_RUNAWAY,1
LOT_013_DIE_03612,LOT_013,124.35,3.645,517.34,12.265,2.541,0.7343,12.572,2.558,0.7303,13.592,14.222,2.617,0.7256,104.53,39.54,1.217,PASS,0
LOT_014_DIE_03613,LOT_014,126.12,3.602,501.3,8.9,2.545,0.7018,9.279,2.566,0.6989,9.838,10.837,2.611,0.6931,101.51,45.84,1.343,PASS,0
LOT_015_DIE_03614,LOT_015,123.59,3.584,492.83,8.273,2.43,0.7073,8.507,2.442,0.7047,9.579,9.892,2.49,0.6982,102.35,45.08,1.167,PASS,0
LOT_016_DIE_03615,LOT_016,124.28,3.58,505.33,7.488,2.597,0.6943,7.841,2.623,0.6916,8.713,9.156,2.663,0.6855,106.6,48.41,1.127,PASS,0
LOT_017_DIE_03616,LOT_017,124.58,3.592,528.07,8.32,2.574,0.684,8.272,2.597,0.6821,8.636,8.953,2.607,0.6773,101.39,42.0,1.362,PASS,0
LOT_018_DIE_03617,LOT_018,123.92,3.593,474.05,11.943,2.675,0.7395,12.041,2.701,0.737,12.848,13.443,2.718,0.731,105.64,46.13,1.119,PASS,0
LOT_019_DIE_03618,LOT_019,123.58,3.681,530.55,11.66,2.396,0.6779,12.162,2.407,0.6752,12.744,13.344,2.453,0.6684,100.38,43.41,1.153,PASS,0
LOT_020_DIE_03619,LOT_020,124.89,3.588,515.53,10.18,2.31,0.7229,10.629,2.312,0.7187,11.543,11.941,2.365,0.7141,94.95,43.66,1.157,PASS,0
LOT_021_DIE_03620,LOT_021,127.79,3.546,506.75,11.969,2.455,0.7137,12.799,2.469,0.7096,13.127,13.484,2.52,0.7032,96.86,43.8,1.344,PASS,0
LOT_022_DIE_03621,LOT_022,124.62,3.597,521.64,10.605,2.587,0.6953,11.022,2.614,0.6922,11.72,12.381,2.632,0.6868,104.09,46.21,1.232,PASS,0
LOT_023_DIE_03622,LOT_023,124.91,3.616,501.05,11.146,2.341,0.6468,11.427,2.366,0.6459,12.212,12.879,2.391,0.6375,94.01,41.12,1.325,PASS,0
LOT_024_DIE_03623,LOT_024,124.12,3.611,484.6,9.065,2.443,0.7573,9.244,2.453,0.7532,10.177,11.078,2.507,0.7458,98.27,49.67,1.183,PASS,0
LOT_025_DIE_03624,LOT_025,127.33,3.554,489.51,13.695,2.633,0.7248,13.804,2.661,0.7223,14.698,15.582,2.708,0.7165,103.02,38.27,1.166,PASS,0
LOT_026_DIE_03625,LOT_026,126.88,3.591,505.29,13.554,2.792,0.6942,13.926,2.83,0.6916,14.959,15.432,2.83,0.6873,97.25,49.53,1.164,PASS,0
LOT_027_DIE_03626,LOT_027,124.26,3.552,512.99,9.457,2.245,0.733,10.056,2.25,0.728,11.244,12.26,2.277,0.7284,102.93,50.83,1.396,PASS,0
LOT_028_DIE_03627,LOT_028,122.56,3.609,512.4,11.512,2.413,0.659,11.736,2.443,0.6549,12.792,13.584,2.463,0.6528,91.33,42.1,1.275,PASS,0
LOT_029_DIE_03628,LOT_029,122.42,3.578,471.9,13.641,2.558,0.7137,14.067,2.573,0.7118,14.756,15.131,2.609,0.7037,102.23,48.73,1.306,PASS,0
LOT_030_DIE_03629,LOT_030,125.26,3.546,498.66,8.944,2.248,0.7352,9.399,2.258,0.7327,9.931,10.931,2.32,0.7241,91.88,45.0,1.174,PASS,0
LOT_031_DIE_03630,LOT_031,123.98,3.555,494.95,9.861,2.493,0.7502,10.148,2.509,0.7475,11.227,11.96,2.534,0.7432,104.7,43.47,1.395,PASS,0
LOT_032_DIE_03631,LOT_032,125.87,3.69,473.39,11.078,2.336,0.7281,11.507,2.357,0.7288,11.616,12.06,2.383,0.7192,96.88,39.48,1.287,PASS,0
LOT_033_DIE_03632,LOT_033,124.62,3.689,467.81,10.767,2.579,0.7057,10.958,2.612,0.7027,12.105,12.877,2.588,0.6958,105.05,40.99,1.324,PASS,0
LOT_034_DIE_03633,LOT_034,125.36,3.56,500.42,14.838,2.379,0.7157,15.342,2.407,0.7119,16.569,17.379,2.433,0.7086,101.29,43.93,1.214,PASS,0
LOT_035_DIE_03634,LOT_035,125.44,3.616,544.94,13.925,2.281,0.7119,14.191,2.295,0.7102,15.009,16.25,2.341,0.7046,101.82,44.04,1.223,PASS,0
LOT_036_DIE_03635,LOT_036,124.44,3.539,485.03,12.119,2.511,0.7111,12.674,2.541,0.7082,13.299,14.3,2.533,0.7064,98.68,42.52,1.259,PASS,0
LOT_037_DIE_03636,LOT_037,123.83,3.561,506.96,11.188,2.458,0.7422,11.521,2.474,0.739,12.582,13.558,2.493,0.7344,100.26,44.6,1.269,PASS,0
LOT_038_DIE_03637,LOT_038,123.26,3.64,511.34,9.01,2.596,0.7395,9.316,2.606,0.7367,9.784,10.549,2.637,0.7305,103.58,44.46,1.293,PASS,0
LOT_039_DIE_03638,LOT_039,126.31,3.532,493.39,13.148,2.403,0.7377,13.459,2.418,0.734,14.148,14.68,2.469,0.7302,102.45,47.73,1.227,PASS,0
LOT_040_DIE_03639,LOT_040,124.12,3.619,532.15,7.414,2.458,0.6986,7.439,2.483,0.6963,8.549,9.149,2.498,0.6876,94.6,45.06,1.324,PASS,0
LOT_041_DIE_03640,LOT_041,125.23,3.598,536.45,9.308,2.663,0.7064,9.566,2.677,0.7027,10.365,11.176,2.7,0.6988,109.67,50.96,1.346,PASS,0
LOT_042_DIE_03641,LOT_042,124.35,3.52,501.53,11.826,2.732,0.7195,12.04,2.74,0.7178,13.083,13.686,2.763,0.7127,103.78,45.43,1.065,PASS,0
LOT_043_DIE_03642,LOT_043,125.37,3.605,495.37,8.099,2.951,0.6899,22.372,3.227,0.677,42.707,81.17,4.709,0.6462,114.72,39.27,1.304,THERMAL_VOLTAGE_STRESS_FAILURE,1
LOT_044_DIE_03643,LOT_044,124.67,3.613,489.58,12.973,2.572,0.7267,13.463,2.59,0.7241,13.867,14.623,2.626,0.7171,97.19,47.64,1.387,PASS,0
LOT_045_DIE_03644,LOT_045,123.59,3.578,496.33,9.374,2.464,0.7198,9.866,2.48,0.7175,10.069,10.66,2.519,0.7146,94.88,39.39,1.32,PASS,0
LOT_046_DIE_03645,LOT_046,125.67,3.614,490.61,13.37,2.647,0.717,14.011,2.662,0.7135,14.642,15.301,2.664,0.7099,106.88,41.91,1.219,PASS,0
LOT_047_DIE_03646,LOT_047,126.06,3.581,504.71,12.407,2.297,0.6803,12.866,2.317,0.6781,13.872,14.123,2.394,0.6703,102.08,45.84,1.357,PASS,0
LOT_048_DIE_03647,LOT_048,124.93,3.658,521.64,10.627,2.583,0.7125,11.378,2.619,0.7098,11.791,12.446,2.642,0.7028,103.04,44.59,1.205,PASS,0
LOT_049_DIE_03648,LOT_049,126.15,3.638,486.38,12.192,2.417,0.6694,12.34,2.443,0.6661,12.328,13.246,2.462,0.6612,105.97,45.04,1.338,PASS,0
LOT_050_DIE_03649,LOT_050,122.04,3.587,490.77,8.715,2.575,0.6831,9.164,2.592,0.679,9.942,10.43,2.608,0.6775,103.69,41.62,1.186,PASS,0
LOT_001_DIE_03650,LOT_001,125.96,3.615,481.08,12.187,2.532,0.7415,12.625,2.568,0.7384,13.665,14.393,2.567,0.7321,99.65,48.27,1.325,PASS,0
LOT_002_DIE_03651,LOT_002,127.84,3.527,492.0,12.815,2.72,0.746,13.386,2.718,0.7444,14.414,14.985,2.784,0.7389,95.06,45.17,1.166,PASS,0
LOT_003_DIE_03652,LOT_003,124.07,3.617,483.3,15.316,2.616,0.7378,15.678,2.645,0.7342,16.16,17.2,2.689,0.7307,104.99,46.03,1.249,PASS,0
LOT_004_DIE_03653,LOT_004,125.21,3.66,505.55,12.538,2.703,0.7297,13.425,2.728,0.7266,13.519,14.462,2.763,0.7222,100.17,46.72,1.096,PASS,0
LOT_005_DIE_03654,LOT_005,125.81,3.672,522.83,11.148,2.314,0.7182,11.83,2.344,0.7138,12.4,12.863,2.379,0.7098,101.0,39.83,1.387,PASS,0
LOT_006_DIE_03655,LOT_006,125.08,3.531,472.09,8.069,2.312,0.743,8.576,2.332,0.7406,9.343,9.913,2.351,0.7354,102.61,41.84,1.397,PASS,0
LOT_007_DIE_03656,LOT_007,126.02,3.613,493.24,9.183,2.666,0.7008,9.828,2.681,0.6978,10.064,11.012,2.714,0.6963,97.44,42.71,1.285,PASS,0
LOT_008_DIE_03657,LOT_008,124.0,3.632,510.57,11.648,2.297,0.7014,12.018,2.31,0.6984,12.576,12.744,2.329,0.6943,105.78,41.1,1.375,PASS,0
LOT_009_DIE_03658,LOT_009,126.98,3.564,469.01,12.856,2.673,0.68,13.206,2.683,0.6766,14.521,15.368,2.706,0.6731,98.64,51.8,1.252,PASS,0
LOT_010_DIE_03659,LOT_010,126.36,3.599,486.91,13.183,2.303,0.6891,13.602,2.315,0.6854,14.444,15.374,2.35,0.6801,96.09,46.82,1.281,PASS,0
LOT_011_DIE_03660,LOT_011,124.45,3.575,494.93,9.208,2.602,0.6763,9.828,2.629,0.6739,10.759,11.652,2.645,0.6697,100.77,47.68,1.077,PASS,0
LOT_012_DIE_03661,LOT_012,125.85,3.62,492.26,15.437,2.563,0.7043,15.982,2.605,0.7031,16.974,17.728,2.597,0.699,105.18,48.88,1.26,PASS,0
LOT_013_DIE_03662,LOT_013,125.15,3.563,521.09,13.669,2.506,0.7199,14.004,2.515,0.7181,14.845,15.647,2.564,0.7132,94.16,44.6,1.286,PASS,0
LOT_014_DIE_03663,LOT_014,123.21,3.673,510.46,9.079,2.542,0.706,9.158,2.568,0.7011,10.008,10.312,2.607,0.6967,94.26,41.77,1.129,PASS,0
LOT_015_DIE_03664,LOT_015,125.97,3.593,492.77,9.79,2.736,0.694,10.184,2.755,0.6896,11.081,12.235,2.785,0.6904,98.86,40.44,1.277,PASS,0
LOT_016_DIE_03665,LOT_016,124.11,3.641,512.85,10.842,2.309,0.7322,11.359,2.313,0.7288,11.992,12.7,2.36,0.7255,97.63,46.54,1.145,PASS,0
LOT_017_DIE_03666,LOT_017,127.4,3.625,512.6,9.814,2.523,0.706,10.036,2.544,0.7041,10.77,11.316,2.59,0.6975,99.55,47.43,1.255,PASS,0
LOT_018_DIE_03667,LOT_018,125.73,3.647,507.58,10.316,2.89,0.7427,10.791,2.903,0.739,11.191,12.026,2.947,0.7352,106.27,51.14,1.355,PASS,0
LOT_019_DIE_03668,LOT_019,126.28,3.66,514.6,12.058,2.56,0.7126,12.697,2.582,0.7094,13.12,13.498,2.609,0.7031,95.39,45.32,1.283,PASS,0
LOT_020_DIE_03669,LOT_020,125.51,3.574,493.84,10.919,2.506,0.7579,11.479,2.535,0.7564,12.287,13.225,2.518,0.7495,104.08,42.9,1.086,PASS,0
LOT_021_DIE_03670,LOT_021,124.75,3.607,511.81,11.699,2.286,0.7128,12.123,2.305,0.7117,13.191,14.098,2.315,0.7075,108.74,45.64,1.335,PASS,0
LOT_022_DIE_03671,LOT_022,126.04,3.566,517.63,10.382,2.515,0.6903,11.182,2.539,0.6882,11.545,12.708,2.551,0.6837,93.29,44.62,1.316,PASS,0
LOT_023_DIE_03672,LOT_023,124.7,3.643,497.7,12.536,2.759,0.6643,12.86,2.792,0.6605,13.996,14.719,2.759,0.6538,93.12,49.08,1.225,PASS,0
LOT_024_DIE_03673,LOT_024,123.8,3.559,488.23,10.734,2.433,0.7149,11.071,2.456,0.7106,11.268,11.373,2.502,0.7059,88.32,45.35,1.363,PASS,0
LOT_025_DIE_03674,LOT_025,124.8,3.612,468.88,10.75,2.559,0.7383,11.257,2.582,0.7359,11.858,12.222,2.609,0.7335,100.3,43.29,1.278,PASS,0
LOT_026_DIE_03675,LOT_026,125.18,3.536,492.71,13.61,2.274,0.7167,13.812,2.29,0.7137,14.846,15.295,2.322,0.7094,93.04,49.32,1.325,PASS,0
LOT_027_DIE_03676,LOT_027,123.11,3.587,513.49,10.651,2.679,0.6929,11.186,2.714,0.6894,11.413,12.704,2.743,0.6877,104.48,46.19,1.183,PASS,0
LOT_028_DIE_03677,LOT_028,125.41,3.546,522.01,12.836,2.796,0.7208,13.334,2.819,0.7182,13.828,14.628,2.844,0.709,100.69,43.87,1.195,PASS,0
LOT_029_DIE_03678,LOT_029,125.66,3.607,469.52,11.811,2.499,0.6906,12.324,2.511,0.685,13.455,14.052,2.529,0.6885,102.84,43.9,1.341,PASS,0
LOT_030_DIE_03679,LOT_030,125.61,3.582,507.7,37.519,3.742,0.6612,55.524,4.567,0.6225,75.559,112.78,6.101,0.5629,111.17,40.11,1.185,LATENT_CONTEXTUAL_OUTLIER,1
LOT_031_DIE_03680,LOT_031,123.96,3.584,497.66,11.59,2.407,0.7386,12.131,2.411,0.7344,12.699,13.313,2.465,0.7291,101.46,42.71,1.294,PASS,0
LOT_032_DIE_03681,LOT_032,124.46,3.613,478.11,9.361,2.298,0.6847,9.861,2.294,0.6835,10.313,10.841,2.341,0.679,106.16,40.18,1.19,PASS,0
LOT_033_DIE_03682,LOT_033,125.69,3.626,464.38,7.323,2.297,0.7072,7.867,2.309,0.7044,8.869,9.432,2.332,0.6969,101.55,43.59,1.256,PASS,0
LOT_034_DIE_03683,LOT_034,126.37,3.568,490.91,14.054,2.449,0.6793,14.553,2.468,0.6762,15.182,15.594,2.502,0.6704,89.99,45.78,1.229,PASS,0
LOT_035_DIE_03684,LOT_035,126.87,3.564,519.83,16.436,2.546,0.7104,17.136,2.563,0.7094,17.629,18.798,2.577,0.7007,98.95,44.15,1.318,PASS,0
LOT_036_DIE_03685,LOT_036,125.78,3.678,503.78,14.164,2.56,0.6856,14.252,2.574,0.682,15.407,15.302,2.58,0.6783,104.38,40.05,1.233,PASS,0
LOT_037_DIE_03686,LOT_037,124.09,3.472,503.13,11.271,2.564,0.7037,11.832,2.591,0.6997,12.961,13.675,2.608,0.6974,97.33,45.56,1.282,PASS,0
LOT_038_DIE_03687,LOT_038,124.76,3.599,492.74,7.243,2.418,0.7025,7.229,2.438,0.6974,8.196,8.36,2.483,0.6934,101.52,45.34,1.244,PASS,0
LOT_039_DIE_03688,LOT_039,127.02,3.655,491.61,14.31,2.742,0.7465,14.944,2.772,0.7434,15.955,16.853,2.772,0.7359,105.15,41.17,1.297,PASS,0
LOT_040_DIE_03689,LOT_040,124.0,3.645,528.63,10.673,2.906,0.6902,10.985,2.934,0.6872,12.155,12.182,2.958,0.6846,100.92,48.43,1.214,PASS,0
LOT_041_DIE_03690,LOT_041,127.28,3.622,513.34,8.182,2.562,0.7014,8.431,2.602,0.6985,9.207,9.849,2.587,0.6948,95.56,43.7,1.258,PASS,0
LOT_042_DIE_03691,LOT_042,124.08,3.526,489.39,10.267,2.56,0.7374,10.567,2.587,0.7333,11.462,11.823,2.64,0.7264,98.93,43.35,1.347,PASS,0
LOT_043_DIE_03692,LOT_043,123.03,3.602,498.99,7.207,2.443,0.7328,7.617,2.472,0.729,8.028,8.314,2.496,0.7254,101.44,43.69,1.272,PASS,0
LOT_044_DIE_03693,LOT_044,123.65,3.609,479.16,14.85,2.549,0.7139,15.087,2.568,0.7102,15.818,16.719,2.605,0.7068,101.69,44.74,1.305,PASS,0
LOT_045_DIE_03694,LOT_045,124.26,3.596,491.18,9.717,2.616,0.7233,10.032,2.631,0.7179,10.979,11.419,2.628,0.7142,104.57,46.89,1.319,PASS,0
LOT_046_DIE_03695,LOT_046,123.51,3.53,471.46,11.401,2.772,0.6855,11.839,2.791,0.6812,12.762,13.567,2.808,0.6769,98.35,44.32,1.277,PASS,0
LOT_047_DIE_03696,LOT_047,124.82,3.625,503.84,9.543,2.388,0.6969,9.789,2.406,0.6944,10.515,11.037,2.442,0.6907,102.59,40.96,1.313,PASS,0
LOT_048_DIE_03697,LOT_048,123.92,3.625,495.9,11.024,2.489,0.6933,11.376,2.492,0.6918,12.04,12.673,2.536,0.687,101.67,40.06,1.307,PASS,0
LOT_049_DIE_03698,LOT_049,123.83,3.575,484.17,9.783,2.299,0.6682,10.172,2.327,0.6655,10.755,11.303,2.352,0.6585,103.29,40.26,1.059,PASS,0
LOT_050_DIE_03699,LOT_050,124.14,3.621,504.24,10.792,2.644,0.6705,22.465,2.986,0.6543,40.542,73.257,4.288,0.6145,124.48,35.4,1.453,THERMAL_VOLTAGE_STRESS_FAILURE,1
LOT_001_DIE_03700,LOT_001,122.79,3.577,467.26,10.345,2.524,0.733,10.654,2.542,0.7313,11.373,11.636,2.568,0.7255,100.54,44.4,1.32,PASS,0
LOT_002_DIE_03701,LOT_002,123.15,3.599,489.38,14.979,2.553,0.732,15.913,2.555,0.7307,16.935,17.858,2.626,0.7281,97.92,44.47,1.433,PASS,0
LOT_003_DIE_03702,LOT_003,124.37,3.584,491.65,13.598,2.339,0.7229,13.952,2.368,0.72,15.146,15.808,2.386,0.7144,99.35,44.4,1.345,PASS,0
LOT_004_DIE_03703,LOT_004,126.66,3.575,497.67,14.532,2.558,0.7473,14.962,2.583,0.745,15.439,16.205,2.619,0.7388,98.75,43.51,1.375,PASS,0
LOT_005_DIE_03704,LOT_005,124.84,3.585,513.32,11.593,2.392,0.7046,12.149,2.392,0.7015,12.722,12.845,2.437,0.7006,98.92,47.62,0.998,PASS,0
LOT_006_DIE_03705,LOT_006,126.97,3.567,497.45,9.915,2.782,0.7388,10.32,2.813,0.7352,10.95,11.226,2.838,0.7291,102.94,49.95,1.292,PASS,0
LOT_007_DIE_03706,LOT_007,125.97,3.583,526.53,7.14,2.313,0.6718,7.395,2.346,0.6689,8.02,8.306,2.385,0.6645,99.4,43.92,1.234,PASS,0
LOT_008_DIE_03707,LOT_008,123.4,3.637,491.84,15.922,2.552,0.702,16.352,2.584,0.6984,17.477,18.332,2.625,0.6954,96.25,44.98,1.3,PASS,0
LOT_009_DIE_03708,LOT_009,123.92,3.518,498.39,12.643,2.509,0.6919,13.189,2.537,0.6892,13.482,13.828,2.567,0.6844,97.68,45.1,1.272,PASS,0
LOT_010_DIE_03709,LOT_010,124.2,3.632,471.57,13.031,2.481,0.6864,13.419,2.509,0.6823,14.132,14.63,2.494,0.6778,95.63,43.31,1.144,PASS,0
LOT_011_DIE_03710,LOT_011,125.74,3.613,495.8,7.753,2.55,0.7026,7.915,2.595,0.6998,8.898,9.703,2.633,0.6964,102.81,42.57,1.217,PASS,0
LOT_012_DIE_03711,LOT_012,123.39,3.631,484.04,15.617,2.463,0.6995,16.259,2.468,0.6948,16.965,17.213,2.54,0.6895,111.72,46.3,1.337,PASS,0
LOT_013_DIE_03712,LOT_013,124.4,3.63,529.82,14.555,2.532,0.7385,14.925,2.545,0.7351,15.983,16.647,2.576,0.7287,99.39,41.44,1.297,PASS,0
LOT_014_DIE_03713,LOT_014,124.16,3.654,509.73,36.378,3.943,0.6214,53.434,4.63,0.5776,87.431,118.52,6.006,0.5298,119.36,38.91,1.365,LATENT_CONTEXTUAL_OUTLIER,1
LOT_015_DIE_03714,LOT_015,125.92,3.529,507.36,10.038,2.417,0.7011,10.596,2.442,0.6988,11.622,11.87,2.491,0.6921,98.15,44.09,1.209,PASS,0
LOT_016_DIE_03715,LOT_016,124.02,3.609,529.03,9.776,2.645,0.6956,10.296,2.667,0.6929,11.125,11.2,2.703,0.6875,113.05,46.84,1.116,PASS,0
LOT_017_DIE_03716,LOT_017,123.49,3.609,498.62,10.435,2.524,0.6708,10.911,2.535,0.6668,12.091,12.419,2.572,0.6648,102.3,44.4,1.106,PASS,0
LOT_018_DIE_03717,LOT_018,121.87,3.651,479.97,11.511,2.424,0.7099,12.087,2.441,0.7066,12.979,13.895,2.477,0.7023,105.46,48.25,1.287,PASS,0
LOT_019_DIE_03718,LOT_019,124.34,3.521,524.69,11.134,2.482,0.6855,11.411,2.49,0.6826,12.323,12.827,2.486,0.6809,93.6,45.94,1.394,PASS,0
LOT_020_DIE_03719,LOT_020,126.64,3.643,497.94,8.364,2.112,0.7066,8.8,2.119,0.7035,9.777,9.932,2.152,0.7007,103.4,45.31,1.349,PASS,0
LOT_021_DIE_03720,LOT_021,122.88,3.575,518.55,10.671,2.394,0.731,11.145,2.432,0.7264,11.87,12.825,2.416,0.7251,90.91,43.36,1.207,PASS,0
LOT_022_DIE_03721,LOT_022,123.91,3.512,505.72,8.035,2.671,0.6979,8.658,2.691,0.6944,9.555,10.066,2.739,0.6886,101.69,43.3,1.327,PASS,0
LOT_023_DIE_03722,LOT_023,123.56,3.629,506.05,11.009,2.364,0.6665,11.513,2.396,0.663,12.524,13.372,2.43,0.6579,99.95,45.28,1.435,PASS,0
LOT_024_DIE_03723,LOT_024,125.35,3.656,489.18,12.556,2.458,0.7342,24.89,2.856,0.7066,43.267,80.63,4.32,0.6469,110.32,37.16,1.268,LATENT_DRIFT_RUNAWAY,1
LOT_025_DIE_03724,LOT_025,124.71,3.617,484.03,9.733,2.546,0.7338,10.15,2.56,0.7294,10.643,11.28,2.595,0.7257,94.75,44.05,1.196,PASS,0
LOT_026_DIE_03725,LOT_026,126.68,3.628,501.07,13.666,2.645,0.7369,14.081,2.668,0.7333,15.156,15.978,2.68,0.7297,104.19,39.78,1.313,PASS,0
LOT_027_DIE_03726,LOT_027,124.9,3.621,502.82,9.114,2.485,0.7172,9.687,2.493,0.714,10.044,10.973,2.538,0.7054,97.12,45.56,1.227,PASS,0
LOT_028_DIE_03727,LOT_028,124.82,3.506,515.13,13.275,2.608,0.6999,13.603,2.631,0.6978,14.294,14.447,2.672,0.6895,94.36,42.13,1.362,PASS,0
LOT_029_DIE_03728,LOT_029,124.59,3.614,463.91,12.55,2.609,0.7031,13.144,2.621,0.6996,13.729,14.552,2.694,0.6955,95.4,44.75,1.239,PASS,0
LOT_030_DIE_03729,LOT_030,123.85,3.585,508.62,6.919,2.66,0.7036,7.212,2.66,0.6996,8.192,8.67,2.711,0.6955,97.5,45.15,1.292,PASS,0
LOT_031_DIE_03730,LOT_031,126.1,3.588,503.15,14.632,2.401,0.7492,15.036,2.41,0.748,16.243,16.414,2.471,0.7456,103.06,43.92,1.236,PASS,0
LOT_032_DIE_03731,LOT_032,126.26,3.688,489.96,10.272,2.532,0.7205,10.437,2.543,0.7172,11.052,11.453,2.608,0.7143,96.87,44.68,1.279,PASS,0
LOT_033_DIE_03732,LOT_033,124.54,3.609,491.07,9.662,2.558,0.6943,10.205,2.567,0.6913,10.807,11.772,2.602,0.687,96.45,47.23,1.289,PASS,0
LOT_034_DIE_03733,LOT_034,125.85,3.575,503.73,13.725,2.475,0.7031,14.199,2.504,0.698,14.826,15.914,2.525,0.6949,113.04,45.6,1.212,PASS,0
LOT_035_DIE_03734,LOT_035,127.16,3.587,515.58,13.945,2.695,0.7196,14.415,2.732,0.7142,15.64,16.377,2.697,0.7101,92.27,48.83,1.389,PASS,0
LOT_036_DIE_03735,LOT_036,125.18,3.668,499.61,12.177,2.617,0.6918,12.997,2.641,0.6891,13.951,14.756,2.703,0.6861,103.25,42.99,1.278,PASS,0
LOT_037_DIE_03736,LOT_037,124.85,3.635,480.45,10.263,2.232,0.7075,10.852,2.235,0.7059,11.417,11.811,2.254,0.6996,104.65,41.56,1.144,PASS,0
LOT_038_DIE_03737,LOT_038,123.34,3.601,507.4,10.223,2.441,0.686,10.684,2.446,0.6819,11.173,11.846,2.486,0.6784,93.38,45.37,1.277,PASS,0
LOT_039_DIE_03738,LOT_039,128.76,3.59,502.99,16.243,2.905,0.7634,31.868,3.333,0.7456,58.731,97.088,4.642,0.7016,113.93,39.62,1.23,THERMAL_VOLTAGE_STRESS_FAILURE,1
LOT_040_DIE_03739,LOT_040,124.49,3.59,508.73,11.883,2.218,0.7285,12.513,2.254,0.7251,13.884,14.724,2.288,0.7196,99.69,46.9,1.259,PASS,0
LOT_041_DIE_03740,LOT_041,123.53,3.577,518.95,10.985,2.567,0.6995,11.384,2.591,0.6965,12.04,12.527,2.609,0.6907,102.11,46.33,1.265,PASS,0
LOT_042_DIE_03741,LOT_042,124.28,3.62,488.6,10.56,2.341,0.7184,10.835,2.359,0.7148,12.16,12.608,2.401,0.7057,95.76,43.82,1.348,PASS,0
LOT_043_DIE_03742,LOT_043,124.37,3.657,493.11,7.792,2.636,0.7445,8.106,2.64,0.739,8.867,9.19,2.7,0.737,100.42,44.77,1.282,PASS,0
LOT_044_DIE_03743,LOT_044,123.88,3.589,480.55,14.1,2.524,0.6971,14.6,2.528,0.6941,15.289,16.053,2.601,0.6866,97.82,46.55,1.279,PASS,0
LOT_045_DIE_03744,LOT_045,125.55,3.57,495.65,8.42,2.722,0.7198,8.903,2.736,0.7179,9.978,10.686,2.726,0.7149,94.36,49.76,1.23,PASS,0
LOT_046_DIE_03745,LOT_046,126.31,3.612,467.66,12.438,2.266,0.7223,12.978,2.304,0.7187,13.195,13.538,2.278,0.7113,105.92,45.33,1.443,PASS,0
LOT_047_DIE_03746,LOT_047,123.66,3.579,496.63,11.92,2.638,0.7268,12.531,2.669,0.7238,13.286,14.164,2.703,0.7188,99.27,49.59,1.209,PASS,0
LOT_048_DIE_03747,LOT_048,127.05,3.623,490.84,11.665,2.355,0.7148,11.906,2.386,0.7125,12.755,13.45,2.401,0.705,103.47,39.33,1.335,PASS,0
LOT_049_DIE_03748,LOT_049,127.01,3.556,468.09,10.244,2.41,0.6824,10.426,2.439,0.6781,11.114,11.622,2.479,0.6747,104.79,47.19,1.286,PASS,0
LOT_050_DIE_03749,LOT_050,124.63,3.66,495.58,10.382,2.374,0.7117,10.613,2.403,0.7092,11.379,12.491,2.413,0.7032,95.81,43.27,1.263,PASS,0
LOT_001_DIE_03750,LOT_001,125.82,3.615,484.46,9.282,2.672,0.7451,9.517,2.679,0.7417,10.118,10.592,2.729,0.7389,98.1,49.8,1.365,PASS,0
LOT_002_DIE_03751,LOT_002,124.05,3.544,503.78,13.582,2.442,0.7214,13.765,2.451,0.7197,14.721,15.313,2.509,0.7164,96.16,46.82,1.185,PASS,0
LOT_003_DIE_03752,LOT_003,124.31,3.551,500.45,13.376,2.508,0.7298,13.717,2.517,0.7253,14.507,15.236,2.502,0.7233,96.45,44.71,1.203,PASS,0
LOT_004_DIE_03753,LOT_004,124.68,3.609,510.62,10.195,2.921,0.7338,10.43,2.95,0.7303,10.8,11.605,2.987,0.7271,101.22,45.64,1.14,PASS,0
LOT_005_DIE_03754,LOT_005,123.73,3.574,506.08,7.943,2.467,0.7141,8.236,2.487,0.7111,8.734,9.79,2.504,0.7095,99.92,43.29,1.12,PASS,0
LOT_006_DIE_03755,LOT_006,126.06,3.637,479.79,7.308,2.401,0.7135,7.855,2.409,0.7096,8.453,9.635,2.462,0.7023,96.17,44.84,1.265,PASS,0
LOT_007_DIE_03756,LOT_007,126.17,3.589,526.57,6.973,2.572,0.6902,7.699,2.584,0.6876,8.019,8.346,2.65,0.6823,101.03,47.74,1.171,PASS,0
LOT_008_DIE_03757,LOT_008,123.95,3.577,515.82,15.827,2.562,0.7202,16.251,2.591,0.7164,17.242,17.586,2.596,0.7121,100.78,45.96,1.207,PASS,0
LOT_009_DIE_03758,LOT_009,125.5,3.572,492.45,12.904,2.692,0.6581,13.757,2.726,0.6548,14.712,15.046,2.737,0.6482,97.03,45.4,1.283,PASS,0
LOT_010_DIE_03759,LOT_010,125.99,3.537,493.01,13.976,2.521,0.6881,14.257,2.546,0.6858,15.612,16.435,2.61,0.6812,98.96,43.17,1.213,PASS,0
LOT_011_DIE_03760,LOT_011,124.94,3.686,477.95,8.505,2.649,0.6841,8.671,2.68,0.682,9.833,10.514,2.684,0.6761,100.48,45.68,1.33,PASS,0
LOT_012_DIE_03761,LOT_012,125.05,3.575,494.12,14.802,2.756,0.6763,15.015,2.763,0.6726,15.583,16.243,2.808,0.6661,108.91,48.62,1.228,PASS,0
LOT_013_DIE_03762,LOT_013,125.46,3.609,513.46,12.22,2.289,0.6999,12.681,2.307,0.6959,13.752,14.254,2.325,0.6907,93.65,44.14,1.171,PASS,0
LOT_014_DIE_03763,LOT_014,125.2,3.618,526.14,10.377,2.58,0.6902,11.142,2.591,0.6872,11.935,12.496,2.629,0.6809,92.5,46.81,1.144,PASS,0
LOT_015_DIE_03764,LOT_015,124.16,3.636,505.65,10.06,2.567,0.6852,10.434,2.585,0.6827,10.829,11.92,2.626,0.678,97.75,43.7,1.345,PASS,0
LOT_016_DIE_03765,LOT_016,122.99,3.577,514.08,7.099,2.348,0.7079,7.72,2.374,0.7033,8.348,8.767,2.399,0.7038,101.81,42.7,1.356,PASS,0
LOT_017_DIE_03766,LOT_017,124.52,3.576,521.82,10.042,2.602,0.6987,10.564,2.61,0.6948,11.368,12.006,2.673,0.6907,96.79,45.0,1.289,PASS,0
LOT_018_DIE_03767,LOT_018,125.38,3.63,506.34,9.899,2.661,0.7195,10.236,2.688,0.7153,11.02,11.571,2.705,0.707,106.31,49.67,1.207,PASS,0
LOT_019_DIE_03768,LOT_019,124.74,3.583,534.34,8.852,2.412,0.6694,9.327,2.432,0.668,9.969,10.46,2.473,0.6644,103.87,39.97,1.37,PASS,0
LOT_020_DIE_03769,LOT_020,124.59,3.656,493.27,12.46,2.52,0.7259,12.812,2.534,0.7231,13.731,14.357,2.573,0.7191,101.3,48.23,1.25,PASS,0
LOT_021_DIE_03770,LOT_021,123.99,3.637,500.69,12.199,2.535,0.7355,12.601,2.553,0.7339,13.55,14.007,2.597,0.7278,99.08,43.82,1.255,PASS,0
LOT_022_DIE_03771,LOT_022,125.15,3.589,531.71,9.732,2.738,0.6983,9.98,2.747,0.6928,10.01,10.692,2.746,0.6891,99.72,41.79,1.33,PASS,0
LOT_023_DIE_03772,LOT_023,125.99,3.63,487.54,10.618,2.569,0.6918,11.097,2.595,0.6894,11.824,12.504,2.604,0.6857,104.86,44.85,1.145,PASS,0
LOT_024_DIE_03773,LOT_024,126.09,3.595,469.42,12.213,2.298,0.7334,22.342,2.739,0.7124,56.225,105.488,3.611,0.678,121.39,35.15,1.267,LATENT_DRIFT_RUNAWAY,1
LOT_025_DIE_03774,LOT_025,124.67,3.591,497.9,11.326,2.45,0.7262,11.324,2.48,0.7247,11.97,12.376,2.505,0.715,93.5,43.52,1.355,PASS,0
LOT_026_DIE_03775,LOT_026,124.71,3.59,479.33,13.674,2.374,0.7541,14.075,2.396,0.751,14.609,15.295,2.379,0.7418,106.72,48.33,1.171,PASS,0
LOT_027_DIE_03776,LOT_027,122.57,3.557,515.09,9.26,2.62,0.7413,9.83,2.647,0.7375,10.552,10.865,2.676,0.7358,98.18,47.16,1.284,PASS,0
LOT_028_DIE_03777,LOT_028,126.0,3.562,512.77,12.193,2.555,0.6846,12.7,2.59,0.6834,13.16,13.668,2.631,0.6763,107.41,46.85,1.196,PASS,0
LOT_029_DIE_03778,LOT_029,123.76,3.647,491.52,10.82,2.407,0.6932,11.184,2.426,0.6889,12.315,13.595,2.5,0.6883,102.1,41.03,1.457,PASS,0
LOT_030_DIE_03779,LOT_030,122.82,3.614,489.96,8.373,2.464,0.6952,8.898,2.477,0.6937,10.149,10.709,2.497,0.6881,105.73,37.37,1.245,PASS,0
LOT_031_DIE_03780,LOT_031,123.83,3.613,487.13,11.61,2.361,0.751,12.007,2.374,0.7488,12.644,13.338,2.371,0.7428,103.21,44.85,1.36,PASS,0
LOT_032_DIE_03781,LOT_032,126.32,3.597,492.25,7.792,2.507,0.71,8.534,2.521,0.7072,8.872,9.65,2.545,0.7049,99.21,43.56,1.214,PASS,0
LOT_033_DIE_03782,LOT_033,125.5,3.596,489.93,6.011,2.402,0.7382,6.325,2.434,0.7352,7.047,8.109,2.476,0.7319,100.16,47.96,1.167,PASS,0
LOT_034_DIE_03783,LOT_034,123.8,3.645,490.64,15.456,2.6,0.6837,16.152,2.633,0.6826,16.301,17.225,2.604,0.6759,98.54,45.01,1.22,PASS,0
LOT_035_DIE_03784,LOT_035,125.65,3.618,508.87,12.15,2.607,0.6796,12.584,2.619,0.6758,13.695,14.578,2.655,0.6725,102.85,46.79,1.241,PASS,0
LOT_036_DIE_03785,LOT_036,125.63,3.65,486.96,12.758,2.604,0.6803,13.144,2.618,0.6774,13.976,14.77,2.665,0.6697,99.19,41.4,1.265,PASS,0
LOT_037_DIE_03786,LOT_037,125.08,3.607,500.71,39.024,4.08,0.6926,55.653,4.814,0.669,81.38,135.362,6.589,0.5994,107.79,38.97,1.314,LATENT_CONTEXTUAL_OUTLIER,1
LOT_038_DIE_03787,LOT_038,124.17,3.589,508.31,10.426,2.209,0.7453,10.815,2.228,0.7424,11.422,11.816,2.261,0.7406,101.42,48.31,1.338,PASS,0
LOT_039_DIE_03788,LOT_039,123.23,3.593,502.73,13.12,2.494,0.7544,13.57,2.515,0.7511,14.06,14.686,2.557,0.7471,94.3,42.6,1.261,PASS,0
LOT_040_DIE_03789,LOT_040,125.18,3.621,518.08,11.962,2.684,0.7125,12.533,2.685,0.7106,13.4,13.727,2.725,0.7038,100.27,43.63,1.362,PASS,0
LOT_041_DIE_03790,LOT_041,125.09,3.636,500.45,7.638,2.571,0.683,7.904,2.598,0.6788,8.669,8.648,2.606,0.6774,89.2,43.62,1.412,PASS,0
LOT_042_DIE_03791,LOT_042,124.69,3.531,496.95,13.748,2.412,0.7291,14.045,2.429,0.7245,14.497,15.914,2.51,0.7207,104.03,44.63,1.382,PASS,0
LOT_043_DIE_03792,LOT_043,124.25,3.633,510.26,8.042,2.523,0.7248,8.831,2.537,0.7218,8.895,9.419,2.543,0.7166,101.97,41.96,1.231,PASS,0
LOT_044_DIE_03793,LOT_044,126.07,3.629,483.43,17.089,2.572,0.7224,17.42,2.595,0.7201,18.144,18.769,2.643,0.7113,94.22,48.96,1.413,PASS,0
LOT_045_DIE_03794,LOT_045,122.0,3.682,473.87,9.879,2.401,0.7397,10.078,2.408,0.737,11.255,11.184,2.448,0.7333,94.25,41.37,1.171,PASS,0
LOT_046_DIE_03795,LOT_046,123.74,3.641,493.4,14.735,2.304,0.6968,15.102,2.339,0.6946,16.035,16.571,2.345,0.6883,103.26,44.01,1.238,PASS,0
LOT_047_DIE_03796,LOT_047,123.87,3.638,491.72,10.06,2.279,0.7071,10.783,2.307,0.705,11.047,11.423,2.321,0.6973,88.75,43.97,1.178,PASS,0
LOT_048_DIE_03797,LOT_048,126.53,3.538,506.95,12.204,2.498,0.7022,12.477,2.519,0.6996,12.772,13.739,2.549,0.6985,102.56,44.29,1.253,PASS,0
LOT_049_DIE_03798,LOT_049,127.13,3.634,480.85,11.32,2.44,0.6887,11.717,2.446,0.6857,12.576,13.164,2.489,0.68,104.9,46.15,1.098,PASS,0
LOT_050_DIE_03799,LOT_050,125.85,3.635,509.2,10.469,2.781,0.6851,10.965,2.785,0.6823,11.768,12.661,2.837,0.6753,104.36,43.82,1.293,PASS,0
LOT_001_DIE_03800,LOT_001,124.87,3.626,487.05,9.677,2.723,0.7408,10.018,2.729,0.7393,10.495,11.265,2.748,0.7339,105.06,41.13,1.361,PASS,0
LOT_002_DIE_03801,LOT_002,125.78,3.57,495.79,13.837,2.554,0.7148,14.147,2.581,0.7128,15.034,15.553,2.621,0.7013,100.84,46.52,1.213,PASS,0
LOT_003_DIE_03802,LOT_003,124.98,3.571,498.4,15.286,2.32,0.7356,15.42,2.332,0.7321,16.128,16.524,2.381,0.724,94.71,48.09,1.232,PASS,0
LOT_004_DIE_03803,LOT_004,123.07,3.63,490.01,14.22,2.742,0.753,14.425,2.751,0.75,15.786,16.366,2.819,0.7412,106.48,43.84,1.276,PASS,0
LOT_005_DIE_03804,LOT_005,123.8,3.635,519.27,8.535,2.762,0.7438,9.098,2.784,0.7409,10.144,10.609,2.788,0.7362,93.19,43.82,1.278,PASS,0
LOT_006_DIE_03805,LOT_006,124.28,3.674,502.42,9.238,2.628,0.7267,9.545,2.667,0.7238,10.414,11.049,2.697,0.7141,94.16,44.51,1.21,PASS,0
LOT_007_DIE_03806,LOT_007,126.47,3.635,485.85,9.036,2.679,0.6734,9.661,2.7,0.67,10.465,10.957,2.694,0.6615,91.77,43.82,1.198,PASS,0
LOT_008_DIE_03807,LOT_008,124.62,3.606,506.81,13.492,2.52,0.6959,14.201,2.546,0.6913,14.561,14.93,2.56,0.6865,100.33,49.88,1.295,PASS,0
LOT_009_DIE_03808,LOT_009,125.73,3.584,482.42,13.858,2.532,0.7149,14.134,2.538,0.7116,15.26,15.586,2.585,0.708,101.76,44.31,1.322,PASS,0
LOT_010_DIE_03809,LOT_010,126.19,3.583,498.17,13.157,2.472,0.711,13.85,2.501,0.7072,14.518,15.731,2.55,0.7026,107.01,43.96,1.236,PASS,0
LOT_011_DIE_03810,LOT_011,123.62,3.626,495.08,7.925,2.326,0.7073,7.829,2.339,0.7051,8.902,9.328,2.37,0.6988,100.81,42.62,1.354,PASS,0
LOT_012_DIE_03811,LOT_012,125.01,3.631,489.31,16.099,2.523,0.6914,16.511,2.547,0.6876,17.373,18.011,2.601,0.6866,96.96,43.82,1.392,PASS,0
LOT_013_DIE_03812,LOT_013,124.83,3.666,522.44,14.957,2.323,0.7293,15.03,2.342,0.7266,15.724,15.93,2.4,0.7199,93.19,48.73,1.376,PASS,0
LOT_014_DIE_03813,LOT_014,122.38,3.603,514.5,11.531,2.524,0.7035,11.926,2.547,0.6998,12.541,13.265,2.554,0.6944,97.14,39.74,1.303,PASS,0
LOT_015_DIE_03814,LOT_015,123.31,3.633,497.83,9.394,2.453,0.7268,9.732,2.457,0.7252,10.354,10.957,2.491,0.7223,99.98,46.61,1.205,PASS,0
LOT_016_DIE_03815,LOT_016,124.61,3.593,508.04,9.398,2.684,0.6769,9.83,2.718,0.6735,11.158,11.744,2.74,0.6717,101.18,45.79,1.23,PASS,0
LOT_017_DIE_03816,LOT_017,124.92,3.635,516.24,9.478,2.494,0.7178,9.744,2.515,0.7126,10.216,10.798,2.55,0.7102,97.82,43.1,1.322,PASS,0
LOT_018_DIE_03817,LOT_018,125.37,3.63,489.39,11.71,2.597,0.7282,11.839,2.646,0.7262,13.05,13.533,2.696,0.7226,98.29,48.34,1.252,PASS,0
LOT_019_DIE_03818,LOT_019,125.53,3.724,527.61,8.905,2.129,0.6904,19.404,2.747,0.6683,52.896,85.903,3.58,0.6323,119.7,36.93,1.325,LATENT_DRIFT_RUNAWAY,1
LOT_020_DIE_03819,LOT_020,122.62,3.63,520.47,9.021,2.478,0.6987,9.211,2.496,0.6964,10.333,10.85,2.516,0.6897,98.69,45.62,1.178,PASS,0
LOT_021_DIE_03820,LOT_021,123.92,3.638,505.34,10.291,2.408,0.7064,10.635,2.447,0.7033,11.728,12.028,2.447,0.6973,110.28,46.65,1.159,PASS,0
LOT_022_DIE_03821,LOT_022,122.03,3.652,510.74,9.138,2.535,0.6841,9.476,2.557,0.6798,10.413,11.119,2.611,0.6727,103.32,47.34,1.398,PASS,0
LOT_023_DIE_03822,LOT_023,123.52,3.662,490.62,9.361,2.596,0.6528,9.455,2.609,0.6505,10.905,11.406,2.633,0.6449,101.35,42.14,1.236,PASS,0
LOT_024_DIE_03823,LOT_024,124.12,3.598,485.86,9.146,2.351,0.7497,9.712,2.371,0.7476,10.442,10.835,2.412,0.7427,100.17,47.92,1.162,PASS,0
LOT_025_DIE_03824,LOT_025,123.89,3.613,484.38,12.178,2.296,0.7208,12.595,2.334,0.7188,13.776,14.832,2.341,0.712,104.82,45.62,1.364,PASS,0
LOT_026_DIE_03825,LOT_026,124.82,3.632,493.19,13.114,2.233,0.7267,13.468,2.251,0.724,13.943,14.297,2.27,0.718,99.16,45.56,1.21,PASS,0
LOT_027_DIE_03826,LOT_027,125.28,3.592,525.91,10.843,2.445,0.7288,11.067,2.49,0.726,12.125,13.61,2.502,0.7242,93.49,48.59,1.232,PASS,0
LOT_028_DIE_03827,LOT_028,124.95,3.514,511.74,11.603,2.441,0.6582,12.017,2.452,0.6557,13.114,13.378,2.491,0.6495,107.85,40.57,1.135,PASS,0
LOT_029_DIE_03828,LOT_029,126.53,3.618,485.51,15.899,2.824,0.7252,29.336,3.392,0.6961,61.817,93.88,5.069,0.6549,122.05,36.76,1.256,LATENT_DRIFT_RUNAWAY,1
LOT_030_DIE_03829,LOT_030,124.71,3.571,489.83,10.459,2.896,0.6978,20.948,3.309,0.6845,48.951,87.248,4.142,0.6412,123.25,37.29,1.175,THERMAL_VOLTAGE_STRESS_FAILURE,1
LOT_031_DIE_03830,LOT_031,125.41,3.618,498.59,10.092,2.273,0.713,10.639,2.309,0.7095,11.067,11.061,2.314,0.7058,100.31,40.1,1.229,PASS,0
LOT_032_DIE_03831,LOT_032,124.65,3.644,482.64,10.093,2.278,0.7456,10.623,2.293,0.7439,11.136,11.549,2.349,0.7418,100.69,45.55,1.201,PASS,0
LOT_033_DIE_03832,LOT_033,123.72,3.607,481.9,6.087,2.37,0.7108,6.396,2.401,0.7073,7.492,7.574,2.424,0.7004,94.43,46.33,1.27,PASS,0
LOT_034_DIE_03833,LOT_034,125.34,3.532,490.01,14.646,2.492,0.6945,15.144,2.516,0.6921,16.174,16.941,2.548,0.6863,103.69,45.43,1.268,PASS,0
LOT_035_DIE_03834,LOT_035,124.86,3.55,508.14,14.089,2.693,0.6978,14.304,2.74,0.6951,14.877,15.998,2.729,0.6921,98.52,44.44,1.298,PASS,0
LOT_036_DIE_03835,LOT_036,126.39,3.591,505.06,13.491,2.37,0.6939,13.878,2.394,0.6908,14.379,15.113,2.407,0.6873,95.42,43.61,1.404,PASS,0
LOT_037_DIE_03836,LOT_037,126.42,3.584,500.94,11.276,2.726,0.7336,11.807,2.742,0.7319,12.426,12.878,2.79,0.726,94.09,43.88,1.174,PASS,0
LOT_038_DIE_03837,LOT_038,126.29,3.599,505.03,7.068,2.514,0.7186,7.63,2.529,0.7166,8.369,9.076,2.574,0.7127,103.77,45.84,1.249,PASS,0
LOT_039_DIE_03838,LOT_039,123.32,3.565,487.11,13.35,2.675,0.7362,13.691,2.713,0.7327,14.345,14.883,2.716,0.7317,97.04,46.26,1.286,PASS,0
LOT_040_DIE_03839,LOT_040,122.58,3.596,530.16,11.405,2.507,0.7032,11.974,2.525,0.6995,12.394,13.56,2.568,0.6915,99.42,45.3,1.308,PASS,0
LOT_041_DIE_03840,LOT_041,126.05,3.641,515.72,9.014,2.297,0.6684,9.516,2.317,0.6643,10.486,11.447,2.375,0.6579,104.29,41.28,1.241,PASS,0
LOT_042_DIE_03841,LOT_042,125.61,3.613,473.5,11.568,2.677,0.7438,11.81,2.702,0.7403,12.728,13.616,2.753,0.7373,114.78,45.8,1.233,PASS,0
LOT_043_DIE_03842,LOT_043,124.31,3.545,505.74,8.97,2.535,0.7406,9.441,2.534,0.7379,10.369,11.36,2.591,0.7314,95.34,46.6,1.16,PASS,0
LOT_044_DIE_03843,LOT_044,123.62,3.567,491.37,15.383,2.649,0.7191,15.589,2.681,0.7161,16.418,16.966,2.669,0.7089,91.34,48.88,1.428,PASS,0
LOT_045_DIE_03844,LOT_045,124.27,3.612,490.81,10.617,2.688,0.731,11.119,2.693,0.7276,12.048,12.737,2.703,0.7223,108.39,44.04,1.2,PASS,0
LOT_046_DIE_03845,LOT_046,127.67,3.564,484.19,12.464,2.657,0.7114,13.204,2.676,0.7081,14.272,14.751,2.718,0.7028,98.97,45.73,1.406,PASS,0
LOT_047_DIE_03846,LOT_047,124.62,3.607,518.47,10.034,2.902,0.7089,20.667,3.343,0.6924,45.457,74.214,3.847,0.6614,111.08,37.41,1.282,THERMAL_VOLTAGE_STRESS_FAILURE,1
LOT_048_DIE_03847,LOT_048,126.12,3.628,510.46,11.699,2.597,0.7004,12.362,2.607,0.6986,12.818,13.242,2.686,0.6923,104.08,50.94,1.337,PASS,0
LOT_049_DIE_03848,LOT_049,126.27,3.611,471.42,12.834,2.734,0.6615,13.299,2.751,0.6582,14.174,14.934,2.802,0.6546,91.98,45.64,1.245,PASS,0
LOT_050_DIE_03849,LOT_050,124.36,3.601,501.19,9.391,2.602,0.6813,10.01,2.623,0.6781,11.069,11.638,2.651,0.6718,97.15,44.32,1.31,PASS,0
LOT_001_DIE_03850,LOT_001,127.14,3.629,491.77,9.995,2.52,0.7226,10.327,2.538,0.7203,10.538,11.222,2.567,0.7139,98.34,46.0,1.145,PASS,0
LOT_002_DIE_03851,LOT_002,123.31,3.566,516.89,17.331,2.369,0.7008,28.308,2.605,0.6907,56.834,87.875,3.336,0.6608,115.11,33.75,1.194,THERMAL_VOLTAGE_STRESS_FAILURE,1
LOT_003_DIE_03852,LOT_003,124.55,3.585,511.82,12.948,2.43,0.7345,13.451,2.454,0.7311,14.38,14.698,2.491,0.7262,100.87,40.8,1.271,PASS,0
LOT_004_DIE_03853,LOT_004,125.49,3.591,496.14,12.3,2.581,0.7509,12.574,2.606,0.7476,13.462,14.101,2.641,0.7391,99.49,49.12,1.157,PASS,0
LOT_005_DIE_03854,LOT_005,123.44,3.592,509.02,7.99,2.562,0.7282,8.367,2.582,0.7253,8.99,9.202,2.634,0.7223,99.61,43.44,1.369,PASS,0
LOT_006_DIE_03855,LOT_006,126.19,3.575,501.98,9.098,2.299,0.7393,9.298,2.319,0.7373,9.785,9.898,2.365,0.7335,89.32,47.45,1.23,PASS,0
LOT_007_DIE_03856,LOT_007,125.75,3.625,505.39,9.37,2.568,0.6803,9.934,2.589,0.6776,11.136,11.802,2.595,0.6725,102.58,47.36,1.269,PASS,0
LOT_008_DIE_03857,LOT_008,124.96,3.583,512.81,12.519,2.674,0.7091,13.239,2.693,0.706,14.282,14.722,2.729,0.7005,90.84,42.5,1.255,PASS,0
LOT_009_DIE_03858,LOT_009,125.4,3.588,494.89,12.625,2.495,0.6814,12.944,2.525,0.6786,14.411,15.516,2.538,0.6742,106.42,44.48,1.232,PASS,0
LOT_010_DIE_03859,LOT_010,123.48,3.565,472.19,11.949,2.522,0.7022,12.12,2.541,0.6998,12.859,13.265,2.583,0.6967,103.78,41.91,1.358,PASS,0
LOT_011_DIE_03860,LOT_011,125.16,3.611,477.38,41.938,3.357,0.6904,50.091,4.347,0.6554,76.653,135.156,6.083,0.5793,123.87,39.08,1.322,LATENT_CONTEXTUAL_OUTLIER,1
LOT_012_DIE_03861,LOT_012,124.52,3.634,493.99,15.33,2.57,0.714,15.472,2.59,0.7101,16.174,16.829,2.63,0.7057,97.85,43.61,1.5,PASS,0
LOT_013_DIE_03862,LOT_013,124.24,3.607,496.66,14.357,2.775,0.746,14.706,2.783,0.7442,15.371,16.387,2.833,0.7395,103.79,48.32,1.193,PASS,0
LOT_014_DIE_03863,LOT_014,125.36,3.623,515.78,8.709,2.509,0.6946,9.362,2.534,0.6899,10.381,10.819,2.552,0.6909,99.08,42.57,1.249,PASS,0
LOT_015_DIE_03864,LOT_015,124.15,3.658,515.16,9.071,2.358,0.6802,19.245,3.007,0.6553,46.093,81.278,3.877,0.5899,114.54,42.63,1.292,LATENT_DRIFT_RUNAWAY,1
LOT_016_DIE_03865,LOT_016,125.0,3.628,529.64,9.273,2.493,0.6859,10.077,2.482,0.6831,10.954,11.64,2.515,0.6767,106.08,46.52,1.29,PASS,0
LOT_017_DIE_03866,LOT_017,124.33,3.569,498.77,11.469,2.366,0.7021,11.715,2.384,0.6995,12.495,13.128,2.448,0.6945,94.82,45.81,1.268,PASS,0
LOT_018_DIE_03867,LOT_018,126.36,3.609,490.01,10.546,2.755,0.7566,10.999,2.782,0.7552,11.29,12.081,2.815,0.7475,110.0,44.54,1.336,PASS,0
LOT_019_DIE_03868,LOT_019,124.67,3.67,525.16,11.554,2.478,0.6964,12.018,2.492,0.6946,12.49,13.133,2.533,0.6874,99.86,44.45,1.161,PASS,0
LOT_020_DIE_03869,LOT_020,124.51,3.691,498.07,9.998,2.556,0.7193,10.237,2.573,0.7148,11.275,11.85,2.615,0.7116,98.57,44.68,1.202,PASS,0
LOT_021_DIE_03870,LOT_021,123.23,3.601,500.12,13.035,2.641,0.7112,13.372,2.66,0.7078,14.285,14.637,2.67,0.7015,94.89,44.51,1.172,PASS,0
LOT_022_DIE_03871,LOT_022,123.58,3.579,510.19,9.778,2.212,0.6891,10.083,2.218,0.6872,10.722,11.048,2.243,0.6817,97.76,45.27,1.123,PASS,0
LOT_023_DIE_03872,LOT_023,123.32,3.581,495.71,11.158,2.359,0.6723,11.905,2.361,0.6709,13.038,14.113,2.438,0.6636,102.68,39.96,1.156,PASS,0
LOT_024_DIE_03873,LOT_024,125.33,3.677,472.11,10.841,2.631,0.7458,11.49,2.649,0.7433,12.023,12.068,2.683,0.7353,103.44,51.91,1.243,PASS,0
LOT_025_DIE_03874,LOT_025,125.37,3.565,479.29,38.148,3.972,0.63,52.614,4.679,0.602,93.61,143.459,7.076,0.521,111.9,37.35,1.073,LATENT_CONTEXTUAL_OUTLIER,1
LOT_026_DIE_03875,LOT_026,126.31,3.645,491.71,47.02,3.549,0.6586,60.264,4.087,0.6303,100.109,132.231,6.313,0.5792,107.74,35.67,1.423,LATENT_CONTEXTUAL_OUTLIER,1
LOT_027_DIE_03876,LOT_027,125.23,3.683,490.87,9.936,2.103,0.7235,10.318,2.127,0.7201,11.412,11.604,2.161,0.7151,91.54,47.9,1.234,PASS,0
LOT_028_DIE_03877,LOT_028,125.66,3.66,514.07,10.91,2.267,0.6914,11.056,2.287,0.6867,12.117,12.88,2.32,0.682,96.96,44.63,1.174,PASS,0
LOT_029_DIE_03878,LOT_029,124.56,3.568,471.21,11.444,2.459,0.7147,12.019,2.492,0.7119,12.788,13.05,2.515,0.707,101.56,42.81,1.372,PASS,0
LOT_030_DIE_03879,LOT_030,124.94,3.652,493.47,7.886,2.292,0.6803,8.381,2.312,0.6773,9.453,9.821,2.356,0.6714,109.09,45.3,1.174,PASS,0
LOT_031_DIE_03880,LOT_031,124.92,3.646,506.55,12.335,2.737,0.7179,12.796,2.776,0.7152,13.729,14.145,2.826,0.7105,102.23,44.49,1.071,PASS,0
LOT_032_DIE_03881,LOT_032,125.63,3.648,509.81,9.582,2.501,0.7077,10.17,2.521,0.7039,10.422,11.092,2.534,0.6978,104.25,43.01,1.13,PASS,0
LOT_033_DIE_03882,LOT_033,125.09,3.619,479.79,7.421,2.533,0.6991,7.681,2.562,0.6965,8.862,9.452,2.554,0.6904,111.0,44.01,1.268,PASS,0
LOT_034_DIE_03883,LOT_034,123.99,3.606,493.14,14.648,2.602,0.7081,15.155,2.611,0.7072,16.08,16.659,2.651,0.6994,103.33,49.71,1.212,PASS,0
LOT_035_DIE_03884,LOT_035,128.12,3.554,508.01,11.754,2.525,0.6868,12.141,2.569,0.6822,12.953,13.275,2.589,0.6751,93.83,47.55,1.35,PASS,0
LOT_036_DIE_03885,LOT_036,126.97,3.563,500.46,11.984,2.431,0.6819,12.122,2.453,0.6796,13.22,13.477,2.49,0.6748,102.7,41.81,1.304,PASS,0
LOT_037_DIE_03886,LOT_037,125.05,3.54,483.06,10.493,2.7,0.7417,10.918,2.708,0.7383,11.8,11.876,2.736,0.733,101.65,41.36,1.285,PASS,0
LOT_038_DIE_03887,LOT_038,124.64,3.56,486.78,8.222,2.568,0.7283,8.41,2.59,0.726,9.344,9.96,2.634,0.7202,103.08,51.31,1.351,PASS,0
LOT_039_DIE_03888,LOT_039,126.82,3.588,493.39,11.711,2.142,0.7543,11.775,2.154,0.7519,13.13,13.477,2.198,0.7448,91.22,44.63,1.191,PASS,0
LOT_040_DIE_03889,LOT_040,127.05,3.558,535.11,11.021,2.547,0.7147,11.331,2.586,0.7095,11.699,12.383,2.61,0.7069,91.33,42.48,1.19,PASS,0
LOT_041_DIE_03890,LOT_041,127.88,3.538,499.82,8.329,2.689,0.6621,8.606,2.712,0.6597,9.495,10.331,2.727,0.6561,90.22,42.99,1.206,PASS,0
LOT_042_DIE_03891,LOT_042,124.5,3.547,490.81,9.915,2.356,0.7216,10.486,2.374,0.7184,11.063,11.469,2.36,0.7155,103.68,49.15,1.299,PASS,0
LOT_043_DIE_03892,LOT_043,124.71,3.595,509.67,7.319,2.477,0.7091,7.456,2.463,0.7069,8.737,9.088,2.552,0.6963,94.75,43.03,1.197,PASS,0
LOT_044_DIE_03893,LOT_044,125.8,3.579,479.05,15.847,2.349,0.7008,16.387,2.368,0.6974,17.711,18.591,2.388,0.6904,103.24,46.36,1.305,PASS,0
LOT_045_DIE_03894,LOT_045,126.92,3.578,490.77,8.449,2.494,0.7136,8.886,2.514,0.7118,9.704,9.815,2.516,0.7055,103.78,42.42,1.364,PASS,0
LOT_046_DIE_03895,LOT_046,126.19,3.606,487.21,14.682,2.592,0.6957,14.938,2.618,0.6923,15.694,16.122,2.615,0.687,101.94,46.47,1.272,PASS,0
LOT_047_DIE_03896,LOT_047,123.68,3.626,510.01,11.628,2.647,0.6976,12.037,2.663,0.6927,13.098,14.063,2.693,0.6927,99.86,41.35,1.218,PASS,0
LOT_048_DIE_03897,LOT_048,124.96,3.605,501.74,13.663,2.466,0.7291,14.127,2.481,0.7259,14.776,15.495,2.502,0.7225,101.92,47.04,1.265,PASS,0
LOT_049_DIE_03898,LOT_049,126.38,3.63,445.02,10.564,2.543,0.6959,11.039,2.559,0.6939,11.587,12.365,2.599,0.6861,106.31,46.68,1.329,PASS,0
LOT_050_DIE_03899,LOT_050,124.45,3.633,500.47,9.738,2.401,0.6876,10.098,2.42,0.6852,10.068,11.01,2.458,0.6771,109.88,44.93,1.191,PASS,0
LOT_001_DIE_03900,LOT_001,124.9,3.584,485.37,10.798,2.814,0.745,11.341,2.833,0.7422,12.394,13.09,2.839,0.7355,105.76,44.6,1.299,PASS,0
LOT_002_DIE_03901,LOT_002,127.44,3.552,513.34,17.04,2.443,0.718,17.418,2.473,0.7139,18.586,18.967,2.441,0.7099,91.08,45.94,1.399,PASS,0
LOT_003_DIE_03902,LOT_003,126.44,3.56,497.67,13.59,2.472,0.7184,13.958,2.48,0.7147,15.248,15.487,2.526,0.7082,91.74,40.81,1.232,PASS,0
LOT_004_DIE_03903,LOT_004,125.09,3.569,497.17,13.705,2.591,0.7544,14.282,2.616,0.7511,15.378,16.212,2.663,0.7455,111.36,42.39,1.325,PASS,0
LOT_005_DIE_03904,LOT_005,127.38,3.587,520.46,9.673,2.625,0.7009,9.788,2.653,0.699,10.515,11.133,2.671,0.6913,92.78,46.57,1.145,PASS,0
LOT_006_DIE_03905,LOT_006,123.53,3.597,500.39,10.976,2.508,0.7512,11.246,2.534,0.7491,11.998,12.364,2.543,0.7433,95.91,46.61,1.267,PASS,0
LOT_007_DIE_03906,LOT_007,125.78,3.603,495.63,10.226,2.557,0.6879,10.534,2.576,0.6829,11.139,12.394,2.562,0.6809,117.48,49.92,1.356,PASS,0
LOT_008_DIE_03907,LOT_008,123.73,3.584,505.08,12.589,2.59,0.6919,12.871,2.61,0.689,13.819,14.331,2.64,0.6822,96.78,47.4,1.191,PASS,0
LOT_009_DIE_03908,LOT_009,124.74,3.574,498.79,12.047,2.273,0.6755,12.581,2.297,0.6707,13.587,14.003,2.344,0.666,95.48,47.15,1.217,PASS,0
LOT_010_DIE_03909,LOT_010,125.59,3.647,485.99,10.807,2.378,0.6849,11.484,2.386,0.6822,12.736,13.679,2.411,0.6787,101.55,45.12,1.262,PASS,0
LOT_011_DIE_03910,LOT_011,125.1,3.581,485.69,7.912,2.553,0.6966,8.252,2.558,0.6934,9.115,9.748,2.612,0.687,99.37,47.61,1.301,PASS,0
LOT_012_DIE_03911,LOT_012,127.03,3.61,489.68,15.872,2.392,0.6985,16.411,2.428,0.6961,17.416,18.136,2.414,0.6922,107.34,51.93,1.241,PASS,0
LOT_013_DIE_03912,LOT_013,125.13,3.607,504.4,14.696,2.532,0.7366,15.275,2.558,0.7323,16.006,16.542,2.563,0.7313,103.31,50.17,1.169,PASS,0
LOT_014_DIE_03913,LOT_014,125.67,3.562,502.52,9.137,2.509,0.7046,9.441,2.507,0.7021,10.374,11.112,2.558,0.6998,105.99,50.29,1.176,PASS,0
LOT_015_DIE_03914,LOT_015,125.34,3.573,494.76,7.519,2.535,0.694,8.031,2.56,0.6905,8.863,9.172,2.598,0.6854,106.39,40.72,1.263,PASS,0
LOT_016_DIE_03915,LOT_016,125.07,3.618,518.76,11.034,2.548,0.7083,11.398,2.565,0.7056,12.803,12.887,2.588,0.704,96.03,42.09,1.286,PASS,0
LOT_017_DIE_03916,LOT_017,124.58,3.625,524.97,11.116,2.551,0.6764,11.559,2.569,0.6729,12.276,12.762,2.615,0.6689,105.92,41.97,1.376,PASS,0
LOT_018_DIE_03917,LOT_018,126.45,3.621,477.72,10.061,2.362,0.7213,10.242,2.383,0.7185,11.023,12.351,2.43,0.7128,100.0,45.31,1.159,PASS,0
LOT_019_DIE_03918,LOT_019,124.43,3.607,501.31,13.441,2.853,0.6928,13.701,2.883,0.6903,14.846,15.855,2.903,0.6831,103.3,44.54,1.223,PASS,0
LOT_020_DIE_03919,LOT_020,127.43,3.499,508.99,40.352,3.64,0.6908,50.326,4.283,0.6462,93.461,152.892,5.346,0.5702,119.9,41.84,1.173,LATENT_CONTEXTUAL_OUTLIER,1
LOT_021_DIE_03920,LOT_021,126.1,3.649,502.63,14.104,2.491,0.6986,14.495,2.525,0.6961,15.821,16.404,2.59,0.6911,97.8,44.92,1.235,PASS,0
LOT_022_DIE_03921,LOT_022,124.19,3.632,515.97,10.455,2.559,0.6787,10.948,2.574,0.6761,11.637,11.881,2.6,0.6675,106.45,41.57,1.143,PASS,0
LOT_023_DIE_03922,LOT_023,126.58,3.698,500.13,9.17,2.469,0.665,9.56,2.497,0.6618,10.715,11.56,2.521,0.6601,99.21,43.63,1.153,PASS,0
LOT_024_DIE_03923,LOT_024,124.49,3.564,471.43,11.912,2.536,0.7486,12.035,2.553,0.7442,13.0,13.708,2.578,0.742,90.76,45.21,1.395,PASS,0
LOT_025_DIE_03924,LOT_025,125.54,3.55,481.33,12.315,2.569,0.7069,12.707,2.599,0.702,13.511,14.262,2.597,0.6984,96.24,47.55,1.215,PASS,0
LOT_026_DIE_03925,LOT_026,124.28,3.569,484.42,15.633,2.603,0.7216,15.894,2.613,0.7174,16.569,17.248,2.581,0.7118,105.02,48.6,1.181,PASS,0
LOT_027_DIE_03926,LOT_027,126.37,3.593,515.23,6.991,2.523,0.7288,7.325,2.523,0.7254,8.047,8.7,2.605,0.7207,98.39,43.93,1.236,PASS,0
LOT_028_DIE_03927,LOT_028,124.34,3.575,506.55,13.15,2.657,0.7177,13.69,2.684,0.7159,14.356,14.914,2.714,0.7094,98.61,45.91,1.289,PASS,0
LOT_029_DIE_03928,LOT_029,127.61,3.642,490.27,12.586,2.542,0.7141,13.004,2.554,0.7101,13.67,14.314,2.543,0.7049,101.35,47.18,1.305,PASS,0
LOT_030_DIE_03929,LOT_030,125.38,3.541,492.53,8.433,2.474,0.6767,8.415,2.507,0.6747,9.776,9.846,2.541,0.672,96.89,42.02,1.299,PASS,0
LOT_031_DIE_03930,LOT_031,125.46,3.552,488.39,14.726,2.388,0.7292,15.131,2.409,0.7267,15.91,16.818,2.426,0.7206,95.43,45.18,1.462,PASS,0
LOT_032_DIE_03931,LOT_032,122.05,3.599,490.63,9.635,2.833,0.7536,10.096,2.859,0.7509,10.718,11.39,2.844,0.7457,99.14,46.74,1.248,PASS,0
LOT_033_DIE_03932,LOT_033,124.19,3.605,480.49,7.909,2.625,0.6893,8.347,2.661,0.6868,8.469,9.611,2.698,0.6839,101.63,45.91,1.394,PASS,0
LOT_034_DIE_03933,LOT_034,126.18,3.601,500.35,13.089,2.577,0.6618,13.703,2.597,0.6598,14.405,14.83,2.609,0.6533,103.18,43.21,1.237,PASS,0
LOT_035_DIE_03934,LOT_035,125.13,3.644,529.24,13.865,2.772,0.7101,14.238,2.79,0.7069,15.299,16.423,2.822,0.7019,103.51,47.15,1.179,PASS,0
LOT_036_DIE_03935,LOT_036,124.63,3.658,495.44,14.363,2.316,0.7121,15.027,2.341,0.7096,15.184,15.89,2.341,0.6997,94.42,47.77,1.301,PASS,0
LOT_037_DIE_03936,LOT_037,121.73,3.626,506.61,41.536,4.046,0.674,55.783,4.581,0.6513,82.868,135.444,6.987,0.6051,112.01,40.01,1.258,LATENT_CONTEXTUAL_OUTLIER,1
LOT_038_DIE_03937,LOT_038,125.98,3.662,510.85,10.767,2.756,0.7177,10.966,2.772,0.7148,11.529,12.322,2.826,0.7134,95.81,43.52,1.184,PASS,0
LOT_039_DIE_03938,LOT_039,125.0,3.628,478.94,13.096,2.476,0.7394,13.254,2.488,0.7379,13.533,14.456,2.566,0.7309,97.62,46.89,1.283,PASS,0
LOT_040_DIE_03939,LOT_040,125.74,3.581,500.27,10.025,2.518,0.6966,10.755,2.532,0.6942,11.316,11.876,2.563,0.6869,92.43,41.26,1.256,PASS,0
LOT_041_DIE_03940,LOT_041,127.77,3.614,498.27,8.222,2.457,0.7023,8.708,2.469,0.7004,9.51,10.15,2.523,0.6962,90.85,42.57,1.268,PASS,0
LOT_042_DIE_03941,LOT_042,125.12,3.564,492.6,12.902,2.364,0.7241,13.564,2.382,0.7212,14.601,15.016,2.44,0.7164,109.82,46.05,1.224,PASS,0
LOT_043_DIE_03942,LOT_043,124.64,3.612,495.17,8.931,2.962,0.7457,20.27,3.307,0.7215,48.094,85.77,4.671,0.678,112.28,34.35,1.264,LATENT_DRIFT_RUNAWAY,1
LOT_044_DIE_03943,LOT_044,124.8,3.604,492.41,15.7,2.885,0.7307,16.066,2.891,0.7287,17.329,18.12,2.925,0.7194,107.32,46.96,1.34,PASS,0
LOT_045_DIE_03944,LOT_045,124.84,3.578,500.35,9.431,2.671,0.7081,9.799,2.695,0.7032,10.355,11.161,2.722,0.7,106.21,46.96,1.318,PASS,0
LOT_046_DIE_03945,LOT_046,126.09,3.638,469.92,12.258,2.744,0.7048,12.841,2.773,0.7029,13.423,13.635,2.781,0.6958,92.78,44.39,1.328,PASS,0
LOT_047_DIE_03946,LOT_047,123.55,3.627,506.34,10.422,2.54,0.6932,10.913,2.576,0.6908,11.905,12.555,2.575,0.6826,106.1,48.54,1.138,PASS,0
LOT_048_DIE_03947,LOT_048,124.09,3.582,497.76,11.275,2.54,0.7091,11.717,2.562,0.7047,12.612,12.947,2.589,0.7012,101.17,42.9,1.254,PASS,0
LOT_049_DIE_03948,LOT_049,124.86,3.581,491.88,11.618,2.598,0.6829,11.9,2.609,0.6785,12.71,12.99,2.661,0.6783,107.94,46.72,1.267,PASS,0
LOT_050_DIE_03949,LOT_050,124.54,3.679,470.52,10.649,2.532,0.6646,11.28,2.557,0.6603,11.746,12.505,2.577,0.6574,112.8,48.15,1.304,PASS,0
LOT_001_DIE_03950,LOT_001,126.63,3.711,455.29,11.179,2.707,0.7122,11.614,2.734,0.7088,12.36,12.804,2.721,0.7067,97.55,44.62,1.27,PASS,0
LOT_002_DIE_03951,LOT_002,125.26,3.726,515.77,14.521,2.584,0.7415,15.13,2.607,0.7385,15.525,16.167,2.637,0.7349,94.85,45.07,1.336,PASS,0
LOT_003_DIE_03952,LOT_003,123.62,3.6,491.23,11.392,2.608,0.7465,11.83,2.631,0.7438,12.57,13.411,2.659,0.7359,105.91,46.69,1.237,PASS,0
LOT_004_DIE_03953,LOT_004,124.96,3.609,518.69,42.223,3.695,0.67,56.024,4.244,0.6319,90.466,134.741,5.379,0.5589,114.45,32.64,1.284,LATENT_CONTEXTUAL_OUTLIER,1
LOT_005_DIE_03954,LOT_005,126.52,3.668,521.27,8.805,2.314,0.7098,9.227,2.341,0.7061,10.357,10.948,2.372,0.7006,105.45,47.41,1.201,PASS,0
LOT_006_DIE_03955,LOT_006,126.49,3.62,477.59,8.97,2.381,0.7178,9.523,2.396,0.7128,10.205,10.654,2.443,0.71,94.79,47.42,1.266,PASS,0
LOT_007_DIE_03956,LOT_007,127.01,3.65,475.51,8.764,2.312,0.6872,8.99,2.326,0.6845,9.811,10.689,2.363,0.6768,103.96,43.08,1.291,PASS,0
LOT_008_DIE_03957,LOT_008,125.75,3.648,522.17,14.07,2.448,0.7036,14.257,2.484,0.6994,14.718,15.405,2.54,0.6977,98.81,50.15,1.207,PASS,0
LOT_009_DIE_03958,LOT_009,125.62,3.58,483.26,11.592,2.644,0.6873,12.035,2.675,0.6834,12.695,13.437,2.668,0.6772,93.12,45.38,1.237,PASS,0
LOT_010_DIE_03959,LOT_010,124.37,3.658,462.09,12.068,2.867,0.7,12.771,2.888,0.6952,13.379,14.118,2.934,0.6889,97.32,39.4,1.335,PASS,0
LOT_011_DIE_03960,LOT_011,125.87,3.596,485.91,7.129,2.446,0.7121,7.288,2.464,0.7089,8.066,8.693,2.473,0.7058,103.24,47.66,1.342,PASS,0
LOT_012_DIE_03961,LOT_012,126.44,3.608,488.76,13.781,2.423,0.6864,14.37,2.457,0.6829,15.573,16.343,2.496,0.6789,101.65,43.5,1.295,PASS,0
LOT_013_DIE_03962,LOT_013,124.06,3.555,537.37,13.866,2.565,0.7204,13.929,2.578,0.7182,14.874,15.881,2.651,0.714,93.66,46.98,1.282,PASS,0
LOT_014_DIE_03963,LOT_014,123.85,3.593,501.24,7.676,2.615,0.6998,7.737,2.626,0.6955,8.393,9.18,2.65,0.6913,97.16,44.48,1.175,PASS,0
LOT_015_DIE_03964,LOT_015,122.55,3.618,507.63,7.428,2.548,0.6952,7.925,2.554,0.6914,8.463,8.85,2.613,0.6855,106.3,39.02,1.081,PASS,0
LOT_016_DIE_03965,LOT_016,123.99,3.541,499.67,10.2,2.553,0.7148,10.484,2.567,0.7138,11.403,11.783,2.616,0.7087,100.83,46.54,1.071,PASS,0
LOT_017_DIE_03966,LOT_017,124.54,3.575,527.06,10.556,2.56,0.6798,10.915,2.581,0.6774,11.878,12.515,2.631,0.6705,97.8,39.07,1.222,PASS,0
LOT_018_DIE_03967,LOT_018,124.48,3.632,476.62,13.23,2.39,0.7215,13.696,2.4,0.7181,14.523,15.022,2.445,0.7129,94.48,41.17,1.206,PASS,0
LOT_019_DIE_03968,LOT_019,125.03,3.659,530.99,9.005,2.649,0.6862,9.228,2.683,0.6825,10.372,11.174,2.69,0.6778,107.13,42.84,1.228,PASS,0
LOT_020_DIE_03969,LOT_020,123.64,3.578,517.51,9.787,2.608,0.7445,9.955,2.609,0.7406,10.689,11.075,2.622,0.7353,100.77,43.71,1.243,PASS,0
LOT_021_DIE_03970,LOT_021,125.58,3.64,507.57,13.146,2.529,0.7432,13.416,2.542,0.7397,14.349,14.811,2.584,0.7352,104.44,44.99,1.418,PASS,0
LOT_022_DIE_03971,LOT_022,124.77,3.637,500.89,11.616,2.398,0.7052,12.05,2.407,0.7012,13.072,14.195,2.455,0.6985,103.82,45.91,1.15,PASS,0
LOT_023_DIE_03972,LOT_023,126.03,3.584,485.89,11.073,2.539,0.64,11.289,2.565,0.6355,12.117,12.744,2.591,0.6305,97.23,45.41,1.186,PASS,0
LOT_024_DIE_03973,LOT_024,124.11,3.574,462.78,11.014,2.469,0.7317,11.872,2.484,0.7285,12.629,13.121,2.499,0.7259,98.9,43.87,1.262,PASS,0
LOT_025_DIE_03974,LOT_025,123.7,3.574,488.45,11.869,2.37,0.7173,12.264,2.383,0.7148,13.045,13.816,2.415,0.7065,95.27,46.42,1.21,PASS,0
LOT_026_DIE_03975,LOT_026,122.84,3.548,515.76,13.28,2.521,0.7056,13.68,2.555,0.7011,14.323,15.057,2.571,0.7026,96.74,44.76,1.391,PASS,0
LOT_027_DIE_03976,LOT_027,124.35,3.575,523.62,9.972,2.422,0.7536,10.43,2.449,0.7482,11.491,12.117,2.468,0.7454,105.6,46.4,1.264,PASS,0
LOT_028_DIE_03977,LOT_028,124.87,3.618,528.29,10.891,2.289,0.6674,11.246,2.322,0.6647,12.647,12.806,2.304,0.6589,102.73,45.49,1.221,PASS,0
LOT_029_DIE_03978,LOT_029,123.97,3.602,472.11,11.554,2.578,0.7079,11.914,2.615,0.7043,13.026,13.319,2.631,0.6987,100.37,42.63,1.171,PASS,0
LOT_030_DIE_03979,LOT_030,125.02,3.579,483.9,8.171,2.406,0.6946,8.644,2.428,0.6925,9.178,9.834,2.438,0.6866,100.98,43.17,1.139,PASS,0
LOT_031_DIE_03980,LOT_031,124.84,3.606,503.37,13.206,2.272,0.7327,13.499,2.295,0.7293,14.074,15.116,2.331,0.7263,102.8,44.03,1.45,PASS,0
LOT_032_DIE_03981,LOT_032,124.53,3.594,472.52,9.267,2.369,0.7395,9.58,2.396,0.7356,10.536,10.976,2.441,0.7328,93.48,44.81,1.336,PASS,0
LOT_033_DIE_03982,LOT_033,122.66,3.588,486.43,9.126,2.479,0.7335,9.587,2.495,0.7312,10.938,11.181,2.539,0.7233,103.72,48.11,1.217,PASS,0
LOT_034_DIE_03983,LOT_034,124.48,3.616,487.54,12.932,2.477,0.7125,13.155,2.487,0.7104,14.362,15.391,2.539,0.7018,100.56,42.71,1.292,PASS,0
LOT_035_DIE_03984,LOT_035,123.38,3.581,520.27,14.53,2.451,0.6921,14.907,2.477,0.6898,15.793,16.651,2.531,0.6821,96.03,42.5,1.268,PASS,0
LOT_036_DIE_03985,LOT_036,125.95,3.567,496.06,12.471,2.457,0.6993,12.702,2.479,0.696,13.7,14.043,2.532,0.6918,89.88,42.47,1.192,PASS,0
LOT_037_DIE_03986,LOT_037,126.64,3.605,487.49,11.594,2.393,0.729,12.19,2.4,0.7247,13.491,13.936,2.451,0.7204,105.33,49.57,1.198,PASS,0
LOT_038_DIE_03987,LOT_038,126.08,3.575,500.79,8.204,2.349,0.72,8.307,2.364,0.719,9.245,9.467,2.422,0.7114,110.69,46.05,1.146,PASS,0
LOT_039_DIE_03988,LOT_039,126.0,3.56,490.81,12.317,2.559,0.745,12.722,2.568,0.7427,13.882,14.494,2.618,0.7379,95.66,43.9,1.259,PASS,0
LOT_040_DIE_03989,LOT_040,125.29,3.593,516.63,11.507,2.246,0.7262,11.665,2.269,0.7225,12.829,13.298,2.266,0.7214,98.08,49.36,1.253,PASS,0
LOT_041_DIE_03990,LOT_041,126.29,3.555,518.44,11.357,2.305,0.6801,11.821,2.32,0.6775,12.618,12.87,2.333,0.6732,95.23,44.52,1.227,PASS,0
LOT_042_DIE_03991,LOT_042,122.87,3.579,462.87,10.393,2.419,0.7242,11.034,2.442,0.7208,11.701,12.297,2.457,0.7164,101.38,45.81,1.343,PASS,0
LOT_043_DIE_03992,LOT_043,124.61,3.633,502.17,6.753,2.46,0.7426,7.526,2.471,0.7411,8.421,8.852,2.521,0.7326,92.57,48.03,1.331,PASS,0
LOT_044_DIE_03993,LOT_044,126.16,3.59,504.82,14.578,2.48,0.7248,14.892,2.486,0.722,15.416,16.013,2.531,0.7179,108.9,46.75,1.216,PASS,0
LOT_045_DIE_03994,LOT_045,126.06,3.627,484.02,11.128,2.585,0.7378,11.597,2.615,0.7347,12.47,13.082,2.627,0.7264,92.68,43.0,1.232,PASS,0
LOT_046_DIE_03995,LOT_046,123.68,3.602,476.78,13.019,2.537,0.7066,13.312,2.557,0.7049,14.655,15.578,2.57,0.7017,99.21,44.56,1.171,PASS,0
LOT_047_DIE_03996,LOT_047,125.47,3.602,513.89,11.333,2.496,0.7217,11.544,2.527,0.7174,12.563,13.301,2.554,0.7142,99.78,43.79,1.339,PASS,0
LOT_048_DIE_03997,LOT_048,124.05,3.573,487.99,11.332,2.185,0.7285,11.7,2.198,0.725,12.457,13.178,2.25,0.721,98.85,44.94,1.271,PASS,0
LOT_049_DIE_03998,LOT_049,124.57,3.58,478.18,10.658,2.558,0.6913,11.295,2.556,0.688,11.796,12.335,2.634,0.6822,99.19,40.91,1.222,PASS,0
LOT_050_DIE_03999,LOT_050,125.62,3.561,470.68,10.853,2.407,0.6901,11.324,2.439,0.6886,12.151,12.752,2.466,0.6829,98.79,41.38,1.229,PASS,0
LOT_001_DIE_04000,LOT_001,123.23,3.559,476.67,10.622,2.547,0.7385,11.243,2.565,0.7352,11.787,12.376,2.605,0.7283,107.1,49.33,1.205,PASS,0
LOT_002_DIE_04001,LOT_002,124.68,3.625,510.18,14.503,2.428,0.7213,14.484,2.436,0.7188,15.332,16.154,2.466,0.712,98.83,45.91,1.31,PASS,0
LOT_003_DIE_04002,LOT_003,125.76,3.62,499.93,45.563,3.762,0.703,53.89,4.558,0.6756,82.46,137.003,6.09,0.6208,122.56,34.86,1.183,LATENT_CONTEXTUAL_OUTLIER,1
LOT_004_DIE_04003,LOT_004,124.16,3.612,492.59,12.472,2.623,0.7266,12.71,2.664,0.7228,13.138,13.832,2.719,0.7203,101.94,45.29,1.145,PASS,0
LOT_005_DIE_04004,LOT_005,123.06,3.671,519.03,8.252,2.495,0.717,8.75,2.51,0.7147,9.161,10.088,2.519,0.7132,97.42,43.44,1.326,PASS,0
LOT_006_DIE_04005,LOT_006,128.65,3.567,489.75,8.633,2.368,0.7167,9.331,2.386,0.7136,10.178,10.68,2.407,0.7085,109.16,44.87,1.22,PASS,0
LOT_007_DIE_04006,LOT_007,123.29,3.572,490.47,7.937,2.697,0.6771,8.639,2.71,0.6755,9.081,9.871,2.728,0.6658,101.48,42.37,1.228,PASS,0
LOT_008_DIE_04007,LOT_008,125.37,3.612,509.13,12.802,2.493,0.696,12.976,2.52,0.6942,13.952,14.113,2.553,0.6877,99.89,48.13,1.341,PASS,0
LOT_009_DIE_04008,LOT_009,125.86,3.628,494.06,15.498,2.742,0.6998,27.81,3.242,0.6819,53.316,90.059,4.245,0.6279,116.81,40.06,1.247,LATENT_DRIFT_RUNAWAY,1
LOT_010_DIE_04009,LOT_010,125.67,3.555,478.61,42.109,3.81,0.6369,55.653,4.426,0.596,78.625,133.296,6.394,0.5074,126.63,38.36,1.272,LATENT_CONTEXTUAL_OUTLIER,1
LOT_011_DIE_04010,LOT_011,125.7,3.58,494.19,5.526,2.355,0.7202,5.76,2.383,0.7182,6.082,6.838,2.367,0.7142,95.98,43.36,1.147,PASS,0
LOT_012_DIE_04011,LOT_012,123.45,3.57,488.26,11.777,2.501,0.688,12.305,2.511,0.6849,12.759,13.553,2.58,0.6803,104.59,46.73,1.088,PASS,0
LOT_013_DIE_04012,LOT_013,125.48,3.658,531.06,13.815,2.299,0.7532,14.287,2.326,0.7503,15.38,16.04,2.371,0.7447,94.73,39.64,1.063,PASS,0
LOT_014_DIE_04013,LOT_014,126.18,3.56,536.98,42.9,3.691,0.6419,55.762,4.298,0.611,92.996,133.256,6.02,0.5628,108.58,41.25,1.212,LATENT_CONTEXTUAL_OUTLIER,1
LOT_015_DIE_04014,LOT_015,128.11,3.602,511.59,11.011,2.454,0.6905,11.424,2.477,0.6887,11.676,12.402,2.477,0.6802,95.6,47.81,1.475,PASS,0
LOT_016_DIE_04015,LOT_016,123.53,3.546,497.36,9.462,2.421,0.7193,9.907,2.448,0.7162,10.629,10.881,2.459,0.7135,99.08,49.49,1.259,PASS,0
LOT_017_DIE_04016,LOT_017,126.71,3.646,517.96,10.947,2.525,0.6933,11.484,2.568,0.691,12.21,12.822,2.588,0.6848,104.2,47.99,1.183,PASS,0
LOT_018_DIE_04017,LOT_018,127.31,3.616,485.26,12.761,2.189,0.7585,13.0,2.21,0.7552,14.308,14.498,2.243,0.7531,110.65,43.15,1.297,PASS,0
LOT_019_DIE_04018,LOT_019,122.33,3.542,535.31,12.106,2.739,0.6805,12.575,2.759,0.6777,13.051,14.0,2.813,0.6706,95.23,46.99,1.301,PASS,0
LOT_020_DIE_04019,LOT_020,124.63,3.616,520.18,12.28,2.581,0.7493,12.534,2.611,0.7458,13.33,14.085,2.662,0.7374,103.45,40.8,1.173,PASS,0
LOT_021_DIE_04020,LOT_021,125.77,3.518,517.1,12.946,2.603,0.7264,13.165,2.626,0.7221,14.299,14.484,2.649,0.7197,97.95,42.6,1.222,PASS,0
LOT_022_DIE_04021,LOT_022,125.02,3.609,521.67,8.413,2.448,0.6869,8.846,2.454,0.6855,9.512,10.238,2.516,0.6785,100.26,45.66,1.121,PASS,0
LOT_023_DIE_04022,LOT_023,124.19,3.621,522.98,10.084,2.604,0.6718,10.376,2.639,0.6682,11.666,11.97,2.663,0.664,102.13,40.5,1.345,PASS,0
LOT_024_DIE_04023,LOT_024,123.59,3.653,470.29,9.29,2.355,0.7511,9.36,2.368,0.75,10.158,11.326,2.362,0.7402,102.47,45.31,1.347,PASS,0
LOT_025_DIE_04024,LOT_025,125.31,3.593,496.07,13.884,2.365,0.7036,14.489,2.38,0.6999,15.261,15.62,2.401,0.6954,107.0,44.66,1.417,PASS,0
LOT_026_DIE_04025,LOT_026,124.68,3.646,484.82,13.374,2.322,0.7289,14.027,2.348,0.7258,15.033,15.561,2.396,0.724,93.14,43.31,1.36,PASS,0
LOT_027_DIE_04026,LOT_027,125.21,3.663,506.33,8.171,2.618,0.7295,8.511,2.623,0.7255,8.798,9.835,2.693,0.7213,97.26,46.14,1.183,PASS,0
LOT_028_DIE_04027,LOT_028,124.64,3.595,492.47,11.18,2.427,0.658,11.459,2.446,0.6561,12.064,12.828,2.471,0.6514,105.93,42.86,1.292,PASS,0
LOT_029_DIE_04028,LOT_029,123.82,3.504,468.21,12.896,2.399,0.6984,13.36,2.411,0.696,13.972,14.684,2.416,0.6898,104.78,46.7,1.348,PASS,0
LOT_030_DIE_04029,LOT_030,123.92,3.608,514.54,10.17,2.392,0.6967,10.932,2.417,0.6941,11.226,11.564,2.41,0.684,99.23,42.0,1.1,PASS,0
LOT_031_DIE_04030,LOT_031,122.36,3.62,490.52,10.307,2.642,0.736,10.708,2.664,0.734,11.518,12.274,2.689,0.7287,98.35,44.07,1.193,PASS,0
LOT_032_DIE_04031,LOT_032,125.93,3.645,481.01,8.623,2.489,0.6904,9.018,2.52,0.6875,9.664,9.939,2.529,0.6831,100.19,46.23,1.2,PASS,0
LOT_033_DIE_04032,LOT_033,124.41,3.591,489.59,9.384,2.527,0.7506,9.756,2.529,0.7472,10.895,11.41,2.548,0.7462,107.34,47.09,1.205,PASS,0
LOT_034_DIE_04033,LOT_034,124.5,3.609,493.94,15.52,2.385,0.6722,15.764,2.385,0.6694,16.611,16.846,2.447,0.6629,95.8,48.1,1.11,PASS,0
LOT_035_DIE_04034,LOT_035,124.25,3.613,525.05,16.217,2.48,0.7288,16.13,2.515,0.7265,17.101,17.828,2.557,0.723,105.17,41.43,1.092,PASS,0
LOT_036_DIE_04035,LOT_036,126.57,3.55,493.86,14.402,2.431,0.6964,15.086,2.456,0.6948,15.451,16.361,2.484,0.6873,99.53,47.46,1.284,PASS,0
LOT_037_DIE_04036,LOT_037,124.48,3.634,490.87,11.367,2.111,0.73,11.786,2.117,0.7282,12.815,13.059,2.168,0.7201,108.04,37.63,1.229,PASS,0
LOT_038_DIE_04037,LOT_038,125.9,3.631,505.77,6.939,2.447,0.6985,7.493,2.471,0.6956,8.318,9.336,2.513,0.694,103.4,40.27,1.222,PASS,0
LOT_039_DIE_04038,LOT_039,125.94,3.602,487.33,13.215,2.472,0.7423,13.79,2.489,0.7388,14.251,15.417,2.55,0.7337,89.34,42.3,1.279,PASS,0
LOT_040_DIE_04039,LOT_040,126.67,3.583,527.56,10.79,2.31,0.7094,11.077,2.316,0.7054,12.321,12.939,2.373,0.7011,107.68,50.19,1.08,PASS,0
LOT_041_DIE_04040,LOT_041,126.03,3.547,523.89,8.862,2.484,0.68,9.312,2.509,0.677,10.117,11.085,2.531,0.6743,104.58,50.5,1.176,PASS,0
LOT_042_DIE_04041,LOT_042,124.87,3.643,486.42,11.318,2.501,0.7389,11.739,2.531,0.7351,12.076,12.849,2.535,0.7294,91.89,42.24,1.216,PASS,0
LOT_043_DIE_04042,LOT_043,125.93,3.667,484.35,8.64,2.599,0.7198,8.992,2.624,0.716,10.038,10.595,2.641,0.7077,99.91,49.39,1.242,PASS,0
LOT_044_DIE_04043,LOT_044,124.9,3.573,484.38,15.62,2.623,0.7027,15.943,2.656,0.6998,16.823,17.675,2.686,0.6963,101.95,44.83,1.191,PASS,0
LOT_045_DIE_04044,LOT_045,123.56,3.576,478.06,8.528,2.69,0.7276,8.821,2.718,0.7238,9.676,10.733,2.753,0.7213,91.46,46.8,1.219,PASS,0
LOT_046_DIE_04045,LOT_046,124.56,3.616,478.74,12.716,2.76,0.7077,12.88,2.786,0.7045,14.656,14.896,2.822,0.6995,114.08,42.81,1.18,PASS,0
LOT_047_DIE_04046,LOT_047,122.89,3.535,517.53,10.814,2.619,0.7365,11.155,2.656,0.7306,12.137,13.02,2.668,0.7281,101.16,48.41,1.296,PASS,0
LOT_048_DIE_04047,LOT_048,124.12,3.608,489.62,11.844,2.454,0.7227,12.277,2.481,0.7194,13.137,13.712,2.496,0.7137,94.27,48.65,1.243,PASS,0
LOT_049_DIE_04048,LOT_049,125.09,3.53,455.69,11.393,2.217,0.6858,11.816,2.209,0.6833,12.533,13.502,2.258,0.6811,100.85,46.34,1.295,PASS,0
LOT_050_DIE_04049,LOT_050,124.28,3.631,492.96,8.803,2.549,0.7136,9.196,2.568,0.7106,10.165,10.291,2.606,0.7087,90.77,47.91,1.25,PASS,0
LOT_001_DIE_04050,LOT_001,124.36,3.599,475.44,9.213,2.505,0.7293,9.484,2.535,0.7276,10.504,11.305,2.582,0.7223,104.03,44.46,1.244,PASS,0
LOT_002_DIE_04051,LOT_002,125.84,3.604,501.53,48.418,3.659,0.7051,60.35,4.381,0.6804,88.705,154.878,6.837,0.6314,111.37,32.88,1.277,LATENT_CONTEXTUAL_OUTLIER,1
LOT_003_DIE_04052,LOT_003,121.41,3.625,493.62,13.046,2.199,0.7192,13.352,2.201,0.717,14.329,14.641,2.266,0.7076,97.02,43.61,1.213,PASS,0
LOT_004_DIE_04053,LOT_004,126.16,3.615,496.03,10.193,2.518,0.7275,10.527,2.527,0.7225,10.836,10.887,2.578,0.7186,103.98,44.89,1.208,PASS,0
LOT_005_DIE_04054,LOT_005,123.25,3.646,506.51,12.332,2.881,0.7055,25.7,3.326,0.6858,49.941,87.325,4.308,0.6577,114.47,38.65,1.242,THERMAL_VOLTAGE_STRESS_FAILURE,1
LOT_006_DIE_04055,LOT_006,127.31,3.569,500.29,7.335,2.44,0.7312,7.71,2.455,0.7279,8.472,9.059,2.483,0.724,100.05,43.19,1.19,PASS,0
LOT_007_DIE_04056,LOT_007,121.93,3.572,490.17,7.632,2.707,0.6641,8.089,2.722,0.6616,9.186,9.563,2.761,0.6581,93.89,45.02,1.284,PASS,0
LOT_008_DIE_04057,LOT_008,124.98,3.571,500.71,15.461,2.766,0.7177,16.013,2.779,0.7158,16.829,17.707,2.814,0.7118,107.45,51.75,1.213,PASS,0
LOT_009_DIE_04058,LOT_009,124.85,3.61,485.39,14.39,2.184,0.6887,14.445,2.192,0.6837,15.673,16.312,2.22,0.6809,106.0,44.24,1.155,PASS,0
LOT_010_DIE_04059,LOT_010,124.88,3.531,500.92,13.395,2.294,0.7338,13.677,2.305,0.73,14.28,14.865,2.385,0.7215,104.84,44.75,1.201,PASS,0
LOT_011_DIE_04060,LOT_011,125.03,3.66,490.64,8.591,2.359,0.6786,9.048,2.389,0.6748,9.667,10.758,2.424,0.6693,100.64,46.94,1.194,PASS,0
LOT_012_DIE_04061,LOT_012,126.27,3.641,479.24,12.728,2.482,0.6765,12.781,2.495,0.6734,13.975,14.124,2.528,0.6671,96.68,41.57,1.277,PASS,0
LOT_013_DIE_04062,LOT_013,124.91,3.58,522.06,15.151,2.54,0.7392,27.457,2.856,0.7223,60.756,108.211,4.225,0.6684,126.94,37.65,1.179,LATENT_DRIFT_RUNAWAY,1
LOT_014_DIE_04063,LOT_014,125.7,3.548,501.25,9.331,2.711,0.7123,9.626,2.728,0.7095,10.694,11.266,2.765,0.7071,103.47,46.78,1.353,PASS,0
LOT_015_DIE_04064,LOT_015,124.22,3.615,510.14,7.988,2.614,0.7108,8.284,2.645,0.7074,9.404,9.939,2.686,0.7023,98.06,43.7,1.415,PASS,0
LOT_016_DIE_04065,LOT_016,127.51,3.627,514.48,8.755,2.198,0.7229,9.312,2.218,0.7212,10.437,11.418,2.254,0.7136,101.98,42.26,1.468,PASS,0
LOT_017_DIE_04066,LOT_017,126.54,3.622,519.55,8.493,2.53,0.7166,8.699,2.557,0.7142,9.843,10.694,2.59,0.7101,90.26,46.81,1.217,PASS,0
LOT_018_DIE_04067,LOT_018,124.15,3.593,472.15,12.783,2.734,0.7396,13.38,2.781,0.7388,14.246,14.532,2.793,0.7327,104.45,43.4,1.21,PASS,0
LOT_019_DIE_04068,LOT_019,124.31,3.664,532.73,9.633,2.524,0.6961,9.981,2.544,0.6924,10.889,11.526,2.584,0.6886,92.35,41.1,1.237,PASS,0
LOT_020_DIE_04069,LOT_020,125.0,3.541,496.42,10.796,2.398,0.7539,10.954,2.416,0.7517,12.05,12.828,2.465,0.7432,101.84,43.85,1.17,PASS,0
LOT_021_DIE_04070,LOT_021,125.04,3.601,491.56,13.337,2.378,0.7548,13.964,2.399,0.7521,14.551,15.232,2.428,0.7476,93.38,45.89,1.257,PASS,0
LOT_022_DIE_04071,LOT_022,123.33,3.595,491.79,10.81,2.42,0.6962,11.234,2.447,0.6923,11.927,12.71,2.441,0.6884,97.07,42.98,1.408,PASS,0
LOT_023_DIE_04072,LOT_023,124.02,3.586,489.42,9.225,2.272,0.6763,9.888,2.284,0.6752,10.92,11.501,2.326,0.6676,99.75,47.89,1.285,PASS,0
LOT_024_DIE_04073,LOT_024,125.75,3.473,479.23,8.538,2.734,0.7195,8.615,2.737,0.7154,9.86,10.455,2.784,0.7127,103.3,46.78,1.143,PASS,0
LOT_025_DIE_04074,LOT_025,124.82,3.554,487.24,12.599,2.426,0.706,12.98,2.45,0.7025,13.216,14.052,2.482,0.6989,90.56,43.81,1.217,PASS,0
LOT_026_DIE_04075,LOT_026,125.79,3.686,505.33,15.138,2.696,0.7251,15.117,2.717,0.7228,16.269,17.127,2.753,0.7191,95.72,45.74,1.308,PASS,0
LOT_027_DIE_04076,LOT_027,125.45,3.644,525.48,8.592,2.545,0.7314,9.081,2.561,0.7299,10.005,11.117,2.601,0.7256,108.32,40.98,1.293,PASS,0
LOT_028_DIE_04077,LOT_028,126.56,3.627,507.49,12.491,2.782,0.668,28.358,3.203,0.6574,51.317,89.584,4.326,0.6358,102.88,37.33,1.23,THERMAL_VOLTAGE_STRESS_FAILURE,1
LOT_029_DIE_04078,LOT_029,124.01,3.551,461.58,12.598,2.617,0.6951,13.033,2.628,0.6923,14.117,14.975,2.645,0.6895,101.44,41.36,1.146,PASS,0
LOT_030_DIE_04079,LOT_030,127.95,3.589,505.56,8.184,2.795,0.6718,8.354,2.809,0.669,8.575,9.21,2.837,0.6641,95.85,50.98,1.269,PASS,0
LOT_031_DIE_04080,LOT_031,125.64,3.585,502.91,13.768,2.278,0.7153,14.183,2.302,0.7132,14.886,15.147,2.329,0.7055,99.93,49.58,1.23,PASS,0
LOT_032_DIE_04081,LOT_032,126.77,3.577,480.75,10.04,2.493,0.7173,10.378,2.513,0.7134,10.549,11.431,2.537,0.7085,101.84,45.83,1.242,PASS,0
LOT_033_DIE_04082,LOT_033,123.95,3.612,480.9,8.476,2.532,0.6823,9.112,2.557,0.6794,9.766,10.741,2.637,0.6762,97.01,46.12,1.198,PASS,0
LOT_034_DIE_04083,LOT_034,125.9,3.58,474.32,15.401,2.529,0.6664,15.594,2.547,0.662,16.605,17.886,2.591,0.6576,99.04,47.4,1.166,PASS,0
LOT_035_DIE_04084,LOT_035,125.99,3.606,533.24,13.016,2.391,0.6918,13.427,2.399,0.6889,14.379,14.641,2.423,0.6845,100.57,42.29,1.258,PASS,0
LOT_036_DIE_04085,LOT_036,126.86,3.638,495.6,13.025,2.409,0.7185,13.333,2.432,0.7148,14.069,14.63,2.499,0.7056,100.45,42.12,1.265,PASS,0
LOT_037_DIE_04086,LOT_037,124.47,3.643,511.74,8.876,2.265,0.7143,8.98,2.316,0.7108,10.184,10.554,2.303,0.7097,97.04,44.51,1.276,PASS,0
LOT_038_DIE_04087,LOT_038,125.56,3.636,527.93,8.085,2.672,0.7211,8.787,2.703,0.7175,9.291,10.323,2.72,0.7134,100.92,45.92,1.293,PASS,0
LOT_039_DIE_04088,LOT_039,125.88,3.603,501.73,11.87,2.454,0.7311,12.43,2.45,0.7277,12.954,13.87,2.522,0.7232,100.79,44.71,1.227,PASS,0
LOT_040_DIE_04089,LOT_040,125.79,3.599,525.83,12.631,2.355,0.7224,13.15,2.356,0.7202,14.254,15.086,2.358,0.7158,99.35,44.27,1.281,PASS,0
LOT_041_DIE_04090,LOT_041,125.59,3.584,522.11,7.885,2.583,0.6986,8.339,2.603,0.6955,9.001,9.704,2.602,0.6942,109.35,42.24,1.381,PASS,0
LOT_042_DIE_04091,LOT_042,126.65,3.616,496.57,11.784,3.156,0.73,28.444,3.581,0.7106,48.54,69.956,5.045,0.6741,120.41,42.15,1.343,THERMAL_VOLTAGE_STRESS_FAILURE,1
LOT_043_DIE_04092,LOT_043,125.61,3.63,506.08,8.639,2.285,0.7328,9.073,2.307,0.7311,9.909,10.341,2.327,0.7268,100.46,42.66,1.235,PASS,0
LOT_044_DIE_04093,LOT_044,125.34,3.629,504.34,14.624,2.651,0.6984,15.035,2.678,0.693,15.79,16.487,2.642,0.6892,97.27,48.21,1.355,PASS,0
LOT_045_DIE_04094,LOT_045,124.03,3.625,494.64,8.352,2.574,0.7082,8.903,2.593,0.7049,9.677,9.953,2.65,0.7009,101.37,45.21,1.062,PASS,0
LOT_046_DIE_04095,LOT_046,125.72,3.568,475.0,15.236,2.939,0.7261,29.631,3.355,0.7004,62.306,98.141,4.752,0.6448,117.8,34.06,1.432,LATENT_DRIFT_RUNAWAY,1
LOT_047_DIE_04096,LOT_047,125.04,3.592,509.61,10.733,2.322,0.7052,11.138,2.348,0.701,11.504,12.064,2.357,0.6992,96.66,44.63,1.307,PASS,0
LOT_048_DIE_04097,LOT_048,124.74,3.677,484.81,14.181,2.513,0.6946,14.57,2.552,0.6929,15.347,15.826,2.567,0.6858,100.47,45.06,1.238,PASS,0
LOT_049_DIE_04098,LOT_049,123.8,3.642,472.5,13.054,2.271,0.6811,13.112,2.297,0.6785,13.774,14.755,2.314,0.6753,99.79,46.76,1.332,PASS,0
LOT_050_DIE_04099,LOT_050,123.1,3.593,489.55,10.953,2.413,0.6826,11.587,2.439,0.6801,12.836,13.371,2.443,0.6725,94.41,47.57,1.189,PASS,0
LOT_001_DIE_04100,LOT_001,124.94,3.635,487.82,11.048,3.058,0.7124,25.312,3.414,0.6962,43.573,81.278,4.317,0.6589,115.19,32.17,1.099,THERMAL_VOLTAGE_STRESS_FAILURE,1
LOT_002_DIE_04101,LOT_002,125.44,3.619,503.3,16.341,2.75,0.7321,16.477,2.763,0.7309,17.154,17.585,2.829,0.721,109.09,47.11,1.396,PASS,0
LOT_003_DIE_04102,LOT_003,125.59,3.581,493.79,11.567,2.565,0.7386,11.849,2.577,0.7354,12.643,13.365,2.621,0.7316,90.46,46.47,1.246,PASS,0
LOT_004_DIE_04103,LOT_004,125.67,3.609,512.29,10.013,2.501,0.7635,10.625,2.528,0.7611,11.733,12.093,2.563,0.7536,95.81,42.9,1.252,PASS,0
LOT_005_DIE_04104,LOT_005,126.32,3.612,502.83,11.365,2.832,0.7355,27.337,3.199,0.7212,56.459,81.336,4.168,0.6999,105.93,39.55,1.302,THERMAL_VOLTAGE_STRESS_FAILURE,1
LOT_006_DIE_04105,LOT_006,125.12,3.545,496.54,9.519,2.22,0.7417,10.046,2.226,0.7379,10.458,11.327,2.267,0.7302,102.96,47.67,1.109,PASS,0
LOT_007_DIE_04106,LOT_007,125.48,3.581,487.92,8.256,2.439,0.656,8.926,2.448,0.6524,9.631,10.283,2.535,0.652,103.04,44.96,1.219,PASS,0
LOT_008_DIE_04107,LOT_008,124.67,3.608,518.26,11.956,2.278,0.6686,12.354,2.292,0.6646,12.716,12.902,2.32,0.6604,102.77,44.1,1.129,PASS,0
LOT_009_DIE_04108,LOT_009,125.54,3.593,506.56,13.474,2.438,0.6638,13.765,2.457,0.66,14.637,15.074,2.488,0.6543,104.68,43.77,1.361,PASS,0
LOT_010_DIE_04109,LOT_010,123.33,3.565,451.83,13.402,2.372,0.6656,13.775,2.393,0.6634,14.205,15.161,2.424,0.6615,89.42,40.66,1.082,PASS,0
LOT_011_DIE_04110,LOT_011,126.36,3.582,485.42,8.994,2.571,0.6877,9.272,2.581,0.6836,10.315,11.065,2.623,0.6803,100.84,46.75,1.175,PASS,0
LOT_012_DIE_04111,LOT_012,124.52,3.529,479.51,14.672,2.349,0.6961,29.083,2.673,0.6805,51.463,101.777,3.494,0.6335,108.78,40.22,1.266,LATENT_DRIFT_RUNAWAY,1
LOT_013_DIE_04112,LOT_013,123.62,3.569,503.82,15.949,2.217,0.7166,16.487,2.233,0.7146,16.877,16.943,2.273,0.7084,98.05,40.19,1.385,PASS,0
LOT_014_DIE_04113,LOT_014,125.77,3.502,504.43,9.774,2.376,0.7092,10.169,2.397,0.7069,10.964,11.607,2.43,0.6983,96.72,46.45,1.231,PASS,0
LOT_015_DIE_04114,LOT_015,125.35,3.613,511.31,8.088,2.633,0.7072,8.28,2.634,0.7034,8.568,9.215,2.671,0.6993,102.81,45.16,1.282,PASS,0
LOT_016_DIE_04115,LOT_016,124.71,3.539,503.87,10.172,2.427,0.697,10.688,2.443,0.6937,11.353,11.863,2.503,0.6866,101.76,48.46,1.267,PASS,0
LOT_017_DIE_04116,LOT_017,124.29,3.512,509.38,10.126,2.45,0.6997,10.565,2.467,0.6974,11.184,11.747,2.486,0.6868,103.88,42.04,1.382,PASS,0
LOT_018_DIE_04117,LOT_018,126.17,3.634,498.5,11.989,2.386,0.7295,12.329,2.416,0.7253,13.206,13.878,2.457,0.7226,92.26,44.5,1.328,PASS,0
LOT_019_DIE_04118,LOT_019,126.59,3.583,508.76,10.539,2.678,0.677,10.872,2.71,0.6742,11.791,11.905,2.688,0.6688,105.15,46.62,1.217,PASS,0
LOT_020_DIE_04119,LOT_020,125.61,3.61,499.69,8.875,2.434,0.7418,9.674,2.445,0.7399,10.395,11.035,2.467,0.7338,102.59,47.37,1.164,PASS,0
LOT_021_DIE_04120,LOT_021,125.54,3.606,511.51,10.053,2.451,0.7069,10.369,2.478,0.7041,11.812,12.009,2.482,0.7003,105.7,40.64,0.996,PASS,0
LOT_022_DIE_04121,LOT_022,125.57,3.655,511.94,8.755,2.414,0.6814,9.345,2.41,0.6791,10.422,10.154,2.459,0.6759,102.15,43.13,1.366,PASS,0
LOT_023_DIE_04122,LOT_023,124.47,3.592,488.92,10.577,2.434,0.6779,11.061,2.475,0.675,11.828,12.636,2.477,0.6677,99.78,44.71,1.285,PASS,0
LOT_024_DIE_04123,LOT_024,124.75,3.572,505.9,10.523,2.41,0.7097,10.804,2.444,0.7049,11.723,12.46,2.431,0.7068,93.31,48.65,1.399,PASS,0
LOT_025_DIE_04124,LOT_025,125.83,3.633,484.27,11.813,2.345,0.7284,12.364,2.365,0.7239,13.22,13.776,2.401,0.7247,99.8,44.17,1.096,PASS,0
LOT_026_DIE_04125,LOT_026,127.54,3.592,502.78,13.712,2.591,0.7216,14.118,2.6,0.7176,14.713,15.144,2.667,0.7144,99.3,39.88,1.101,PASS,0
LOT_027_DIE_04126,LOT_027,124.45,3.573,522.74,42.404,4.22,0.663,53.98,5.254,0.6193,90.99,127.267,7.653,0.5596,112.12,39.36,1.38,LATENT_CONTEXTUAL_OUTLIER,1
LOT_028_DIE_04127,LOT_028,125.98,3.563,518.87,13.333,2.684,0.6528,13.518,2.681,0.6508,14.598,14.664,2.724,0.6422,101.91,43.8,1.293,PASS,0
LOT_029_DIE_04128,LOT_029,125.34,3.557,494.55,12.628,2.434,0.7235,12.919,2.458,0.7215,13.573,14.15,2.482,0.7154,98.91,46.13,1.149,PASS,0
LOT_030_DIE_04129,LOT_030,125.17,3.677,499.62,9.043,2.445,0.6989,9.311,2.47,0.6953,9.902,10.347,2.506,0.6917,98.89,48.12,1.224,PASS,0
LOT_031_DIE_04130,LOT_031,124.19,3.657,501.28,11.904,2.604,0.7225,12.447,2.622,0.7194,13.299,13.228,2.651,0.7141,98.68,45.9,1.435,PASS,0
LOT_032_DIE_04131,LOT_032,127.46,3.544,503.06,10.873,2.353,0.7234,11.535,2.38,0.72,12.348,12.757,2.392,0.714,102.17,47.12,1.326,PASS,0
LOT_033_DIE_04132,LOT_033,125.67,3.68,490.1,6.696,2.618,0.6941,7.243,2.642,0.6916,8.134,8.934,2.664,0.6887,94.07,46.46,1.231,PASS,0
LOT_034_DIE_04133,LOT_034,123.46,3.643,501.3,14.187,2.628,0.7008,14.624,2.637,0.6979,15.508,16.342,2.646,0.6932,109.09,42.37,1.174,PASS,0
LOT_035_DIE_04134,LOT_035,124.95,3.637,503.37,15.179,2.312,0.719,15.603,2.325,0.7163,16.53,16.898,2.315,0.7103,102.85,48.47,1.212,PASS,0
LOT_036_DIE_04135,LOT_036,123.34,3.587,497.17,12.945,2.52,0.7097,13.211,2.519,0.7056,14.092,14.757,2.57,0.6995,101.02,41.12,1.382,PASS,0
LOT_037_DIE_04136,LOT_037,128.46,3.612,515.84,10.932,2.571,0.7123,11.272,2.586,0.7087,12.46,12.672,2.608,0.7038,99.79,49.15,1.087,PASS,0
LOT_038_DIE_04137,LOT_038,124.44,3.497,517.1,9.23,2.363,0.7043,9.677,2.379,0.7014,10.848,11.52,2.395,0.6954,93.79,46.54,1.208,PASS,0
LOT_039_DIE_04138,LOT_039,124.61,3.575,503.33,13.348,2.42,0.7032,13.675,2.43,0.6987,14.475,15.161,2.49,0.6949,111.02,42.48,1.291,PASS,0
LOT_040_DIE_04139,LOT_040,125.71,3.652,520.57,10.415,2.589,0.6917,10.738,2.607,0.6878,11.35,11.532,2.638,0.6816,98.57,44.79,1.302,PASS,0
LOT_041_DIE_04140,LOT_041,125.02,3.655,512.23,9.603,2.741,0.6957,9.888,2.753,0.6932,10.976,11.149,2.832,0.6881,93.26,47.35,1.244,PASS,0
LOT_042_DIE_04141,LOT_042,126.79,3.565,493.09,10.099,2.484,0.7077,10.708,2.505,0.7042,11.505,11.996,2.541,0.7019,93.37,42.88,1.353,PASS,0
LOT_043_DIE_04142,LOT_043,125.34,3.617,496.26,9.858,2.423,0.7268,10.307,2.432,0.7222,11.25,11.91,2.466,0.7186,95.3,43.46,1.174,PASS,0
LOT_044_DIE_04143,LOT_044,125.13,3.57,511.46,14.708,2.438,0.6879,15.223,2.459,0.6852,16.056,16.662,2.511,0.6787,96.45,42.96,1.356,PASS,0
LOT_045_DIE_04144,LOT_045,123.25,3.691,490.55,9.575,2.501,0.6928,9.976,2.528,0.6896,10.905,11.514,2.514,0.6861,102.24,47.31,1.303,PASS,0
LOT_046_DIE_04145,LOT_046,126.68,3.607,476.56,13.739,2.57,0.6994,14.18,2.611,0.6972,14.976,16.053,2.595,0.6935,109.73,47.84,1.183,PASS,0
LOT_047_DIE_04146,LOT_047,123.52,3.54,508.5,10.591,2.446,0.7334,11.28,2.464,0.7316,11.699,12.563,2.489,0.7254,91.72,45.7,1.176,PASS,0
LOT_048_DIE_04147,LOT_048,125.86,3.558,489.78,13.635,2.408,0.7018,14.433,2.445,0.6997,15.269,15.605,2.474,0.6913,106.45,45.14,1.327,PASS,0
LOT_049_DIE_04148,LOT_049,124.44,3.626,508.08,9.904,2.411,0.6661,10.576,2.44,0.6649,11.007,11.875,2.458,0.6585,101.64,46.1,1.336,PASS,0
LOT_050_DIE_04149,LOT_050,125.23,3.554,501.97,9.931,2.406,0.6857,10.087,2.402,0.6827,10.853,11.584,2.468,0.677,108.7,45.44,1.272,PASS,0
LOT_001_DIE_04150,LOT_001,125.32,3.575,485.96,8.716,2.517,0.7268,8.994,2.527,0.7251,9.98,10.882,2.578,0.7204,96.71,47.04,1.187,PASS,0
LOT_002_DIE_04151,LOT_002,123.44,3.611,473.71,12.491,2.292,0.7027,12.922,2.31,0.7008,13.571,14.217,2.343,0.6966,103.13,49.34,1.151,PASS,0
LOT_003_DIE_04152,LOT_003,127.77,3.594,488.86,13.204,2.402,0.7516,13.854,2.432,0.7494,14.598,15.515,2.464,0.7452,108.35,46.99,1.285,PASS,0
LOT_004_DIE_04153,LOT_004,126.38,3.717,485.63,11.273,2.44,0.7121,11.914,2.468,0.7076,12.668,12.847,2.524,0.7056,96.5,45.65,1.297,PASS,0
LOT_005_DIE_04154,LOT_005,125.39,3.555,512.41,11.411,2.35,0.7017,11.52,2.366,0.6989,12.053,12.307,2.384,0.696,94.99,46.74,1.032,PASS,0
LOT_006_DIE_04155,LOT_006,126.11,3.631,506.13,6.938,2.465,0.7195,7.509,2.475,0.7167,8.605,8.801,2.502,0.71,106.15,49.02,1.201,PASS,0
LOT_007_DIE_04156,LOT_007,124.31,3.587,492.99,9.778,2.657,0.6975,9.99,2.673,0.6946,10.734,11.216,2.661,0.6895,107.13,47.52,1.216,PASS,0
LOT_008_DIE_04157,LOT_008,123.66,3.637,514.98,13.664,2.378,0.6795,13.969,2.387,0.6763,14.822,15.501,2.412,0.6695,104.68,45.88,1.182,PASS,0
LOT_009_DIE_04158,LOT_009,124.71,3.583,506.34,12.94,2.842,0.6678,13.561,2.866,0.6636,13.941,14.565,2.902,0.6607,96.98,45.78,1.254,PASS,0
LOT_010_DIE_04159,LOT_010,124.45,3.608,491.42,11.694,2.329,0.6969,11.974,2.348,0.6946,12.817,13.079,2.399,0.688,107.13,43.41,1.297,PASS,0
LOT_011_DIE_04160,LOT_011,124.5,3.592,485.92,10.872,2.908,0.7046,25.098,3.278,0.6887,54.952,97.325,4.413,0.6533,117.6,37.67,1.275,THERMAL_VOLTAGE_STRESS_FAILURE,1
LOT_012_DIE_04161,LOT_012,125.08,3.546,501.3,16.063,2.513,0.7041,16.552,2.527,0.6998,16.83,17.049,2.549,0.6954,93.62,41.56,1.147,PASS,0
LOT_013_DIE_04162,LOT_013,125.22,3.598,510.39,11.444,2.587,0.7116,11.847,2.615,0.7089,12.157,13.043,2.671,0.7042,101.37,46.45,1.161,PASS,0
LOT_014_DIE_04163,LOT_014,126.24,3.621,505.35,11.554,2.578,0.7357,11.808,2.622,0.7318,12.602,13.182,2.643,0.7253,94.85,48.18,1.244,PASS,0
LOT_015_DIE_04164,LOT_015,124.23,3.614,503.7,8.14,2.509,0.7239,8.347,2.518,0.7228,8.495,9.379,2.578,0.7122,103.12,48.5,1.388,PASS,0
LOT_016_DIE_04165,LOT_016,124.11,3.626,524.55,10.148,2.379,0.696,10.54,2.387,0.6925,11.603,12.17,2.44,0.6896,104.19,42.02,1.29,PASS,0
LOT_017_DIE_04166,LOT_017,125.18,3.649,516.25,10.358,2.472,0.7063,10.66,2.48,0.7024,11.586,12.56,2.492,0.6969,94.63,46.75,1.237,PASS,0
LOT_018_DIE_04167,LOT_018,126.25,3.626,484.04,12.528,2.497,0.7198,13.063,2.498,0.7159,13.453,14.144,2.517,0.7126,105.11,49.75,1.177,PASS,0
LOT_019_DIE_04168,LOT_019,123.89,3.596,517.38,11.098,2.693,0.6687,11.708,2.714,0.6653,12.445,13.145,2.733,0.6612,103.32,39.88,1.212,PASS,0
LOT_020_DIE_04169,LOT_020,125.66,3.553,515.86,12.282,2.651,0.7392,12.827,2.664,0.7356,13.659,14.249,2.681,0.7345,100.31,45.0,1.166,PASS,0
LOT_021_DIE_04170,LOT_021,122.72,3.548,503.74,12.96,2.493,0.7367,13.524,2.498,0.7331,14.821,14.67,2.582,0.7276,113.3,38.37,1.183,PASS,0
LOT_022_DIE_04171,LOT_022,123.21,3.591,511.04,8.563,2.213,0.7008,9.001,2.234,0.6979,10.011,10.312,2.228,0.6945,111.74,50.18,1.227,PASS,0
LOT_023_DIE_04172,LOT_023,124.35,3.54,495.15,11.616,2.576,0.689,12.089,2.593,0.6873,13.168,13.661,2.607,0.6847,106.31,46.77,1.286,PASS,0
LOT_024_DIE_04173,LOT_024,123.74,3.605,478.38,10.731,2.486,0.7565,11.25,2.493,0.7544,12.228,12.331,2.565,0.7496,108.31,43.92,1.328,PASS,0
LOT_025_DIE_04174,LOT_025,125.66,3.584,502.06,10.254,2.43,0.7287,10.507,2.459,0.7252,12.171,12.812,2.488,0.7218,94.06,45.09,1.275,PASS,0
LOT_026_DIE_04175,LOT_026,126.9,3.692,495.76,12.205,2.328,0.723,12.5,2.345,0.72,13.43,13.982,2.381,0.7131,99.56,44.16,1.298,PASS,0
LOT_027_DIE_04176,LOT_027,125.27,3.667,517.82,9.641,2.623,0.7167,9.803,2.634,0.7135,11.195,11.588,2.689,0.7054,104.35,47.31,1.055,PASS,0
LOT_028_DIE_04177,LOT_028,124.76,3.59,517.15,15.184,2.92,0.6679,28.004,3.361,0.6502,46.122,74.784,4.427,0.6043,109.0,36.49,1.14,THERMAL_VOLTAGE_STRESS_FAILURE,1
LOT_029_DIE_04178,LOT_029,123.81,3.56,486.52,11.858,2.512,0.6974,12.201,2.532,0.6958,13.162,13.784,2.559,0.6904,107.57,44.75,1.147,PASS,0
LOT_030_DIE_04179,LOT_030,126.73,3.59,504.9,9.385,2.5,0.6753,9.797,2.526,0.6718,10.889,11.888,2.549,0.6694,103.48,41.82,1.295,PASS,0
LOT_031_DIE_04180,LOT_031,128.66,3.573,496.85,11.227,2.217,0.7609,11.628,2.226,0.7583,12.518,13.172,2.268,0.7526,104.34,46.03,1.357,PASS,0
LOT_032_DIE_04181,LOT_032,125.09,3.62,504.76,7.896,2.578,0.7088,8.294,2.607,0.7061,8.905,10.072,2.627,0.6996,104.57,44.2,1.158,PASS,0
LOT_033_DIE_04182,LOT_033,123.56,3.537,503.53,11.003,2.304,0.6722,11.416,2.325,0.6683,11.983,12.882,2.35,0.6657,91.13,45.75,1.266,PASS,0
LOT_034_DIE_04183,LOT_034,124.47,3.645,492.7,15.948,2.358,0.6592,16.636,2.384,0.6573,17.719,18.231,2.423,0.652,98.31,41.36,1.194,PASS,0
LOT_035_DIE_04184,LOT_035,125.76,3.518,505.85,15.419,2.204,0.7095,15.616,2.219,0.7051,16.348,16.754,2.232,0.6987,100.79,42.0,1.181,PASS,0
LOT_036_DIE_04185,LOT_036,124.09,3.649,479.92,11.758,2.403,0.6959,12.128,2.447,0.6933,12.387,13.597,2.419,0.6911,97.36,41.62,1.286,PASS,0
LOT_037_DIE_04186,LOT_037,124.45,3.658,492.06,10.266,2.301,0.7223,10.824,2.327,0.7187,11.322,11.72,2.351,0.7179,100.44,46.86,1.2,PASS,0
LOT_038_DIE_04187,LOT_038,124.03,3.642,521.02,9.478,2.423,0.7164,9.693,2.436,0.7126,10.711,11.43,2.488,0.7083,99.14,42.34,1.297,PASS,0
LOT_039_DIE_04188,LOT_039,125.92,3.66,476.18,13.353,2.215,0.7382,13.877,2.229,0.7362,14.789,16.091,2.251,0.7303,96.27,45.95,1.324,PASS,0
LOT_040_DIE_04189,LOT_040,125.12,3.609,521.61,10.945,2.226,0.7094,11.676,2.225,0.7065,12.848,13.316,2.26,0.6985,111.33,39.42,1.283,PASS,0
LOT_041_DIE_04190,LOT_041,127.65,3.582,519.09,9.403,2.613,0.6885,9.669,2.632,0.6847,10.088,11.204,2.695,0.6823,102.88,45.63,1.341,PASS,0
LOT_042_DIE_04191,LOT_042,125.07,3.644,485.88,11.803,2.722,0.7161,12.19,2.734,0.7138,12.83,13.318,2.762,0.709,106.88,42.13,1.164,PASS,0
LOT_043_DIE_04192,LOT_043,123.44,3.628,508.16,8.678,2.193,0.7226,9.264,2.199,0.7193,10.173,10.742,2.208,0.7165,97.53,45.89,1.219,PASS,0
LOT_044_DIE_04193,LOT_044,124.09,3.627,476.34,12.328,2.409,0.6962,12.549,2.411,0.6954,13.3,14.236,2.431,0.6867,98.81,45.31,1.259,PASS,0
LOT_045_DIE_04194,LOT_045,126.15,3.577,488.14,13.379,2.405,0.7349,14.014,2.413,0.7323,14.809,15.563,2.441,0.7286,100.84,45.5,1.255,PASS,0
LOT_046_DIE_04195,LOT_046,123.95,3.597,479.08,12.54,2.452,0.7124,13.015,2.487,0.7107,13.115,13.331,2.466,0.7049,101.29,43.74,1.311,PASS,0
LOT_047_DIE_04196,LOT_047,122.98,3.618,522.78,10.521,2.346,0.748,11.124,2.37,0.7441,12.357,12.593,2.377,0.7388,108.7,49.1,1.315,PASS,0
LOT_048_DIE_04197,LOT_048,125.01,3.681,501.05,10.205,2.613,0.714,10.588,2.635,0.7106,11.4,12.066,2.608,0.7054,93.72,39.87,1.118,PASS,0
LOT_049_DIE_04198,LOT_049,125.14,3.644,497.39,10.238,2.331,0.7019,10.654,2.34,0.699,11.229,12.119,2.393,0.7,100.88,41.66,1.187,PASS,0
LOT_050_DIE_04199,LOT_050,124.49,3.611,496.41,9.701,2.436,0.6712,10.316,2.44,0.668,10.995,11.461,2.474,0.6617,97.25,46.06,1.214,PASS,0
LOT_001_DIE_04200,LOT_001,125.33,3.582,477.42,11.131,2.49,0.7365,11.443,2.508,0.7338,12.387,12.644,2.527,0.7262,99.89,45.74,1.257,PASS,0
LOT_002_DIE_04201,LOT_002,125.54,3.599,500.61,16.123,2.209,0.7197,16.674,2.224,0.7171,17.709,18.718,2.251,0.714,100.79,43.84,1.16,PASS,0
LOT_003_DIE_04202,LOT_003,124.69,3.583,518.33,13.469,2.707,0.7354,13.929,2.718,0.7322,14.949,15.094,2.76,0.7267,105.9,47.27,1.084,PASS,0
LOT_004_DIE_04203,LOT_004,125.15,3.519,479.45,12.493,2.38,0.7298,12.881,2.399,0.7277,13.62,14.162,2.426,0.7217,95.62,45.84,1.349,PASS,0
LOT_005_DIE_04204,LOT_005,122.95,3.591,515.79,9.84,2.37,0.7354,10.637,2.396,0.7324,11.293,11.759,2.42,0.7284,104.19,44.23,1.198,PASS,0
LOT_006_DIE_04205,LOT_006,124.02,3.526,493.66,9.238,2.308,0.7265,9.574,2.335,0.7253,10.789,11.377,2.364,0.7199,95.1,40.23,1.276,PASS,0
LOT_007_DIE_04206,LOT_007,124.19,3.6,485.23,7.612,2.603,0.6737,8.147,2.618,0.6694,8.585,9.168,2.688,0.6677,103.58,42.13,1.196,PASS,0
LOT_008_DIE_04207,LOT_008,124.63,3.577,510.23,12.299,2.574,0.6841,12.906,2.588,0.6805,13.706,14.581,2.602,0.6812,99.54,44.61,1.185,PASS,0
LOT_009_DIE_04208,LOT_009,123.78,3.606,498.21,10.888,2.264,0.6969,11.12,2.26,0.6954,12.005,12.647,2.314,0.69,109.28,48.74,1.389,PASS,0
LOT_010_DIE_04209,LOT_010,124.92,3.594,478.9,12.934,2.68,0.693,13.167,2.679,0.6891,14.203,15.372,2.728,0.6858,91.6,49.26,1.135,PASS,0
LOT_011_DIE_04210,LOT_011,126.11,3.577,473.72,7.965,2.486,0.7171,8.543,2.492,0.7117,9.144,9.784,2.522,0.7082,98.74,41.52,1.266,PASS,0
LOT_012_DIE_04211,LOT_012,124.99,3.537,483.84,13.609,2.591,0.7008,13.796,2.619,0.6975,14.441,15.557,2.648,0.6919,101.41,46.89,1.23,PASS,0
LOT_013_DIE_04212,LOT_013,125.05,3.548,508.03,14.128,2.71,0.7238,14.519,2.743,0.7202,14.918,15.424,2.771,0.7169,95.23,48.78,1.242,PASS,0
LOT_014_DIE_04213,LOT_014,124.39,3.586,515.52,7.913,2.436,0.7068,8.139,2.467,0.7041,8.909,9.212,2.489,0.7024,104.35,40.9,1.327,PASS,0
LOT_015_DIE_04214,LOT_015,125.44,3.513,516.08,9.848,2.309,0.6888,10.316,2.336,0.6853,10.563,10.943,2.374,0.6806,99.3,41.9,1.172,PASS,0
LOT_016_DIE_04215,LOT_016,126.7,3.596,514.14,10.367,2.443,0.713,10.465,2.458,0.7127,11.25,11.806,2.503,0.705,100.06,43.19,1.289,PASS,0
LOT_017_DIE_04216,LOT_017,123.23,3.69,521.92,10.283,2.51,0.6785,10.687,2.529,0.6752,11.179,11.684,2.575,0.6693,97.73,40.9,1.303,PASS,0
LOT_018_DIE_04217,LOT_018,124.67,3.609,493.36,14.998,2.494,0.7344,15.485,2.517,0.7328,15.818,16.877,2.554,0.7259,97.05,48.93,1.367,PASS,0
LOT_019_DIE_04218,LOT_019,125.03,3.591,532.89,11.39,2.661,0.688,11.503,2.672,0.6849,12.776,12.927,2.699,0.6833,95.39,47.96,1.228,PASS,0
LOT_020_DIE_04219,LOT_020,127.8,3.559,499.2,10.905,2.325,0.7445,25.229,2.982,0.7258,57.77,98.346,4.744,0.688,112.82,35.4,1.179,LATENT_DRIFT_RUNAWAY,1
LOT_021_DIE_04220,LOT_021,124.91,3.572,515.71,13.105,2.487,0.7511,13.599,2.512,0.7484,13.993,14.3,2.554,0.7449,104.18,47.27,1.121,PASS,0
LOT_022_DIE_04221,LOT_022,125.72,3.639,528.69,10.051,2.233,0.6675,10.193,2.249,0.6631,10.909,11.201,2.271,0.6593,101.26,45.37,1.131,PASS,0
LOT_023_DIE_04222,LOT_023,125.2,3.589,495.81,11.921,2.599,0.6968,12.208,2.614,0.6937,13.045,13.752,2.685,0.6901,96.68,45.74,1.145,PASS,0
LOT_024_DIE_04223,LOT_024,123.95,3.644,469.66,9.97,2.468,0.7242,10.418,2.497,0.7195,11.59,12.125,2.497,0.7164,101.67,47.58,1.204,PASS,0
LOT_025_DIE_04224,LOT_025,125.65,3.585,507.91,10.203,2.569,0.7028,10.682,2.594,0.7,11.504,11.88,2.637,0.693,101.78,46.88,1.234,PASS,0
LOT_026_DIE_04225,LOT_026,123.15,3.642,497.27,13.891,2.525,0.7212,14.553,2.542,0.7175,15.317,15.449,2.563,0.711,100.91,46.58,1.274,PASS,0
LOT_027_DIE_04226,LOT_027,125.26,3.582,505.73,7.282,2.58,0.7282,7.865,2.606,0.7238,8.444,9.028,2.62,0.7236,101.92,47.22,1.291,PASS,0
LOT_028_DIE_04227,LOT_028,125.75,3.632,512.74,12.189,2.395,0.709,12.227,2.434,0.7075,13.125,13.259,2.456,0.7001,100.35,42.58,1.308,PASS,0
LOT_029_DIE_04228,LOT_029,124.8,3.597,475.64,11.214,2.433,0.6911,11.975,2.452,0.6871,12.972,13.708,2.458,0.6826,98.42,47.1,1.221,PASS,0
LOT_030_DIE_04229,LOT_030,124.87,3.54,487.46,9.188,2.576,0.6946,9.343,2.589,0.6922,9.782,10.42,2.611,0.6871,101.55,42.77,1.262,PASS,0
LOT_031_DIE_04230,LOT_031,124.6,3.616,495.01,13.007,2.501,0.7091,13.385,2.528,0.7056,14.117,14.451,2.555,0.7021,103.47,42.78,1.15,PASS,0
LOT_032_DIE_04231,LOT_032,126.28,3.638,481.9,11.528,2.633,0.6853,11.695,2.666,0.6801,12.581,13.791,2.672,0.6764,97.91,45.32,1.284,PASS,0
LOT_033_DIE_04232,LOT_033,126.26,3.59,475.24,8.68,2.404,0.7048,9.318,2.412,0.7036,10.377,11.398,2.429,0.6988,96.56,48.71,1.281,PASS,0
LOT_034_DIE_04233,LOT_034,125.18,3.608,512.37,15.345,2.562,0.6757,15.51,2.587,0.6723,16.106,16.812,2.585,0.6687,110.91,50.11,1.164,PASS,0
LOT_035_DIE_04234,LOT_035,124.15,3.567,518.14,15.134,2.505,0.6743,15.672,2.525,0.6715,16.448,17.25,2.533,0.6651,92.72,41.42,1.436,PASS,0
LOT_036_DIE_04235,LOT_036,124.47,3.561,484.61,15.114,2.633,0.6895,15.532,2.66,0.688,16.229,17.143,2.63,0.6822,100.09,39.04,1.219,PASS,0
LOT_037_DIE_04236,LOT_037,125.23,3.619,500.25,8.701,2.697,0.7233,9.103,2.715,0.7217,10.339,11.107,2.733,0.7191,91.67,46.5,1.115,PASS,0
LOT_038_DIE_04237,LOT_038,123.67,3.622,507.1,10.215,2.261,0.7104,10.247,2.272,0.7066,11.35,12.247,2.297,0.6989,104.02,41.35,1.188,PASS,0
LOT_039_DIE_04238,LOT_039,122.18,3.617,496.86,11.229,2.709,0.7202,12.101,2.743,0.7162,12.526,13.313,2.765,0.7128,97.18,41.06,1.335,PASS,0
LOT_040_DIE_04239,LOT_040,123.35,3.64,514.4,10.623,2.454,0.7375,11.12,2.482,0.733,11.915,12.346,2.478,0.7303,98.5,43.95,1.343,PASS,0
LOT_041_DIE_04240,LOT_041,124.59,3.613,518.94,9.031,2.51,0.6762,8.952,2.53,0.6734,9.535,10.261,2.578,0.6686,102.62,46.1,1.27,PASS,0
LOT_042_DIE_04241,LOT_042,125.99,3.581,490.8,11.315,2.083,0.7113,11.57,2.105,0.7086,12.691,13.247,2.153,0.7026,105.34,44.64,1.27,PASS,0
LOT_043_DIE_04242,LOT_043,123.64,3.646,515.96,8.315,2.48,0.7201,9.184,2.509,0.7179,9.17,10.09,2.522,0.7116,104.47,40.51,1.181,PASS,0
LOT_044_DIE_04243,LOT_044,125.59,3.619,490.25,12.753,2.505,0.7074,13.14,2.519,0.7054,14.066,14.493,2.546,0.7001,96.41,42.74,1.367,PASS,0
LOT_045_DIE_04244,LOT_045,126.44,3.522,492.14,10.291,2.596,0.7507,21.103,3.094,0.7311,43.1,88.077,4.524,0.6723,112.5,36.53,1.085,LATENT_DRIFT_RUNAWAY,1
LOT_046_DIE_04245,LOT_046,124.85,3.609,482.4,12.687,2.729,0.6987,13.098,2.751,0.6944,13.868,14.696,2.764,0.6913,96.68,46.43,1.388,PASS,0
LOT_047_DIE_04246,LOT_047,123.37,3.66,505.83,8.971,2.634,0.7198,9.276,2.656,0.7165,10.071,10.862,2.697,0.7131,104.77,45.37,1.272,PASS,0
LOT_048_DIE_04247,LOT_048,122.84,3.648,489.77,11.579,2.361,0.7054,12.252,2.374,0.7037,13.515,14.359,2.4,0.6969,100.74,45.77,1.216,PASS,0
LOT_049_DIE_04248,LOT_049,125.81,3.554,490.45,43.427,3.414,0.629,61.134,4.279,0.5978,100.355,134.229,6.632,0.5091,122.05,30.19,1.293,LATENT_CONTEXTUAL_OUTLIER,1
LOT_050_DIE_04249,LOT_050,125.05,3.636,476.59,8.937,2.404,0.6922,9.265,2.441,0.6889,9.834,10.656,2.469,0.687,99.08,44.57,1.205,PASS,0
LOT_001_DIE_04250,LOT_001,125.81,3.588,489.86,9.367,2.585,0.7461,9.644,2.608,0.7419,10.176,11.002,2.616,0.7397,99.1,46.2,1.298,PASS,0
LOT_002_DIE_04251,LOT_002,124.0,3.614,503.71,15.474,2.237,0.7234,16.157,2.261,0.7223,16.909,17.58,2.302,0.7188,103.0,45.9,1.057,PASS,0
LOT_003_DIE_04252,LOT_003,123.67,3.549,490.86,12.538,2.571,0.7435,13.06,2.575,0.7403,14.287,14.821,2.62,0.7343,101.23,45.11,1.315,PASS,0
LOT_004_DIE_04253,LOT_004,125.16,3.541,497.97,11.115,2.595,0.7271,11.359,2.613,0.7249,12.556,13.446,2.619,0.7197,101.25,44.24,1.297,PASS,0
LOT_005_DIE_04254,LOT_005,125.4,3.634,511.67,11.153,2.598,0.7368,11.599,2.626,0.7335,12.394,12.958,2.637,0.7263,97.39,48.24,1.351,PASS,0
LOT_006_DIE_04255,LOT_006,125.11,3.601,496.93,8.66,2.382,0.7414,9.054,2.395,0.7385,9.557,10.446,2.433,0.7304,106.67,44.01,1.252,PASS,0
LOT_007_DIE_04256,LOT_007,124.38,3.581,500.47,6.489,2.354,0.6642,6.904,2.39,0.6606,7.754,8.369,2.42,0.6578,99.0,48.39,1.283,PASS,0
LOT_008_DIE_04257,LOT_008,123.94,3.609,504.15,14.925,2.52,0.6897,15.275,2.539,0.6882,16.509,16.983,2.585,0.6832,106.39,43.68,1.201,PASS,0
LOT_009_DIE_04258,LOT_009,125.63,3.614,502.74,12.449,2.468,0.6567,12.767,2.485,0.6536,13.294,13.934,2.5,0.6468,102.34,45.4,1.162,PASS,0
LOT_010_DIE_04259,LOT_010,124.59,3.61,454.96,10.87,2.473,0.6818,11.367,2.478,0.6768,11.985,12.747,2.525,0.6737,100.69,48.42,1.252,PASS,0
LOT_011_DIE_04260,LOT_011,124.94,3.65,492.25,7.356,2.669,0.6906,7.82,2.675,0.6856,8.294,8.585,2.681,0.6834,101.4,46.74,1.263,PASS,0
LOT_012_DIE_04261,LOT_012,125.83,3.624,481.31,17.166,2.397,0.6833,17.799,2.411,0.6799,17.953,18.698,2.448,0.6735,99.16,44.4,1.24,PASS,0
LOT_013_DIE_04262,LOT_013,124.89,3.598,497.45,14.031,2.386,0.7095,14.602,2.388,0.7059,15.534,16.023,2.431,0.701,105.75,45.28,1.227,PASS,0
LOT_014_DIE_04263,LOT_014,124.85,3.661,508.47,10.607,2.419,0.6958,10.839,2.451,0.6924,11.49,12.314,2.467,0.6849,98.03,43.02,1.339,PASS,0
LOT_015_DIE_04264,LOT_015,124.18,3.573,504.05,8.281,2.599,0.7009,8.779,2.609,0.6979,9.842,10.006,2.669,0.694,102.97,41.58,1.287,PASS,0
LOT_016_DIE_04265,LOT_016,123.62,3.605,515.44,9.441,2.49,0.6949,9.825,2.519,0.6908,10.544,11.248,2.548,0.6867,103.69,42.96,1.145,PASS,0
LOT_017_DIE_04266,LOT_017,124.16,3.645,517.77,10.226,2.404,0.6756,10.848,2.409,0.6733,11.653,11.776,2.427,0.6666,105.67,41.68,1.169,PASS,0
LOT_018_DIE_04267,LOT_018,124.6,3.623,489.32,13.522,2.924,0.7302,25.508,3.396,0.7141,51.915,78.247,4.292,0.6926,107.95,40.6,1.212,THERMAL_VOLTAGE_STRESS_FAILURE,1
LOT_019_DIE_04268,LOT_019,124.08,3.614,531.58,12.754,2.359,0.6856,13.215,2.394,0.6815,14.082,14.568,2.376,0.6769,103.04,45.93,1.247,PASS,0
LOT_020_DIE_04269,LOT_020,125.15,3.634,503.56,11.377,2.612,0.7501,18.806,3.138,0.7255,42.419,79.661,4.709,0.6667,112.93,37.65,1.162,LATENT_DRIFT_RUNAWAY,1
LOT_021_DIE_04270,LOT_021,123.26,3.607,500.91,13.106,2.497,0.7244,13.388,2.522,0.7213,14.641,15.056,2.588,0.7133,96.41,42.92,1.238,PASS,0
LOT_022_DIE_04271,LOT_022,123.02,3.63,510.1,9.369,2.669,0.6695,9.645,2.674,0.6679,10.786,11.05,2.728,0.6612,100.17,45.06,1.175,PASS,0
LOT_023_DIE_04272,LOT_023,122.52,3.565,519.42,10.429,2.238,0.6724,10.419,2.26,0.6692,11.285,11.882,2.287,0.6631,106.11,43.65,1.39,PASS,0
LOT_024_DIE_04273,LOT_024,126.1,3.564,481.03,8.598,2.566,0.7103,8.834,2.577,0.7069,9.413,10.052,2.65,0.7013,105.18,45.62,1.231,PASS,0
LOT_025_DIE_04274,LOT_025,124.43,3.639,490.21,10.484,2.328,0.7277,10.618,2.34,0.723,11.61,11.973,2.404,0.7197,106.07,49.12,1.272,PASS,0
LOT_026_DIE_04275,LOT_026,123.99,3.662,496.92,13.828,2.529,0.7377,14.302,2.55,0.7348,15.235,15.632,2.605,0.7316,96.1,48.77,1.291,PASS,0
LOT_027_DIE_04276,LOT_027,124.49,3.613,513.23,10.961,2.439,0.7405,11.532,2.461,0.7376,11.98,12.752,2.507,0.7339,100.64,42.99,1.075,PASS,0
LOT_028_DIE_04277,LOT_028,126.69,3.571,504.65,12.156,2.498,0.6825,12.7,2.497,0.6801,13.439,14.247,2.547,0.6737,100.38,48.62,1.283,PASS,0
LOT_029_DIE_04278,LOT_029,124.75,3.616,483.87,11.856,2.637,0.7116,12.145,2.633,0.7093,12.903,13.831,2.664,0.7018,111.55,48.88,1.215,PASS,0
LOT_030_DIE_04279,LOT_030,123.19,3.62,490.26,10.1,2.613,0.6944,10.676,2.625,0.6918,11.249,11.753,2.647,0.6878,87.56,43.32,1.282,PASS,0
LOT_031_DIE_04280,LOT_031,124.87,3.624,495.22,11.002,2.418,0.7453,11.66,2.423,0.743,12.539,13.011,2.492,0.7396,101.03,46.57,1.204,PASS,0
LOT_032_DIE_04281,LOT_032,124.81,3.617,486.76,9.735,2.576,0.7175,10.193,2.587,0.7146,11.142,11.161,2.591,0.7098,91.49,46.44,1.266,PASS,0
LOT_033_DIE_04282,LOT_033,125.47,3.583,492.8,10.479,2.347,0.7199,10.851,2.371,0.7159,11.147,11.882,2.402,0.7102,103.03,48.96,1.126,PASS,0
LOT_034_DIE_04283,LOT_034,123.84,3.519,487.45,14.842,2.485,0.6943,15.458,2.518,0.6915,16.263,16.936,2.526,0.6822,98.85,46.28,1.297,PASS,0
LOT_035_DIE_04284,LOT_035,123.13,3.602,528.75,13.31,2.503,0.6892,13.441,2.514,0.6834,14.367,14.812,2.53,0.6823,105.17,42.56,1.354,PASS,0
LOT_036_DIE_04285,LOT_036,125.18,3.561,496.64,15.235,2.465,0.6994,15.794,2.5,0.6953,16.196,16.941,2.503,0.6921,102.46,45.71,1.321,PASS,0
LOT_037_DIE_04286,LOT_037,124.42,3.65,496.98,10.297,2.551,0.7149,10.634,2.579,0.7107,11.225,11.957,2.589,0.708,100.43,41.56,1.35,PASS,0
LOT_038_DIE_04287,LOT_038,126.09,3.618,506.64,10.709,2.389,0.7133,11.102,2.438,0.7112,11.631,12.371,2.469,0.7034,101.57,44.4,1.229,PASS,0
LOT_039_DIE_04288,LOT_039,124.67,3.62,502.63,12.743,2.652,0.7486,13.027,2.655,0.7469,14.075,14.873,2.697,0.7404,103.18,48.74,1.22,PASS,0
LOT_040_DIE_04289,LOT_040,124.59,3.567,530.82,8.631,2.253,0.7028,9.153,2.265,0.7,10.399,10.779,2.27,0.6952,101.89,42.33,1.326,PASS,0
LOT_041_DIE_04290,LOT_041,124.32,3.565,529.6,8.854,2.494,0.7023,9.264,2.516,0.6986,9.707,10.113,2.533,0.6966,102.63,46.42,1.217,PASS,0
LOT_042_DIE_04291,LOT_042,124.2,3.62,489.9,11.482,2.213,0.7351,11.896,2.243,0.7326,13.15,13.644,2.246,0.7277,94.72,45.39,1.222,PASS,0
LOT_043_DIE_04292,LOT_043,123.8,3.664,504.76,8.796,2.472,0.7131,9.515,2.486,0.7087,10.348,10.466,2.531,0.7016,97.12,48.58,1.225,PASS,0
LOT_044_DIE_04293,LOT_044,123.37,3.64,484.81,17.48,2.108,0.707,17.913,2.129,0.7035,18.654,19.628,2.133,0.6995,94.93,44.3,1.252,PASS,0
LOT_045_DIE_04294,LOT_045,125.17,3.617,482.83,10.604,2.543,0.7364,10.912,2.548,0.7337,11.753,12.049,2.572,0.729,105.07,42.56,1.283,PASS,0
LOT_046_DIE_04295,LOT_046,125.14,3.642,474.45,13.248,2.389,0.7174,13.688,2.401,0.7139,14.462,14.896,2.456,0.7072,104.48,43.46,1.233,PASS,0
LOT_047_DIE_04296,LOT_047,123.89,3.642,497.4,13.051,2.445,0.7321,13.849,2.452,0.7292,14.89,15.611,2.49,0.7233,97.24,44.92,1.166,PASS,0
LOT_048_DIE_04297,LOT_048,125.74,3.59,514.28,43.812,3.684,0.6812,54.702,4.536,0.645,89.015,127.884,5.618,0.5725,113.55,36.69,1.249,LATENT_CONTEXTUAL_OUTLIER,1
LOT_049_DIE_04298,LOT_049,124.58,3.606,486.77,11.54,2.645,0.68,12.571,2.645,0.6777,13.561,13.716,2.698,0.6727,105.09,45.58,1.14,PASS,0
LOT_050_DIE_04299,LOT_050,124.2,3.638,490.0,8.467,2.488,0.6973,8.911,2.497,0.6942,9.576,9.929,2.574,0.6868,114.36,41.17,1.283,PASS,0
LOT_001_DIE_04300,LOT_001,124.68,3.562,485.49,8.361,2.549,0.7673,8.826,2.554,0.7636,9.496,10.081,2.621,0.7572,96.75,48.26,1.304,PASS,0
LOT_002_DIE_04301,LOT_002,124.13,3.592,496.41,14.855,2.63,0.7212,15.322,2.647,0.719,15.716,16.621,2.697,0.7161,99.0,43.02,1.331,PASS,0
LOT_003_DIE_04302,LOT_003,124.98,3.555,490.75,11.997,2.267,0.7676,12.274,2.293,0.7625,12.98,13.036,2.352,0.7615,103.11,46.16,1.319,PASS,0
LOT_004_DIE_04303,LOT_004,126.01,3.565,501.19,11.541,2.518,0.7291,12.021,2.543,0.7267,12.951,13.455,2.569,0.7229,108.64,43.35,1.386,PASS,0
LOT_005_DIE_04304,LOT_005,125.66,3.641,522.13,7.641,2.323,0.7154,7.906,2.331,0.7123,8.358,8.87,2.383,0.7064,93.91,39.62,1.179,PASS,0
LOT_006_DIE_04305,LOT_006,124.88,3.52,479.15,9.651,2.36,0.7243,10.13,2.385,0.7207,10.746,11.744,2.419,0.7174,98.33,47.22,1.308,PASS,0
LOT_007_DIE_04306,LOT_007,122.6,3.625,504.45,10.11,2.593,0.6824,10.567,2.62,0.6806,11.79,12.601,2.674,0.6748,107.37,44.98,1.319,PASS,0
LOT_008_DIE_04307,LOT_008,124.17,3.632,510.61,14.899,2.675,0.7159,15.626,2.719,0.7142,16.197,16.797,2.706,0.7057,101.17,45.55,1.31,PASS,0
LOT_009_DIE_04308,LOT_009,124.93,3.583,466.21,11.514,2.719,0.6877,11.861,2.749,0.684,13.272,13.898,2.799,0.6784,101.16,48.13,1.354,PASS,0
LOT_010_DIE_04309,LOT_010,124.67,3.637,498.87,17.549,2.813,0.7223,31.947,3.475,0.6998,65.823,94.231,4.831,0.6495,108.96,39.24,1.102,LATENT_DRIFT_RUNAWAY,1
LOT_011_DIE_04310,LOT_011,126.99,3.493,476.84,8.906,2.533,0.7231,9.061,2.547,0.72,10.241,10.993,2.575,0.7172,102.55,44.33,1.195,PASS,0
LOT_012_DIE_04311,LOT_012,124.46,3.589,480.02,15.603,2.466,0.6979,16.094,2.475,0.6935,17.171,17.95,2.495,0.693,100.74,45.4,1.148,PASS,0
LOT_013_DIE_04312,LOT_013,125.53,3.578,503.31,13.468,2.568,0.7225,13.911,2.589,0.7201,14.916,15.858,2.601,0.7138,102.82,44.82,1.154,PASS,0
LOT_014_DIE_04313,LOT_014,125.75,3.633,531.71,9.505,2.63,0.6806,9.785,2.651,0.6774,10.513,11.54,2.648,0.6723,90.05,41.37,1.219,PASS,0
LOT_015_DIE_04314,LOT_015,123.17,3.597,513.08,9.521,2.658,0.6951,10.002,2.684,0.6904,10.977,11.368,2.687,0.69,100.43,44.81,1.215,PASS,0
LOT_016_DIE_04315,LOT_016,124.15,3.653,508.34,8.006,2.81,0.7127,8.579,2.853,0.7093,8.896,9.653,2.867,0.7072,105.0,47.46,1.228,PASS,0
LOT_017_DIE_04316,LOT_017,123.99,3.621,512.85,10.488,2.601,0.7096,10.611,2.613,0.7057,11.213,11.847,2.643,0.7026,101.99,42.71,1.295,PASS,0
LOT_018_DIE_04317,LOT_018,124.82,3.656,501.21,11.924,2.265,0.7184,12.353,2.272,0.7161,13.194,13.735,2.316,0.7107,94.76,46.87,1.288,PASS,0
LOT_019_DIE_04318,LOT_019,125.39,3.56,529.3,9.297,2.38,0.673,9.531,2.409,0.6698,10.424,10.74,2.456,0.6692,103.29,47.79,1.135,PASS,0
LOT_020_DIE_04319,LOT_020,125.84,3.637,495.26,10.474,2.397,0.727,21.467,2.91,0.6972,50.141,88.715,3.748,0.6452,118.75,34.62,1.176,LATENT_DRIFT_RUNAWAY,1
LOT_021_DIE_04320,LOT_021,123.4,3.555,501.85,14.639,2.397,0.7217,15.188,2.396,0.7179,15.974,16.474,2.434,0.7151,96.14,45.02,1.214,PASS,0
LOT_022_DIE_04321,LOT_022,124.83,3.552,512.5,8.562,2.635,0.6898,8.922,2.643,0.6841,9.875,10.353,2.657,0.6848,97.26,42.83,1.416,PASS,0
LOT_023_DIE_04322,LOT_023,124.76,3.607,510.76,10.71,2.358,0.6597,10.765,2.367,0.6564,11.44,11.938,2.412,0.6512,104.53,45.53,1.208,PASS,0
LOT_024_DIE_04323,LOT_024,123.27,3.643,500.34,9.251,2.598,0.7035,9.702,2.607,0.6998,10.394,10.984,2.66,0.6972,98.73,48.58,1.363,PASS,0
LOT_025_DIE_04324,LOT_025,124.9,3.678,467.27,13.033,2.625,0.7377,13.532,2.628,0.7363,14.005,14.815,2.676,0.7298,97.8,43.79,1.203,PASS,0
LOT_026_DIE_04325,LOT_026,126.21,3.585,512.03,13.363,2.278,0.7274,13.765,2.303,0.7233,14.606,14.732,2.339,0.7214,98.46,44.71,1.284,PASS,0
LOT_027_DIE_04326,LOT_027,125.98,3.584,495.98,8.805,2.492,0.7276,9.197,2.52,0.726,9.977,10.278,2.548,0.7207,106.23,45.13,1.118,PASS,0
LOT_028_DIE_04327,LOT_028,125.15,3.578,511.7,12.199,2.616,0.6942,12.665,2.636,0.6917,13.63,13.604,2.666,0.6898,102.46,46.2,1.359,PASS,0
LOT_029_DIE_04328,LOT_029,125.3,3.567,470.05,14.878,2.67,0.6985,15.071,2.674,0.6949,15.937,16.744,2.73,0.6963,109.64,43.88,1.31,PASS,0
LOT_030_DIE_04329,LOT_030,124.58,3.652,487.97,11.496,2.484,0.695,11.725,2.495,0.692,12.828,13.109,2.492,0.6897,101.34,42.27,1.194,PASS,0
LOT_031_DIE_04330,LOT_031,124.4,3.616,497.86,12.454,2.53,0.7288,12.601,2.533,0.7281,13.457,14.094,2.574,0.7249,95.87,48.41,1.305,PASS,0
LOT_032_DIE_04331,LOT_032,127.41,3.558,476.56,7.646,3.057,0.7351,8.045,3.068,0.7315,8.698,9.24,3.124,0.7274,108.27,40.43,1.149,PASS,0
LOT_033_DIE_04332,LOT_033,125.1,3.628,488.67,4.436,2.612,0.7002,5.163,2.619,0.695,6.133,6.764,2.65,0.6982,100.88,43.45,1.246,PASS,0
LOT_034_DIE_04333,LOT_034,124.48,3.636,492.06,17.844,2.544,0.6749,18.39,2.588,0.6706,19.324,20.046,2.561,0.6662,98.59,45.81,1.089,PASS,0
LOT_035_DIE_04334,LOT_035,127.19,3.596,516.31,14.468,2.624,0.703,14.862,2.642,0.7019,15.801,16.213,2.652,0.691,100.97,42.37,1.245,PASS,0
LOT_036_DIE_04335,LOT_036,125.23,3.623,498.86,14.758,2.62,0.7143,15.124,2.635,0.7111,16.187,16.785,2.703,0.7033,95.7,47.8,1.228,PASS,0
LOT_037_DIE_04336,LOT_037,124.28,3.574,492.78,10.538,2.325,0.7242,10.656,2.34,0.7214,11.836,11.909,2.391,0.7159,110.44,47.13,1.101,PASS,0
LOT_038_DIE_04337,LOT_038,126.93,3.592,496.88,8.965,2.516,0.7495,9.166,2.545,0.7491,10.514,11.305,2.569,0.7419,98.05,44.24,1.228,PASS,0
LOT_039_DIE_04338,LOT_039,126.15,3.635,490.91,16.211,2.837,0.7236,29.907,3.311,0.7041,57.585,88.287,4.191,0.6755,112.46,40.05,1.231,THERMAL_VOLTAGE_STRESS_FAILURE,1
LOT_040_DIE_04339,LOT_040,127.04,3.605,522.26,12.678,2.524,0.6909,25.69,2.992,0.6696,47.221,76.467,4.449,0.6001,112.09,41.76,1.223,LATENT_DRIFT_RUNAWAY,1
LOT_041_DIE_04340,LOT_041,125.57,3.6,518.15,8.903,2.592,0.6718,9.154,2.604,0.6708,9.964,10.828,2.671,0.665,102.03,45.69,1.18,PASS,0
LOT_042_DIE_04341,LOT_042,125.09,3.62,486.31,9.34,2.68,0.7145,9.581,2.691,0.7129,10.418,11.16,2.741,0.7068,97.43,40.19,1.232,PASS,0
LOT_043_DIE_04342,LOT_043,124.93,3.643,502.59,8.338,2.638,0.7397,8.778,2.659,0.734,9.248,9.998,2.667,0.7324,101.65,46.17,1.324,PASS,0
LOT_044_DIE_04343,LOT_044,124.64,3.622,478.23,16.632,2.546,0.6978,17.31,2.549,0.6932,18.082,18.882,2.606,0.6925,105.14,41.1,1.346,PASS,0
LOT_045_DIE_04344,LOT_045,124.29,3.663,490.58,11.657,2.355,0.715,12.134,2.381,0.712,12.814,13.539,2.377,0.7075,99.58,43.62,1.183,PASS,0
LOT_046_DIE_04345,LOT_046,125.41,3.633,483.56,10.437,2.383,0.7162,10.907,2.411,0.7134,12.016,12.369,2.426,0.7055,94.64,46.2,1.269,PASS,0
LOT_047_DIE_04346,LOT_047,125.97,3.549,497.68,8.644,2.553,0.7195,9.224,2.57,0.7174,10.022,10.387,2.583,0.7127,103.66,47.18,1.29,PASS,0
LOT_048_DIE_04347,LOT_048,126.11,3.684,485.36,11.815,2.799,0.7164,12.367,2.802,0.7154,13.033,14.092,2.845,0.7097,95.63,43.67,1.135,PASS,0
LOT_049_DIE_04348,LOT_049,123.76,3.597,484.33,11.674,2.676,0.7082,12.331,2.703,0.7051,13.205,13.653,2.75,0.7032,108.79,45.48,1.244,PASS,0
LOT_050_DIE_04349,LOT_050,124.58,3.617,510.9,8.436,2.537,0.6914,8.82,2.56,0.6881,9.426,10.373,2.573,0.6812,92.6,45.83,1.152,PASS,0
LOT_001_DIE_04350,LOT_001,126.3,3.6,480.19,9.907,2.627,0.7236,10.334,2.65,0.7214,10.961,11.136,2.688,0.7128,98.07,40.32,1.065,PASS,0
LOT_002_DIE_04351,LOT_002,125.27,3.638,516.37,16.452,2.807,0.7006,16.591,2.829,0.6969,17.245,17.165,2.853,0.6915,94.48,45.46,1.309,PASS,0
LOT_003_DIE_04352,LOT_003,124.88,3.575,502.26,12.502,2.622,0.7673,13.217,2.654,0.7635,14.003,14.929,2.658,0.7611,107.15,45.68,1.246,PASS,0
LOT_004_DIE_04353,LOT_004,125.51,3.574,508.55,10.598,2.468,0.7276,11.303,2.477,0.7242,12.442,12.856,2.527,0.7208,96.46,43.62,1.245,PASS,0
LOT_005_DIE_04354,LOT_005,127.05,3.591,503.0,7.487,2.646,0.713,8.102,2.663,0.7104,9.183,10.179,2.679,0.704,103.04,43.78,1.266,PASS,0
LOT_006_DIE_04355,LOT_006,125.08,3.631,494.5,8.285,2.495,0.7539,8.936,2.505,0.7508,10.17,10.697,2.554,0.7424,92.96,47.91,1.247,PASS,0
LOT_007_DIE_04356,LOT_007,124.64,3.595,504.49,8.157,2.333,0.6805,8.591,2.347,0.6783,9.787,10.13,2.395,0.6698,100.3,46.99,1.412,PASS,0
LOT_008_DIE_04357,LOT_008,124.61,3.569,525.3,14.913,2.572,0.6964,15.367,2.606,0.6935,16.547,17.185,2.604,0.6848,98.02,45.99,1.063,PASS,0
LOT_009_DIE_04358,LOT_009,123.24,3.599,475.03,14.001,2.465,0.652,14.436,2.493,0.649,15.526,16.462,2.476,0.6458,100.13,43.23,1.343,PASS,0
LOT_010_DIE_04359,LOT_010,124.36,3.606,482.88,13.866,2.552,0.702,14.285,2.569,0.7017,15.354,15.971,2.572,0.6939,92.34,45.48,1.264,PASS,0
LOT_011_DIE_04360,LOT_011,125.85,3.619,508.48,4.74,2.61,0.6824,5.318,2.64,0.6816,5.94,6.73,2.652,0.6726,97.9,43.1,1.141,PASS,0
LOT_012_DIE_04361,LOT_012,123.96,3.575,478.35,12.475,2.504,0.6999,13.11,2.518,0.6989,13.952,14.711,2.517,0.6895,96.68,43.59,1.172,PASS,0
LOT_013_DIE_04362,LOT_013,125.0,3.634,519.4,14.713,2.684,0.7216,15.314,2.695,0.7186,15.545,16.298,2.729,0.7126,101.19,47.36,1.284,PASS,0
LOT_014_DIE_04363,LOT_014,126.04,3.587,529.53,10.025,2.463,0.7188,10.596,2.465,0.7155,11.01,12.189,2.546,0.7132,99.94,43.0,1.274,PASS,0
LOT_015_DIE_04364,LOT_015,124.6,3.64,509.59,11.015,2.499,0.6947,11.504,2.518,0.6904,12.556,13.245,2.556,0.6856,102.71,44.87,1.309,PASS,0
LOT_016_DIE_04365,LOT_016,124.71,3.522,511.88,10.0,2.568,0.6917,10.497,2.59,0.6905,11.428,11.687,2.61,0.6827,99.45,46.52,1.173,PASS,0
LOT_017_DIE_04366,LOT_017,123.99,3.642,510.59,8.755,2.362,0.7165,9.422,2.368,0.7137,10.226,10.662,2.396,0.7094,107.0,43.71,1.166,PASS,0
LOT_018_DIE_04367,LOT_018,125.34,3.601,517.15,12.259,2.56,0.7245,12.645,2.567,0.7229,13.395,13.469,2.622,0.7179,102.83,40.64,1.226,PASS,0
LOT_019_DIE_04368,LOT_019,126.65,3.587,528.91,12.309,2.684,0.6826,12.631,2.678,0.6788,13.596,14.095,2.717,0.6782,96.15,43.62,1.415,PASS,0
LOT_020_DIE_04369,LOT_020,124.93,3.561,512.8,11.419,2.499,0.7216,11.669,2.523,0.7178,12.773,13.039,2.559,0.715,113.77,49.08,1.379,PASS,0
LOT_021_DIE_04370,LOT_021,125.2,3.668,534.04,12.789,2.392,0.7342,13.109,2.407,0.7309,14.252,15.517,2.434,0.7281,102.57,43.2,1.259,PASS,0
LOT_022_DIE_04371,LOT_022,125.8,3.648,501.38,9.893,2.371,0.6906,10.328,2.406,0.6873,10.834,11.537,2.405,0.6844,109.24,45.18,1.249,PASS,0
LOT_023_DIE_04372,LOT_023,125.52,3.639,487.14,7.351,2.608,0.6716,7.873,2.629,0.6676,8.812,9.683,2.656,0.6638,109.39,46.2,1.125,PASS,0
LOT_024_DIE_04373,LOT_024,127.88,3.587,471.16,9.582,2.147,0.7172,10.052,2.162,0.7135,11.055,11.443,2.196,0.7083,94.78,48.54,1.321,PASS,0
LOT_025_DIE_04374,LOT_025,123.28,3.604,502.65,9.949,2.353,0.7377,10.046,2.37,0.7346,10.774,11.906,2.431,0.7276,96.8,44.34,1.3,PASS,0
LOT_026_DIE_04375,LOT_026,126.57,3.679,500.79,14.098,2.352,0.7457,14.76,2.363,0.7431,15.543,15.941,2.406,0.7401,102.94,47.3,1.231,PASS,0
LOT_027_DIE_04376,LOT_027,123.32,3.633,519.04,9.732,2.429,0.696,9.893,2.444,0.6937,11.094,12.074,2.489,0.6879,99.91,44.49,1.226,PASS,0
LOT_028_DIE_04377,LOT_028,125.79,3.578,521.93,12.228,2.547,0.7013,12.871,2.554,0.698,13.892,14.532,2.595,0.6922,108.16,46.59,1.095,PASS,0
LOT_029_DIE_04378,LOT_029,123.95,3.599,473.11,15.452,2.643,0.6885,23.412,3.137,0.6593,43.316,81.195,4.697,0.6262,111.14,38.94,1.356,LATENT_DRIFT_RUNAWAY,1
LOT_030_DIE_04379,LOT_030,128.38,3.583,501.7,9.382,2.448,0.6627,10.064,2.467,0.6587,10.787,11.73,2.535,0.6551,98.66,39.81,1.22,PASS,0
LOT_031_DIE_04380,LOT_031,124.68,3.59,495.8,12.69,2.473,0.7431,13.298,2.503,0.7402,13.785,14.422,2.503,0.7335,101.36,44.88,1.163,PASS,0
LOT_032_DIE_04381,LOT_032,124.89,3.579,490.95,10.574,2.56,0.7321,11.048,2.58,0.7282,12.104,12.768,2.614,0.7256,97.11,46.33,1.132,PASS,0
LOT_033_DIE_04382,LOT_033,124.81,3.56,484.68,7.654,2.695,0.7089,8.03,2.714,0.7066,9.125,9.932,2.724,0.6978,98.51,47.81,1.204,PASS,0
LOT_034_DIE_04383,LOT_034,124.02,3.579,481.54,15.576,2.721,0.6809,16.128,2.752,0.6786,16.715,17.866,2.791,0.6713,92.17,46.13,1.22,PASS,0
LOT_035_DIE_04384,LOT_035,123.82,3.574,523.51,14.826,2.556,0.7099,15.24,2.575,0.7079,16.653,17.213,2.606,0.7026,108.4,46.72,1.105,PASS,0
LOT_036_DIE_04385,LOT_036,126.66,3.651,482.04,12.796,2.35,0.7049,12.982,2.366,0.7016,14.135,14.703,2.381,0.7001,96.21,46.38,1.239,PASS,0
LOT_037_DIE_04386,LOT_037,125.94,3.626,509.89,10.282,2.518,0.7078,10.742,2.551,0.7052,11.433,12.165,2.557,0.6988,103.66,45.21,1.147,PASS,0
LOT_038_DIE_04387,LOT_038,124.69,3.545,502.32,9.006,2.599,0.705,9.305,2.616,0.7028,10.068,10.975,2.633,0.6971,100.87,44.82,1.267,PASS,0
LOT_039_DIE_04388,LOT_039,125.43,3.638,495.29,14.208,2.372,0.7364,14.569,2.406,0.7335,15.396,15.671,2.438,0.7275,102.22,46.35,1.109,PASS,0
LOT_040_DIE_04389,LOT_040,125.62,3.603,547.35,14.459,2.359,0.6972,14.783,2.372,0.6936,16.401,17.261,2.42,0.6919,94.62,46.42,1.234,PASS,0
LOT_041_DIE_04390,LOT_041,121.64,3.631,524.8,6.645,2.313,0.7042,6.869,2.343,0.7012,7.509,8.123,2.323,0.6955,102.93,43.0,1.31,PASS,0
LOT_042_DIE_04391,LOT_042,125.13,3.565,480.63,12.178,2.515,0.7457,12.384,2.521,0.7414,12.922,13.609,2.571,0.7385,104.65,44.54,1.157,PASS,0
LOT_043_DIE_04392,LOT_043,124.4,3.654,522.7,7.9,2.256,0.7268,8.157,2.29,0.7251,8.585,9.166,2.319,0.7209,93.17,41.77,1.404,PASS,0
LOT_044_DIE_04393,LOT_044,126.33,3.606,500.48,12.952,2.365,0.7107,13.15,2.373,0.7066,13.627,14.114,2.41,0.7026,94.86,41.61,1.154,PASS,0
LOT_045_DIE_04394,LOT_045,124.29,3.594,485.36,11.253,2.775,0.7302,22.448,3.106,0.7192,48.912,91.867,3.696,0.6884,115.37,38.49,1.34,THERMAL_VOLTAGE_STRESS_FAILURE,1
LOT_046_DIE_04395,LOT_046,121.57,3.61,507.92,13.181,2.589,0.6794,13.615,2.622,0.6777,14.469,14.822,2.613,0.6694,101.9,43.98,1.301,PASS,0
LOT_047_DIE_04396,LOT_047,123.8,3.636,526.62,10.622,2.617,0.7291,10.675,2.631,0.7273,11.604,12.629,2.67,0.7188,86.61,42.29,1.202,PASS,0
LOT_048_DIE_04397,LOT_048,125.78,3.554,504.48,12.364,2.381,0.6945,12.397,2.409,0.6927,13.562,14.011,2.401,0.6869,105.53,47.34,1.166,PASS,0
LOT_049_DIE_04398,LOT_049,124.28,3.586,471.09,13.63,2.819,0.7051,13.744,2.827,0.7014,14.936,15.609,2.862,0.6988,101.91,44.61,1.362,PASS,0
LOT_050_DIE_04399,LOT_050,126.08,3.62,472.72,7.388,2.4,0.6816,7.767,2.417,0.6781,8.98,9.414,2.426,0.6749,99.31,42.67,1.284,PASS,0
LOT_001_DIE_04400,LOT_001,124.94,3.595,486.99,10.953,2.116,0.7435,11.096,2.129,0.7402,11.903,12.271,2.164,0.7386,91.29,45.73,1.21,PASS,0
LOT_002_DIE_04401,LOT_002,126.48,3.694,504.1,14.182,2.645,0.7314,14.435,2.664,0.7291,15.444,16.281,2.685,0.7251,100.34,46.58,1.41,PASS,0
LOT_003_DIE_04402,LOT_003,123.75,3.612,490.85,14.379,2.285,0.7442,14.897,2.311,0.7411,15.802,16.53,2.345,0.7335,104.02,45.13,1.331,PASS,0
LOT_004_DIE_04403,LOT_004,125.24,3.657,502.53,13.497,2.512,0.7142,14.029,2.525,0.7124,14.661,15.448,2.516,0.7068,104.61,44.27,1.4,PASS,0
LOT_005_DIE_04404,LOT_005,124.11,3.577,515.98,34.189,3.679,0.6649,47.577,4.852,0.6286,88.935,126.709,7.191,0.5457,110.41,33.85,1.207,LATENT_CONTEXTUAL_OUTLIER,1
LOT_006_DIE_04405,LOT_006,123.97,3.652,485.96,8.329,2.499,0.7111,8.916,2.508,0.7087,9.469,9.958,2.544,0.7015,96.53,42.85,1.191,PASS,0
LOT_007_DIE_04406,LOT_007,122.43,3.555,499.37,8.378,2.403,0.6776,8.876,2.415,0.6737,10.329,10.582,2.445,0.67,103.49,47.35,1.119,PASS,0
LOT_008_DIE_04407,LOT_008,125.25,3.588,498.11,13.694,2.635,0.6778,14.255,2.653,0.6755,14.633,15.205,2.681,0.67,103.96,47.25,1.255,PASS,0
LOT_009_DIE_04408,LOT_009,124.12,3.6,490.17,13.629,2.328,0.6811,14.052,2.351,0.6788,14.362,15.243,2.425,0.6722,99.34,47.74,1.266,PASS,0
LOT_010_DIE_04409,LOT_010,125.1,3.546,491.8,13.117,2.324,0.6983,13.43,2.358,0.6946,13.983,14.805,2.362,0.6876,101.1,43.13,1.189,PASS,0
LOT_011_DIE_04410,LOT_011,127.42,3.581,501.5,7.663,2.501,0.7337,8.115,2.524,0.7311,9.252,10.169,2.542,0.7272,104.25,43.02,1.194,PASS,0
LOT_012_DIE_04411,LOT_012,124.27,3.566,508.32,14.016,2.407,0.7013,14.413,2.417,0.7011,15.468,15.601,2.467,0.6933,96.94,41.44,1.182,PASS,0
LOT_013_DIE_04412,LOT_013,123.75,3.661,518.55,11.932,2.547,0.7448,12.321,2.579,0.7413,13.512,14.146,2.628,0.7352,110.74,44.87,1.282,PASS,0
LOT_014_DIE_04413,LOT_014,125.46,3.606,521.88,8.927,2.603,0.6857,9.172,2.62,0.6812,10.405,11.071,2.644,0.6786,110.43,43.47,1.271,PASS,0
LOT_015_DIE_04414,LOT_015,123.8,3.592,508.11,10.118,2.317,0.7104,20.62,2.982,0.6891,40.509,89.724,4.713,0.6282,108.41,39.73,1.159,LATENT_DRIFT_RUNAWAY,1
LOT_016_DIE_04415,LOT_016,124.99,3.514,508.73,9.21,2.435,0.6711,9.908,2.457,0.6668,10.016,11.241,2.495,0.6658,106.85,46.16,1.18,PASS,0
LOT_017_DIE_04416,LOT_017,124.58,3.63,507.55,8.35,2.523,0.6948,8.716,2.536,0.6895,9.538,10.602,2.572,0.6864,99.67,46.12,1.211,PASS,0
LOT_018_DIE_04417,LOT_018,125.43,3.596,485.66,12.847,2.817,0.7579,27.687,3.216,0.7386,54.24,98.082,4.453,0.7114,116.62,37.53,1.243,THERMAL_VOLTAGE_STRESS_FAILURE,1
LOT_019_DIE_04418,LOT_019,127.03,3.559,515.51,12.349,2.6,0.6841,12.914,2.624,0.6808,13.561,14.173,2.667,0.6715,106.15,47.25,1.309,PASS,0
LOT_020_DIE_04419,LOT_020,125.24,3.56,488.8,9.215,2.667,0.7667,9.651,2.694,0.7633,10.717,11.134,2.727,0.7596,100.53,46.6,1.331,PASS,0
LOT_021_DIE_04420,LOT_021,127.13,3.618,510.17,11.723,2.281,0.7489,11.973,2.284,0.7439,13.213,14.036,2.383,0.7404,96.71,41.66,1.298,PASS,0
LOT_022_DIE_04421,LOT_022,124.12,3.634,534.9,6.65,2.374,0.6972,7.41,2.389,0.6927,8.502,9.275,2.429,0.6904,95.82,45.89,1.171,PASS,0
LOT_023_DIE_04422,LOT_023,125.98,3.619,500.59,10.11,2.353,0.6867,10.367,2.378,0.6836,10.796,11.469,2.419,0.6754,98.48,44.2,1.245,PASS,0
LOT_024_DIE_04423,LOT_024,123.54,3.607,479.04,10.467,2.314,0.7203,10.916,2.342,0.7172,11.655,12.361,2.372,0.7136,97.66,50.25,1.364,PASS,0
LOT_025_DIE_04424,LOT_025,127.4,3.614,485.32,12.76,2.703,0.7326,12.996,2.717,0.7294,14.252,15.154,2.745,0.7218,87.93,44.56,1.237,PASS,0
LOT_026_DIE_04425,LOT_026,126.02,3.589,482.67,16.063,2.493,0.7102,16.648,2.515,0.7067,17.436,18.147,2.564,0.7,102.74,42.49,1.246,PASS,0
LOT_027_DIE_04426,LOT_027,124.26,3.675,516.57,10.428,2.721,0.7138,11.075,2.74,0.7102,11.334,11.893,2.775,0.7063,92.95,47.21,1.195,PASS,0
LOT_028_DIE_04427,LOT_028,123.7,3.58,499.02,13.176,2.585,0.7033,13.786,2.61,0.6988,14.782,15.354,2.631,0.6917,99.16,44.09,1.301,PASS,0
LOT_029_DIE_04428,LOT_029,123.09,3.685,488.26,12.306,2.574,0.6872,12.549,2.59,0.6839,13.044,13.532,2.618,0.6778,101.71,44.17,1.219,PASS,0
LOT_030_DIE_04429,LOT_030,124.64,3.593,499.58,6.364,2.566,0.7001,6.442,2.58,0.6968,7.32,7.527,2.622,0.6891,109.96,46.03,1.189,PASS,0
LOT_031_DIE_04430,LOT_031,124.32,3.547,492.63,10.265,2.724,0.7511,10.783,2.752,0.7484,11.198,11.365,2.794,0.7397,104.95,43.03,1.238,PASS,0
LOT_032_DIE_04431,LOT_032,124.58,3.597,492.09,9.831,2.445,0.7198,10.361,2.456,0.7179,11.315,12.276,2.49,0.7134,99.53,44.41,1.203,PASS,0
LOT_033_DIE_04432,LOT_033,121.59,3.586,483.25,8.026,2.374,0.7076,8.687,2.394,0.7056,9.243,10.092,2.407,0.6998,99.48,41.83,1.177,PASS,0
LOT_034_DIE_04433,LOT_034,126.0,3.629,502.36,45.741,3.572,0.636,54.751,4.519,0.6055,95.492,130.45,6.965,0.5619,115.18,34.57,1.231,LATENT_CONTEXTUAL_OUTLIER,1
LOT_035_DIE_04434,LOT_035,123.36,3.679,512.16,16.799,2.548,0.723,29.05,3.015,0.7091,44.713,64.63,3.918,0.6623,117.6,39.42,1.196,THERMAL_VOLTAGE_STRESS_FAILURE,1
LOT_036_DIE_04435,LOT_036,125.28,3.596,507.66,16.708,2.71,0.7148,27.12,3.142,0.7034,44.004,79.296,4.211,0.6726,115.7,39.27,1.265,THERMAL_VOLTAGE_STRESS_FAILURE,1
LOT_037_DIE_04436,LOT_037,125.07,3.596,488.63,12.047,2.688,0.7241,26.705,2.926,0.7114,51.231,71.637,3.576,0.6881,122.26,37.23,1.327,THERMAL_VOLTAGE_STRESS_FAILURE,1
LOT_038_DIE_04437,LOT_038,124.98,3.594,503.66,6.509,2.511,0.7227,20.122,2.84,0.695,47.601,74.932,3.671,0.6331,112.79,36.04,1.298,LATENT_DRIFT_RUNAWAY,1
LOT_039_DIE_04438,LOT_039,124.85,3.586,506.86,39.85,3.834,0.6671,48.245,4.873,0.6401,79.045,112.262,6.578,0.5625,110.21,39.85,1.002,LATENT_CONTEXTUAL_OUTLIER,1
LOT_040_DIE_04439,LOT_040,124.02,3.595,514.41,11.724,2.539,0.7148,12.404,2.544,0.7145,13.522,14.118,2.577,0.7048,103.26,41.82,1.184,PASS,0
LOT_041_DIE_04440,LOT_041,125.35,3.597,544.5,8.752,2.416,0.6816,9.454,2.439,0.6774,10.061,10.056,2.484,0.6731,98.95,43.25,1.295,PASS,0
LOT_042_DIE_04441,LOT_042,124.55,3.601,479.56,11.261,2.53,0.7456,11.574,2.571,0.7418,12.919,13.433,2.596,0.7373,97.13,45.78,1.135,PASS,0
LOT_043_DIE_04442,LOT_043,127.18,3.562,498.27,5.793,2.341,0.7322,6.132,2.366,0.7289,7.141,7.697,2.397,0.7238,104.87,48.39,1.278,PASS,0
LOT_044_DIE_04443,LOT_044,125.97,3.585,497.28,12.506,2.587,0.7282,12.816,2.611,0.725,13.503,14.237,2.633,0.721,102.08,44.83,1.197,PASS,0
LOT_045_DIE_04444,LOT_045,124.14,3.601,478.6,11.53,2.535,0.7346,11.943,2.56,0.7309,12.634,13.182,2.562,0.7245,99.65,44.96,1.259,PASS,0
LOT_046_DIE_04445,LOT_046,124.03,3.575,501.75,12.667,2.383,0.7228,13.474,2.421,0.7208,13.786,14.385,2.447,0.7154,94.98,44.13,1.361,PASS,0
LOT_047_DIE_04446,LOT_047,125.15,3.661,493.49,11.025,2.824,0.7058,11.454,2.838,0.7038,12.067,12.795,2.879,0.6971,95.42,51.87,1.167,PASS,0
LOT_048_DIE_04447,LOT_048,126.58,3.593,508.85,11.65,2.275,0.7069,12.165,2.294,0.7025,12.818,13.498,2.335,0.6979,101.37,45.73,1.231,PASS,0
LOT_049_DIE_04448,LOT_049,124.83,3.6,477.64,14.141,2.648,0.6837,22.765,3.188,0.6651,46.088,84.819,4.11,0.6209,121.35,37.9,1.323,LATENT_DRIFT_RUNAWAY,1
LOT_050_DIE_04449,LOT_050,122.66,3.646,478.63,8.701,2.545,0.6909,9.296,2.577,0.6876,9.893,10.625,2.594,0.6831,99.95,48.49,1.297,PASS,0
LOT_001_DIE_04450,LOT_001,125.12,3.69,480.51,43.963,3.732,0.7038,59.686,4.485,0.6812,96.141,138.141,6.36,0.5884,110.19,38.23,1.383,LATENT_CONTEXTUAL_OUTLIER,1
LOT_002_DIE_04451,LOT_002,126.32,3.553,517.68,16.76,2.335,0.7143,16.921,2.346,0.711,18.025,18.861,2.4,0.7102,102.48,42.61,1.24,PASS,0
LOT_003_DIE_04452,LOT_003,124.28,3.581,487.14,43.144,3.935,0.6853,55.168,4.833,0.6618,98.013,132.349,7.079,0.5748,117.88,36.79,1.24,LATENT_CONTEXTUAL_OUTLIER,1
LOT_004_DIE_04453,LOT_004,123.97,3.56,490.82,13.428,2.746,0.7365,13.75,2.752,0.7328,14.615,14.652,2.776,0.7278,101.01,40.85,1.322,PASS,0
LOT_005_DIE_04454,LOT_005,126.57,3.617,510.03,10.481,2.726,0.7102,11.173,2.736,0.7076,11.725,12.49,2.797,0.7012,98.74,44.57,1.227,PASS,0
LOT_006_DIE_04455,LOT_006,125.91,3.593,481.81,8.706,2.624,0.7526,8.81,2.638,0.7496,9.687,10.52,2.677,0.7452,90.64,43.77,1.242,PASS,0
LOT_007_DIE_04456,LOT_007,124.17,3.502,479.84,7.665,2.733,0.658,8.186,2.744,0.6557,9.002,9.715,2.791,0.6507,97.48,48.22,1.299,PASS,0
LOT_008_DIE_04457,LOT_008,126.64,3.577,507.5,13.911,2.718,0.702,14.448,2.757,0.6981,15.687,16.225,2.754,0.6967,103.41,39.32,1.158,PASS,0
LOT_009_DIE_04458,LOT_009,124.87,3.564,484.36,15.517,2.46,0.7126,15.984,2.49,0.7092,16.634,17.571,2.53,0.7035,96.59,42.9,1.144,PASS,0
LOT_010_DIE_04459,LOT_010,124.64,3.638,493.98,11.753,2.592,0.736,12.007,2.63,0.7327,13.187,13.916,2.665,0.728,105.63,43.12,1.292,PASS,0
LOT_011_DIE_04460,LOT_011,125.87,3.591,506.86,8.548,2.486,0.6968,9.252,2.497,0.6921,10.002,10.435,2.501,0.6922,105.34,43.91,1.186,PASS,0
LOT_012_DIE_04461,LOT_012,125.17,3.577,483.65,15.327,2.434,0.6647,15.734,2.447,0.6618,16.475,17.454,2.479,0.6553,103.11,45.83,1.368,PASS,0
LOT_013_DIE_04462,LOT_013,124.52,3.556,519.75,13.182,2.483,0.7385,13.611,2.511,0.7363,13.799,14.548,2.519,0.729,96.81,42.58,1.233,PASS,0
LOT_014_DIE_04463,LOT_014,122.8,3.597,510.36,9.359,2.587,0.7067,9.555,2.621,0.7038,9.786,10.705,2.599,0.6993,103.46,46.06,1.278,PASS,0
LOT_015_DIE_04464,LOT_015,127.07,3.632,514.54,9.148,2.619,0.6981,9.497,2.651,0.6938,10.819,11.427,2.663,0.6917,99.15,48.12,1.292,PASS,0
LOT_016_DIE_04465,LOT_016,126.18,3.699,503.71,11.54,2.367,0.6812,11.946,2.383,0.6774,12.939,13.421,2.414,0.673,100.47,45.14,1.175,PASS,0
LOT_017_DIE_04466,LOT_017,124.75,3.592,533.86,10.6,2.489,0.6804,10.864,2.508,0.6772,11.569,12.217,2.533,0.6741,103.26,40.96,1.277,PASS,0
LOT_018_DIE_04467,LOT_018,125.6,3.623,487.87,11.316,2.44,0.7319,11.736,2.483,0.7283,12.145,12.533,2.477,0.7196,103.94,45.47,1.239,PASS,0
LOT_019_DIE_04468,LOT_019,125.2,3.597,526.46,10.952,2.823,0.68,10.95,2.822,0.6775,11.366,11.852,2.886,0.6705,102.64,46.53,1.279,PASS,0
LOT_020_DIE_04469,LOT_020,126.22,3.579,507.24,11.752,2.294,0.7123,12.29,2.312,0.7078,13.661,14.624,2.317,0.7003,100.63,44.91,1.271,PASS,0
LOT_021_DIE_04470,LOT_021,123.18,3.544,500.07,13.838,2.361,0.6873,13.965,2.374,0.6837,15.059,15.768,2.412,0.6839,94.35,40.43,1.218,PASS,0
LOT_022_DIE_04471,LOT_022,123.76,3.564,517.14,8.372,2.567,0.7024,8.57,2.596,0.7011,9.547,9.97,2.6,0.6949,98.84,47.26,1.327,PASS,0
LOT_023_DIE_04472,LOT_023,124.64,3.548,486.29,9.409,2.457,0.673,9.869,2.484,0.67,11.005,11.657,2.511,0.6626,101.22,46.94,1.216,PASS,0
LOT_024_DIE_04473,LOT_024,124.73,3.621,482.58,12.727,3.013,0.7129,26.309,3.216,0.7021,48.888,79.355,4.01,0.6671,109.22,40.76,1.224,THERMAL_VOLTAGE_STRESS_FAILURE,1
LOT_025_DIE_04474,LOT_025,124.49,3.567,478.05,10.991,2.586,0.716,11.237,2.607,0.7135,11.802,12.707,2.657,0.7077,99.48,38.81,1.362,PASS,0
LOT_026_DIE_04475,LOT_026,125.48,3.648,492.02,14.175,2.552,0.7179,14.408,2.573,0.7159,15.472,16.123,2.583,0.7106,101.2,46.74,1.269,PASS,0
LOT_027_DIE_04476,LOT_027,123.83,3.596,511.1,8.205,2.696,0.7369,8.611,2.722,0.7338,9.943,10.123,2.747,0.7278,107.64,44.11,1.162,PASS,0
LOT_028_DIE_04477,LOT_028,126.44,3.625,528.12,11.652,2.295,0.6788,12.022,2.326,0.6777,12.755,13.317,2.353,0.6707,100.38,42.1,1.307,PASS,0
LOT_029_DIE_04478,LOT_029,125.49,3.607,491.19,10.009,2.263,0.711,10.31,2.284,0.7079,10.98,11.154,2.332,0.7008,104.16,42.61,1.307,PASS,0
LOT_030_DIE_04479,LOT_030,125.13,3.625,506.04,7.736,2.416,0.6378,8.072,2.435,0.6342,9.294,9.969,2.484,0.6311,99.1,46.6,1.263,PASS,0
LOT_031_DIE_04480,LOT_031,124.7,3.619,512.16,12.218,2.559,0.7364,12.783,2.584,0.7341,13.386,14.429,2.654,0.7318,100.96,44.53,1.259,PASS,0
LOT_032_DIE_04481,LOT_032,125.26,3.534,494.81,7.478,2.544,0.7131,7.875,2.555,0.7099,8.976,9.933,2.625,0.7046,100.98,45.02,1.315,PASS,0
LOT_033_DIE_04482,LOT_033,124.32,3.56,495.7,7.345,2.48,0.684,7.805,2.53,0.6816,8.493,9.386,2.527,0.6737,101.3,45.37,1.308,PASS,0
LOT_034_DIE_04483,LOT_034,126.75,3.601,510.63,14.832,2.684,0.6675,15.57,2.704,0.6639,15.943,16.476,2.738,0.6585,97.99,40.09,1.295,PASS,0
LOT_035_DIE_04484,LOT_035,127.58,3.576,517.55,15.82,2.685,0.6972,16.288,2.718,0.695,16.721,17.604,2.715,0.6901,99.62,40.92,1.268,PASS,0
LOT_036_DIE_04485,LOT_036,125.18,3.633,476.73,12.826,2.703,0.6983,13.209,2.733,0.6954,14.327,14.701,2.711,0.6878,89.65,41.82,1.038,PASS,0
LOT_037_DIE_04486,LOT_037,125.83,3.595,498.04,10.195,2.372,0.7063,10.721,2.38,0.7043,11.125,11.803,2.469,0.7009,108.23,43.13,1.25,PASS,0
LOT_038_DIE_04487,LOT_038,125.05,3.564,500.55,10.928,2.59,0.748,11.73,2.618,0.7466,12.405,12.459,2.632,0.7418,102.34,40.97,1.27,PASS,0
LOT_039_DIE_04488,LOT_039,123.87,3.544,488.91,12.089,2.577,0.7549,12.504,2.593,0.7526,13.799,14.127,2.636,0.7461,104.79,45.71,1.155,PASS,0
LOT_040_DIE_04489,LOT_040,126.86,3.653,528.02,12.005,2.815,0.7118,25.553,3.222,0.7003,41.562,74.682,3.96,0.6675,114.03,38.05,1.321,THERMAL_VOLTAGE_STRESS_FAILURE,1
LOT_041_DIE_04490,LOT_041,123.02,3.613,519.57,7.666,2.39,0.7176,8.145,2.406,0.7156,9.317,10.166,2.45,0.7129,101.1,43.16,1.218,PASS,0
LOT_042_DIE_04491,LOT_042,126.19,3.641,512.35,10.33,2.641,0.7049,10.989,2.656,0.7027,11.652,12.205,2.709,0.6979,100.73,48.04,1.442,PASS,0
LOT_043_DIE_04492,LOT_043,123.23,3.605,506.81,7.602,2.648,0.7149,7.956,2.661,0.7108,8.884,9.31,2.716,0.7091,97.99,48.06,1.172,PASS,0
LOT_044_DIE_04493,LOT_044,126.54,3.565,486.42,15.97,2.502,0.7157,16.332,2.525,0.7111,17.047,18.24,2.554,0.7098,101.91,46.15,1.253,PASS,0
LOT_045_DIE_04494,LOT_045,125.78,3.611,501.1,11.006,2.57,0.7011,11.437,2.579,0.6982,11.966,12.448,2.628,0.6941,105.08,47.33,1.121,PASS,0
LOT_046_DIE_04495,LOT_046,126.98,3.549,486.38,13.336,2.643,0.6941,13.985,2.673,0.6914,14.572,15.489,2.677,0.6851,97.7,42.8,1.293,PASS,0
LOT_047_DIE_04496,LOT_047,124.5,3.604,518.25,12.422,2.723,0.7136,24.603,3.038,0.6962,49.301,91.491,4.265,0.6637,124.59,39.04,1.347,THERMAL_VOLTAGE_STRESS_FAILURE,1
LOT_048_DIE_04497,LOT_048,123.3,3.633,509.8,11.028,2.431,0.6946,11.354,2.465,0.6909,12.186,12.351,2.51,0.6855,97.91,44.44,1.274,PASS,0
LOT_049_DIE_04498,LOT_049,124.96,3.635,476.52,13.015,2.509,0.6569,13.55,2.531,0.6534,14.156,14.716,2.579,0.648,105.01,51.71,1.257,PASS,0
LOT_050_DIE_04499,LOT_050,126.15,3.56,475.25,10.937,2.41,0.6717,11.423,2.426,0.6678,12.35,12.652,2.473,0.6656,100.4,45.38,1.321,PASS,0
LOT_001_DIE_04500,LOT_001,122.96,3.622,480.98,13.295,2.359,0.7269,13.369,2.386,0.7237,14.244,14.704,2.41,0.722,97.74,44.19,1.257,PASS,0
LOT_002_DIE_04501,LOT_002,126.15,3.593,503.62,14.278,2.47,0.7167,14.812,2.486,0.7137,15.265,15.768,2.518,0.7074,99.58,46.82,1.291,PASS,0
LOT_003_DIE_04502,LOT_003,124.25,3.584,509.33,12.568,2.393,0.7341,12.754,2.397,0.7303,13.593,14.107,2.465,0.7257,104.72,43.46,1.268,PASS,0
LOT_004_DIE_04503,LOT_004,124.83,3.594,498.11,11.344,2.572,0.749,11.488,2.6,0.7457,11.966,12.276,2.616,0.742,98.82,45.7,1.335,PASS,0
LOT_005_DIE_04504,LOT_005,123.52,3.53,525.11,10.952,2.661,0.7237,11.338,2.678,0.7212,12.122,12.525,2.674,0.7172,107.65,44.5,1.243,PASS,0
LOT_006_DIE_04505,LOT_006,123.82,3.638,490.19,8.934,2.62,0.7474,9.299,2.658,0.7442,9.976,10.521,2.679,0.7377,96.14,45.62,1.159,PASS,0
LOT_007_DIE_04506,LOT_007,122.59,3.605,502.57,6.919,2.662,0.6723,7.338,2.689,0.6694,7.953,8.096,2.69,0.6657,94.55,49.29,1.305,PASS,0
LOT_008_DIE_04507,LOT_008,125.61,3.597,504.35,13.958,2.442,0.6953,14.063,2.474,0.6903,14.743,15.1,2.475,0.6883,89.74,43.61,1.246,PASS,0
LOT_009_DIE_04508,LOT_009,126.83,3.55,479.01,12.308,2.537,0.6812,12.741,2.575,0.6786,13.276,13.38,2.562,0.6703,101.15,45.91,1.147,PASS,0
LOT_010_DIE_04509,LOT_010,124.42,3.598,469.25,11.471,2.506,0.7174,23.995,3.006,0.7007,50.545,97.243,4.134,0.6353,114.52,37.35,1.321,LATENT_DRIFT_RUNAWAY,1
LOT_011_DIE_04510,LOT_011,126.23,3.528,493.26,8.537,2.423,0.702,8.752,2.457,0.6989,9.737,10.317,2.454,0.6985,102.61,44.76,1.338,PASS,0
LOT_012_DIE_04511,LOT_012,123.8,3.61,479.88,14.103,2.636,0.7019,14.519,2.67,0.6999,15.87,16.358,2.68,0.6928,97.06,45.84,1.226,PASS,0
LOT_013_DIE_04512,LOT_013,123.82,3.586,541.19,14.867,2.428,0.7086,15.293,2.444,0.7063,16.195,16.876,2.448,0.6976,104.82,47.06,1.153,PASS,0
LOT_014_DIE_04513,LOT_014,125.17,3.726,522.29,11.513,2.7,0.7149,11.578,2.732,0.7109,12.16,12.251,2.755,0.7071,90.36,45.68,1.177,PASS,0
LOT_015_DIE_04514,LOT_015,123.8,3.545,507.6,11.178,2.56,0.6732,11.608,2.572,0.6695,12.37,13.045,2.627,0.6636,101.82,45.61,1.282,PASS,0
LOT_016_DIE_04515,LOT_016,124.61,3.527,518.58,6.965,2.498,0.7039,7.359,2.516,0.7007,7.993,8.785,2.54,0.6956,103.58,48.06,1.214,PASS,0
LOT_017_DIE_04516,LOT_017,125.42,3.532,508.15,10.884,2.547,0.6657,11.683,2.556,0.6618,12.134,12.618,2.562,0.6591,98.85,43.91,1.236,PASS,0
LOT_018_DIE_04517,LOT_018,126.41,3.606,488.73,10.47,2.494,0.7255,10.955,2.508,0.7219,11.868,12.834,2.562,0.719,97.33,41.74,1.136,PASS,0
LOT_019_DIE_04518,LOT_019,126.47,3.583,517.51,11.836,2.869,0.6697,11.999,2.887,0.6664,12.849,13.603,2.929,0.6615,96.28,45.67,1.326,PASS,0
LOT_020_DIE_04519,LOT_020,124.9,3.625,505.84,10.23,2.595,0.7565,10.773,2.638,0.7531,11.311,11.891,2.658,0.7493,100.08,47.24,1.239,PASS,0
LOT_021_DIE_04520,LOT_021,124.69,3.595,509.48,13.101,2.783,0.731,13.408,2.808,0.7277,13.693,14.147,2.803,0.7245,98.15,43.84,1.202,PASS,0
LOT_022_DIE_04521,LOT_022,127.09,3.571,513.01,8.58,2.494,0.6767,9.04,2.531,0.6733,10.169,10.813,2.505,0.6695,104.12,45.21,1.206,PASS,0
LOT_023_DIE_04522,LOT_023,127.91,3.548,486.98,10.291,2.624,0.7042,10.971,2.653,0.7019,11.5,11.661,2.67,0.6964,108.47,46.72,1.17,PASS,0
LOT_024_DIE_04523,LOT_024,125.71,3.579,487.28,9.199,2.617,0.7292,9.38,2.647,0.7282,10.417,11.061,2.642,0.7232,93.21,47.38,1.237,PASS,0
LOT_025_DIE_04524,LOT_025,126.46,3.592,496.69,13.811,2.306,0.7333,25.322,2.694,0.7156,47.866,73.064,4.099,0.6687,117.4,38.78,1.316,THERMAL_VOLTAGE_STRESS_FAILURE,1
LOT_026_DIE_04525,LOT_026,125.05,3.642,496.88,13.854,2.639,0.7287,14.217,2.651,0.7246,15.217,15.943,2.695,0.7221,105.58,44.18,1.164,PASS,0
LOT_027_DIE_04526,LOT_027,124.02,3.627,512.67,9.627,2.239,0.7233,9.895,2.25,0.7215,10.479,11.421,2.287,0.7136,97.43,45.32,1.223,PASS,0
LOT_028_DIE_04527,LOT_028,124.17,3.653,527.62,9.135,2.519,0.6824,9.676,2.537,0.6779,10.79,11.179,2.58,0.6738,102.0,44.85,1.209,PASS,0
LOT_029_DIE_04528,LOT_029,123.97,3.603,485.37,12.489,2.409,0.7002,12.675,2.437,0.6988,13.443,14.482,2.455,0.6936,93.81,45.27,1.263,PASS,0
LOT_030_DIE_04529,LOT_030,123.78,3.616,515.5,7.209,2.443,0.6587,7.793,2.463,0.6544,8.584,9.165,2.516,0.6504,96.02,46.45,1.269,PASS,0
LOT_031_DIE_04530,LOT_031,125.38,3.527,519.6,12.824,2.523,0.7039,13.332,2.554,0.6999,13.954,14.715,2.577,0.6969,100.56,44.7,1.325,PASS,0
LOT_032_DIE_04531,LOT_032,123.85,3.582,498.53,8.469,2.249,0.6997,8.949,2.27,0.6971,10.454,10.846,2.328,0.6942,95.26,47.87,1.144,PASS,0
LOT_033_DIE_04532,LOT_033,126.77,3.628,493.48,9.361,2.349,0.6945,10.017,2.369,0.6921,10.517,10.972,2.422,0.6879,105.49,42.33,1.349,PASS,0
LOT_034_DIE_04533,LOT_034,128.09,3.621,480.86,14.653,2.293,0.6986,15.221,2.296,0.6959,15.822,16.186,2.311,0.6892,98.18,44.15,1.212,PASS,0
LOT_035_DIE_04534,LOT_035,123.28,3.553,536.56,15.657,2.397,0.6814,16.231,2.431,0.6765,16.888,17.469,2.452,0.6748,95.05,43.36,1.23,PASS,0
LOT_036_DIE_04535,LOT_036,122.61,3.624,509.85,14.217,2.37,0.7121,14.677,2.395,0.7104,15.388,16.043,2.405,0.7059,107.28,42.94,1.139,PASS,0
LOT_037_DIE_04536,LOT_037,123.69,3.61,510.86,10.343,2.92,0.7419,10.75,2.938,0.7398,11.642,12.093,2.97,0.7326,101.5,44.51,1.189,PASS,0
LOT_038_DIE_04537,LOT_038,124.66,3.613,505.17,9.075,2.503,0.7324,9.746,2.522,0.7294,10.527,11.526,2.538,0.7215,99.87,48.72,1.255,PASS,0
LOT_039_DIE_04538,LOT_039,124.39,3.595,485.69,12.516,2.521,0.7512,12.964,2.525,0.7482,13.6,14.132,2.579,0.7432,106.33,45.14,1.277,PASS,0
LOT_040_DIE_04539,LOT_040,125.87,3.547,513.8,11.598,2.373,0.6741,12.234,2.379,0.672,12.906,14.176,2.438,0.6683,104.3,45.9,1.382,PASS,0
LOT_041_DIE_04540,LOT_041,123.98,3.641,514.26,6.222,2.668,0.696,6.567,2.702,0.6921,6.814,7.326,2.709,0.6875,109.91,44.95,1.396,PASS,0
LOT_042_DIE_04541,LOT_042,125.69,3.612,473.11,39.031,3.755,0.6929,51.282,4.681,0.6611,91.743,139.597,6.26,0.5868,117.52,34.01,1.273,LATENT_CONTEXTUAL_OUTLIER,1
LOT_043_DIE_04542,LOT_043,125.9,3.609,496.08,7.461,2.681,0.717,8.057,2.71,0.7129,8.801,9.518,2.769,0.7067,93.05,48.01,1.193,PASS,0
LOT_044_DIE_04543,LOT_044,123.32,3.625,486.09,16.046,2.327,0.7104,16.368,2.354,0.707,17.396,18.438,2.363,0.7023,104.37,45.48,1.277,PASS,0
LOT_045_DIE_04544,LOT_045,126.72,3.626,486.31,11.486,2.267,0.7219,12.04,2.296,0.7182,12.855,13.061,2.301,0.7126,100.34,45.61,1.216,PASS,0
LOT_046_DIE_04545,LOT_046,124.21,3.617,478.17,9.76,2.848,0.6878,10.13,2.856,0.6851,10.793,11.332,2.896,0.682,105.17,41.48,1.379,PASS,0
LOT_047_DIE_04546,LOT_047,127.01,3.606,514.63,8.594,2.798,0.7003,8.929,2.817,0.6966,9.958,10.623,2.84,0.6924,116.54,48.62,1.277,PASS,0
LOT_048_DIE_04547,LOT_048,123.63,3.599,500.89,11.111,2.752,0.7119,11.385,2.784,0.7096,12.051,12.302,2.831,0.7061,103.15,41.67,1.337,PASS,0
LOT_049_DIE_04548,LOT_049,125.67,3.609,487.12,11.184,2.425,0.6835,11.858,2.461,0.6799,12.707,13.26,2.485,0.6697,103.69,44.66,1.195,PASS,0
LOT_050_DIE_04549,LOT_050,126.57,3.589,504.88,11.741,2.495,0.675,25.832,3.118,0.6456,50.824,93.155,4.077,0.5789,119.7,38.13,1.179,LATENT_DRIFT_RUNAWAY,1
LOT_001_DIE_04550,LOT_001,123.55,3.567,485.32,11.301,2.405,0.7332,12.108,2.413,0.7302,12.719,13.039,2.486,0.7264,97.79,42.81,1.236,PASS,0
LOT_002_DIE_04551,LOT_002,125.26,3.552,507.35,14.478,2.474,0.7041,14.926,2.491,0.7015,15.945,16.721,2.52,0.6981,99.26,45.68,1.295,PASS,0
LOT_003_DIE_04552,LOT_003,125.07,3.621,477.91,13.195,2.333,0.7298,13.563,2.335,0.7272,14.014,14.839,2.386,0.724,107.02,47.78,1.278,PASS,0
LOT_004_DIE_04553,LOT_004,124.69,3.64,508.36,12.525,2.358,0.735,13.088,2.391,0.7323,13.851,14.447,2.439,0.7251,97.52,44.53,1.342,PASS,0
LOT_005_DIE_04554,LOT_005,124.78,3.667,509.08,8.901,2.386,0.7161,9.209,2.409,0.7131,9.922,10.283,2.431,0.7109,99.43,43.57,1.265,PASS,0
LOT_006_DIE_04555,LOT_006,124.98,3.567,484.73,8.528,2.483,0.7403,8.976,2.518,0.7368,9.241,10.258,2.54,0.7326,103.19,44.75,1.358,PASS,0
LOT_007_DIE_04556,LOT_007,124.84,3.612,504.69,7.945,2.82,0.6697,8.19,2.833,0.6646,9.114,9.336,2.857,0.6591,103.34,47.68,1.243,PASS,0
LOT_008_DIE_04557,LOT_008,125.11,3.603,517.39,18.351,2.696,0.6784,31.432,2.916,0.6659,53.961,90.844,3.728,0.6271,106.34,39.14,1.294,THERMAL_VOLTAGE_STRESS_FAILURE,1
LOT_009_DIE_04558,LOT_009,126.04,3.535,493.58,11.581,2.744,0.6872,11.974,2.766,0.6845,12.855,13.364,2.815,0.6799,97.78,46.61,1.122,PASS,0
LOT_010_DIE_04559,LOT_010,123.73,3.684,480.59,16.851,2.62,0.7078,16.962,2.637,0.7067,17.994,18.424,2.661,0.7009,91.45,43.56,1.22,PASS,0
LOT_011_DIE_04560,LOT_011,125.47,3.585,485.53,7.64,2.534,0.6992,8.139,2.542,0.6969,9.132,9.788,2.585,0.6897,97.71,44.04,1.153,PASS,0
LOT_012_DIE_04561,LOT_012,123.74,3.55,481.56,14.731,2.325,0.6946,15.235,2.356,0.6931,16.128,16.595,2.378,0.6883,94.87,45.08,1.217,PASS,0
LOT_013_DIE_04562,LOT_013,123.23,3.628,504.37,14.913,2.417,0.7434,15.015,2.442,0.7423,15.923,16.396,2.447,0.7353,106.03,45.66,1.21,PASS,0
LOT_014_DIE_04563,LOT_014,125.15,3.562,521.33,8.447,2.737,0.7011,9.12,2.753,0.6972,9.469,10.341,2.77,0.6942,106.42,47.75,1.341,PASS,0
LOT_015_DIE_04564,LOT_015,123.46,3.652,496.32,9.071,2.676,0.6993,9.708,2.678,0.6981,10.359,11.267,2.74,0.6918,100.33,43.18,1.233,PASS,0
LOT_016_DIE_04565,LOT_016,123.78,3.583,513.95,8.221,2.256,0.7246,8.284,2.285,0.7223,9.284,10.19,2.297,0.7187,106.62,39.62,1.23,PASS,0
LOT_017_DIE_04566,LOT_017,124.06,3.599,516.47,11.264,2.389,0.6941,11.609,2.419,0.6911,12.561,13.041,2.425,0.685,100.82,48.79,1.177,PASS,0
LOT_018_DIE_04567,LOT_018,124.53,3.621,486.83,12.883,2.544,0.7192,13.142,2.561,0.7161,13.824,14.371,2.582,0.7077,98.72,44.76,1.168,PASS,0
LOT_019_DIE_04568,LOT_019,125.17,3.639,519.33,10.965,2.39,0.6835,11.308,2.419,0.6797,11.664,12.165,2.466,0.6739,109.48,48.8,1.297,PASS,0
LOT_020_DIE_04569,LOT_020,125.25,3.578,497.9,9.995,2.381,0.7199,10.524,2.379,0.7158,11.583,11.984,2.426,0.7114,94.57,41.48,1.248,PASS,0
LOT_021_DIE_04570,LOT_021,123.45,3.582,506.74,12.855,2.309,0.7112,13.269,2.331,0.7081,14.45,15.119,2.335,0.7022,103.48,47.09,1.283,PASS,0
LOT_022_DIE_04571,LOT_022,126.2,3.647,496.34,10.449,2.36,0.6977,10.791,2.371,0.6956,12.1,12.644,2.397,0.6931,106.27,43.96,1.124,PASS,0
LOT_023_DIE_04572,LOT_023,125.73,3.604,497.15,8.096,2.501,0.6678,8.491,2.531,0.6651,9.779,10.154,2.569,0.6581,103.67,41.33,1.309,PASS,0
LOT_024_DIE_04573,LOT_024,126.22,3.537,477.38,11.6,2.406,0.7233,12.135,2.433,0.7205,12.582,13.265,2.433,0.7133,95.75,37.84,1.171,PASS,0
LOT_025_DIE_04574,LOT_025,123.54,3.582,500.73,11.377,2.58,0.706,11.618,2.598,0.7026,12.525,13.317,2.618,0.699,100.26,46.33,1.227,PASS,0
LOT_026_DIE_04575,LOT_026,124.9,3.647,483.73,14.838,2.681,0.7471,15.323,2.692,0.7444,16.244,17.204,2.722,0.7409,102.16,44.18,1.334,PASS,0
LOT_027_DIE_04576,LOT_027,125.22,3.606,513.12,10.114,2.297,0.7256,10.5,2.312,0.722,11.576,12.303,2.363,0.717,104.46,45.77,1.258,PASS,0
LOT_028_DIE_04577,LOT_028,124.05,3.635,511.81,10.296,2.228,0.6751,10.605,2.235,0.6749,11.255,11.368,2.271,0.667,102.56,45.51,1.203,PASS,0
LOT_029_DIE_04578,LOT_029,123.27,3.621,470.15,12.057,2.822,0.7047,12.146,2.87,0.7013,12.67,13.56,2.838,0.6984,110.98,46.38,1.391,PASS,0
LOT_030_DIE_04579,LOT_030,123.62,3.556,504.75,8.508,2.49,0.703,8.859,2.511,0.7005,10.016,10.381,2.534,0.6938,103.72,45.53,1.245,PASS,0
LOT_031_DIE_04580,LOT_031,123.92,3.57,484.82,12.014,2.381,0.7181,12.257,2.415,0.7153,13.096,13.964,2.425,0.7094,103.73,47.68,1.246,PASS,0
LOT_032_DIE_04581,LOT_032,126.3,3.579,495.26,8.552,2.296,0.7496,9.037,2.317,0.7465,9.637,10.247,2.341,0.7427,100.92,43.65,1.191,PASS,0
LOT_033_DIE_04582,LOT_033,125.94,3.59,504.66,7.838,2.656,0.686,7.869,2.678,0.6832,9.401,9.673,2.696,0.6806,102.25,41.23,1.294,PASS,0
LOT_034_DIE_04583,LOT_034,123.14,3.685,483.01,14.978,2.512,0.6904,15.441,2.539,0.6887,16.433,16.969,2.579,0.6807,103.83,46.96,1.315,PASS,0
LOT_035_DIE_04584,LOT_035,124.76,3.6,526.84,15.742,2.301,0.716,16.396,2.325,0.7154,17.394,17.763,2.324,0.7083,105.86,44.21,1.286,PASS,0
LOT_036_DIE_04585,LOT_036,123.69,3.548,486.98,13.427,2.261,0.7023,13.957,2.298,0.6987,14.663,14.797,2.371,0.692,93.73,41.86,1.245,PASS,0
LOT_037_DIE_04586,LOT_037,125.2,3.624,501.45,9.679,2.718,0.7257,10.113,2.733,0.7224,11.133,11.866,2.78,0.719,111.18,46.61,1.088,PASS,0
LOT_038_DIE_04587,LOT_038,126.41,3.638,519.57,9.08,2.652,0.7167,9.376,2.674,0.7146,10.333,10.908,2.67,0.7069,104.47,43.11,1.163,PASS,0
LOT_039_DIE_04588,LOT_039,123.97,3.529,500.37,11.959,2.317,0.7088,12.201,2.329,0.7078,13.328,13.799,2.351,0.6982,104.0,46.74,1.211,PASS,0
LOT_040_DIE_04589,LOT_040,124.67,3.693,515.24,11.913,2.696,0.7166,12.284,2.713,0.7158,12.923,13.625,2.743,0.7076,108.81,43.53,1.254,PASS,0
LOT_041_DIE_04590,LOT_041,125.25,3.552,511.35,8.113,2.532,0.6957,8.672,2.545,0.6922,9.291,10.068,2.551,0.6884,101.84,48.66,1.263,PASS,0
LOT_042_DIE_04591,LOT_042,125.22,3.575,494.23,13.009,2.395,0.7288,13.339,2.403,0.7265,14.079,14.479,2.429,0.7175,101.66,49.54,1.28,PASS,0
LOT_043_DIE_04592,LOT_043,123.46,3.663,503.53,6.528,2.257,0.7172,6.804,2.294,0.7122,8.043,8.634,2.29,0.7082,103.56,38.85,1.214,PASS,0
LOT_044_DIE_04593,LOT_044,124.38,3.618,509.02,14.11,2.615,0.7279,14.638,2.648,0.725,15.952,16.629,2.667,0.7203,89.23,44.33,1.328,PASS,0
LOT_045_DIE_04594,LOT_045,126.02,3.582,472.55,10.373,2.246,0.7389,11.259,2.267,0.7365,12.453,13.199,2.302,0.7296,102.9,44.16,1.152,PASS,0
LOT_046_DIE_04595,LOT_046,125.16,3.567,482.01,12.27,2.133,0.6953,12.628,2.157,0.6929,13.474,13.853,2.178,0.6901,94.75,42.82,1.281,PASS,0
LOT_047_DIE_04596,LOT_047,125.98,3.575,501.47,9.532,2.242,0.7117,9.721,2.268,0.708,10.426,10.648,2.303,0.7111,94.02,51.18,1.217,PASS,0
LOT_048_DIE_04597,LOT_048,124.75,3.59,480.04,12.238,2.486,0.6955,12.533,2.514,0.6956,13.721,14.324,2.497,0.6876,105.64,49.15,1.296,PASS,0
LOT_049_DIE_04598,LOT_049,123.39,3.653,485.07,11.66,2.41,0.6718,12.162,2.435,0.669,12.798,13.159,2.482,0.6625,100.02,44.72,1.167,PASS,0
LOT_050_DIE_04599,LOT_050,124.54,3.577,475.27,10.228,2.27,0.7109,10.587,2.291,0.7066,11.317,11.679,2.338,0.705,94.62,49.64,1.252,PASS,0
LOT_001_DIE_04600,LOT_001,125.23,3.576,505.3,10.919,2.465,0.7475,11.222,2.493,0.7455,12.173,13.043,2.497,0.7393,106.78,45.57,1.198,PASS,0
LOT_002_DIE_04601,LOT_002,123.68,3.571,507.72,16.483,2.529,0.7051,16.902,2.54,0.7019,17.55,18.069,2.578,0.6969,108.43,44.1,1.243,PASS,0
LOT_003_DIE_04602,LOT_003,125.18,3.646,508.88,12.052,2.631,0.7457,12.151,2.654,0.7399,12.68,13.52,2.68,0.7383,95.13,48.1,1.288,PASS,0
LOT_004_DIE_04603,LOT_004,127.72,3.59,489.84,11.235,2.608,0.737,11.606,2.63,0.7354,12.144,12.853,2.664,0.7313,96.06,43.98,1.344,PASS,0
LOT_005_DIE_04604,LOT_005,123.28,3.584,521.45,9.532,2.432,0.7251,10.079,2.435,0.7233,10.695,11.55,2.483,0.719,105.2,46.53,1.332,PASS,0
LOT_006_DIE_04605,LOT_006,124.49,3.619,480.7,8.351,2.609,0.7429,8.744,2.622,0.742,9.456,10.044,2.679,0.737,100.6,47.07,1.302,PASS,0
LOT_007_DIE_04606,LOT_007,124.16,3.578,502.64,9.131,2.373,0.6501,9.375,2.406,0.6468,10.608,10.926,2.439,0.6457,104.24,44.9,1.338,PASS,0
LOT_008_DIE_04607,LOT_008,125.52,3.672,512.42,13.538,2.507,0.666,13.852,2.515,0.6636,14.479,15.078,2.588,0.6585,101.65,42.96,1.318,PASS,0
LOT_009_DIE_04608,LOT_009,126.6,3.641,493.87,10.858,2.364,0.6712,11.257,2.386,0.6709,11.552,12.051,2.434,0.6638,94.47,44.31,1.198,PASS,0
LOT_010_DIE_04609,LOT_010,126.99,3.586,504.68,13.13,2.46,0.7022,13.57,2.497,0.6997,14.502,14.852,2.528,0.6934,102.85,42.81,1.338,PASS,0
LOT_011_DIE_04610,LOT_011,126.35,3.584,488.92,8.427,2.474,0.6979,8.654,2.501,0.695,9.401,9.834,2.516,0.6894,99.1,41.63,1.318,PASS,0
LOT_012_DIE_04611,LOT_012,122.04,3.569,487.86,14.173,2.578,0.6678,14.613,2.609,0.6645,15.661,15.82,2.611,0.6609,96.2,45.35,1.199,PASS,0
LOT_013_DIE_04612,LOT_013,124.8,3.607,516.61,13.845,2.484,0.7312,14.154,2.505,0.7283,15.316,15.898,2.577,0.7249,95.2,48.42,1.236,PASS,0
LOT_014_DIE_04613,LOT_014,123.3,3.635,523.09,7.406,2.223,0.6917,7.513,2.253,0.6889,8.319,9.152,2.275,0.6853,108.01,42.0,1.295,PASS,0
LOT_015_DIE_04614,LOT_015,123.75,3.632,508.53,7.083,2.637,0.6681,7.718,2.662,0.6654,8.471,8.738,2.66,0.659,113.21,41.44,1.262,PASS,0
LOT_016_DIE_04615,LOT_016,125.13,3.587,520.3,9.381,2.391,0.6939,9.958,2.39,0.6923,10.689,11.026,2.442,0.6861,102.87,41.61,1.234,PASS,0
LOT_017_DIE_04616,LOT_017,125.86,3.595,545.08,9.458,2.311,0.6819,9.71,2.315,0.6784,10.374,10.628,2.361,0.6755,98.15,42.64,1.174,PASS,0
LOT_018_DIE_04617,LOT_018,126.44,3.59,491.61,11.4,2.417,0.7169,11.84,2.434,0.7151,12.909,13.475,2.458,0.7084,101.21,45.05,1.139,PASS,0
LOT_019_DIE_04618,LOT_019,125.55,3.647,503.29,12.71,2.539,0.7037,12.925,2.568,0.7005,13.797,14.424,2.605,0.6953,101.52,46.63,1.351,PASS,0
LOT_020_DIE_04619,LOT_020,125.27,3.624,499.17,9.578,2.426,0.761,9.848,2.452,0.7582,11.046,11.677,2.454,0.7492,98.05,45.72,1.22,PASS,0
LOT_021_DIE_04620,LOT_021,124.56,3.57,506.43,12.434,2.548,0.741,12.939,2.588,0.7358,13.634,14.341,2.599,0.735,96.89,48.28,1.351,PASS,0
LOT_022_DIE_04621,LOT_022,122.42,3.628,520.84,9.052,2.282,0.6833,9.426,2.299,0.6807,10.216,10.917,2.362,0.6755,99.58,43.48,1.236,PASS,0
LOT_023_DIE_04622,LOT_023,126.18,3.596,491.22,12.355,2.657,0.7011,23.872,2.953,0.6892,47.998,85.72,3.459,0.6516,126.13,39.16,1.344,THERMAL_VOLTAGE_STRESS_FAILURE,1
LOT_024_DIE_04623,LOT_024,127.08,3.584,480.17,11.739,2.434,0.7284,12.041,2.461,0.7239,13.183,13.162,2.472,0.7219,94.63,43.82,1.296,PASS,0
LOT_025_DIE_04624,LOT_025,123.82,3.596,473.37,10.778,2.638,0.7127,11.331,2.669,0.7093,11.955,12.906,2.679,0.705,101.79,44.21,1.393,PASS,0
LOT_026_DIE_04625,LOT_026,125.0,3.656,490.54,14.454,2.311,0.7427,14.889,2.334,0.7403,15.311,15.978,2.343,0.7323,107.59,49.97,1.404,PASS,0
LOT_027_DIE_04626,LOT_027,124.52,3.677,531.12,9.918,2.385,0.7337,10.428,2.408,0.7327,11.702,12.357,2.444,0.7273,100.02,44.18,1.304,PASS,0
LOT_028_DIE_04627,LOT_028,125.34,3.634,499.58,9.421,1.998,0.6847,9.889,2.011,0.6813,10.787,11.833,2.005,0.6777,94.28,45.68,1.258,PASS,0
LOT_029_DIE_04628,LOT_029,124.6,3.589,473.72,14.259,2.601,0.6883,14.675,2.619,0.685,15.352,16.34,2.653,0.6785,94.22,44.4,1.232,PASS,0
LOT_030_DIE_04629,LOT_030,126.2,3.621,504.67,9.007,2.432,0.6844,9.56,2.457,0.6808,10.272,11.34,2.489,0.6771,95.29,44.8,1.21,PASS,0
LOT_031_DIE_04630,LOT_031,125.33,3.552,513.71,12.2,2.463,0.7503,12.543,2.492,0.7469,13.576,14.575,2.517,0.7411,95.98,43.16,1.397,PASS,0
LOT_032_DIE_04631,LOT_032,124.14,3.682,498.99,9.827,2.463,0.7304,9.887,2.501,0.7264,10.608,11.615,2.512,0.7209,105.45,44.34,1.267,PASS,0
LOT_033_DIE_04632,LOT_033,124.8,3.566,482.91,36.795,3.634,0.6529,44.944,4.771,0.6164,71.083,104.592,5.989,0.567,106.87,35.87,1.356,LATENT_CONTEXTUAL_OUTLIER,1
LOT_034_DIE_04633,LOT_034,126.59,3.644,508.05,17.219,2.82,0.688,31.765,3.281,0.668,61.622,100.074,4.037,0.6296,115.95,38.89,1.17,THERMAL_VOLTAGE_STRESS_FAILURE,1
LOT_035_DIE_04634,LOT_035,125.48,3.633,520.29,14.016,2.704,0.6995,14.437,2.732,0.6969,15.339,16.24,2.768,0.6915,101.98,45.26,1.311,PASS,0
LOT_036_DIE_04635,LOT_036,125.66,3.557,503.11,14.109,2.492,0.7152,14.477,2.512,0.7134,15.617,16.176,2.56,0.7085,103.54,44.68,1.41,PASS,0
LOT_037_DIE_04636,LOT_037,124.69,3.563,508.86,11.446,2.604,0.7119,11.939,2.627,0.7098,12.646,13.242,2.668,0.7042,102.09,42.58,1.192,PASS,0
LOT_038_DIE_04637,LOT_038,123.6,3.641,527.27,8.662,2.719,0.7233,9.006,2.731,0.7228,10.553,11.441,2.753,0.7168,99.37,43.65,1.232,PASS,0
LOT_039_DIE_04638,LOT_039,124.59,3.597,488.17,12.382,2.297,0.736,12.884,2.306,0.7333,13.602,14.264,2.338,0.7292,96.82,48.65,1.297,PASS,0
LOT_040_DIE_04639,LOT_040,125.04,3.562,541.0,9.247,2.213,0.6917,9.443,2.231,0.689,10.543,11.376,2.267,0.6865,102.46,46.64,1.321,PASS,0
LOT_041_DIE_04640,LOT_041,124.63,3.573,522.71,10.24,2.323,0.6935,10.561,2.335,0.6904,11.273,11.669,2.365,0.6844,99.0,39.99,1.321,PASS,0
LOT_042_DIE_04641,LOT_042,124.36,3.603,470.79,12.38,2.437,0.7234,12.913,2.455,0.7194,14.115,14.735,2.474,0.713,100.3,43.36,1.262,PASS,0
LOT_043_DIE_04642,LOT_043,124.69,3.543,490.17,9.114,2.624,0.748,9.564,2.613,0.7458,10.257,10.916,2.682,0.7391,94.98,43.23,1.236,PASS,0
LOT_044_DIE_04643,LOT_044,125.82,3.648,508.43,12.676,2.395,0.7167,12.954,2.413,0.7143,13.35,13.506,2.425,0.7086,96.96,42.7,1.215,PASS,0
LOT_045_DIE_04644,LOT_045,122.9,3.63,486.79,9.87,2.39,0.7432,10.054,2.389,0.7415,10.903,11.541,2.48,0.7317,90.49,47.23,1.239,PASS,0
LOT_046_DIE_04645,LOT_046,124.75,3.562,476.9,10.867,2.346,0.6915,11.263,2.351,0.6885,11.516,11.848,2.396,0.6829,104.35,46.99,1.349,PASS,0
LOT_047_DIE_04646,LOT_047,125.44,3.714,503.26,9.605,2.222,0.7085,9.862,2.237,0.7046,10.821,11.563,2.255,0.7012,97.45,42.74,1.211,PASS,0
LOT_048_DIE_04647,LOT_048,125.28,3.615,504.59,12.743,2.526,0.7064,13.177,2.544,0.7019,13.997,14.552,2.573,0.7009,103.35,47.31,1.219,PASS,0
LOT_049_DIE_04648,LOT_049,126.18,3.602,480.38,10.556,2.413,0.6588,10.829,2.424,0.6565,11.971,12.891,2.459,0.6538,99.55,41.87,1.267,PASS,0
LOT_050_DIE_04649,LOT_050,124.66,3.597,493.93,9.469,2.509,0.6815,9.79,2.529,0.6781,10.651,11.431,2.549,0.6769,93.45,43.97,1.236,PASS,0
LOT_001_DIE_04650,LOT_001,123.14,3.612,477.48,11.103,2.31,0.7232,11.534,2.324,0.7196,11.873,12.297,2.391,0.7111,94.88,46.18,1.218,PASS,0
LOT_002_DIE_04651,LOT_002,125.51,3.627,515.91,15.069,2.372,0.7232,15.43,2.385,0.7205,16.282,16.57,2.414,0.7133,107.42,44.3,1.323,PASS,0
LOT_003_DIE_04652,LOT_003,127.15,3.675,494.85,14.409,2.709,0.7313,14.893,2.74,0.7284,15.319,15.91,2.745,0.7234,104.55,42.74,1.309,PASS,0
LOT_004_DIE_04653,LOT_004,123.87,3.591,491.84,13.739,2.633,0.7545,14.321,2.659,0.7527,15.598,16.149,2.688,0.7473,105.62,43.17,1.288,PASS,0
LOT_005_DIE_04654,LOT_005,127.15,3.646,522.49,9.546,2.378,0.7127,10.0,2.394,0.7095,10.213,10.902,2.438,0.7058,97.9,44.47,1.273,PASS,0
LOT_006_DIE_04655,LOT_006,125.43,3.548,484.65,8.228,2.453,0.7317,8.68,2.462,0.7279,9.721,10.16,2.471,0.7202,90.67,44.53,1.251,PASS,0
LOT_007_DIE_04656,LOT_007,125.24,3.551,484.88,8.912,2.418,0.705,9.0,2.44,0.6999,10.005,10.559,2.445,0.6967,104.73,45.83,1.157,PASS,0
LOT_008_DIE_04657,LOT_008,126.05,3.565,497.81,14.711,2.738,0.7009,15.11,2.743,0.6982,15.582,16.293,2.809,0.6956,101.4,44.6,1.373,PASS,0
LOT_009_DIE_04658,LOT_009,124.48,3.636,504.83,12.936,2.413,0.6905,13.505,2.427,0.6861,14.655,15.085,2.456,0.6832,94.49,47.73,1.319,PASS,0
LOT_010_DIE_04659,LOT_010,124.6,3.574,488.56,14.891,2.427,0.6892,15.379,2.435,0.6869,16.138,16.868,2.493,0.6796,101.1,41.55,1.175,PASS,0
LOT_011_DIE_04660,LOT_011,124.26,3.61,488.23,8.447,2.464,0.7269,8.898,2.489,0.7242,9.546,10.328,2.505,0.7177,95.85,47.03,1.216,PASS,0
LOT_012_DIE_04661,LOT_012,123.67,3.614,482.18,13.568,2.651,0.6684,14.098,2.669,0.6662,15.102,15.724,2.725,0.6591,99.44,42.67,1.243,PASS,0
LOT_013_DIE_04662,LOT_013,124.65,3.495,537.48,13.516,2.476,0.7075,13.812,2.49,0.7042,14.072,14.526,2.505,0.7,105.17,48.33,1.15,PASS,0
LOT_014_DIE_04663,LOT_014,122.08,3.612,510.92,9.519,2.461,0.6857,9.794,2.457,0.6821,10.159,11.177,2.509,0.6784,99.13,47.4,1.315,PASS,0
LOT_015_DIE_04664,LOT_015,125.99,3.568,524.68,9.936,2.561,0.6782,10.122,2.585,0.6742,10.631,11.12,2.607,0.6674,87.08,41.55,1.163,PASS,0
LOT_016_DIE_04665,LOT_016,125.12,3.61,523.26,11.146,2.241,0.7288,11.599,2.276,0.7254,12.371,13.043,2.329,0.7223,86.28,43.64,1.294,PASS,0
LOT_017_DIE_04666,LOT_017,123.87,3.634,502.61,11.224,2.341,0.7032,11.389,2.355,0.6996,12.364,12.909,2.357,0.6956,102.51,52.0,1.229,PASS,0
LOT_018_DIE_04667,LOT_018,124.86,3.672,483.45,12.54,2.668,0.7052,12.862,2.684,0.701,13.949,14.193,2.742,0.6951,96.23,46.08,1.307,PASS,0
LOT_019_DIE_04668,LOT_019,126.38,3.557,524.98,11.346,2.509,0.6947,11.677,2.527,0.6909,12.93,13.044,2.54,0.6896,102.95,43.88,1.347,PASS,0
LOT_020_DIE_04669,LOT_020,123.64,3.577,501.5,9.686,2.419,0.7394,10.061,2.417,0.7346,10.788,11.598,2.454,0.7338,97.96,43.61,1.238,PASS,0
LOT_021_DIE_04670,LOT_021,127.55,3.546,502.37,11.658,2.667,0.7101,11.996,2.676,0.7059,12.56,12.856,2.688,0.701,111.44,41.61,1.261,PASS,0
LOT_022_DIE_04671,LOT_022,124.84,3.713,512.55,8.059,2.546,0.6885,8.282,2.574,0.6845,9.491,10.001,2.606,0.6849,99.27,46.44,1.269,PASS,0
LOT_023_DIE_04672,LOT_023,124.75,3.546,490.42,9.52,2.238,0.6757,9.572,2.26,0.6708,10.352,11.154,2.279,0.6658,95.47,43.88,1.306,PASS,0
LOT_024_DIE_04673,LOT_024,126.44,3.598,472.24,10.117,2.651,0.7099,10.704,2.666,0.7069,11.388,12.089,2.682,0.7002,96.43,42.72,1.184,PASS,0
LOT_025_DIE_04674,LOT_025,124.27,3.582,478.36,10.071,2.545,0.7063,10.368,2.551,0.7026,10.774,11.331,2.579,0.6988,88.95,41.62,1.392,PASS,0
LOT_026_DIE_04675,LOT_026,124.24,3.556,500.49,14.487,2.334,0.7437,14.663,2.364,0.7409,15.809,16.386,2.377,0.7341,106.9,44.32,1.326,PASS,0
LOT_027_DIE_04676,LOT_027,125.74,3.644,505.8,10.459,2.379,0.7384,11.102,2.385,0.7357,11.656,11.902,2.437,0.7291,107.03,44.34,1.385,PASS,0
LOT_028_DIE_04677,LOT_028,126.88,3.587,517.05,13.916,2.753,0.6859,29.171,3.222,0.6735,54.155,92.157,4.297,0.6279,118.55,35.37,1.112,THERMAL_VOLTAGE_STRESS_FAILURE,1
LOT_029_DIE_04678,LOT_029,124.46,3.575,469.94,12.165,2.264,0.71,12.582,2.287,0.7069,12.909,13.478,2.348,0.7005,97.35,42.39,1.249,PASS,0
LOT_030_DIE_04679,LOT_030,126.74,3.613,496.15,8.832,2.629,0.6988,8.992,2.663,0.6976,10.12,10.472,2.673,0.6914,104.17,44.43,1.222,PASS,0
LOT_031_DIE_04680,LOT_031,126.27,3.639,478.19,10.85,2.263,0.741,10.995,2.279,0.7372,11.84,12.31,2.287,0.7341,97.96,46.18,1.176,PASS,0
LOT_032_DIE_04681,LOT_032,124.19,3.638,473.35,10.109,2.575,0.7022,10.618,2.584,0.6988,11.12,11.518,2.583,0.6933,86.93,41.43,1.209,PASS,0
LOT_033_DIE_04682,LOT_033,127.1,3.571,474.6,6.557,2.688,0.7078,7.033,2.719,0.7028,7.702,8.503,2.729,0.6995,95.73,48.57,1.187,PASS,0
LOT_034_DIE_04683,LOT_034,124.92,3.562,487.57,13.778,2.549,0.6885,14.29,2.578,0.6858,15.239,15.234,2.638,0.6786,105.08,42.36,1.299,PASS,0
LOT_035_DIE_04684,LOT_035,125.07,3.623,514.06,16.906,2.5,0.697,17.179,2.521,0.6943,17.852,18.415,2.581,0.6891,98.91,47.07,1.17,PASS,0
LOT_036_DIE_04685,LOT_036,125.15,3.588,486.48,13.739,2.51,0.688,14.228,2.528,0.6845,14.838,15.828,2.562,0.6807,108.49,43.34,1.296,PASS,0
LOT_037_DIE_04686,LOT_037,124.75,3.605,504.66,10.284,2.538,0.7104,10.426,2.561,0.7071,10.921,11.355,2.578,0.7041,108.54,40.14,1.146,PASS,0
LOT_038_DIE_04687,LOT_038,126.03,3.611,489.28,9.327,2.442,0.7148,10.052,2.467,0.712,10.856,11.761,2.492,0.7048,99.91,46.3,1.159,PASS,0
LOT_039_DIE_04688,LOT_039,124.69,3.588,503.8,11.324,2.627,0.7465,11.716,2.651,0.7452,12.717,13.265,2.684,0.7372,105.19,42.77,1.219,PASS,0
LOT_040_DIE_04689,LOT_040,126.62,3.541,511.79,8.986,2.559,0.6989,9.587,2.583,0.6961,10.563,11.464,2.625,0.6889,106.36,49.77,1.38,PASS,0
LOT_041_DIE_04690,LOT_041,124.98,3.623,512.78,8.866,2.535,0.672,9.406,2.549,0.6684,10.314,11.416,2.567,0.6607,104.81,44.41,1.311,PASS,0
LOT_042_DIE_04691,LOT_042,126.14,3.648,499.22,10.547,2.414,0.7059,10.985,2.422,0.7012,11.961,12.509,2.455,0.6993,101.08,47.12,1.182,PASS,0
LOT_043_DIE_04692,LOT_043,125.68,3.569,500.2,7.331,2.553,0.7147,7.827,2.567,0.7126,8.815,9.308,2.604,0.7088,106.29,44.31,1.283,PASS,0
LOT_044_DIE_04693,LOT_044,125.38,3.555,495.16,13.262,2.51,0.7197,13.783,2.527,0.7174,14.612,15.032,2.57,0.7102,94.71,47.7,1.388,PASS,0
LOT_045_DIE_04694,LOT_045,123.41,3.565,507.21,10.433,2.397,0.7257,10.789,2.416,0.7228,11.596,12.091,2.435,0.7171,102.08,44.08,1.365,PASS,0
LOT_046_DIE_04695,LOT_046,124.51,3.536,462.75,12.365,2.416,0.7172,12.825,2.438,0.7137,13.833,14.644,2.455,0.7108,98.35,45.46,1.408,PASS,0
LOT_047_DIE_04696,LOT_047,124.76,3.666,509.49,10.497,2.448,0.7052,10.799,2.474,0.7018,11.415,12.313,2.503,0.6953,94.96,41.53,1.269,PASS,0
LOT_048_DIE_04697,LOT_048,125.17,3.543,482.68,9.928,2.568,0.6911,10.108,2.582,0.6877,10.779,11.382,2.61,0.6816,102.29,41.52,1.291,PASS,0
LOT_049_DIE_04698,LOT_049,125.38,3.629,471.62,12.072,2.307,0.6643,12.428,2.324,0.6642,13.411,13.899,2.366,0.6537,98.76,45.53,1.276,PASS,0
LOT_050_DIE_04699,LOT_050,125.0,3.594,476.15,12.909,2.516,0.6842,13.182,2.538,0.6813,13.939,14.443,2.533,0.6728,100.95,45.23,1.261,PASS,0
LOT_001_DIE_04700,LOT_001,123.64,3.572,488.94,7.08,2.626,0.7327,7.879,2.638,0.73,8.687,8.878,2.686,0.724,99.39,44.01,1.254,PASS,0
LOT_002_DIE_04701,LOT_002,125.9,3.55,526.0,15.884,2.417,0.6976,16.346,2.451,0.6927,16.89,17.777,2.459,0.6902,100.87,51.55,1.253,PASS,0
LOT_003_DIE_04702,LOT_003,125.94,3.545,474.47,15.515,2.345,0.7486,15.757,2.371,0.7466,16.471,17.401,2.396,0.7447,105.18,51.84,1.316,PASS,0
LOT_004_DIE_04703,LOT_004,125.24,3.516,497.66,12.369,2.369,0.7179,12.597,2.389,0.717,13.318,13.842,2.393,0.7082,104.96,47.18,1.222,PASS,0
LOT_005_DIE_04704,LOT_005,125.96,3.602,510.9,9.659,2.307,0.6996,10.007,2.346,0.6957,10.586,11.539,2.369,0.6903,101.87,45.81,1.25,PASS,0
LOT_006_DIE_04705,LOT_006,126.06,3.648,484.76,10.963,2.419,0.7134,11.26,2.438,0.7113,12.08,13.271,2.479,0.7037,100.06,48.25,1.19,PASS,0
LOT_007_DIE_04706,LOT_007,126.07,3.575,477.99,9.084,2.187,0.6882,9.219,2.194,0.687,10.083,10.483,2.243,0.6831,104.7,38.0,1.2,PASS,0
LOT_008_DIE_04707,LOT_008,124.76,3.583,505.66,13.202,2.592,0.6981,13.689,2.602,0.6958,13.585,14.773,2.669,0.6943,95.31,43.81,1.23,PASS,0
LOT_009_DIE_04708,LOT_009,123.84,3.628,487.17,12.16,2.562,0.6762,12.401,2.583,0.6719,12.861,13.568,2.609,0.6701,94.69,41.75,1.329,PASS,0
LOT_010_DIE_04709,LOT_010,126.8,3.564,478.84,11.985,2.488,0.6906,12.622,2.515,0.6889,12.833,13.12,2.525,0.6815,99.84,40.64,1.257,PASS,0
LOT_011_DIE_04710,LOT_011,127.3,3.578,507.63,7.922,2.349,0.7156,8.71,2.379,0.7134,9.681,9.927,2.425,0.707,102.11,46.71,1.321,PASS,0
LOT_012_DIE_04711,LOT_012,125.72,3.62,492.1,19.135,2.484,0.6627,19.453,2.515,0.6593,20.141,20.706,2.553,0.6536,106.75,43.16,1.157,PASS,0
LOT_013_DIE_04712,LOT_013,125.42,3.556,521.75,12.824,2.682,0.7332,13.234,2.7,0.7297,13.9,14.958,2.742,0.7275,96.55,51.52,1.305,PASS,0
LOT_014_DIE_04713,LOT_014,124.16,3.621,502.06,7.469,2.43,0.7098,7.782,2.447,0.7069,8.5,8.637,2.477,0.7032,97.03,44.75,1.318,PASS,0
LOT_015_DIE_04714,LOT_015,125.99,3.685,491.43,8.947,2.452,0.688,9.536,2.466,0.6854,10.543,10.632,2.509,0.6785,109.55,50.0,1.219,PASS,0
LOT_016_DIE_04715,LOT_016,123.5,3.535,509.47,10.653,3.061,0.7304,20.168,3.538,0.7145,48.618,80.1,4.847,0.6701,117.97,36.47,1.328,THERMAL_VOLTAGE_STRESS_FAILURE,1
LOT_017_DIE_04716,LOT_017,125.27,3.614,534.78,38.759,3.383,0.6203,56.302,4.294,0.5909,84.035,147.728,6.257,0.4998,117.59,34.52,1.283,LATENT_CONTEXTUAL_OUTLIER,1
LOT_018_DIE_04717,LOT_018,122.33,3.666,492.1,11.552,2.432,0.756,11.936,2.452,0.7521,12.812,13.495,2.501,0.7512,95.83,44.7,1.451,PASS,0
LOT_019_DIE_04718,LOT_019,125.86,3.582,504.11,9.453,2.783,0.6785,10.021,2.807,0.6758,11.267,11.553,2.804,0.6734,98.84,42.06,1.2,PASS,0
LOT_020_DIE_04719,LOT_020,123.93,3.57,492.96,10.57,2.416,0.7589,10.884,2.435,0.7565,11.777,12.184,2.465,0.7496,106.41,45.41,1.035,PASS,0
LOT_021_DIE_04720,LOT_021,125.23,3.553,508.88,12.259,2.634,0.7292,12.763,2.655,0.7252,13.395,14.294,2.689,0.7213,97.21,47.43,1.346,PASS,0
LOT_022_DIE_04721,LOT_022,124.13,3.51,520.74,8.51,2.411,0.714,9.209,2.436,0.712,10.189,10.613,2.455,0.7055,94.06,47.66,1.222,PASS,0
LOT_023_DIE_04722,LOT_023,125.0,3.582,494.52,12.208,2.541,0.6722,12.388,2.554,0.6694,13.351,13.768,2.57,0.6672,93.53,42.51,1.358,PASS,0
LOT_024_DIE_04723,LOT_024,126.27,3.623,496.45,10.617,2.596,0.7362,11.037,2.625,0.7329,11.53,11.819,2.652,0.7285,100.76,41.93,1.164,PASS,0
LOT_025_DIE_04724,LOT_025,126.47,3.62,489.97,12.143,2.476,0.7266,12.686,2.498,0.7241,13.869,14.702,2.55,0.7201,102.0,43.86,1.12,PASS,0
LOT_026_DIE_04725,LOT_026,126.33,3.602,510.27,11.671,2.482,0.7287,11.775,2.505,0.7264,12.557,13.327,2.527,0.7208,100.18,42.35,1.187,PASS,0
LOT_027_DIE_04726,LOT_027,124.05,3.619,510.42,9.779,2.466,0.7184,10.292,2.48,0.717,11.025,11.294,2.563,0.7142,93.37,45.18,1.165,PASS,0
LOT_028_DIE_04727,LOT_028,124.98,3.596,509.95,11.807,2.612,0.6929,12.568,2.628,0.6885,12.978,13.485,2.673,0.6818,105.24,45.9,1.159,PASS,0
LOT_029_DIE_04728,LOT_029,125.48,3.614,464.11,10.456,2.723,0.7157,10.48,2.732,0.712,11.73,12.124,2.763,0.7067,95.63,46.44,1.319,PASS,0
LOT_030_DIE_04729,LOT_030,125.6,3.533,499.78,9.468,2.651,0.6715,9.809,2.664,0.6688,10.211,10.958,2.711,0.6659,100.08,43.71,1.253,PASS,0
LOT_031_DIE_04730,LOT_031,124.35,3.587,505.39,12.962,2.633,0.7309,13.391,2.654,0.7275,14.337,14.252,2.694,0.7223,99.41,45.43,1.3,PASS,0
LOT_032_DIE_04731,LOT_032,123.78,3.606,501.63,8.207,2.58,0.7136,8.525,2.598,0.7108,8.688,9.12,2.595,0.7065,114.88,44.63,1.22,PASS,0
LOT_033_DIE_04732,LOT_033,123.33,3.57,471.25,9.328,2.742,0.7164,9.628,2.762,0.7142,10.191,11.319,2.791,0.7121,103.73,45.02,1.295,PASS,0
LOT_034_DIE_04733,LOT_034,125.78,3.568,492.87,14.967,2.656,0.6917,15.355,2.677,0.6883,16.064,16.946,2.717,0.6868,96.89,47.47,1.337,PASS,0
LOT_035_DIE_04734,LOT_035,123.89,3.565,529.86,14.964,2.613,0.6779,15.117,2.619,0.6739,15.977,16.567,2.717,0.6731,105.48,45.17,1.135,PASS,0
LOT_036_DIE_04735,LOT_036,124.53,3.602,497.77,13.581,2.353,0.7255,13.904,2.383,0.7209,14.908,15.773,2.438,0.7168,92.85,45.26,1.22,PASS,0
LOT_037_DIE_04736,LOT_037,126.06,3.637,505.86,10.771,2.661,0.7356,11.331,2.677,0.7316,11.856,12.649,2.683,0.7265,100.71,44.63,1.329,PASS,0
LOT_038_DIE_04737,LOT_038,127.41,3.548,516.55,8.923,2.771,0.7354,9.083,2.789,0.7323,9.934,10.682,2.823,0.728,105.86,45.73,1.115,PASS,0
LOT_039_DIE_04738,LOT_039,126.69,3.635,492.36,12.302,2.342,0.745,12.597,2.364,0.74,13.192,14.28,2.411,0.7357,94.57,44.09,1.12,PASS,0
LOT_040_DIE_04739,LOT_040,125.03,3.599,535.25,12.925,2.531,0.7057,25.697,2.896,0.6932,41.133,61.51,3.598,0.6587,105.67,37.11,1.341,THERMAL_VOLTAGE_STRESS_FAILURE,1
LOT_041_DIE_04740,LOT_041,123.35,3.636,527.25,9.848,2.536,0.6693,9.996,2.555,0.6665,10.951,11.037,2.575,0.6598,97.44,42.55,1.179,PASS,0
LOT_042_DIE_04741,LOT_042,126.06,3.687,492.89,9.35,2.504,0.7197,10.216,2.518,0.7174,10.788,11.748,2.528,0.7131,100.58,42.37,1.212,PASS,0
LOT_043_DIE_04742,LOT_043,124.99,3.651,516.69,7.239,2.212,0.7091,7.754,2.224,0.7063,8.807,9.21,2.288,0.704,101.38,44.02,1.246,PASS,0
LOT_044_DIE_04743,LOT_044,124.88,3.595,504.14,14.071,2.441,0.6746,14.547,2.456,0.6708,14.789,15.549,2.502,0.6675,98.81,41.79,1.27,PASS,0
LOT_045_DIE_04744,LOT_045,126.82,3.569,508.78,11.579,2.751,0.7313,12.063,2.758,0.7292,13.057,13.26,2.817,0.7258,97.55,45.99,1.283,PASS,0
LOT_046_DIE_04745,LOT_046,125.14,3.601,465.24,11.705,2.411,0.7,12.184,2.453,0.6974,13.074,14.109,2.436,0.6899,86.55,47.29,1.226,PASS,0
LOT_047_DIE_04746,LOT_047,126.09,3.585,497.43,11.709,2.52,0.6979,12.201,2.525,0.6943,12.896,13.732,2.585,0.6897,97.71,46.56,1.243,PASS,0
LOT_048_DIE_04747,LOT_048,125.51,3.605,491.58,12.542,2.553,0.6963,25.195,3.174,0.6726,55.44,81.715,4.169,0.6272,115.53,37.05,1.149,LATENT_DRIFT_RUNAWAY,1
LOT_049_DIE_04748,LOT_049,125.83,3.605,478.45,12.069,2.576,0.6978,12.776,2.603,0.6946,13.489,14.048,2.644,0.6876,99.66,45.35,1.119,PASS,0
LOT_050_DIE_04749,LOT_050,125.68,3.573,496.42,7.691,2.689,0.7028,7.943,2.705,0.6996,8.84,9.607,2.767,0.6964,108.85,44.46,1.444,PASS,0
LOT_001_DIE_04750,LOT_001,124.64,3.581,479.79,11.795,2.44,0.7558,12.277,2.47,0.7522,12.962,13.467,2.475,0.7499,98.9,47.11,1.249,PASS,0
LOT_002_DIE_04751,LOT_002,125.02,3.64,501.36,16.002,2.37,0.7315,16.129,2.381,0.7279,16.637,17.444,2.418,0.7251,105.47,40.2,1.235,PASS,0
LOT_003_DIE_04752,LOT_003,126.36,3.666,475.93,11.539,2.493,0.7421,11.922,2.51,0.7393,13.244,13.696,2.539,0.7363,99.39,44.14,1.281,PASS,0
LOT_004_DIE_04753,LOT_004,124.18,3.648,515.94,10.359,2.585,0.7322,10.672,2.619,0.73,11.627,11.932,2.644,0.7207,96.9,39.47,1.163,PASS,0
LOT_005_DIE_04754,LOT_005,123.88,3.602,516.64,9.672,2.552,0.6949,10.283,2.564,0.6913,11.532,12.342,2.625,0.6874,97.43,43.58,1.096,PASS,0
LOT_006_DIE_04755,LOT_006,125.57,3.53,487.24,8.498,2.789,0.7149,8.819,2.816,0.713,9.321,10.467,2.865,0.7032,105.22,42.76,1.32,PASS,0
LOT_007_DIE_04756,LOT_007,126.34,3.687,495.98,7.893,2.573,0.6525,8.0,2.601,0.6484,8.971,9.86,2.626,0.646,109.02,43.73,1.155,PASS,0
LOT_008_DIE_04757,LOT_008,123.04,3.59,508.41,13.605,2.609,0.7093,14.055,2.634,0.7067,14.98,15.836,2.644,0.7012,95.64,46.16,1.211,PASS,0
LOT_009_DIE_04758,LOT_009,123.73,3.543,479.0,13.338,2.336,0.6804,13.924,2.369,0.6771,15.371,15.868,2.397,0.6718,102.4,47.05,1.263,PASS,0
LOT_010_DIE_04759,LOT_010,126.33,3.62,468.51,14.413,2.606,0.6987,14.9,2.613,0.6952,15.452,15.857,2.655,0.6971,106.36,42.45,1.202,PASS,0
LOT_011_DIE_04760,LOT_011,125.4,3.639,489.42,7.03,2.463,0.7119,7.73,2.479,0.7085,8.21,9.033,2.502,0.7031,105.36,44.53,1.301,PASS,0
LOT_012_DIE_04761,LOT_012,125.52,3.538,474.51,14.648,2.33,0.6995,15.067,2.339,0.6958,15.988,16.557,2.377,0.691,101.37,44.74,1.278,PASS,0
LOT_013_DIE_04762,LOT_013,125.99,3.668,519.56,18.058,2.532,0.7471,18.264,2.56,0.7445,18.967,19.821,2.595,0.7389,98.5,42.59,1.305,PASS,0
LOT_014_DIE_04763,LOT_014,125.57,3.618,514.64,10.404,2.532,0.658,10.448,2.555,0.6547,11.629,12.177,2.541,0.6498,102.24,44.27,1.125,PASS,0
LOT_015_DIE_04764,LOT_015,126.15,3.588,516.4,8.558,2.389,0.6841,9.088,2.414,0.6813,9.614,10.365,2.426,0.6747,93.11,41.94,1.226,PASS,0
LOT_016_DIE_04765,LOT_016,124.11,3.575,506.05,9.766,2.476,0.706,10.17,2.481,0.7036,11.211,11.328,2.542,0.6973,92.83,42.4,1.079,PASS,0
LOT_017_DIE_04766,LOT_017,124.4,3.584,507.14,9.916,2.514,0.6622,10.518,2.539,0.6588,11.251,12.056,2.558,0.6552,104.54,41.67,1.249,PASS,0
LOT_018_DIE_04767,LOT_018,124.53,3.554,480.4,10.955,2.625,0.7292,11.197,2.643,0.7264,11.742,12.538,2.673,0.723,96.04,46.78,1.222,PASS,0
LOT_019_DIE_04768,LOT_019,125.77,3.569,505.15,9.668,2.189,0.6869,10.192,2.205,0.6847,11.309,11.906,2.263,0.6757,107.2,47.6,1.158,PASS,0
LOT_020_DIE_04769,LOT_020,123.95,3.634,500.51,9.872,2.549,0.7417,10.112,2.569,0.7392,10.845,11.348,2.593,0.7343,101.95,39.45,1.357,PASS,0
LOT_021_DIE_04770,LOT_021,124.99,3.599,508.21,14.786,2.546,0.7286,15.204,2.571,0.7245,15.452,16.388,2.586,0.7226,104.47,45.9,1.225,PASS,0
LOT_022_DIE_04771,LOT_022,126.22,3.548,517.3,8.984,2.5,0.7237,9.474,2.519,0.7211,10.409,10.202,2.529,0.7152,98.28,44.11,1.362,PASS,0
LOT_023_DIE_04772,LOT_023,127.49,3.617,476.4,9.903,2.643,0.697,10.169,2.656,0.6929,11.174,11.6,2.683,0.6922,91.5,48.34,1.378,PASS,0
LOT_024_DIE_04773,LOT_024,124.04,3.549,466.6,11.099,2.205,0.7554,11.578,2.239,0.7519,12.516,12.95,2.277,0.7503,101.6,46.7,1.278,PASS,0
LOT_025_DIE_04774,LOT_025,125.71,3.665,480.69,12.553,2.827,0.7224,12.811,2.841,0.7194,13.294,14.039,2.884,0.7088,98.78,40.45,1.23,PASS,0
LOT_026_DIE_04775,LOT_026,126.46,3.633,505.91,14.055,2.565,0.704,14.409,2.589,0.7003,15.099,16.192,2.6,0.6974,98.6,47.31,1.204,PASS,0
LOT_027_DIE_04776,LOT_027,125.03,3.599,518.63,8.453,2.62,0.7247,9.103,2.62,0.7215,9.722,10.239,2.661,0.7192,101.65,46.48,1.242,PASS,0
LOT_028_DIE_04777,LOT_028,124.68,3.597,516.74,11.599,2.596,0.6895,12.182,2.629,0.6868,13.377,13.526,2.652,0.6769,101.44,48.72,1.189,PASS,0
LOT_029_DIE_04778,LOT_029,124.17,3.596,472.92,11.682,2.469,0.7007,12.287,2.487,0.6978,13.555,13.792,2.482,0.691,96.48,44.01,1.184,PASS,0
LOT_030_DIE_04779,LOT_030,125.73,3.545,485.22,9.002,2.368,0.7008,9.089,2.403,0.6972,9.981,10.519,2.438,0.6915,97.34,47.45,1.144,PASS,0
LOT_031_DIE_04780,LOT_031,125.56,3.553,493.48,11.488,2.615,0.7353,11.947,2.638,0.733,12.702,12.945,2.68,0.7288,95.24,43.38,1.314,PASS,0
LOT_032_DIE_04781,LOT_032,125.6,3.535,475.0,9.407,2.524,0.7146,10.173,2.534,0.7115,10.75,11.227,2.57,0.7106,97.45,39.49,1.259,PASS,0
LOT_033_DIE_04782,LOT_033,124.04,3.587,479.17,8.232,2.49,0.684,8.617,2.513,0.6821,9.655,10.119,2.577,0.6747,107.54,43.12,1.266,PASS,0
LOT_034_DIE_04783,LOT_034,125.16,3.562,496.03,13.989,2.665,0.6804,14.243,2.696,0.6772,15.171,16.083,2.688,0.6705,99.48,46.1,1.2,PASS,0
LOT_035_DIE_04784,LOT_035,125.64,3.573,519.29,14.086,2.489,0.6825,14.469,2.52,0.679,14.814,15.417,2.497,0.6737,95.18,44.8,1.174,PASS,0
LOT_036_DIE_04785,LOT_036,125.98,3.548,481.49,15.026,2.627,0.701,15.743,2.636,0.6986,16.182,16.706,2.7,0.697,97.92,46.72,1.441,PASS,0
LOT_037_DIE_04786,LOT_037,125.6,3.613,523.11,11.029,2.401,0.7269,11.383,2.452,0.7229,11.88,12.518,2.445,0.7151,95.49,40.43,1.288,PASS,0
LOT_038_DIE_04787,LOT_038,125.97,3.57,511.69,11.191,2.39,0.7027,11.488,2.408,0.7001,12.259,13.167,2.442,0.6931,94.81,48.34,1.284,PASS,0
LOT_039_DIE_04788,LOT_039,124.63,3.596,507.9,12.181,2.695,0.746,12.553,2.708,0.7438,13.081,13.603,2.772,0.7386,93.69,46.2,1.285,PASS,0
LOT_040_DIE_04789,LOT_040,125.25,3.616,518.31,10.871,2.475,0.7034,11.269,2.496,0.7016,12.046,12.642,2.536,0.6954,96.46,42.78,1.225,PASS,0
LOT_041_DIE_04790,LOT_041,126.75,3.568,512.18,6.621,2.391,0.7178,6.674,2.403,0.7136,7.33,7.823,2.431,0.709,96.19,47.82,1.099,PASS,0
LOT_042_DIE_04791,LOT_042,125.06,3.653,511.78,11.565,2.5,0.7264,12.041,2.512,0.7239,12.824,13.592,2.552,0.7189,97.27,45.86,1.25,PASS,0
LOT_043_DIE_04792,LOT_043,127.96,3.608,501.63,8.378,2.609,0.7358,8.913,2.631,0.7319,9.671,10.206,2.665,0.7283,96.21,42.8,1.339,PASS,0
LOT_044_DIE_04793,LOT_044,124.84,3.628,495.09,14.225,2.367,0.7308,14.503,2.403,0.7253,15.535,15.606,2.434,0.7206,99.64,45.48,1.294,PASS,0
LOT_045_DIE_04794,LOT_045,125.39,3.619,504.44,8.233,2.617,0.7034,8.833,2.621,0.7027,9.997,10.761,2.674,0.6922,100.07,45.45,1.37,PASS,0
LOT_046_DIE_04795,LOT_046,124.43,3.617,465.27,12.353,2.116,0.7045,12.657,2.136,0.7025,13.563,14.482,2.148,0.6951,95.16,45.56,1.087,PASS,0
LOT_047_DIE_04796,LOT_047,123.76,3.606,514.98,8.712,2.476,0.6971,9.066,2.476,0.6938,10.251,11.362,2.528,0.688,98.7,49.29,1.368,PASS,0
LOT_048_DIE_04797,LOT_048,125.42,3.588,521.7,11.865,2.852,0.717,11.986,2.855,0.7142,12.696,13.576,2.896,0.7092,107.35,49.71,1.262,PASS,0
LOT_049_DIE_04798,LOT_049,124.49,3.56,494.12,11.866,2.409,0.6943,12.429,2.429,0.6914,13.366,14.016,2.435,0.6868,101.18,41.06,1.181,PASS,0
LOT_050_DIE_04799,LOT_050,125.61,3.548,500.62,8.226,2.589,0.6987,8.674,2.614,0.6953,9.566,10.315,2.643,0.6916,97.6,43.59,1.124,PASS,0
LOT_001_DIE_04800,LOT_001,123.5,3.651,476.81,9.74,2.387,0.7101,10.169,2.423,0.7068,11.604,12.384,2.429,0.7006,99.75,44.11,1.393,PASS,0
LOT_002_DIE_04801,LOT_002,125.15,3.639,507.07,15.203,2.658,0.721,15.672,2.669,0.7173,16.594,16.963,2.717,0.7119,106.61,40.89,1.258,PASS,0
LOT_003_DIE_04802,LOT_003,122.59,3.57,497.1,14.82,2.357,0.7396,15.418,2.376,0.7375,15.939,16.507,2.415,0.7321,104.69,44.6,1.231,PASS,0
LOT_004_DIE_04803,LOT_004,124.03,3.703,496.71,11.337,2.561,0.7547,11.756,2.579,0.7498,12.724,13.467,2.638,0.7467,94.94,48.31,1.269,PASS,0
LOT_005_DIE_04804,LOT_005,124.66,3.561,516.99,8.842,2.515,0.7133,9.063,2.543,0.7101,10.222,10.766,2.565,0.7058,98.65,47.23,1.198,PASS,0
LOT_006_DIE_04805,LOT_006,123.3,3.5,489.67,9.645,2.454,0.7439,9.881,2.476,0.7422,10.764,11.528,2.506,0.7366,104.58,43.74,1.342,PASS,0
LOT_007_DIE_04806,LOT_007,124.97,3.602,476.01,8.093,2.329,0.6747,8.484,2.341,0.6746,9.007,9.558,2.415,0.6677,100.55,43.95,1.351,PASS,0
LOT_008_DIE_04807,LOT_008,124.79,3.619,502.81,15.048,2.525,0.6864,15.518,2.534,0.6837,16.246,17.117,2.558,0.6772,103.56,43.22,1.203,PASS,0
LOT_009_DIE_04808,LOT_009,123.75,3.609,486.03,10.249,2.54,0.7105,10.577,2.55,0.7067,11.415,11.899,2.577,0.7027,103.8,46.9,1.209,PASS,0
LOT_010_DIE_04809,LOT_010,124.65,3.609,479.16,11.077,2.522,0.723,11.314,2.546,0.7184,12.69,13.472,2.582,0.7165,108.07,48.14,1.249,PASS,0
LOT_011_DIE_04810,LOT_011,126.07,3.592,504.11,7.069,2.334,0.7111,7.425,2.346,0.7064,8.558,8.902,2.38,0.6998,100.41,46.49,1.277,PASS,0
LOT_012_DIE_04811,LOT_012,123.55,3.601,494.93,14.277,2.541,0.696,14.642,2.565,0.6925,15.628,15.807,2.598,0.6884,106.9,44.17,1.363,PASS,0
LOT_013_DIE_04812,LOT_013,125.08,3.507,520.42,11.602,2.688,0.7439,12.145,2.698,0.7406,12.532,13.835,2.74,0.7346,100.99,47.19,1.436,PASS,0
LOT_014_DIE_04813,LOT_014,126.14,3.602,510.0,8.992,2.647,0.6978,9.322,2.648,0.6938,10.381,11.101,2.706,0.6875,103.51,44.26,1.172,PASS,0
LOT_015_DIE_04814,LOT_015,125.51,3.591,506.56,9.363,2.62,0.7047,9.372,2.629,0.7009,10.311,10.757,2.647,0.694,97.74,48.64,1.298,PASS,0
LOT_016_DIE_04815,LOT_016,125.7,3.656,524.21,11.57,2.31,0.7216,11.777,2.314,0.7184,12.437,12.903,2.373,0.7149,110.28,42.78,1.271,PASS,0
LOT_017_DIE_04816,LOT_017,126.9,3.615,509.16,11.915,2.764,0.6985,22.018,3.379,0.6711,47.117,91.835,5.172,0.6159,109.76,37.71,1.311,LATENT_DRIFT_RUNAWAY,1
LOT_018_DIE_04817,LOT_018,125.73,3.505,501.63,10.226,2.338,0.7142,10.464,2.357,0.7119,11.311,12.049,2.38,0.7076,102.74,46.76,1.288,PASS,0
LOT_019_DIE_04818,LOT_019,126.58,3.591,510.0,11.431,2.468,0.6863,12.18,2.477,0.6827,12.851,13.227,2.519,0.6785,104.67,44.01,1.171,PASS,0
LOT_020_DIE_04819,LOT_020,123.31,3.603,501.03,11.955,2.596,0.7391,12.27,2.601,0.7379,13.396,13.819,2.671,0.7281,102.73,50.23,1.084,PASS,0
LOT_021_DIE_04820,LOT_021,125.0,3.618,511.85,11.746,2.323,0.7262,12.531,2.332,0.7222,13.463,13.468,2.385,0.7182,103.2,42.71,1.18,PASS,0
LOT_022_DIE_04821,LOT_022,122.32,3.649,507.99,7.604,2.61,0.6989,8.2,2.632,0.6958,8.844,9.581,2.661,0.6924,101.14,42.27,1.18,PASS,0
LOT_023_DIE_04822,LOT_023,124.77,3.557,487.07,11.634,2.673,0.6892,11.848,2.695,0.6867,12.966,13.494,2.706,0.6804,108.16,45.45,1.214,PASS,0
LOT_024_DIE_04823,LOT_024,124.14,3.588,469.36,10.132,2.433,0.7303,10.398,2.447,0.7277,11.134,11.349,2.456,0.7263,94.17,39.53,1.214,PASS,0
LOT_025_DIE_04824,LOT_025,124.69,3.545,490.34,13.124,2.525,0.7275,13.47,2.534,0.7248,14.391,15.62,2.576,0.7177,97.12,41.68,1.29,PASS,0
LOT_026_DIE_04825,LOT_026,124.96,3.593,495.17,15.152,2.563,0.7204,15.637,2.603,0.7187,15.929,16.847,2.594,0.7117,98.59,47.84,1.234,PASS,0
LOT_027_DIE_04826,LOT_027,124.08,3.669,522.2,8.643,2.385,0.7285,8.885,2.403,0.7241,9.807,10.656,2.42,0.7196,95.69,43.84,1.207,PASS,0
LOT_028_DIE_04827,LOT_028,126.02,3.588,521.11,11.381,2.603,0.6953,11.649,2.64,0.693,12.385,12.889,2.663,0.69,103.04,44.92,1.278,PASS,0
LOT_029_DIE_04828,LOT_029,124.45,3.617,453.4,12.416,2.556,0.6896,12.827,2.576,0.6856,13.031,13.798,2.616,0.6803,95.82,43.34,1.287,PASS,0
LOT_030_DIE_04829,LOT_030,124.53,3.617,498.95,8.223,2.774,0.6864,8.528,2.793,0.6821,9.016,9.619,2.806,0.6751,97.35,41.37,1.135,PASS,0
LOT_031_DIE_04830,LOT_031,122.48,3.566,498.67,10.265,2.54,0.7185,10.78,2.565,0.7154,11.123,11.732,2.579,0.7109,99.55,46.09,1.374,PASS,0
LOT_032_DIE_04831,LOT_032,124.8,3.645,456.39,10.094,2.42,0.7292,10.633,2.446,0.7271,11.161,11.767,2.471,0.723,96.71,46.29,1.181,PASS,0
LOT_033_DIE_04832,LOT_033,125.3,3.518,500.33,9.836,2.274,0.695,10.408,2.294,0.691,11.602,11.891,2.334,0.6894,102.98,41.33,1.18,PASS,0
LOT_034_DIE_04833,LOT_034,124.58,3.572,501.58,15.726,2.702,0.6865,15.666,2.721,0.684,16.153,17.164,2.773,0.6794,94.19,45.27,1.046,PASS,0
LOT_035_DIE_04834,LOT_035,124.62,3.597,504.3,16.333,2.393,0.697,16.946,2.42,0.694,17.338,18.07,2.46,0.6866,106.15,49.03,1.361,PASS,0
LOT_036_DIE_04835,LOT_036,123.95,3.596,493.33,12.689,2.448,0.7071,13.302,2.464,0.7051,14.683,14.623,2.469,0.6989,107.75,42.56,1.344,PASS,0
LOT_037_DIE_04836,LOT_037,124.58,3.598,481.52,7.882,2.372,0.7436,8.29,2.402,0.7423,9.494,9.745,2.403,0.7319,96.89,45.39,1.144,PASS,0
LOT_038_DIE_04837,LOT_038,126.67,3.611,474.33,8.753,2.479,0.7258,9.278,2.485,0.7231,10.296,10.844,2.528,0.7154,104.87,46.19,1.201,PASS,0
LOT_039_DIE_04838,LOT_039,125.15,3.594,478.17,11.108,2.587,0.7507,11.586,2.605,0.7476,12.183,12.791,2.61,0.7454,96.24,40.82,1.199,PASS,0
LOT_040_DIE_04839,LOT_040,126.3,3.666,521.1,13.047,2.255,0.7094,13.636,2.252,0.7062,14.23,15.287,2.315,0.7024,96.72,44.23,1.236,PASS,0
LOT_041_DIE_04840,LOT_041,124.76,3.659,515.6,9.305,2.303,0.677,9.761,2.316,0.6753,11.109,11.766,2.376,0.6652,105.59,47.44,1.308,PASS,0
LOT_042_DIE_04841,LOT_042,124.89,3.671,490.52,44.245,3.465,0.6598,52.884,4.202,0.6144,82.723,150.732,5.984,0.5215,111.83,35.87,1.206,LATENT_CONTEXTUAL_OUTLIER,1
LOT_043_DIE_04842,LOT_043,125.27,3.585,499.95,6.346,2.557,0.719,6.748,2.582,0.7162,7.385,7.748,2.633,0.7093,97.11,42.62,1.237,PASS,0
LOT_044_DIE_04843,LOT_044,123.85,3.603,499.39,14.11,2.863,0.7044,14.513,2.878,0.701,15.456,15.969,2.883,0.6945,115.5,43.45,1.256,PASS,0
LOT_045_DIE_04844,LOT_045,125.32,3.574,493.11,10.302,2.799,0.722,10.801,2.839,0.7202,11.503,11.792,2.852,0.7164,104.87,47.27,1.255,PASS,0
LOT_046_DIE_04845,LOT_046,124.78,3.595,466.74,13.797,2.813,0.6929,14.045,2.827,0.6897,14.657,15.716,2.875,0.6841,94.6,45.6,1.172,PASS,0
LOT_047_DIE_04846,LOT_047,124.93,3.638,521.79,7.934,2.736,0.7205,8.245,2.756,0.7179,9.123,9.575,2.772,0.7108,94.23,45.79,1.268,PASS,0
LOT_048_DIE_04847,LOT_048,124.44,3.594,497.66,14.042,2.24,0.701,21.626,2.681,0.6765,53.031,96.719,3.992,0.6427,116.49,34.7,1.308,LATENT_DRIFT_RUNAWAY,1
LOT_049_DIE_04848,LOT_049,125.39,3.579,492.56,12.331,2.485,0.698,12.858,2.498,0.6933,13.664,14.155,2.544,0.6946,103.19,47.97,1.221,PASS,0
LOT_050_DIE_04849,LOT_050,125.82,3.654,506.73,9.794,2.446,0.6684,10.482,2.466,0.666,10.867,11.336,2.497,0.6594,100.03,41.52,1.216,PASS,0
LOT_001_DIE_04850,LOT_001,127.15,3.629,488.42,12.245,2.506,0.729,12.692,2.494,0.7272,13.612,14.177,2.587,0.7183,95.65,43.23,1.3,PASS,0
LOT_002_DIE_04851,LOT_002,124.56,3.633,506.59,16.621,2.599,0.7154,17.154,2.625,0.7116,17.959,17.919,2.678,0.7076,94.58,44.38,1.258,PASS,0
LOT_003_DIE_04852,LOT_003,124.3,3.556,486.16,15.098,2.503,0.736,15.549,2.52,0.7319,16.229,16.538,2.543,0.729,101.06,46.96,1.243,PASS,0
LOT_004_DIE_04853,LOT_004,124.77,3.568,506.55,11.696,2.456,0.7365,12.391,2.484,0.7342,12.86,13.479,2.494,0.729,89.28,45.46,1.3,PASS,0
LOT_005_DIE_04854,LOT_005,123.87,3.612,511.32,9.471,2.673,0.699,9.94,2.684,0.6943,10.375,10.689,2.732,0.689,104.75,47.1,1.352,PASS,0
LOT_006_DIE_04855,LOT_006,124.36,3.582,503.13,10.377,2.495,0.7103,10.98,2.521,0.7073,12.016,12.775,2.54,0.7003,107.39,48.49,1.207,PASS,0
LOT_007_DIE_04856,LOT_007,126.11,3.566,489.25,9.783,2.488,0.7021,10.155,2.498,0.6981,10.924,11.872,2.545,0.6965,102.81,45.05,1.087,PASS,0
LOT_008_DIE_04857,LOT_008,124.2,3.586,523.36,12.828,2.39,0.6906,13.15,2.387,0.6879,14.367,15.214,2.425,0.6832,101.1,46.34,1.113,PASS,0
LOT_009_DIE_04858,LOT_009,125.33,3.633,483.44,13.68,2.589,0.6565,14.216,2.594,0.6536,15.071,15.338,2.655,0.6529,98.27,46.89,1.199,PASS,0
LOT_010_DIE_04859,LOT_010,124.65,3.622,479.08,13.23,2.942,0.6938,26.916,3.155,0.6835,46.486,67.029,4.17,0.6426,113.97,31.41,1.258,THERMAL_VOLTAGE_STRESS_FAILURE,1
LOT_011_DIE_04860,LOT_011,124.32,3.543,509.83,8.397,2.581,0.6935,8.764,2.62,0.6921,10.251,10.773,2.585,0.6871,94.74,46.11,1.4,PASS,0
LOT_012_DIE_04861,LOT_012,124.83,3.571,490.26,15.401,2.26,0.7299,15.84,2.288,0.7262,16.772,17.701,2.309,0.7242,100.08,43.99,1.259,PASS,0
LOT_013_DIE_04862,LOT_013,126.23,3.627,524.63,13.566,2.362,0.7371,13.761,2.4,0.7348,14.552,15.002,2.438,0.7272,100.07,41.86,1.042,PASS,0
LOT_014_DIE_04863,LOT_014,125.13,3.599,504.62,44.104,3.775,0.6742,58.98,4.381,0.6334,103.063,153.325,6.697,0.534,114.08,40.35,1.303,LATENT_CONTEXTUAL_OUTLIER,1
LOT_015_DIE_04864,LOT_015,127.31,3.56,513.68,10.763,2.624,0.7194,11.223,2.631,0.7167,11.773,11.932,2.661,0.7089,109.05,44.99,1.227,PASS,0
LOT_016_DIE_04865,LOT_016,124.77,3.59,513.41,7.947,2.672,0.7086,8.588,2.703,0.7051,9.687,10.487,2.711,0.7019,102.53,43.62,1.263,PASS,0
LOT_017_DIE_04866,LOT_017,125.53,3.621,514.96,7.525,2.406,0.7013,8.197,2.431,0.6982,8.897,9.272,2.467,0.6904,102.02,40.16,1.283,PASS,0
LOT_018_DIE_04867,LOT_018,125.94,3.664,501.31,11.042,2.481,0.7079,11.815,2.486,0.705,13.0,13.52,2.542,0.6994,103.73,43.84,1.36,PASS,0
LOT_019_DIE_04868,LOT_019,126.14,3.597,520.89,11.267,2.272,0.6902,11.294,2.3,0.6864,12.057,12.545,2.316,0.6822,91.64,44.94,1.286,PASS,0
LOT_020_DIE_04869,LOT_020,125.46,3.622,498.69,8.792,2.486,0.7475,9.064,2.503,0.7446,9.798,10.381,2.539,0.7399,103.01,44.94,1.357,PASS,0
LOT_021_DIE_04870,LOT_021,125.35,3.615,510.67,11.69,2.489,0.73,12.082,2.517,0.7285,12.944,13.4,2.518,0.7248,91.03,45.62,1.07,PASS,0
LOT_022_DIE_04871,LOT_022,124.63,3.661,527.23,7.993,2.354,0.6957,8.453,2.384,0.6917,9.266,9.601,2.422,0.6854,96.38,48.62,1.253,PASS,0
LOT_023_DIE_04872,LOT_023,124.62,3.545,492.26,9.603,2.282,0.6674,9.941,2.307,0.6645,11.11,11.676,2.333,0.6604,97.68,43.17,1.225,PASS,0
LOT_024_DIE_04873,LOT_024,126.32,3.566,500.13,11.711,2.677,0.7285,12.028,2.68,0.7246,12.696,13.37,2.74,0.7152,100.5,47.27,1.3,PASS,0
LOT_025_DIE_04874,LOT_025,125.58,3.506,502.4,10.291,2.651,0.6992,10.762,2.684,0.6979,11.926,12.484,2.709,0.6923,99.05,45.19,1.173,PASS,0
LOT_026_DIE_04875,LOT_026,124.67,3.643,490.62,11.861,2.453,0.756,12.533,2.489,0.7526,13.276,13.812,2.512,0.7507,97.34,38.49,1.311,PASS,0
LOT_027_DIE_04876,LOT_027,124.81,3.609,517.2,10.856,2.259,0.7259,11.27,2.281,0.7239,12.319,12.967,2.293,0.7196,93.05,46.91,1.108,PASS,0
LOT_028_DIE_04877,LOT_028,123.24,3.596,502.11,12.072,2.158,0.7057,12.769,2.189,0.7026,13.487,13.946,2.182,0.699,104.8,49.69,1.12,PASS,0
LOT_029_DIE_04878,LOT_029,122.97,3.641,482.87,12.578,2.288,0.6855,12.869,2.307,0.6829,13.744,14.106,2.319,0.6771,100.28,45.15,1.085,PASS,0
LOT_030_DIE_04879,LOT_030,125.52,3.65,501.12,8.505,2.512,0.6689,8.909,2.531,0.6666,9.213,9.816,2.574,0.6579,97.56,46.4,1.066,PASS,0
LOT_031_DIE_04880,LOT_031,124.44,3.624,501.98,12.208,2.567,0.6812,12.781,2.595,0.6768,13.259,13.729,2.593,0.6714,95.44,43.43,1.216,PASS,0
LOT_032_DIE_04881,LOT_032,124.7,3.631,501.8,10.143,2.644,0.7176,10.443,2.662,0.7131,11.025,11.643,2.701,0.71,105.71,44.02,1.196,PASS,0
LOT_033_DIE_04882,LOT_033,124.29,3.654,488.11,8.475,2.303,0.6916,8.759,2.328,0.6883,9.687,10.465,2.364,0.6811,102.72,45.13,1.168,PASS,0
LOT_034_DIE_04883,LOT_034,126.51,3.605,475.41,13.758,2.325,0.6846,14.235,2.356,0.6802,15.737,16.456,2.375,0.6767,103.15,42.31,1.143,PASS,0
LOT_035_DIE_04884,LOT_035,124.35,3.581,534.7,14.931,2.388,0.6732,15.436,2.409,0.6692,16.396,17.173,2.403,0.6638,100.73,42.42,1.294,PASS,0
LOT_036_DIE_04885,LOT_036,123.77,3.653,506.91,12.356,2.573,0.6974,12.456,2.584,0.6947,13.375,14.624,2.644,0.6888,104.76,41.82,1.227,PASS,0
LOT_037_DIE_04886,LOT_037,124.04,3.571,503.22,10.168,2.643,0.7326,10.488,2.677,0.7292,11.703,12.355,2.651,0.7236,98.98,45.77,1.299,PASS,0
LOT_038_DIE_04887,LOT_038,124.59,3.592,507.62,7.801,2.49,0.7227,8.253,2.5,0.7199,8.974,9.586,2.544,0.7157,105.96,44.59,1.301,PASS,0
LOT_039_DIE_04888,LOT_039,124.7,3.579,470.27,11.27,2.461,0.7359,11.567,2.486,0.734,12.495,12.995,2.533,0.7259,103.94,43.94,1.258,PASS,0
LOT_040_DIE_04889,LOT_040,124.45,3.567,510.07,9.736,2.251,0.7024,9.972,2.264,0.7003,10.333,11.257,2.303,0.6939,93.22,41.28,1.08,PASS,0
LOT_041_DIE_04890,LOT_041,124.78,3.549,514.82,8.737,2.71,0.6791,9.091,2.729,0.6771,10.409,10.718,2.744,0.6697,91.36,41.51,1.233,PASS,0
LOT_042_DIE_04891,LOT_042,125.62,3.654,489.93,9.955,2.501,0.7252,10.375,2.512,0.7202,11.537,12.092,2.515,0.7197,98.37,40.85,1.274,PASS,0
LOT_043_DIE_04892,LOT_043,123.6,3.531,497.59,7.823,2.453,0.719,8.066,2.488,0.7163,9.062,9.468,2.557,0.7095,98.56,45.75,1.192,PASS,0
LOT_044_DIE_04893,LOT_044,124.0,3.612,482.02,15.716,2.586,0.7435,16.226,2.59,0.7402,17.727,18.304,2.645,0.7342,98.01,42.68,1.191,PASS,0
LOT_045_DIE_04894,LOT_045,125.19,3.581,502.66,12.0,2.254,0.7291,12.388,2.265,0.727,13.057,13.502,2.324,0.7196,96.79,41.28,1.291,PASS,0
LOT_046_DIE_04895,LOT_046,125.71,3.571,468.19,12.133,2.404,0.7206,12.54,2.424,0.7185,12.941,13.48,2.447,0.7116,97.17,45.22,1.259,PASS,0
LOT_047_DIE_04896,LOT_047,125.05,3.593,505.85,9.867,2.147,0.6998,10.409,2.151,0.6969,11.755,12.254,2.179,0.6914,99.45,45.29,1.351,PASS,0
LOT_048_DIE_04897,LOT_048,124.63,3.564,479.13,12.337,2.563,0.7027,12.904,2.575,0.7005,14.002,14.467,2.62,0.6955,99.54,46.98,1.108,PASS,0
LOT_049_DIE_04898,LOT_049,126.76,3.591,480.57,13.858,2.21,0.6687,14.169,2.226,0.6653,15.019,15.72,2.277,0.6621,97.9,47.51,1.175,PASS,0
LOT_050_DIE_04899,LOT_050,126.88,3.579,508.09,10.374,2.84,0.7135,10.795,2.871,0.7107,11.958,12.427,2.882,0.7069,100.63,46.15,1.172,PASS,0
LOT_001_DIE_04900,LOT_001,125.24,3.592,473.75,10.541,2.559,0.7387,11.215,2.593,0.7371,11.176,11.289,2.572,0.7318,94.93,47.57,1.32,PASS,0
LOT_002_DIE_04901,LOT_002,124.5,3.603,505.0,14.049,2.276,0.7141,14.593,2.289,0.7123,15.968,16.573,2.321,0.7048,105.01,44.05,1.096,PASS,0
LOT_003_DIE_04902,LOT_003,124.82,3.575,510.08,13.373,2.467,0.7509,13.877,2.483,0.7492,14.565,15.059,2.54,0.7473,101.64,40.87,1.358,PASS,0
LOT_004_DIE_04903,LOT_004,123.36,3.544,477.38,12.534,2.365,0.7366,12.934,2.376,0.7329,14.159,14.506,2.376,0.731,91.23,46.26,1.2,PASS,0
LOT_005_DIE_04904,LOT_005,126.17,3.672,523.36,9.255,2.522,0.7073,9.593,2.538,0.7027,10.233,10.827,2.546,0.6997,103.81,42.79,1.197,PASS,0
LOT_006_DIE_04905,LOT_006,125.36,3.579,486.15,8.529,2.325,0.7272,9.023,2.354,0.7237,10.127,10.625,2.368,0.7172,106.39,45.53,1.275,PASS,0
LOT_007_DIE_04906,LOT_007,122.65,3.701,517.17,38.504,3.647,0.6528,53.881,4.351,0.6106,81.545,132.973,6.476,0.5451,115.1,36.48,1.153,LATENT_CONTEXTUAL_OUTLIER,1
LOT_008_DIE_04907,LOT_008,124.71,3.612,522.52,14.75,2.418,0.6917,15.207,2.422,0.6873,15.72,15.82,2.503,0.6867,106.62,46.74,1.335,PASS,0
LOT_009_DIE_04908,LOT_009,126.0,3.647,482.19,12.458,2.359,0.6945,12.823,2.379,0.6916,12.998,13.408,2.409,0.6839,99.92,47.46,1.362,PASS,0
LOT_010_DIE_04909,LOT_010,124.83,3.569,472.68,9.994,2.627,0.7397,10.628,2.651,0.7373,11.103,12.056,2.71,0.7312,104.56,42.2,1.262,PASS,0
LOT_011_DIE_04910,LOT_011,124.4,3.568,485.03,6.741,2.452,0.7435,6.857,2.485,0.7406,7.634,8.254,2.463,0.7325,100.1,46.3,1.142,PASS,0
LOT_012_DIE_04911,LOT_012,127.21,3.618,496.25,14.579,2.388,0.6777,15.094,2.417,0.6744,16.013,16.777,2.451,0.6706,90.79,44.07,1.172,PASS,0
LOT_013_DIE_04912,LOT_013,124.49,3.568,530.9,17.057,2.207,0.7671,27.798,2.517,0.75,52.448,87.609,3.82,0.7139,103.81,36.74,1.23,THERMAL_VOLTAGE_STRESS_FAILURE,1
LOT_014_DIE_04913,LOT_014,126.35,3.611,511.95,9.09,2.392,0.7078,9.632,2.406,0.7059,10.461,10.917,2.462,0.6978,107.01,41.25,1.196,PASS,0
LOT_015_DIE_04914,LOT_015,125.07,3.588,511.23,9.617,2.671,0.6745,9.879,2.674,0.6711,10.608,11.057,2.726,0.6659,99.46,45.98,1.287,PASS,0
LOT_016_DIE_04915,LOT_016,124.15,3.595,514.09,8.179,2.602,0.7192,8.685,2.626,0.7163,9.661,10.01,2.644,0.7123,101.42,44.93,1.36,PASS,0
LOT_017_DIE_04916,LOT_017,124.86,3.589,512.77,11.341,2.244,0.6849,11.68,2.274,0.682,12.926,13.392,2.267,0.68,104.22,49.16,1.279,PASS,0
LOT_018_DIE_04917,LOT_018,122.58,3.557,494.94,43.978,3.657,0.6699,59.392,4.65,0.6338,86.771,137.823,7.138,0.5696,119.32,37.19,1.33,LATENT_CONTEXTUAL_OUTLIER,1
LOT_019_DIE_04918,LOT_019,125.93,3.599,513.5,10.844,2.362,0.704,11.502,2.374,0.7006,12.514,12.762,2.401,0.6972,101.71,47.87,1.366,PASS,0
LOT_020_DIE_04919,LOT_020,124.06,3.589,491.28,10.036,2.478,0.7624,10.374,2.497,0.7603,10.976,11.517,2.536,0.7555,94.18,45.37,1.267,PASS,0
LOT_021_DIE_04920,LOT_021,123.55,3.611,524.64,10.406,2.519,0.7194,10.593,2.559,0.7153,11.81,12.355,2.571,0.7137,98.27,41.42,1.273,PASS,0
LOT_022_DIE_04921,LOT_022,122.8,3.551,512.1,10.163,2.814,0.718,10.333,2.843,0.7146,11.165,11.764,2.876,0.7085,97.51,45.78,1.21,PASS,0
LOT_023_DIE_04922,LOT_023,125.2,3.588,501.92,10.735,2.351,0.6732,11.179,2.389,0.6694,11.833,12.491,2.408,0.6646,97.93,47.46,1.108,PASS,0
LOT_024_DIE_04923,LOT_024,126.53,3.651,494.14,9.464,2.466,0.7439,9.785,2.473,0.7387,10.861,11.707,2.523,0.7346,99.42,45.84,1.275,PASS,0
LOT_025_DIE_04924,LOT_025,124.91,3.601,486.06,11.6,2.757,0.7259,12.246,2.776,0.723,13.079,13.293,2.81,0.7199,96.6,43.17,1.246,PASS,0
LOT_026_DIE_04925,LOT_026,126.69,3.498,493.59,14.018,2.564,0.7421,14.064,2.591,0.7394,14.627,15.085,2.596,0.7343,97.24,45.85,1.012,PASS,0
LOT_027_DIE_04926,LOT_027,126.21,3.52,511.23,7.032,2.126,0.7189,7.38,2.14,0.716,7.674,8.368,2.156,0.7119,103.87,44.88,1.25,PASS,0
LOT_028_DIE_04927,LOT_028,125.31,3.617,526.57,11.544,2.38,0.6742,12.213,2.407,0.6711,13.146,13.31,2.43,0.6666,88.08,45.4,1.202,PASS,0
LOT_029_DIE_04928,LOT_029,125.43,3.593,480.53,11.905,2.456,0.7096,12.56,2.49,0.7066,13.386,14.076,2.509,0.7007,102.73,42.25,1.128,PASS,0
LOT_030_DIE_04929,LOT_030,124.78,3.603,502.02,8.987,2.388,0.6918,9.181,2.399,0.6886,10.233,11.396,2.418,0.6816,100.58,45.85,1.318,PASS,0
LOT_031_DIE_04930,LOT_031,125.26,3.6,509.92,10.406,2.592,0.7262,10.991,2.611,0.7228,11.723,11.848,2.666,0.722,102.27,48.01,1.314,PASS,0
LOT_032_DIE_04931,LOT_032,123.04,3.556,508.63,43.49,3.85,0.6896,54.371,4.848,0.6505,81.939,150.748,7.169,0.5668,114.53,35.43,1.198,LATENT_CONTEXTUAL_OUTLIER,1
LOT_033_DIE_04932,LOT_033,127.32,3.628,466.44,9.644,2.352,0.6745,9.75,2.383,0.6723,10.316,10.53,2.391,0.6641,93.58,49.32,1.208,PASS,0
LOT_034_DIE_04933,LOT_034,126.28,3.583,489.1,14.887,2.418,0.6686,15.03,2.445,0.6674,15.885,16.558,2.443,0.66,99.82,41.7,1.172,PASS,0
LOT_035_DIE_04934,LOT_035,126.17,3.609,512.94,16.634,2.145,0.6858,16.798,2.16,0.6827,17.789,18.06,2.194,0.6766,106.52,43.78,1.162,PASS,0
LOT_036_DIE_04935,LOT_036,122.86,3.544,485.38,47.793,3.821,0.672,60.264,4.758,0.625,91.811,147.418,6.102,0.5519,119.84,40.88,1.205,LATENT_CONTEXTUAL_OUTLIER,1
LOT_037_DIE_04936,LOT_037,125.95,3.576,493.39,11.605,2.503,0.7101,11.984,2.508,0.7059,13.368,13.473,2.548,0.7032,121.66,46.11,1.251,PASS,0
LOT_038_DIE_04937,LOT_038,124.05,3.582,519.86,8.478,2.579,0.747,8.905,2.606,0.7428,9.811,10.249,2.578,0.7402,97.26,46.66,1.295,PASS,0
LOT_039_DIE_04938,LOT_039,124.86,3.567,498.39,13.721,2.168,0.7452,13.971,2.195,0.7405,14.276,15.047,2.223,0.7348,86.79,47.41,1.299,PASS,0
LOT_040_DIE_04939,LOT_040,124.22,3.6,514.31,10.262,2.54,0.6709,10.61,2.578,0.6669,12.072,12.258,2.599,0.6632,99.26,44.23,1.348,PASS,0
LOT_041_DIE_04940,LOT_041,123.81,3.598,511.05,10.041,2.388,0.658,10.524,2.404,0.656,11.581,12.433,2.438,0.6536,98.72,43.35,1.275,PASS,0
LOT_042_DIE_04941,LOT_042,125.3,3.607,490.01,13.727,2.449,0.7218,14.007,2.473,0.7204,14.771,15.358,2.508,0.715,102.17,44.26,1.168,PASS,0
LOT_043_DIE_04942,LOT_043,121.84,3.702,505.68,8.443,2.477,0.7114,8.74,2.493,0.7094,9.669,10.358,2.534,0.702,103.72,44.13,1.118,PASS,0
LOT_044_DIE_04943,LOT_044,122.46,3.574,504.73,12.721,2.173,0.7094,13.247,2.195,0.7051,14.497,15.534,2.252,0.7045,104.16,44.42,1.35,PASS,0
LOT_045_DIE_04944,LOT_045,123.4,3.6,491.97,8.286,2.801,0.7389,8.988,2.815,0.736,9.362,10.259,2.873,0.7299,98.35,43.24,1.079,PASS,0
LOT_046_DIE_04945,LOT_046,124.79,3.581,480.63,14.06,2.971,0.6985,26.047,3.185,0.6838,41.223,61.65,4.22,0.6635,109.82,37.77,1.268,THERMAL_VOLTAGE_STRESS_FAILURE,1
LOT_047_DIE_04946,LOT_047,125.88,3.605,523.29,9.606,2.429,0.6896,9.8,2.449,0.6871,10.477,11.0,2.476,0.6816,97.61,44.89,1.191,PASS,0
LOT_048_DIE_04947,LOT_048,125.52,3.572,480.14,11.436,2.474,0.7303,11.621,2.495,0.7268,12.542,13.205,2.517,0.7228,90.72,46.47,1.254,PASS,0
LOT_049_DIE_04948,LOT_049,124.85,3.616,504.81,11.951,2.708,0.7165,12.362,2.725,0.7122,13.152,13.458,2.766,0.711,97.15,48.64,1.294,PASS,0
LOT_050_DIE_04949,LOT_050,124.86,3.549,492.37,8.901,2.306,0.6938,9.397,2.338,0.6909,9.818,10.665,2.384,0.6873,91.43,41.7,1.014,PASS,0
LOT_001_DIE_04950,LOT_001,125.24,3.593,477.13,10.519,2.578,0.735,10.725,2.598,0.7329,11.74,12.195,2.63,0.7246,101.05,43.31,1.373,PASS,0
LOT_002_DIE_04951,LOT_002,125.58,3.607,500.64,15.825,2.473,0.7141,16.552,2.499,0.7112,16.976,17.091,2.51,0.706,102.33,48.41,1.346,PASS,0
LOT_003_DIE_04952,LOT_003,125.72,3.673,468.13,12.54,2.511,0.7536,12.86,2.535,0.7506,13.521,14.345,2.559,0.7452,107.84,46.86,1.406,PASS,0
LOT_004_DIE_04953,LOT_004,125.4,3.606,518.44,13.452,2.512,0.7149,13.89,2.541,0.7115,14.767,15.275,2.564,0.7089,100.2,45.03,1.369,PASS,0
LOT_005_DIE_04954,LOT_005,124.76,3.588,522.36,8.076,2.216,0.715,8.413,2.239,0.7122,8.994,9.217,2.276,0.7088,102.89,47.6,1.199,PASS,0
LOT_006_DIE_04955,LOT_006,123.9,3.615,499.36,10.068,2.484,0.7102,10.183,2.507,0.7086,11.052,11.842,2.532,0.7023,94.4,47.29,1.224,PASS,0
LOT_007_DIE_04956,LOT_007,124.52,3.644,492.46,9.503,2.309,0.7036,9.703,2.339,0.7014,10.676,11.607,2.374,0.6963,103.44,43.27,1.475,PASS,0
LOT_008_DIE_04957,LOT_008,126.43,3.621,520.03,12.853,2.567,0.6855,13.271,2.599,0.6836,13.969,14.281,2.637,0.6783,100.87,48.35,1.384,PASS,0
LOT_009_DIE_04958,LOT_009,125.62,3.563,489.98,11.903,2.785,0.706,12.414,2.809,0.7037,13.333,13.852,2.85,0.6933,90.97,48.43,1.22,PASS,0
LOT_010_DIE_04959,LOT_010,123.78,3.657,502.66,12.075,2.648,0.7052,12.354,2.669,0.7038,13.436,13.845,2.744,0.7013,96.84,44.14,1.283,PASS,0
LOT_011_DIE_04960,LOT_011,125.77,3.577,482.45,7.984,2.54,0.707,8.154,2.579,0.7036,9.242,9.918,2.588,0.702,101.29,46.36,1.194,PASS,0
LOT_012_DIE_04961,LOT_012,126.59,3.587,489.41,14.895,2.732,0.6848,15.048,2.752,0.6816,15.926,16.111,2.759,0.6775,96.55,46.33,1.292,PASS,0
LOT_013_DIE_04962,LOT_013,125.18,3.661,494.83,14.458,2.302,0.7336,14.928,2.313,0.73,15.067,16.058,2.341,0.7239,97.25,49.3,1.155,PASS,0
LOT_014_DIE_04963,LOT_014,122.44,3.603,499.17,8.215,2.512,0.6761,8.737,2.533,0.6732,8.704,9.73,2.6,0.6669,94.82,46.94,1.081,PASS,0
LOT_015_DIE_04964,LOT_015,126.41,3.618,500.77,9.69,2.557,0.6968,10.152,2.587,0.6923,10.798,12.022,2.613,0.6903,104.62,50.53,1.297,PASS,0
LOT_016_DIE_04965,LOT_016,125.0,3.646,519.91,8.187,2.418,0.7033,8.712,2.453,0.7019,9.113,9.666,2.497,0.6988,98.02,46.65,1.216,PASS,0
LOT_017_DIE_04966,LOT_017,125.24,3.574,504.07,9.595,2.372,0.6913,10.116,2.391,0.6901,11.552,12.278,2.415,0.6808,105.4,47.09,1.304,PASS,0
LOT_018_DIE_04967,LOT_018,126.09,3.678,480.07,10.378,2.535,0.7055,10.568,2.564,0.7026,11.736,12.167,2.581,0.6985,95.26,48.55,1.176,PASS,0
LOT_019_DIE_04968,LOT_019,127.22,3.66,518.2,10.239,2.461,0.6855,10.479,2.486,0.6818,11.375,11.823,2.548,0.6769,99.92,48.9,1.194,PASS,0
LOT_020_DIE_04969,LOT_020,126.54,3.604,500.93,9.868,2.491,0.7757,10.563,2.507,0.7735,11.416,12.247,2.526,0.7648,92.07,44.76,1.147,PASS,0
LOT_021_DIE_04970,LOT_021,126.58,3.497,522.95,11.49,2.62,0.7276,11.865,2.632,0.723,12.878,13.625,2.706,0.7242,100.9,46.72,1.293,PASS,0
LOT_022_DIE_04971,LOT_022,123.8,3.61,525.36,9.187,2.43,0.6905,9.731,2.457,0.6881,10.686,11.231,2.461,0.6864,101.04,40.47,1.126,PASS,0
LOT_023_DIE_04972,LOT_023,127.03,3.629,480.86,10.619,2.366,0.6847,10.701,2.379,0.6803,11.947,12.351,2.408,0.6773,101.18,47.15,1.291,PASS,0
LOT_024_DIE_04973,LOT_024,125.0,3.612,472.58,11.292,2.733,0.7214,11.669,2.743,0.7181,12.594,13.106,2.786,0.7143,98.64,46.08,1.189,PASS,0
LOT_025_DIE_04974,LOT_025,123.78,3.606,506.71,12.913,2.609,0.7242,13.255,2.626,0.7203,14.121,14.838,2.682,0.7191,98.53,42.97,1.323,PASS,0
LOT_026_DIE_04975,LOT_026,125.6,3.562,502.46,12.75,2.602,0.7325,13.078,2.624,0.7304,13.973,14.432,2.648,0.7263,99.34,44.92,1.232,PASS,0
LOT_027_DIE_04976,LOT_027,125.07,3.584,514.63,8.633,2.809,0.7245,8.988,2.822,0.7218,10.103,10.69,2.876,0.7156,101.52,45.35,1.245,PASS,0
LOT_028_DIE_04977,LOT_028,123.57,3.624,504.16,11.499,2.693,0.6903,11.987,2.717,0.6885,12.655,13.499,2.766,0.6785,102.05,43.39,1.283,PASS,0
LOT_029_DIE_04978,LOT_029,124.15,3.649,476.98,11.922,2.28,0.7085,12.228,2.279,0.7058,13.343,13.394,2.311,0.7031,97.8,46.62,1.24,PASS,0
LOT_030_DIE_04979,LOT_030,124.47,3.575,505.2,10.785,2.302,0.7179,11.187,2.325,0.7131,11.936,12.074,2.328,0.7108,100.76,46.64,1.31,PASS,0
LOT_031_DIE_04980,LOT_031,124.12,3.592,502.52,13.011,2.439,0.7669,13.612,2.458,0.7643,14.728,15.51,2.469,0.7615,98.48,46.0,1.328,PASS,0
LOT_032_DIE_04981,LOT_032,124.87,3.571,485.95,9.502,2.581,0.7601,10.032,2.6,0.7587,11.191,11.645,2.624,0.75,103.52,43.28,1.199,PASS,0
LOT_033_DIE_04982,LOT_033,125.66,3.506,465.56,8.252,2.706,0.6826,9.007,2.73,0.68,9.741,10.049,2.753,0.6748,101.45,45.54,1.193,PASS,0
LOT_034_DIE_04983,LOT_034,123.97,3.655,505.72,13.153,2.475,0.6833,13.586,2.481,0.6812,14.856,15.177,2.51,0.6775,100.36,46.9,0.981,PASS,0
LOT_035_DIE_04984,LOT_035,123.04,3.597,530.67,12.614,2.751,0.6822,13.02,2.772,0.6796,14.053,15.168,2.786,0.671,102.36,46.79,1.383,PASS,0
LOT_036_DIE_04985,LOT_036,124.38,3.609,478.6,13.761,2.47,0.7003,14.191,2.502,0.6964,15.069,15.412,2.506,0.6926,93.15,42.0,1.276,PASS,0
LOT_037_DIE_04986,LOT_037,128.13,3.63,487.92,9.503,2.525,0.7496,10.005,2.549,0.7465,10.448,11.101,2.537,0.742,108.63,45.67,1.284,PASS,0
LOT_038_DIE_04987,LOT_038,124.36,3.643,519.97,7.322,2.388,0.749,7.681,2.408,0.7465,8.414,9.298,2.44,0.7448,96.75,49.39,1.19,PASS,0
LOT_039_DIE_04988,LOT_039,126.41,3.626,489.65,14.706,2.543,0.7072,14.947,2.553,0.7045,14.848,15.807,2.579,0.6986,96.73,43.84,1.407,PASS,0
LOT_040_DIE_04989,LOT_040,123.35,3.563,513.46,8.931,2.258,0.7002,9.373,2.291,0.6984,10.158,10.523,2.31,0.6913,100.06,46.54,1.302,PASS,0
LOT_041_DIE_04990,LOT_041,125.16,3.633,499.22,6.934,2.286,0.6895,7.22,2.292,0.6866,8.034,8.37,2.338,0.6817,104.99,38.95,1.285,PASS,0
LOT_042_DIE_04991,LOT_042,123.79,3.607,483.48,9.187,2.635,0.689,9.49,2.65,0.6848,10.553,10.854,2.692,0.6794,94.62,45.46,1.151,PASS,0
LOT_043_DIE_04992,LOT_043,124.39,3.549,504.88,7.781,2.476,0.703,8.085,2.496,0.7004,8.711,9.684,2.536,0.6952,94.73,49.18,1.343,PASS,0
LOT_044_DIE_04993,LOT_044,124.33,3.567,482.94,13.087,2.427,0.6934,13.646,2.448,0.6897,14.292,15.028,2.468,0.6816,102.28,41.41,1.104,PASS,0
LOT_045_DIE_04994,LOT_045,125.4,3.61,512.31,9.114,2.478,0.7504,9.658,2.491,0.748,10.33,10.67,2.508,0.7433,100.25,48.83,1.215,PASS,0
LOT_046_DIE_04995,LOT_046,124.78,3.608,475.74,12.44,2.515,0.6987,12.872,2.536,0.6944,13.713,14.627,2.561,0.6895,108.98,48.26,1.295,PASS,0
LOT_047_DIE_04996,LOT_047,122.55,3.513,490.99,10.448,2.678,0.7174,10.617,2.682,0.7157,11.988,12.099,2.761,0.708,96.31,44.47,1.287,PASS,0
LOT_048_DIE_04997,LOT_048,126.07,3.593,495.98,7.723,2.471,0.697,8.327,2.488,0.6941,9.075,9.83,2.522,0.693,111.0,44.89,1.4,PASS,0
LOT_049_DIE_04998,LOT_049,125.84,3.623,503.85,12.792,2.431,0.6909,13.572,2.459,0.6884,14.276,14.42,2.474,0.6814,96.27,42.34,1.228,PASS,0
LOT_050_DIE_04999,LOT_050,125.64,3.599,504.46,10.796,2.381,0.6921,11.069,2.409,0.6882,12.15,12.831,2.406,0.6856,99.26,45.8,1.335,PASS,0
